frame,time,intensity,motion,contrast,dynamics,color_arousal,color_valence,color_dominance,color_harmony,audio_volume,audio_brightness,audio_tempo,audio_energy,pleasure,arousal,dominance,boredom,engagement,stress_level,neural_activity,visual_engagement,cognitive_load,emotional_variability,narrative_tension,narrative_payoff,parameter
0,0.0,0.0,0.0,0.0,0.0,0,0.589591487075041,0,1.0,0.2593464557324422,0.401593369308801,0.539691333789984,0.3020205298053498,0.588509927640135,0.21342431125912345,0.20446275570381284,0.5490328805503708,0.12805458675547407,0.01844261690950792,0.060404105961069966,0,0.09060615894160494,0,0,0,DATA
12,0.5005,0.0,0.0,0.0,0.0,0,0.589591487075041,0,1.0,0.1732118237527439,0.37891906046055324,0.539691333789984,0.23492399476508669,0.6009726335737202,0.11336133227840522,0.09771330969922007,0.5928330170739372,0.06801679936704313,0.009499197513461557,0.04698479895301734,0,0.070477198429526,0.07309171030629874,0,0,DATA
24,1.001,0.29399637459150324,0.3333333333333333,0.3333333333333333,0.3333333333333333,0,0.589591487075041,0,1.0,0.1493899119827664,0.42110361754716413,0.539691333789984,0.23090402365208573,0.5338672514200656,0.17583157798379287,0.12242511309036265,0.5951505852980707,0.23568532342426265,0.01721177991387381,0.30498007964871776,0.32546594158496733,0.29867084455477605,0.0514291437500616,0,0,DATA
36,1.5014999999999998,0.42956420632489106,0.26191544543164486,0.32088477745505517,0.30184958098062953,0,0.589591487075041,0,1.0,0.24082117552927182,0.6926177923059094,0.539691333789984,0.37636016056226307,0.559279181984461,0.20512143183407366,0.17750846411648297,0.5677996930907325,0.24992462340933044,0.018984269898390624,0.3301280070410998,0.3171294107722156,0.33574289617580444,0.03659504514693217,0,0,DATA
48,2.002,0.511196640114379,0.2175531896786492,0.31260427238566285,0.307214997067452,0,0.589591487075041,0,1.0,0.3314641033734481,0.5290142307140253,0.539691333789984,0.3907291415756212,0.5792363208747139,0.20450444239112434,0.23021129536738857,0.5581296183670807,0.2482080195613864,0.018070088731370466,0.3299272866865923,0.31376338531677955,0.34056545244582775,0.024425653194702596,0,0,DATA
60,2.5025,0.5659289612835875,0.18753602714233839,0.3063247145088859,0.2919329601100233,0,0.589591487075041,0,1.0,0.2556876667514548,0.6590825757557057,0.539691333789984,0.37670613945273007,0.588582236228608,0.19296970960226534,0.24160288049757545,0.5592240270845633,0.2394981911522876,0.016672144944037574,0.32480637390597605,0.30929091347732096,0.33270291268475466,0.010757411090979977,0,0,DATA
72,3.0029999999999997,0.6011781969732338,0.16974431265561776,0.3143856629815727,0.2766182348354312,0,0.589591487075041,0,1.0,0.19341594445093918,0.521535578923481,0.539691333789984,0.2918518347927017,0.5773028668983815,0.16670820573071993,0.23934563384834895,0.5779944636854493,0.22406927817239547,0.014798086931646923,0.3093808640117488,0.3101108868349088,0.30705507974595597,0.013266039950332783,0,0,DATA
84,3.5035,0.6271855107060185,0.15325159143518519,0.3227684244798733,0.26255802669637385,0,0.589591487075041,0,1.0,0.29400248952964453,0.6262934775852187,0.539691333789984,0.39368978594631676,0.5987684972978635,0.17559776236979435,0.2652531702039939,0.562816870166171,0.2292882849134275,0.014795624354020702,0.3300293808005158,0.3098240687288772,0.33701693702901775,0.018754241131400468,0,0,DATA
96,4.004,0.6472691236988622,0.1402955549503752,0.3296773861166992,0.2471512788112067,0,0.589591487075041,0,1.0,0.3873020675089033,0.5578406419821498,0.539691333789984,0.4384636398508772,0.617331463399476,0.1840394484657276,0.2968359012148289,0.5493145440673982,0.23409982525385775,0.01478948234844098,0.3392002519134379,0.30919039043605295,0.3491599398591218,0.01952912773612689,0,0,DATA
108,4.504499999999999,0.6632148692810458,0.1301465907543573,0.33524750692341687,0.23363875089297886,0,0.589591487075041,0,1.0,0.11842950954671888,0.34943857545949125,0.539691333789984,0.1877322293205506,0.5723780394997547,0.13107664810825395,0.25319608991827924,0.5982726561959957,0.20210188379466237,0.011770763180368985,0.28929755740674556,0.308639737324275,0.27270277124687337,0.047185345184581506,0.03904397722630719,0,DATA
120,5.005,0.6764493510472371,0.1218778625717964,0.339530480960435,0.22156909056284116,0.2627661611519608,0.8503314032535316,0.5021675857843138,0.9813082107843137,0.32805853177669886,0.3910009277098068,0.539691333789984,0.3469412505566312,0.6670695162377306,0.2014873524113835,0.42751240638811816,0.515721565675443,0.24411523887986236,0.01408706915916316,0.32133536154157927,0.30805706858258064,0.31920542801015955,0.11313949917031478,0,0,DATA
132,5.5055,0.688000408496732,0.11542053887527233,0.3415754332561273,0.21078277262866693,0.2627661611519608,0.8503314032535316,0.5021675857843138,0.9813082107843137,0.31818594638153896,0.6562602157218251,0.539691333789984,0.4196082271836248,0.712093062327062,0.23606257815896428,0.48015978046048013,0.4759221797569868,0.26456522869104265,0.014272451335154451,0.33600502933740584,0.3073192044891603,0.3395460026758167,0.04408204863642474,0,0,DATA
144,6.005999999999999,0.7558711831086601,0.11868439939633262,0.37210275438686996,0.1997650632377475,0.2627661611519608,0.8503314032535316,0.5021675857843138,0.9813082107843137,0.3106096471971767,0.3279696188144215,0.539691333789984,0.31581763868235013,0.7031186918591711,0.22555300324386768,0.5086158325219776,0.48566415244848055,0.26743393355436096,0.014062118838207733,0.3362320749941091,0.3302553290201008,0.32111377106928796,0.015979999148161683,0,0,DATA
156,6.5065,0.8238261037922112,0.12155036566131083,0.40258025134870196,0.18993452338484937,0.2627661611519608,0.8503314032535316,0.5021675857843138,0.9813082107843137,0.10368485103611741,0.30105176459567695,0.539691333789984,0.1628949251039853,0.6677107579517018,0.191088831472076,0.4879689742901502,0.5206002052881111,0.25591445678967045,0.013334320224487738,0.326480402313504,0.3531528947660621,0.2881156102737587,0.030172987970362813,0,0,DATA
168,7.007,0.8189459507761437,0.04102502184322803,0.3478740006548921,0.17819056503932662,0.2627661611519608,0.8503314032535316,0.5021675857843138,0.9813082107843137,0.1668584862597958,0.6972814218901318,0.539691333789984,0.32598536694889657,0.7082476927686897,0.1924514764589067,0.4940165480842002,0.49965041538620175,0.23642306811251212,0.011791114080261225,0.3149710724132777,0.30238045559292026,0.30845057161035594,0.01598238453262289,0.012307506552968408,0,DATA
180,7.507499999999999,0.8176423781318083,0.08195630786726611,0.400909596839124,0.16994499656986775,0.2627661611519608,0.8503314032535316,0.5021675857843138,0.9813082107843137,0.3923730862895345,0.48503184772685337,0.539691333789984,0.42017071472073014,0.7315921261808233,0.22409995307377156,0.54291513597335,0.4721539603727026,0.26789132283705974,0.012631540304776744,0.3605270610852389,0.3335783774819921,0.3543252969332443,0.03463049930538272,0,0,DATA
192,8.008,0.8161416845383985,0.08281040787140254,0.410272276486825,0.17230234197778024,0.2627661611519608,0.8503314032535316,0.5021675857843138,0.9813082107843137,0.2564154526085075,0.33123527432243144,0.539691333789984,0.2788613991226847,0.708741138928005,0.2041586877837997,0.5287184636124631,0.49355008664409755,0.2571609795503063,0.012487235645191124,0.33417923517814263,0.33666441720006623,0.31472268688861793,0.018996308301225635,0,0,DATA
204,8.5085,0.8146773726851851,0.08283524366664306,0.41968736555689506,0.17506324660369513,0.2627661611519608,0.8503314032535316,0.5021675857843138,0.9813082107843137,0.3875623917158032,0.4879511275471692,0.539691333789984,0.417679012465213,0.7310323260370901,0.22733496102140643,0.5516928136275543,0.4708163564707517,0.2721938191452968,0.012840608692039056,0.3635428476081159,0.3394821063311323,0.35913121826804173,0.022813936787260996,0,0,DATA
216,9.008999999999999,0.8154729484386348,0.08012211248427008,0.42193773791992273,0.16753750046470373,0.2627661611519608,0.8503314032535316,0.5021675857843138,0.9813082107843137,0.17095216129596225,0.5473248703998012,0.539691333789984,0.28386397402711394,0.710188281646113,0.20542700818962323,0.5132640411521395,0.4921923550821318,0.25864760735532677,0.012502382390343868,0.33630377707084236,0.3384785061038822,0.3177167384975596,0.027060256566058354,0,0,DATA
228,9.5095,0.8167878682144155,0.07849660554322467,0.4220249607612008,0.16103086425976063,0.2627661611519608,0.8503314032535316,0.5021675857843138,0.9813082107843137,0.3176807178281285,0.6152469412038837,0.539691333789984,0.406950584840855,0.7301246130573251,0.22424766866748116,0.532824539434184,0.47281385913759677,0.26953531740629244,0.012708974534052137,0.3605513249805842,0.3374667905145093,0.35325086614743406,0.019439163390371484,0.0235489816629674,0,DATA
240,10.01,0.8184815339619643,0.07616898957104981,0.4211396029652841,0.1554009713705234,0.2696564372276688,0.8694252851621767,0.5145175483387798,0.9801637391067538,0.3176807178281285,0.6152469412038837,0.539691333789984,0.406950584840855,0.741940598769266,0.23068909231452828,0.5425063482410329,0.46368515445810277,0.2728318076476971,0.012501612696961224,0.3597819401820406,0.3360458806474504,0.3517237722995361,0.009313072721945656,0,0,DATA
252,10.510499999999999,0.8203254073620188,0.07304697123760817,0.42008201958825114,0.1505868623031966,0.2696564372276688,0.8694252851621767,0.5145175483387798,0.9801637391067538,0.3176807178281285,0.6152469412038837,0.539691333789984,0.406950584840855,0.746141018332871,0.23174735427527876,0.5457981042970992,0.461055813695925,0.2727952773948641,0.012354540945678462,0.35869039085326826,0.33436716207424205,0.35021263923180174,0.002850145860140596,0,0,DATA
264,11.011,0.8219968398238926,0.06978214243635499,0.4192759067932694,0.14639054667424672,0.2696564372276688,0.8694252851621767,0.5145175483387798,0.9801637391067538,0.3176807178281285,0.6152469412038837,0.539691333789984,0.406950584840855,0.7480867582502156,0.23115068079915302,0.5471366319309126,0.4603812804753156,0.2717840291373822,0.012228282639884696,0.3575575232661454,0.332734051644726,0.34884926683326567,0.0012936470090945673,0,0,DATA
276,11.5115,0.8246259701797386,0.06897944978521393,0.41006382822574877,0.14259598681694174,0.2696564372276688,0.8694252851621767,0.5145175483387798,0.9801637391067538,0.3176807178281285,0.6152469412038837,0.539691333789984,0.406950584840855,0.7488390456821588,0.23074692481399578,0.5480903075957841,0.4602070147519227,0.27036644332817833,0.012170469746859971,0.35591985656335406,0.32979572109945215,0.345929844357838,0.0007032396939906463,0,0,DATA
288,12.011999999999999,0.8303317333877995,0.07159618988646976,0.38496237051519006,0.14514247404316166,0.2696564372276688,0.8694252851621767,0.5145175483387798,0.9801637391067538,0.3176807178281285,0.6152469412038837,0.539691333789984,0.406950584840855,0.748515216490478,0.23135848524680025,0.5495746205689385,0.4600631491313608,0.26869820362448854,0.012218459100830322,0.35308741370335683,0.324707781191021,0.34112686471143683,0.0008065675325465057,0.02147885696594093,0,DATA
300,12.5125,0.8327687071645787,0.07519164542881844,0.3834113231980624,0.1528814268288708,0.2696564372276688,0.8694252851621767,0.5145175483387798,0.9801637391067538,0.3176807178281285,0.6152469412038837,0.539691333789984,0.406950584840855,0.7476630220690805,0.23254868092849923,0.5505316789540085,0.45989414850121,0.2703059842557991,0.01232293258713702,0.35470278121222665,0.3269419392467489,0.3430699091483269,0.0009998161627221558,0,0,DATA
312,13.013,0.8345403844408134,0.07243735522095161,0.3837438686224843,0.11769146635083243,0.2696564372276688,0.8694252851621767,0.5145175483387798,0.9801637391067538,0.3176807178281285,0.6152469412038837,0.539691333789984,0.406950584840855,0.7479857646863134,0.2321345383748062,0.5511908486975386,0.4599398484694402,0.2683908535042324,0.012285253717468707,0.35402190966921115,0.3227753261983718,0.33587907760526814,0.00046535163815203395,0,0,DATA
324,13.513499999999999,0.8365438623366014,0.027565249609132075,0.33606859136095096,0.1103854154015806,0.2696564372276688,0.8694252851621767,0.5145175483387798,0.9801637391067538,0.3176807178281285,0.6152469412038837,0.539691333789984,0.406950584840855,0.7575057296499653,0.21944610603738882,0.5518093299787132,0.46152408215632285,0.24774526012619988,0.011175028906585517,0.3269387075513343,0.2901939912594165,0.31596858004784034,0.007608959527414629,0,0,DATA
336,14.014,0.8386229759554286,0.023380111562235836,0.371475184189237,0.09939747350553528,0.2696564372276688,0.8694252851621767,0.5145175483387798,0.9801637391067538,0.3176807178281285,0.6152469412038837,0.539691333789984,0.406950584840855,0.761240598128909,0.21446773768303268,0.5524314882230192,0.46214583209402915,0.2480642195791415,0.010753299641667853,0.3327617936219985,0.2984589424233047,0.32220278053055107,0.003111798359201936,0,0,DATA
348,14.514499999999998,0.840510358512618,0.02023442456192996,0.37180238534879234,0.1261919194837976,0.2696564372276688,0.8694252851621767,0.5145175483387798,0.9801637391067538,0.3176807178281285,0.6152469412038837,0.539691333789984,0.406950584840855,0.7630216529426564,0.21209343481664017,0.5530144860333209,0.4624424561203517,0.2473983605221093,0.01055492583695798,0.3319464355652251,0.30035574908031304,0.32736035522176543,0.0015794518301472198,0.006070327368578987,0,DATA
360,15.014999999999999,0.8423809331313546,0.017698053599695094,0.3719756008243324,0.12893862352891713,0.27582699312363834,0.8587893108282584,0.5237264263344227,0.9776579520697167,0.3176807178281285,0.6152469412038837,0.539691333789984,0.406950584840855,0.7611105344753528,0.21196677682545026,0.5561606918851261,0.4634613443495984,0.24719684636180633,0.010633692305210935,0.3313406451991865,0.30004195066634043,0.3277596017172128,0.0017279941034328932,0,0,DATA
372,15.5155,0.8440185724173929,0.016173348633060778,0.37275393239243154,0.12294584134010426,0.27582699312363834,0.8587893108282584,0.5237264263344227,0.9776579520697167,0.3176807178281285,0.6152469412038837,0.539691333789984,0.406950584840855,0.760857386978155,0.21150186203743568,0.5574484578907357,0.4638203754922047,0.24665864433783852,0.010621612668789807,0.33121395738336024,0.29939381778844276,0.32669068635508364,0.0006686094302740253,0,0,DATA
384,16.016,0.8570023148148148,0.09878035934924434,0.34275740634652246,0.12151519142863781,0.27582699312363834,0.8587893108282584,0.5237264263344227,0.9776579520697167,0.3176807178281285,0.6152469412038837,0.539691333789984,0.406950584840855,0.743433970478597,0.2344923506015627,0.5605613735958771,0.46103683945992,0.2710519494607301,0.01263418198286658,0.3608542049401362,0.3258913477494812,0.3325948507084828,0.014508940256275443,0,0,DATA
396,16.516499999999997,0.852552253540305,0.1160531016296722,0.3177029893074965,0.13108237261145328,0.27582699312363834,0.8587893108282584,0.5237264263344227,0.9776579520697167,0.3176807178281285,0.6152469412038837,0.539691333789984,0.406950584840855,0.7345796696498399,0.24622586500932064,0.5605607354397725,0.45959723267041974,0.27787584917092206,0.01372420359062084,0.3618624061896002,0.3253508254133242,0.3303905878999026,0.006862817797539907,0,0,DATA
408,17.017,0.7981241064133987,0.166030276393616,0.32216594650529223,0.14368024044939623,0.27582699312363834,0.8587893108282584,0.5237264263344227,0.9776579520697167,0.3176807178281285,0.6152469412038837,0.539691333789984,0.406950584840855,0.7214281727007845,0.26373952826555225,0.5491306330962907,0.4574161495168315,0.29306561289399274,0.015428784487193275,0.3718602381093556,0.33705473983665346,0.33607966226884106,0.014031754182922906,0.128179624206973,0,DATA
420,17.5175,0.7424396190767975,0.16497594006418337,0.3371138710067172,0.15096562242990172,0.27582699312363834,0.8587893108282584,0.5237264263344227,0.9776579520697167,0.3176807178281285,0.6152469412038837,0.539691333789984,0.406950584840855,0.7177041342452488,0.2686984130701806,0.5340078600525601,0.45679872634228524,0.29350265719652363,0.01592901474036062,0.3632911910105473,0.33070902338603814,0.33554712060722336,0.007935232101298243,0,0,DATA
432,18.017999999999997,0.6840057217910314,0.16033508447182368,0.37003270320318554,0.16731826261029267,0.27582699312363834,0.8587893108282584,0.5237264263344227,0.9776579520697167,0.3176807178281285,0.6152469412038837,0.539691333789984,0.406950584840855,0.7175615023829836,0.2688866389457084,0.5171999097094299,0.4567759293356539,0.2928027095149933,0.015948227049954154,0.3563318357557439,0.3286768153689207,0.3405078386249881,0.0057129360269744245,0,0,DATA
444,18.5185,0.6288074944966412,0.15472948459396302,0.3797592606738746,0.18143774327768827,0.27582699312363834,0.8587893108282584,0.5237264263344227,0.9776579520697167,0.3176807178281285,0.6152469412038837,0.539691333789984,0.406950584840855,0.7186958887986548,0.26737353874256575,0.5005658968746689,0.4569652862293897,0.28831406135227733,0.01579478789169454,0.3449952618398594,0.31972484526684464,0.3394027114150214,0.006427166484524942,0,0,DATA
456,19.019,0.5736612867079702,0.15517665476052625,0.3895163953978848,0.1951791570343492,0.27582699312363834,0.8587893108282584,0.5237264263344227,0.9776579520697167,0.3176807178281285,0.6152469412038837,0.539691333789984,0.406950584840855,0.7189422989883778,0.26704481632826066,0.48399498938861973,0.45700644234168075,0.2854971912243984,0.015761550450301285,0.3360963152935525,0.3131757535686049,0.3391427325934735,0.005715346696692436,0,0,DATA
468,19.519499999999997,0.5185685168164488,0.15592456885856554,0.39936128573660196,0.2055393250160847,0.27582699312363834,0.8587893108282584,0.5237264263344227,0.9776579520697167,0.3176807178281285,0.6152469412038837,0.539691333789984,0.406950584840855,0.7188591600847065,0.26715561555142014,0.4674542354655855,0.45699261218193665,0.28287170898257413,0.015772754370284834,0.3273459050222074,0.30644584912930506,0.33827889890005364,0.005578230683288332,0.19734000791507905,0,DATA
480,20.02,0.4634692932439179,0.1566231433256173,0.3700833787439219,0.2069477967178872,0.5138198274101307,0.5599772252332896,0.4039021650326797,0.5010100081699347,0.3176807178281285,0.6152469412038837,0.539691333789984,0.406950584840855,0.635020133808933,0.31736295136930587,0.4173703791739557,0.4738084574108805,0.30524293453118184,0.024324528380201986,0.3107499086959859,0.2870629092739958,0.3258359803050488,0.06137673946176303,0,0,DATA
492,20.5205,0.4083307802287582,0.1574894968114561,0.40517028064031785,0.20622882422211966,0.5138198274101307,0.5599772252332896,0.4039021650326797,0.5010100081699347,0.3176807178281285,0.6152469412038837,0.539691333789984,0.406950584840855,0.6096864916941747,0.33266773109070646,0.39076613455328324,0.4788228886075594,0.31433500720828045,0.02726738893665203,0.30708612786656864,0.2868359213846414,0.32908001300135414,0.02241422215227712,0,0,DATA
504,21.020999999999997,0.3531817711170116,0.15821457851080248,0.41151472017359275,0.2140256720273128,0.5138198274101307,0.5599772252332896,0.4039021650326797,0.5010100081699347,0.3176807178281285,0.6152469412038837,0.539691333789984,0.406950584840855,0.6019341319028846,0.33746218788294363,0.37120356925361464,0.4803018401070859,0.31398898028277916,0.028209757541610918,0.2976152466306129,0.2787791688825324,0.32681935378943877,0.010703127294398615,0,0,DATA
516,21.5215,0.2978879087804103,0.15911458333333336,0.41693080231213897,0.2209727211965888,0.5138198274101307,0.5599772252332896,0.4039021650326797,0.5010100081699347,0.3176807178281285,0.6152469412038837,0.539691333789984,0.406950584840855,0.599419422952766,0.3391525262709234,0.35372308857302787,0.4807140253881553,0.3116514869236404,0.028530162082933075,0.2879996925200142,0.270399927902716,0.32416839864765,0.007228509339561724,0,0,DATA
528,22.022,0.23046332465277777,0.07749197190450255,0.45102254424761284,0.22187726131603677,0.5138198274101307,0.5599772252332896,0.4039021650326797,0.5010100081699347,0.3176807178281285,0.6152469412038837,0.539691333789984,0.406950584840855,0.6158057586677849,0.3168052965872447,0.334319781702049,0.48369447237248514,0.2839167551916445,0.025560101820196416,0.24868407951005017,0.2345839430982441,0.31388639202832025,0.019378957423225485,0.023247591571350763,0,DATA
540,22.522499999999997,0.18003238187636164,0.061965851097889,0.4794518488889466,0.22186121340066953,0.5138198274101307,0.5599772252332896,0.4039021650326797,0.5010100081699347,0.3176807178281285,0.6152469412038837,0.539691333789984,0.406950584840855,0.6239821447516793,0.3057538138562893,0.31790829165770795,0.4851320206960157,0.2741780854422451,0.024143467597249595,0.23807330356038825,0.22681449282117883,0.3136184962069466,0.011879786286396984,0,0,DATA
552,23.023,0.17896610611837327,0.04721979225332392,0.5020991417815065,0.22284187601587227,0.5138198274101307,0.5599772252332896,0.4039021650326797,0.5010100081699347,0.3176807178281285,0.6152469412038837,0.539691333789984,0.406950584840855,0.6295317329342063,0.2983094725605245,0.3127609267352281,0.4860793972526346,0.27002371084073207,0.023207980603249773,0.23649108344947653,0.2275950682610434,0.3171579155506435,0.006047098133590538,0,0,DATA
564,23.5235,0.17838250896423383,0.04726258912887011,0.5250376551428327,0.22762723636467275,0.5138198274101307,0.5599772252332896,0.4039021650326797,0.5010100081699347,0.3176807178281285,0.6152469412038837,0.539691333789984,0.406950584840855,0.6311876220450997,0.296088153296948,0.3110941618561148,0.48636211232897614,0.27159511502765354,0.02293220493936171,0.24097918544113237,0.2348555576237119,0.32379767577665314,0.0018479910845277299,0,0,DATA
576,24.023999999999997,0.17774086414079518,0.04731354579997732,0.5468501334968668,0.23292051276925377,0.5138198274101307,0.5599772252332896,0.4039021650326797,0.5010100081699347,0.3176807178281285,0.6152469412038837,0.539691333789984,0.406950584840855,0.6316736878774353,0.295436025385785,0.31045938697945874,0.4864451433683898,0.27398988822112513,0.022851540956683864,0.24523373481569433,0.24182068247413538,0.3302529296644001,0.0005909895400515452,0,0,DATA
588,24.5245,0.17702883164261074,0.04657598297756806,0.5683481916099115,0.2312407942785256,0.5138198274101307,0.5599772252332896,0.4039021650326797,0.5010100081699347,0.3176807178281285,0.6152469412038837,0.539691333789984,0.406950584840855,0.6319743958198419,0.2950338694221615,0.3101194276918432,0.48649586737899825,0.27608620022544705,0.022801803790017176,0.24909591480970267,0.24766469643037536,0.3351096628213358,0.0003476077312152455,0.013972794893270418,0,DATA
600,25.025,0.17626527607570808,0.04618750159117876,0.5897786197150992,0.23008341747025388,0.5896053325844226,0.6674650814543484,0.43309478826252723,0.40310729847494553,0.3176807178281285,0.6152469412038837,0.539691333789984,0.406950584840855,0.6622427890356021,0.3107194039314867,0.3180310277408663,0.4635189035164556,0.28789963576415933,0.022039021045528018,0.25307389676280395,0.2536699835131682,0.3401011667213297,0.01795517592470282,0,0,DATA
612,25.525499999999997,0.17545009106072987,0.045520141307525686,0.6110937000160369,0.23315231595890976,0.5896053325844226,0.6674650814543484,0.43309478826252723,0.40310729847494553,0.3176807178281285,0.6152469412038837,0.539691333789984,0.406950584840855,0.6714634526598974,0.31523820340486153,0.3202333189024278,0.4566491719676205,0.2931194885772602,0.021749126896629337,0.25690693170653467,0.25994141633585827,0.3458620939502495,0.005313918086410537,0,0,DATA
624,26.026,0.17463327489560634,0.0449617278105978,0.6324567884164695,0.23402924899395242,0.5896053325844226,0.6674650814543484,0.43309478826252723,0.40310729847494553,0.3176807178281285,0.6152469412038837,0.539691333789984,0.406950584840855,0.6743469185815408,0.3164374874677341,0.32072247485622024,0.4546077969753625,0.29628301549171904,0.021640257002738358,0.2607928207548253,0.26605130752769646,0.3512128090163147,0.0015239686461028246,0,0,DATA
636,26.5265,0.17386259191176467,0.04434036358129335,0.6248706473875962,0.20214840906139864,0.5896053325844226,0.6674650814543484,0.43309478826252723,0.40310729847494553,0.3176807178281285,0.6152469412038837,0.539691333789984,0.406950584840855,0.6753424448461878,0.31662329070239065,0.32070737821575124,0.4540171322257107,0.29404785399635,0.02158677012748051,0.25887291026056053,0.26018469893728896,0.3427698328398058,0.00039880871325749984,0,0,DATA
648,27.026999999999997,0.1730813419117647,0.043952613888034286,0.6535703058866129,0.19693994052335906,0.5896053325844226,0.6674650814543484,0.43309478826252723,0.40310729847494553,0.3176807178281285,0.6152469412038837,0.539691333789984,0.406950584840855,0.6757225301611662,0.3165704617586751,0.3205387867236105,0.4538535040400793,0.2971272369575596,0.021557900356611027,0.26430149208306025,0.2679623997558864,0.34876676630296316,0.00020050191694490996,0.013185784166410286,0,DATA
660,27.527499999999996,0.17244359766476036,0.04332670180441276,0.675642197358329,0.20289866636491208,0.5896053325844226,0.6674650814543484,0.43309478826252723,0.40310729847494553,0.3176807178281285,0.6152469412038837,0.539691333789984,0.406950584840855,0.6759679972932202,0.31637935769214637,0.3203542829840974,0.4538263225073167,0.2997483850547707,0.02152857774649487,0.26833795669455396,0.2748019260987071,0.3553188231019591,0.00020702497936527417,0,0,DATA
672,28.028,0.17230899231799202,0.04185375618963114,0.7004836397564591,0.2042017957736235,0.5896053325844226,0.6674650814543484,0.43309478826252723,0.40310729847494553,0.3176807178281285,0.6152469412038837,0.539691333789984,0.406950584840855,0.6763509560119406,0.3159096017000489,0.3202706647394222,0.4538697211440052,0.3022531899975297,0.02147120652114258,0.2726901458589137,0.281768572443751,0.36155540720633983,0.0003121109851643711,0,0,DATA
684,28.528499999999998,0.17256643036265432,0.04023100646378476,0.7262013867316813,0.19294960162846564,0.5896053325844226,0.6674650814543484,0.43309478826252723,0.40310729847494553,0.3176807178281285,0.6152469412038837,0.539691333789984,0.406950584840855,0.6768066210699845,0.31531430497918267,0.32029964125539867,0.4539395369754164,0.3042930089236679,0.021400574086750206,0.27723608297255203,0.2877610648403957,0.36551673646670313,0.00035997943162885404,0,0,DATA
696,29.028999999999996,0.17345395334059546,0.00524978176455101,0.7281872548878853,0.17663284342178528,0.5896053325844226,0.6674650814543484,0.43309478826252723,0.40310729847494553,0.3176807178281285,0.6152469412038837,0.539691333789984,0.406950584840855,0.6842893777742367,0.30534097304713737,0.32049471403555924,0.455184824589313,0.29236864950127583,0.020243871604263667,0.26381827131968755,0.2729101641824836,0.35759142045732706,0.005883720472152705,0,0,DATA
708,29.5295,0.17364245756172839,0.008956783977835205,0.7293543590965577,0.1661230607265816,0.5896053325844226,0.6674650814543484,0.43309478826252723,0.40310729847494553,0.3176807178281285,0.6152469412038837,0.539691333789984,0.406950584840855,0.6857557343207226,0.3033869340872434,0.3205928217560453,0.45542866579601704,0.2915240880143881,0.020020896906975956,0.2655721938909623,0.2737298189051052,0.35635614072456034,0.001172834408955307,0.002687035193350561,0,DATA
720,30.029999999999998,0.1735858637436456,0.009405166568167403,0.7293553378366308,0.14890840277638953,0.5907439321214596,0.6653335573877605,0.4336392803649237,0.4017211328976035,0.3176807178281285,0.6152469412038837,0.539691333789984,0.406950584840855,0.6855046542020541,0.30316537542734595,0.3207628271590648,0.4556649851852999,0.2907698976582572,0.02002226091158732,0.2657404239114932,0.2721766810046242,0.35297505182628175,0.0002142147271951278,0,0,DATA
732,30.530499999999996,0.17330112166394332,0.0180853740219553,0.7282623332356158,0.1344811731308889,0.5907439321214596,0.6653335573877605,0.4336392803649237,0.4017211328976035,0.3176807178281285,0.6152469412038837,0.539691333789984,0.406950584840855,0.683606486601158,0.3055293659164373,0.3207540329432332,0.4554320737412023,0.29284609604000017,0.020300177001052622,0.268936957556865,0.27382119122534443,0.35108991165702585,0.0014236507686063622,0,0,DATA
744,31.031,0.17236750096450615,0.02537079682630837,0.7263877423673989,0.12398131444025025,0.5907439321214596,0.6653335573877605,0.4336392803649237,0.4017211328976035,0.3176807178281285,0.6152469412038837,0.539691333789984,0.406950584840855,0.681507097531975,0.3082784814483836,0.3205553343316018,0.4551072105098206,0.2949415981000979,0.020618746748235484,0.2712894843650754,0.27493627307766927,0.34952074355255314,0.0016824010709201957,0,0,DATA
756,31.531499999999998,0.17143544049564272,0.02672692047519142,0.7245254915462759,0.11965879258248009,0.5907439321214596,0.6653335573877605,0.4336392803649237,0.4017211328976035,0.3176807178281285,0.6152469412038837,0.539691333789984,0.406950584840855,0.6805924948449547,0.3094829307296547,0.3202999920496511,0.45496228721269527,0.2954103116423272,0.020758745866410452,0.2712730715666313,0.2743013830113359,0.3483008889761645,0.0007914647500807392,0,0,DATA
768,32.032,0.17054259854983658,0.027890979893229226,0.7227226665487924,0.11327036023324077,0.5907439321214596,0.6653335573877605,0.4336392803649237,0.4017211328976035,0.3176807178281285,0.6152469412038837,0.539691333789984,0.406950584840855,0.6800736615610606,0.31017020215108665,0.3200358925564466,0.45487806814392634,0.29546562035274027,0.020838639584083184,0.27119956194518846,0.2734087476552208,0.3466578209750708,0.000490068066176815,0.008367293967968767,0,DATA
780,32.5325,0.16623189423338777,0.11097932397002823,0.6839266500194849,0.1200558488808106,0.5907439321214596,0.6653335573877605,0.4336392803649237,0.4017211328976035,0.3176807178281285,0.6152469412038837,0.539691333789984,0.406950584840855,0.6624694593197646,0.33364111991901996,0.319051414802031,0.4519447103806077,0.3181133472828581,0.02364895419587947,0.29581355540675686,0.2948216883286154,0.3503480957521329,0.014019865921214977,0,0,DATA
792,33.032999999999994,0.1618900562250363,0.1126958227555168,0.6375003097820618,0.1468560522565245,0.5907439321214596,0.6653335573877605,0.4336392803649237,0.4017211328976035,0.3176807178281285,0.6152469412038837,0.539691333789984,0.406950584840855,0.6568277339024233,0.34116301490933676,0.3178442854939525,0.4510046255941199,0.31805462434859605,0.024586313836374867,0.28634651927179733,0.28339203850748496,0.343924842384908,0.004790249905245532,0,0,DATA
804,33.5335,0.1573883300426652,0.114668497502537,0.6011327622367063,0.15564127633385078,0.5907439321214596,0.6653335573877605,0.4336392803649237,0.4017211328976035,0.3176807178281285,0.6152469412038837,0.539691333789984,0.406950584840855,0.6547209545803465,0.3439719323355974,0.31653678420323106,0.450653556542028,0.3156827679269364,0.024940923094077628,0.2789617344250601,0.2732490213139448,0.3364357289078503,0.0020743993463529695,0,0,DATA
816,34.034,0.15235690558051926,0.11735462876773618,0.564230465967543,0.16404317276929875,0.5907439321214596,0.6653335573877605,0.4336392803649237,0.4017211328976035,0.3176807178281285,0.6152469412038837,0.539691333789984,0.406950584840855,0.6535248332180318,0.34556672431773144,0.31508793467896395,0.45045422123211837,0.3125747104667953,0.02514336057287973,0.2716494427848779,0.2630866896903911,0.32879031137121434,0.0014132542895719524,0,0,DATA
828,34.534499999999994,0.14674660011574073,0.1189453764561511,0.5264388937731752,0.17110523820867907,0.5907439321214596,0.6653335573877605,0.4336392803649237,0.4017211328976035,0.3176807178281285,0.6152469412038837,0.539691333789984,0.406950584840855,0.6528319397947702,0.3464905712651278,0.3134751156740804,0.45033874447005096,0.3086822077824483,0.025260996496158435,0.26360536632841464,0.25196966255842906,0.32043241301728287,0.0010765197918471785,0.22254937760369237,0,DATA
840,35.035,0.1420662984522513,0.12213250675693976,0.4899819378645897,0.1758640811584816,0.5812724673202613,0.07906080262648965,0.4185204758986928,0.404780433006536,0.3176807178281285,0.6152469412038837,0.539691333789984,0.406950584840855,0.4877984030714703,0.3456711142253158,0.30777514137273787,0.5210636444230773,0.30414156928256997,0.03718119231083689,0.25665276693431516,0.24184725186845124,0.3122799820088663,0.057184322688151434,0,0,DATA
852,35.5355,0.1377459490740741,0.12101389469152984,0.4533918970462991,0.1753847986229767,0.5812724673202613,0.07906080262648965,0.4185204758986928,0.404780433006536,0.3176807178281285,0.6152469412038837,0.539691333789984,0.406950584840855,0.43852325058821645,0.3451120657350575,0.30515787571291786,0.4967055924265794,0.29887155810808014,0.04069220417885823,0.24802324406885756,0.22951079666761418,0.3024367885495635,0.01748382221111074,0,0,DATA
864,36.035999999999994,0.13292824074074075,0.12263778102241073,0.4164416244815901,0.17266512742105908,0.5812724673202613,0.07906080262648965,0.4185204758986928,0.404780433006536,0.3176807178281285,0.6152469412038837,0.539691333789984,0.406950584840855,0.42339968871375533,0.3453990393606266,0.3033609772649719,0.48900032467656435,0.2943753278738541,0.041823010658794506,0.24031920242160149,0.21783976064369537,0.2924170982843015,0.005735811315992064,0,0,DATA
876,36.5365,0.13325379703385984,0.12565972766735742,0.39824519375505396,0.1712365835336731,0.5812724673202613,0.07906080262648965,0.4185204758986928,0.404780433006536,0.3176807178281285,0.6152469412038837,0.539691333789984,0.406950584840855,0.41822801135597815,0.34633127650888246,0.30289027455214307,0.48594836742354786,0.29320351268676886,0.04231202544748097,0.23795380619289674,0.21351186695359844,0.2880681294512442,0.0021915390729539594,0,0,DATA
888,37.037,0.13422209740377633,0.11893944690208065,0.3813277491824927,0.16696071393397519,0.5812724673202613,0.07906080262648965,0.4185204758986928,0.404780433006536,0.3176807178281285,0.6152469412038837,0.539691333789984,0.406950584840855,0.41808776710935314,0.34472926903908174,0.3029524068159769,0.48667924903513565,0.2890433991793422,0.042126457524751436,0.23207586504625707,0.20551459438973285,0.28207238231036447,0.0006014613267531869,0.049977717105963854,0,DATA
900,37.537499999999994,0.13512706659631446,0.11838826750562337,0.36381052335493463,0.1671554985815004,0.5812724673202613,0.07906080262648965,0.4185204758986928,0.404780433006536,0.3176807178281285,0.6152469412038837,0.539691333789984,0.406950584840855,0.41816144150862167,0.3440943365671335,0.3031610900255601,0.4870335524707441,0.28655237281473717,0.0420435440823863,0.22853294196067017,0.20023942718614268,0.2777398527927652,0.0003057633602666458,0,0,DATA
912,38.038,0.13600572462781405,0.11801878375771606,0.3464126637104299,0.16928577355186822,0.5812724673202613,0.07906080262648965,0.4185204758986928,0.404780433006536,0.3176807178281285,0.6152469412038837,0.539691333789984,0.406950584840855,0.4182611354154627,0.343800401376135,0.30340821317504996,0.4872303670196639,0.284384654784467,0.042000431579454794,0.22508130813890623,0.195261034896965,0.27384888611667646,0.0002135840824431523,0,0,DATA
924,38.5385,0.14002363749319172,0.03598029996141976,0.38180923392148663,0.1693040774220765,0.5812724673202613,0.07906080262648965,0.4185204758986928,0.404780433006536,0.3176807178281285,0.6152469412038837,0.539691333789984,0.406950584840855,0.4355191251847373,0.32074144535587246,0.30432611182162617,0.5073888399144323,0.26199287737426746,0.03802100644943888,0.20014881123567457,0.17387002540185992,0.2707977081605756,0.013744948145371102,0,0,DATA
936,39.038999999999994,0.1437965232389252,0.04209163439806951,0.40144504557187605,0.1712196899597744,0.5812724673202613,0.07906080262648965,0.4185204758986928,0.404780433006536,0.3176807178281285,0.6152469412038837,0.539691333789984,0.406950584840855,0.4394131418838232,0.3155349321920556,0.30539378742220313,0.5119391048458838,0.2625815357450546,0.03714579461532352,0.20727508448955906,0.1831514410745531,0.2773837723207833,0.0033894018211599133,0,0,DATA
948,39.5395,0.14777986281318084,0.04299523774693573,0.41869643053970435,0.17126397424764395,0.5812724673202613,0.07906080262648965,0.4185204758986928,0.404780433006536,0.3176807178281285,0.6152469412038837,0.539691333789984,0.406950584840855,0.44039159019028706,0.3142259871805931,0.3065505914129699,0.513082801504847,0.26433135000759034,0.03692713605147398,0.21188347073752234,0.18948939424808617,0.2822393498800698,0.001148065769564388,0.012898571324080718,0,DATA
960,40.04,0.15230676544344587,0.04531361525832789,0.43623166909816824,0.16820608724020478,0.5282719737200436,0.549875122083089,0.4067860668572985,0.480193695533769,0.3176807178281285,0.6152469412038837,0.539691333789984,0.406950584840855,0.5720262748526816,0.3033523457242984,0.30456264763096513,0.51231068971151,0.2605221708927756,0.027263635020679088,0.21722324997982498,0.1962769086454913,0.28681202900793334,0.048165423300231346,0,0,DATA
972,40.540499999999994,0.1574655614560639,0.047281782494499096,0.4546742454895006,0.16661092627923677,0.5282719737200436,0.549875122083089,0.4067860668572985,0.480193695533769,0.3176807178281285,0.6152469412038837,0.539691333789984,0.406950584840855,0.6111033651318041,0.30064134011353794,0.30504961165901356,0.49412764737732895,0.2617724806936373,0.024552865149208125,0.22273079135508356,0.2034691915637863,0.29191474560026026,0.01409168663931045,0,0,DATA
984,41.041,0.16180346342819535,0.049737716391627516,0.472284447380702,0.16673753747305678,0.5282719737200436,0.549875122083089,0.4067860668572985,0.480193695533769,0.3176807178281285,0.6152469412038837,0.539691333789984,0.406950584840855,0.6223107460971439,0.3005156999215058,0.3061066602815756,0.48858677699067515,0.26455536683442604,0.0238353256027841,0.22810278568660147,0.21061486720380634,0.29714479859360704,0.0041300232599780036,0,0,DATA
996,41.5415,0.16601690155228757,0.05377204468395646,0.49068348106092957,0.16628437261539109,0.5282719737200436,0.549875122083089,0.4067860668572985,0.480193695533769,0.3176807178281285,0.6152469412038837,0.539691333789984,0.406950584840855,0.6248257514453567,0.3016076197857483,0.30730859687440365,0.4867833143844475,0.2683828437769922,0.023762636543409262,0.234239011364397,0.21854567976385808,0.30268041709838933,0.001602953935094446,0,0,DATA
1008,42.041999999999994,0.1708860620347676,0.05711354917819999,0.5099152694255388,0.16550826519978565,0.5282719737200436,0.549875122083089,0.4067860668572985,0.480193695533769,0.3176807178281285,0.6152469412038837,0.539691333789984,0.406950584840855,0.6248785371060295,0.3028708170034092,0.30869170155357284,0.48612532294528066,0.27234170597239504,0.023858802227864285,0.24039580293151228,0.22654803942587376,0.30832128442880513,0.0008996958525009554,0.017134064753459997,0,DATA
1020,42.5425,0.17082209258124548,0.052668833568806965,0.5116323018785651,0.16482479258559066,0.5282719737200436,0.549875122083089,0.4067860668572985,0.480193695533769,0.3176807178281285,0.6152469412038837,0.539691333789984,0.406950584840855,0.6258277630822038,0.30200525579807735,0.30909319937208396,0.48608349055985944,0.2712848021852066,0.023730416245808548,0.23894852928765592,0.2252041217659005,0.3079407437324615,0.0007387616666724162,0,0,DATA
1032,43.043,0.17088833146105664,0.06673035005676412,0.51384233528477,0.16167888288358342,0.5282719737200436,0.549875122083089,0.4067860668572985,0.480193695533769,0.3176807178281285,0.6152469412038837,0.539691333789984,0.406950584840855,0.623159612412585,0.3056828120531059,0.3092275588823976,0.4855787877671545,0.27588584530734606,0.0241906621683097,0.24502839034004198,0.23119039518870632,0.3099799215047859,0.0021600221449869874,0,0,DATA
1044,43.543499999999995,0.17090886267701524,0.06987310972875109,0.5164289279837833,0.15658507332651103,0.5282719737200436,0.549875122083089,0.4067860668572985,0.480193695533769,0.3176807178281285,0.6152469412038837,0.539691333789984,0.406950584840855,0.6216991876805823,0.3076660516377708,0.3092721782908431,0.48531738034082345,0.2776869118445383,0.024441966624112087,0.24680691899183116,0.23271820215468958,0.31008127484051873,0.0011627612417043538,0,0,DATA
1056,44.044,0.17093439372276686,0.07167306197658226,0.5187403525488311,0.1545606562340736,0.5282719737200436,0.549875122083089,0.4067860668572985,0.480193695533769,0.3176807178281285,0.6152469412038837,0.539691333789984,0.406950584840855,0.6208830702889369,0.30876501014256297,0.30929092563298455,0.48517595978425004,0.27883271605483495,0.024582188955965287,0.2479942910131235,0.23393427492324298,0.31052679350504303,0.0006446077461930341,0,0,DATA
1068,44.5445,0.1713183877428286,0.07355612640099363,0.5052908831037095,0.1404961683124427,0.5282719737200436,0.549875122083089,0.4067860668572985,0.480193695533769,0.3176807178281285,0.6152469412038837,0.539691333789984,0.406950584840855,0.6202427915423169,0.3096219557328358,0.30937718857984,0.48506762636242357,0.2775023773882296,0.02469204561312511,0.24613442169787608,0.22932300987132026,0.3046723876251043,0.0005278290945827472,0.05457994741041291,0,DATA
1080,45.044999999999995,0.17210896366648512,0.06930285677656466,0.5208717546033084,0.10604074955942443,0.5239593971269063,0.5807581174503281,0.40631425313180825,0.4867163671023965,0.3176807178281285,0.6152469412038837,0.539691333789984,0.406950584840855,0.6295911332422879,0.30778248283051873,0.3094369805647272,0.4813131919635967,0.2762729044106544,0.02394112574135676,0.2477074033327556,0.22900853678085786,0.3011175888981017,0.003749202195725091,0,0,DATA
1092,45.5455,0.17284230749591503,0.07149545528582289,0.5233949460380533,0.09487340209284312,0.5239593971269063,0.5807581174503281,0.40631425313180825,0.4867163671023965,0.3176807178281285,0.6152469412038837,0.539691333789984,0.406950584840855,0.6319351900653349,0.30784456854241593,0.3096089203643736,0.48011012069612446,0.27657572817913456,0.02379441804809649,0.2492357497892938,0.22967246763421245,0.29991714142280335,0.00085936077819689,0,0,DATA
1104,46.046,0.17357196350762527,0.07079740073179307,0.5260542734106171,0.09355209870300311,0.5239593971269063,0.5807581174503281,0.40631425313180825,0.4867163671023965,0.3176807178281285,0.6152469412038837,0.539691333789984,0.406950584840855,0.6327849985685953,0.3076677389808567,0.30981373006672663,0.479773631225274,0.27668258134360507,0.02372584393415299,0.24963432464453672,0.2302048448877277,0.30028597000604285,0.00041048258905753327,0,0,DATA
1116,46.546499999999995,0.17428892491603123,0.06885309764510901,0.528745292565612,0.08582747619408397,0.5239593971269063,0.5807581174503281,0.40631425313180825,0.4867163671023965,0.3176807178281285,0.6152469412038837,0.539691333789984,0.406950584840855,0.6334482447677771,0.3070702852481174,0.31002573487319784,0.47974073499205266,0.27608431492100716,0.023637001927844927,0.24953819952254325,0.2296053594303418,0.2991938509708458,0.0004909015794640944,0,0,DATA
1128,47.047,0.17176525196305373,0.1462924226327845,0.5529016257725416,0.09346702445466544,0.5239593971269063,0.5807581174503281,0.40631425313180825,0.4867163671023965,0.3176807178281285,0.6152469412038837,0.539691333789984,0.406950584840855,0.6173849603801198,0.32857406012484475,0.3095593649950139,0.47702048974751765,0.3043793199240883,0.02640064917687379,0.28484046156840387,0.26808720962295357,0.318124375377548,0.012677809714189506,0.0807836273259058,0,DATA
1140,47.5475,0.16920016198030138,0.1380787330704846,0.5673929358729346,0.1214767865567561,0.5239593971269063,0.5807581174503281,0.40631425313180825,0.4867163671023965,0.3176807178281285,0.6152469412038837,0.539691333789984,0.406950584840855,0.6142908498719055,0.332725359510419,0.30888078513518075,0.47649189530883773,0.30821004972297544,0.02695039528499396,0.28394022976701205,0.27143708504181013,0.3258605928904442,0.002641329917873895,0,0,DATA
1152,48.047999999999995,0.16678857741013073,0.13174736581979588,0.5823216711550617,0.13104992921150835,0.5239593971269063,0.5807581174503281,0.40631425313180825,0.4867163671023965,0.3176807178281285,0.6152469412038837,0.539691333789984,0.406950584840855,0.6146922038420859,0.33219796649589844,0.30817077841749496,0.47655491483100776,0.3088620423285846,0.026879677935321793,0.28391111300912786,0.2738581560776139,0.33031654169730607,0.0005462512341288991,0,0,DATA
1164,48.5485,0.16448262754175744,0.12457644848619691,0.5975429238349411,0.1313401732943065,0.5239593971269063,0.5807581174503281,0.40631425313180825,0.4867163671023965,0.3176807178281285,0.6152469412038837,0.539691333789984,0.406950584840855,0.6163185026731959,0.3300318917381345,0.3074735269298308,0.4768248027943348,0.308068734795978,0.02659169738141388,0.2836258066379895,0.27512399938274323,0.3328736710969583,0.0014965416921793502,0,0,DATA
1176,49.049,0.16201920076479664,0.1099713689422303,0.6117281326027441,0.13473298422649466,0.5239593971269063,0.5807581174503281,0.40631425313180825,0.4867163671023965,0.3176807178281285,0.6152469412038837,0.539691333789984,0.406950584840855,0.6198734590267618,0.3252926470384947,0.30674703186036983,0.4774169469673717,0.30452923859642644,0.025966997431782005,0.2801281312185713,0.2733841259333242,0.33466143086605565,0.0030068987075555866,0,0,DATA
1188,49.549499999999995,0.15965867828612926,0.10597378021477855,0.6261062966823171,0.13433566869289465,0.5239593971269063,0.5807581174503281,0.40631425313180825,0.4867163671023965,0.3176807178281285,0.6152469412038837,0.539691333789984,0.406950584840855,0.6217794395655964,0.32275154878491624,0.3060333736190114,0.47773450582474364,0.3038856107177985,0.025634967049125577,0.2809326240477717,0.2755867036171219,0.3373408182222444,0.0017202456779238373,0.1052347194489984,0,DATA
1200,50.05,0.15732163018563905,0.10363792422466343,0.6406987468738444,0.13264492221082214,0.5955380667892157,0.657925395803666,0.42121042687908494,0.3841074346405229,0.3176807178281285,0.6152469412038837,0.539691333789984,0.406950584840855,0.6444486014241056,0.3363667002606955,0.30949942469473835,0.45959234915759933,0.3131774649605088,0.025115086649530275,0.2824493620699331,0.2783936120102287,0.34006669826514546,0.01325012147000513,0,0,DATA
1212,50.5505,0.15491862688362382,0.10059309083919543,0.6552543762269983,0.13256489577340436,0.5955380667892157,0.657925395803666,0.42121042687908494,0.3841074346405229,0.3176807178281285,0.6152469412038837,0.539691333789984,0.406950584840855,0.6518887649926067,0.33959869235549817,0.3100346093240333,0.45425627132594754,0.316180721076436,0.024825805242581336,0.2836619539259736,0.2810537641578429,0.3429925749779287,0.003735780097532911,0,0,DATA
1224,51.050999999999995,0.1524090314655955,0.09678636895998118,0.6566345148609664,0.12913137766475255,0.5955380667892157,0.657925395803666,0.42121042687908494,0.3841074346405229,0.3176807178281285,0.6152469412038837,0.539691333789984,0.406950584840855,0.654920225657792,0.339502407857759,0.30966814967503586,0.45278868324222443,0.31534138315540605,0.024602637001360266,0.28191337381747583,0.2790998461018767,0.3418289381910053,0.001164734937307288,0,0,DATA
1236,51.5515,0.1499030529457153,0.09155126828422784,0.6709343850879804,0.12599147460220703,0.5955380667892157,0.657925395803666,0.42121042687908494,0.3841074346405229,0.3176807178281285,0.6152469412038837,0.539691333789984,0.406950584840855,0.6569290349992557,0.33800769431922634,0.3090319562911617,0.45253163534075896,0.3149968489473154,0.02435173143223245,0.2821781118886013,0.28048058088944905,0.34374006218189873,0.001379905421290184,0,0,DATA
1248,52.052,0.1471644227714234,0.08733741659592865,0.6843003425449408,0.127887892705157,0.5955380667892157,0.657925395803666,0.42121042687908494,0.3841074346405229,0.3176807178281285,0.6152469412038837,0.539691333789984,0.406950584840855,0.6584165866562377,0.33637940178494274,0.30826598593939813,0.4526020057794098,0.3148063383616273,0.024129341090449053,0.28261803666981533,0.28244674322665403,0.3465548943960547,0.0012939381810097201,0.026201224978778595,0,DATA
1260,52.552499999999995,0.14401931707289395,0.08596150627496368,0.6971811818996924,0.13028113012626533,0.5955380667892157,0.657925395803666,0.42121042687908494,0.3841074346405229,0.3176807178281285,0.6152469412038837,0.539691333789984,0.406950584840855,0.6591517933207349,0.3355056591347875,0.30737572263717794,0.4526712737722387,0.3154517688837119,0.02401486547183579,0.28401481927267375,0.28537093350709847,0.3497328546009666,0.000833070872290879,0,0,DATA
1272,53.053,0.14399006274963685,0.002663845486111111,0.6880875088136378,0.13001041763453072,0.5955380667892157,0.657925395803666,0.42121042687908494,0.3841074346405229,0.3176807178281285,0.6152469412038837,0.539691333789984,0.406950584840855,0.6768648640857432,0.31192019131886217,0.3071025002386279,0.4556074722976972,0.2868684528520838,0.021166398417406515,0.24887116947527038,0.2492908451519162,0.33490771928045243,0.013857253659827892,0,0,DATA
1284,53.5535,0.1394763866194626,0.085703217195443,0.6540239755565446,0.1333272516749385,0.5955380667892157,0.657925395803666,0.42121042687908494,0.3841074346405229,0.3176807178281285,0.6152469412038837,0.539691333789984,0.406950584840855,0.6647405172562859,0.3280955750526975,0.3060726615317263,0.45358195384550826,0.30554393784622924,0.023099402084360444,0.2743714762815496,0.27171648203652693,0.33905974091764307,0.009776523090064734,0,0,DATA
1296,54.053999999999995,0.1346368705178831,0.08860315393518518,0.6196099556475899,0.14870410079745203,0.5955380667892157,0.657925395803666,0.42121042687908494,0.3841074346405229,0.3176807178281285,0.6152469412038837,0.539691333789984,0.406950584840855,0.6604942264921029,0.3337601724599759,0.3047474115383241,0.45287280052396056,0.3055049164566547,0.023795836158602184,0.2676807437753397,0.26312203245167287,0.3334826446657105,0.003745379388287895,0,0,DATA
1308,54.5545,0.13037173202614377,0.09373312114197531,0.5876200660015792,0.1651792028554774,0.5955380667892157,0.657925395803666,0.42121042687908494,0.3841074346405229,0.3176807178281285,0.6152469412038837,0.539691333789984,0.406950584840855,0.6581430461494221,0.3368959425000607,0.3034541574570382,0.4524805056752585,0.3046861794792526,0.024185746340214937,0.2624817250305057,0.2563715349480404,0.32912317389765744,0.0022600681546838253,0.02811993634259259,0,DATA
1320,55.05499999999999,0.12815077926425197,0.09867330757534494,0.5562288542993329,0.1750444739667197,0.5901634412445533,0.0878976514998594,0.42410581767429195,0.3950231481481481,0.3176807178281285,0.6152469412038837,0.539691333789984,0.406950584840855,0.49679248449054436,0.3380912543490505,0.3034104905753131,0.5293506150707468,0.3026437856372144,0.03572731262445684,0.2577353667110259,0.2494725825694602,0.3237673578831606,0.05419651346319754,0,0,DATA
1332,55.555499999999995,0.12771643234840233,0.10476650440268699,0.5244813734727977,0.1807409981225981,0.5901634412445533,0.0878976514998594,0.42410581767429195,0.3950231481481481,0.3176807178281285,0.6152469412038837,0.539691333789984,0.406950584840855,0.44710774465913916,0.34015594301540325,0.3033061776584672,0.5034759008218679,0.30124092584318374,0.039494613165290564,0.2537362798934858,0.24286840008485439,0.3178403373402188,0.01728458047153462,0,0,DATA
1344,56.056,0.12798830252587148,0.1064440359477124,0.4929799335421778,0.1866579004994129,0.5901634412445533,0.0878976514998594,0.42410581767429195,0.3950231481481481,0.3176807178281285,0.6152469412038837,0.539691333789984,0.406950584840855,0.43185004108526237,0.3412450584479162,0.30333197652068195,0.4953024913186731,0.2986410530674913,0.04071445684677857,0.24816137856086581,0.23473504499685388,0.3114271745824275,0.005457539289534834,0,0,DATA
1356,56.55649999999999,0.12841066403413218,0.10901671432461874,0.4619333827189877,0.19116639873138777,0.5901634412445533,0.0878976514998594,0.42410581767429195,0.3950231481481481,0.3176807178281285,0.6152469412038837,0.539691333789984,0.406950584840855,0.4267324675539489,0.3422921430232038,0.30342841209608107,0.4922201622653725,0.2961694751041259,0.0412072441633824,0.24306561204864247,0.22698547322550902,0.304995374430387,0.00208703122733341,0,0,DATA
1368,57.056999999999995,0.1285738145084423,0.11247134849310093,0.43202772585698423,0.19434162471794725,0.5901634412445533,0.0878976514998594,0.42410581767429195,0.3950231481481481,0.3176807178281285,0.6152469412038837,0.539691333789984,0.406950584840855,0.4244717223191736,0.3435735659629651,0.3034916043683059,0.49044907817810424,0.2940424525889066,0.04152462356181827,0.2384989644384967,0.21974578252781882,0.2986885155849014,0.0012017868155871358,0.10362423123184461,0,DATA
1380,57.5575,0.12742073319489833,0.11666946798974219,0.40123939807830017,0.19168402666812415,0.5901634412445533,0.0878976514998594,0.42410581767429195,0.3950231481481481,0.3176807178281285,0.6152469412038837,0.539691333789984,0.406950584840855,0.42291189365444637,0.3451334663039531,0.30326841497412915,0.48888921367524657,0.2917569421524434,0.0418262078862233,0.2337899304187076,0.21169215592517898,0.2909743238234075,0.001114306133297327,0,0,DATA
1392,58.05799999999999,0.1255041317742375,0.11908775445942264,0.36979059040920953,0.1846801978162138,0.5901634412445533,0.0878976514998594,0.42410581767429195,0.3950231481481481,0.3176807178281285,0.6152469412038837,0.539691333789984,0.406950584840855,0.4219361048963953,0.34627855661775997,0.3027989718575374,0.48782877413931763,0.28862358398785626,0.042035937558156454,0.22808416318862948,0.2021411250430008,0.2818824389641388,0.0008634407294832261,0,0,DATA
1404,58.558499999999995,0.12255529598992376,0.12180262657725126,0.3350229138267524,0.186562383235195,0.5901634412445533,0.0878976514998594,0.42410581767429195,0.3950231481481481,0.3176807178281285,0.6152469412038837,0.539691333789984,0.406950584840855,0.42107324512423605,0.3473822479048941,0.3020388834078539,0.48684549860967097,0.28538743766310865,0.042232864271015975,0.22162680956240674,0.19239522230043052,0.27367930414156366,0.0009088798363256304,0,0,DATA
1416,59.059,0.1194932371096587,0.12421747344771239,0.30060890510212684,0.1745281387309241,0.5901634412445533,0.0878976514998594,0.42410581767429195,0.3950231481481481,0.3176807178281285,0.6152469412038837,0.539691333789984,0.406950584840855,0.4203072693497914,0.34838951241476346,0.3011678245080932,0.48595887846751384,0.28152215633075695,0.042411362234137884,0.21509753478961308,0.18122112220474718,0.26272497420209573,0.0008814330613582388,0,0,DATA
1428,59.55949999999999,0.12082024867238565,0.04297077120778867,0.3226094819440368,0.14226643668945416,0.5901634412445533,0.0878976514998594,0.42410581767429195,0.3950231481481481,0.3176807178281285,0.6152469412038837,0.539691333789984,0.406950584840855,0.437139284087842,0.32594261514054557,0.3011851792663377,0.5055983344736481,0.256510307672227,0.03852666167790058,0.187264371574571,0.15236184646974907,0.24971847382456341,0.013098755590170985,0.012891231362336601,0,DATA
1440,60.059999999999995,0.1237997571713871,0.09957695128961834,0.33066198592481805,0.13368614757330113,0.5343955099400871,0.2822846500601582,0.38949074074074075,0.45655977668845316,0.3176807178281285,0.6152469412038837,0.539691333789984,0.406950584840855,0.4847299502889566,0.32334701080725464,0.292123860937207,0.5306914697408509,0.2648713834783129,0.03498831636983999,0.21211324610325938,0.1771579424849003,0.25880441985870273,0.01974919628784542,0,0,DATA
1452,60.5605,0.1279465663580247,0.10064001052993377,0.33808221159351876,0.14959418808315436,0.5343955099400871,0.2822846500601582,0.38949074074074075,0.45655977668845316,0.3176807178281285,0.6152469412038837,0.539691333789984,0.406950584840855,0.49878390770882475,0.3228659860945557,0.2902762953676617,0.5379589608071345,0.2666113515647132,0.03398338185565052,0.2148518767704532,0.1822293997699495,0.2644152241825596,0.005460849234037464,0,0,DATA
1464,61.06099999999999,0.1301739018813544,0.10135731210333872,0.3453022862697382,0.16709134572833365,0.5343955099400871,0.2822846500601582,0.38949074074074075,0.45655977668845316,0.3176807178281285,0.6152469412038837,0.539691333789984,0.406950584840855,0.50284946160437,0.3229225231212994,0.29018976615669734,0.5371140076371652,0.2685045241413241,0.03371363230826414,0.21702827943972502,0.18687752567136118,0.270050003168994,0.0014028733777511164,0,0,DATA
1476,61.561499999999995,0.1302629414034132,0.1173793656414236,0.40264927158566266,0.16572642668018225,0.5343955099400871,0.2822846500601582,0.38949074074074075,0.45655977668845316,0.3176807178281285,0.6152469412038837,0.539691333789984,0.406950584840855,0.5007044965300359,0.32742565921998623,0.2901825056930404,0.5359349221249889,0.2806040990043794,0.03433125346753786,0.23492430582255563,0.21037175868096908,0.2865259776712635,0.002218453878892653,0,0,DATA
1488,62.062,0.12961785698075526,0.11542901828237408,0.4217099330577505,0.1802853043532726,0.5343955099400871,0.2822846500601582,0.38949074074074075,0.45655977668845316,0.3176807178281285,0.6152469412038837,0.539691333789984,0.406950584840855,0.500470579953136,0.3282305027890584,0.29004485982518513,0.5356494586289027,0.28359297729813626,0.034431766466980866,0.2378272822888218,0.21663668906175312,0.2938458580277803,0.00039213533794243044,0.03848253115062078,0,DATA
1500,62.56249999999999,0.12879394885847856,0.11284258530388304,0.44027972784158714,0.20046578038899973,0.5343955099400871,0.2822846500601582,0.38949074074074075,0.45655977668845316,0.3176807178281285,0.6152469412038837,0.539691333789984,0.406950584840855,0.5009435559055492,0.32774775462580263,0.2898305453591504,0.535654344734324,0.2858591808893316,0.03434857208653366,0.24034188642973736,0.22302632028462505,0.3020540461718836,0.0003900128605678714,0,0,DATA
1512,63.062999999999995,0.12823017372458242,0.10941088751401573,0.4577151777921266,0.20348757094852554,0.5343955099400871,0.2822846500601582,0.38949074074074075,0.45655977668845316,0.3176807178281285,0.6152469412038837,0.539691333789984,0.406950584840855,0.5018061052271452,0.32664205479566305,0.28964785824122186,0.5357759199885959,0.2868147129506032,0.034173526269804515,0.24234354227711913,0.22707370018301332,0.30644613458955383,0.000716978756554724,0,0,DATA
1524,63.5635,0.12898614089733115,0.10520621292452226,0.47606470098713527,0.2058954338660425,0.5343955099400871,0.2822846500601582,0.38949074074074075,0.45655977668845316,0.3176807178281285,0.6152469412038837,0.539691333789984,0.406950584840855,0.5029478516874177,0.32513303596156296,0.2897518052121205,0.5359595561755096,0.28759528838974574,0.033937695542538254,0.24448277051487322,0.23128866703201995,0.31095998350066023,0.0009182374217570991,0,0,DATA
1536,64.064,0.13073441471496006,0.10259685996572986,0.49611088067412495,0.2077584092675354,0.5343955099400871,0.2822846500601582,0.38949074074074075,0.45655977668845316,0.3176807178281285,0.6152469412038837,0.539691333789984,0.406950584840855,0.5038383397468458,0.3239497114828711,0.29015012680509217,0.5361059743851415,0.28908771971303265,0.03375359960445304,0.24779792003227996,0.236794732058275,0.31612754794065034,0.0008240447103638471,0,0,DATA
1548,64.5645,0.1338774992057008,0.09954001030344332,0.5198713533295646,0.2096899946123623,0.5343955099400871,0.2822846500601582,0.38949074074074075,0.45655977668845316,0.3176807178281285,0.6152469412038837,0.539691333789984,0.406950584840855,0.5047474245937544,0.3227387962338233,0.2909296710260392,0.5362568895862111,0.2910520415093432,0.03356581620384562,0.2519558915966014,0.2435219094226231,0.32230976417320667,0.0009665147723011783,0.029862003091032995,0,DATA
1560,65.065,0.1328843060661765,0.11305883965377632,0.5141330526695961,0.21580895519153556,0.6179544100626362,0.16238275032124294,0.42885884735838775,0.3543600217864924,0.3176807178281285,0.6152469412038837,0.539691333789984,0.406950584840855,0.4686086639573609,0.3437081629029375,0.3019780335859644,0.5124502505272117,0.3052733810996737,0.038355143377688125,0.25601712457683606,0.2476212083947782,0.3240274862126467,0.02271882995514431,0,0,DATA
1572,65.5655,0.1337832116353486,0.11594629551786707,0.4890257454868487,0.21923409472128386,0.6179544100626362,0.16238275032124294,0.42885884735838775,0.3543600217864924,0.3176807178281285,0.6152469412038837,0.539691333789984,0.406950584840855,0.45716067003498373,0.3508074605456171,0.3054813125234681,0.5031766047446833,0.3071909937883301,0.03999073823415545,0.2523304265997573,0.24176629365239957,0.3189586962594404,0.007350190167520161,0,0,DATA
1584,66.06599999999999,0.13252396372322076,0.0636722017602157,0.47454791351709585,0.2176184006968466,0.6179544100626362,0.16238275032124294,0.42885884735838775,0.3543600217864924,0.3176807178281285,0.6152469412038837,0.539691333789984,0.406950584840855,0.4647038315473774,0.33830050358627867,0.3062678541431723,0.5132016639805492,0.2894202571811847,0.03802910230461881,0.2282733731203206,0.21609988757354384,0.30704906060725423,0.006945553363812103,0,0,DATA
1596,66.56649999999999,0.1314320859999092,0.07560609425532801,0.4589208888398178,0.21591419979006918,0.6179544100626362,0.16238275032124294,0.42885884735838775,0.3543600217864924,0.3176807178281285,0.6152469412038837,0.539691333789984,0.406950584840855,0.4644606625771218,0.3378899063971086,0.30627452230718816,0.5132853780900066,0.28905256045149125,0.03800020068469502,0.22970314963824762,0.21579654153306527,0.30448236035851495,0.00022014477448049444,0,0,DATA
1608,67.067,0.1309895124137618,0.08031761100581046,0.4429435017896166,0.2192875724557093,0.6179544100626362,0.16238275032124294,0.42885884735838775,0.3543600217864924,0.3176807178281285,0.6152469412038837,0.539691333789984,0.406950584840855,0.46339829336844396,0.3390859519304926,0.306183582303302,0.5121561707189757,0.28870627302530855,0.038210361105144496,0.22830376421117088,0.21313675466753246,0.30182515828305023,0.0007831182486493504,0.024095283301743136,0,DATA
1620,67.5675,0.13167838967184095,0.07761497854477699,0.3779364659122306,0.22074494668375397,0.6179544100626362,0.16238275032124294,0.42885884735838775,0.3543600217864924,0.3176807178281285,0.6152469412038837,0.539691333789984,0.406950584840855,0.46364713542265756,0.33868802850141844,0.3063009645263327,0.5124795534606195,0.28034765861858046,0.038147821799805554,0.21435907950289612,0.19283710379432356,0.2855283670159656,0.0002547159021061655,0,0,DATA
1632,68.068,0.13141850490196078,0.09137715571624778,0.3648835717218679,0.2218032154687244,0.6179544100626362,0.16238275032124294,0.42885884735838775,0.3543600217864924,0.3176807178281285,0.6152469412038837,0.539691333789984,0.406950584840855,0.4608317308329128,0.34242206108070805,0.30628160339156707,0.5092048348761024,0.28324521918055445,0.03877085309947751,0.21720139457943585,0.19447995633032408,0.2845151353241016,0.002189599434600009,0,0,DATA
1644,68.5685,0.13057388826479666,0.11480842575474058,0.35234581929256664,0.22086621297820394,0.6179544100626362,0.16238275032124294,0.42885884735838775,0.3543600217864924,0.3176807178281285,0.6152469412038837,0.539691333789984,0.406950584840855,0.45506654274790587,0.3501030264652729,0.30609842555733296,0.5024817581413165,0.28999322189534216,0.04006439904728993,0.2238974287815399,0.19982851504044596,0.2846235255607297,0.004543110434601964,0,0,DATA
1656,69.06899999999999,0.12762147104212054,0.13090934444857968,0.33558381224510164,0.22173186934852765,0.6179544100626362,0.16238275032124294,0.42885884735838775,0.3543600217864924,0.3176807178281285,0.6152469412038837,0.539691333789984,0.406950584840855,0.44995579339669756,0.3569155733149173,0.3054234645903008,0.49652011004089014,0.2944438890274461,0.04122706210315696,0.2263949114050473,0.20073636259623923,0.2827260511547365,0.0041994190559616245,0,0,DATA
1668,69.56949999999999,0.1251379031068446,0.13769139660720542,0.32056247667651,0.22409519671440423,0.6179544100626362,0.16238275032124294,0.42885884735838775,0.3543600217864924,0.3176807178281285,0.6152469412038837,0.539691333789984,0.406950584840855,0.44699833763802366,0.3608583119742258,0.30469942703378317,0.49307001283189883,0.2959879479599933,0.04190660174376554,0.22560675156772408,0.1986824019386445,0.2802123337660301,0.0025414106581666727,0.08282752253358278,0,DATA
1680,70.07,0.12494358348084605,0.1580509855776288,0.31089783926273,0.22363074090057034,0.5208100575299563,0.2781459260435153,0.3899622991557734,0.47867374727668843,0.3176807178281285,0.6152469412038837,0.539691333789984,0.406950584840855,0.4742492764288688,0.3473415044518742,0.29355037514863613,0.5134538859884973,0.2899415173895632,0.0383491599312902,0.23177879574793775,0.20384153679609676,0.280737789632782,0.01730559939944794,0,0,DATA
1692,70.5705,0.12613928745688088,0.18109070215534842,0.3012084373063752,0.22636183778496552,0.5208100575299563,0.2781459260435153,0.3899622991557734,0.47867374727668843,0.3176807178281285,0.6152469412038837,0.539691333789984,0.406950584840855,0.4775862175848013,0.3497375828369301,0.2904567574180594,0.5139243173739356,0.29410769103172796,0.038368624035543794,0.2392959427829616,0.21066285332392465,0.28243718640483373,0.0029422124238550618,0,0,DATA
1704,71.071,0.13063342524509805,0.18198916916740804,0.32672611139843294,0.22896948789289395,0.5208100575299563,0.2781459260435153,0.3899622991557734,0.47867374727668843,0.3176807178281285,0.6152469412038837,0.539691333789984,0.406950584840855,0.4783986218590485,0.3507079771158237,0.29047244103441194,0.5138453223716124,0.2983596402394151,0.038415250479614166,0.2456576919638404,0.2198371349248021,0.2899223187800645,0.0005994940564977846,0,0,DATA
1716,71.5715,0.13205188759531591,0.18940072385441806,0.3412520664019391,0.233426233908423,0.5208100575299563,0.2781459260435153,0.3899622991557734,0.47867374727668843,0.3176807178281285,0.6152469412038837,0.539691333789984,0.406950584840855,0.4770859166570506,0.3530743307118545,0.29077502321286347,0.5120057929725981,0.3030001625760145,0.0387717833991841,0.2518111973093892,0.22788891037225448,0.29569873617212017,0.0013272136588267647,0,0,DATA
1728,72.07199999999999,0.13216844391112928,0.20103247901726426,0.35646772218811923,0.2330111269334528,0.5208100575299563,0.2781459260435153,0.3899622991557734,0.47867374727668843,0.3176807178281285,0.6152469412038837,0.539691333789984,0.406950584840855,0.4742494365122535,0.3570411282362607,0.29089027469271966,0.5086041541379964,0.3090599208373215,0.03942006061528811,0.2595303417949264,0.2370881097389126,0.3011760476296794,0.002306176383019831,0.20397484718538617,0,DATA
1740,72.57249999999999,0.12899734618963327,0.19703251968194344,0.3704731522713181,0.21340307570893188,0.5208100575299563,0.2781459260435153,0.3899622991557734,0.47867374727668843,0.3176807178281285,0.6152469412038837,0.539691333789984,0.406950584840855,0.47423848392923174,0.35711117887969274,0.29025891961516237,0.5085636525247694,0.3091045994730127,0.03942861611085738,0.26009722453313866,0.23709473036299264,0.29983869123312723,0.00023745276800368753,0,0,DATA
1752,73.073,0.12481950969045023,0.19553091088285832,0.3846524394156497,0.19277711664755234,0.5208100575299563,0.2781459260435153,0.3899622991557734,0.47867374727668843,0.3176807178281285,0.6152469412038837,0.539691333789984,0.406950584840855,0.47455053600213304,0.3567117436089785,0.28919216742706677,0.5089193961965772,0.3091669300776605,0.03936113884102727,0.26149687114253434,0.23784970978068348,0.29861529623715316,0.0005927465105703781,0,0,DATA
1764,73.5735,0.11987478440450251,0.18473765689636454,0.3974322359756062,0.1924211247261682,0.5208100575299563,0.2781459260435153,0.3899622991557734,0.47867374727668843,0.3176807178281285,0.6152469412038837,0.539691333789984,0.406950584840855,0.4769107349611672,0.35356980191154597,0.2878337494605891,0.5116704665248106,0.3066786023088256,0.038839199242585616,0.2587465838027386,0.236341802904745,0.29962558636629666,0.002286852874314793,0,0,DATA
1776,74.074,0.12039192992011617,0.21346493898393248,0.4484114102838333,0.1798998188577847,0.5208100575299563,0.2781459260435153,0.3899622991557734,0.47867374727668843,0.3176807178281285,0.6152469412038837,0.539691333789984,0.406950584840855,0.4715860654104881,0.36067085838683527,0.28753482462892466,0.5054576035118263,0.321193621651511,0.0400225365481125,0.2805367606025339,0.26197776654852467,0.31422692563437327,0.0042415502858776195,0,0,DATA
1788,74.5745,0.12151699800290487,0.19008002430197976,0.4617379558825229,0.16932260853410355,0.5208100575299563,0.2781459260435153,0.3899622991557734,0.47867374727668843,0.3176807178281285,0.6152469412038837,0.539691333789984,0.406950584840855,0.47489949662849446,0.35625339921847526,0.287681411476811,0.5093230487050096,0.3160676623069012,0.03928445624406056,0.27407311746604845,0.2557890569395401,0.3120478895752954,0.002625825744750898,0.08473680368059827,0,DATA
1800,75.07499999999999,0.12473284597403776,0.1740398306285705,0.479284511789825,0.18799554869877486,0.5932106141067537,0.6563955275407716,0.41826142088779955,0.3854721541394336,0.3176807178281285,0.6152469412038837,0.539691333789984,0.406950584840855,0.5851718550845441,0.3656410241205401,0.2963244696900821,0.47459356039745787,0.32224357841354834,0.03185241942559134,0.27180952077237175,0.2571474098530607,0.31808467233115706,0.04276768052379518,0,0,DATA
1812,75.57549999999999,0.12747342643654683,0.16731479801577545,0.49506591313018555,0.1906750351590658,0.5932106141067537,0.6563955275407716,0.41826142088779955,0.3854721541394336,0.3176807178281285,0.6152469412038837,0.539691333789984,0.406950584840855,0.619665819470046,0.36657430245957695,0.2994929090511903,0.45687993903518853,0.32394773425517887,0.029278354755153564,0.27282390408782764,0.26000788194858176,0.321831223112637,0.012865227361882317,0,0,DATA
1824,76.076,0.127933020719862,0.1470217852263297,0.505478439341947,0.19263019142713445,0.5932106141067537,0.6563955275407716,0.41826142088779955,0.3854721541394336,0.3176807178281285,0.6152469412038837,0.539691333789984,0.406950584840855,0.6342755414714801,0.3611722423802432,0.300539955659019,0.45227610807413826,0.31882409310006665,0.027738799783809612,0.2668811230710647,0.2553018691798018,0.3218273934291058,0.007019609562865532,0,0,DATA
1836,76.5765,0.12701776818945168,0.12406033696348734,0.5159573692905282,0.19331801375070334,0.5932106141067537,0.6563955275407716,0.41826142088779955,0.3854721541394336,0.3176807178281285,0.6152469412038837,0.539691333789984,0.406950584840855,0.6434803622071072,0.35312241884284723,0.3006618666099814,0.4516986094750227,0.311532131539914,0.02643796614110443,0.2596092792495619,0.24914670058551405,0.32104894788849747,0.0057921850746618375,0,0,DATA
1848,77.077,0.12706652539488014,0.107372136386343,0.5204093874699266,0.1923092176299507,0.5932106141067537,0.6563955275407716,0.41826142088779955,0.3854721541394336,0.3176807178281285,0.6152469412038837,0.539691333789984,0.406950584840855,0.6497463305489957,0.34603477562002805,0.30070867890841013,0.45210944691548804,0.3051072244270113,0.025451989482899645,0.25383415409566956,0.2437158976374863,0.31946183884316776,0.004466807954378778,0.0322116409159029,0,DATA
1860,77.5775,0.131533110929557,0.1306901976538848,0.5121820182470024,0.19226351069956485,0.5932106141067537,0.6563955275407716,0.41826142088779955,0.3854721541394336,0.3176807178281285,0.6152469412038837,0.539691333789984,0.406950584840855,0.6467293281853784,0.35043753980809395,0.30166070556022084,0.4514165660032638,0.3108479870014653,0.02599785407458439,0.2624092218650368,0.25146365779152247,0.32134022289495845,0.0027905977344979496,0,0,DATA
1872,78.07799999999999,0.1378759446486928,0.13406014789243492,0.5065088601513611,0.1821782649183513,0.5932106141067537,0.6563955275407716,0.41826142088779955,0.3854721541394336,0.3176807178281285,0.6152469412038837,0.539691333789984,0.406950584840855,0.6451165379261977,0.35270195513130775,0.30327830863678257,0.4510907534712472,0.31216906612836703,0.026285299092611448,0.26389113708515577,0.251369732623956,0.31904466012250154,0.0018316028863187468,0,0,DATA
1884,78.57849999999999,0.14549228111383442,0.13234147125276333,0.5009425837803354,0.17882245002128463,0.5932106141067537,0.6563955275407716,0.41826142088779955,0.3854721541394336,0.3176807178281285,0.6152469412038837,0.539691333789984,0.406950584840855,0.6449936229427746,0.3529000502691639,0.30536302021743084,0.4510531633940307,0.31182005610553887,0.026309171344967398,0.2636136784481103,0.2502000648601013,0.31748576020089525,0.0008019072339758293,0,0,DATA
1896,79.079,0.153341233773602,0.1327468564253565,0.4951000406354639,0.17435982741091186,0.5932106141067537,0.6563955275407716,0.41826142088779955,0.3854721541394336,0.3176807178281285,0.6152469412038837,0.539691333789984,0.406950584840855,0.644871617561503,0.3530729866588468,0.30763671375017654,0.4510276978898251,0.3117369856979454,0.026331110113325906,0.2641771144201268,0.24973298425659335,0.3159783029344685,0.0008562117679000725,0,0,DATA
1908,79.5795,0.16109444501180098,0.1298845008242855,0.4893885882566973,0.17511857255912378,0.5932106141067537,0.6563955275407716,0.41826142088779955,0.3854721541394336,0.3176807178281285,0.6152469412038837,0.539691333789984,0.406950584840855,0.6454361106233465,0.35232340800745177,0.309946996170022,0.4511202406846008,0.31079449403046944,0.026233443150927533,0.26344052395158485,0.24850112306499594,0.3150481566530785,0.0012081180443613282,0.038965350247285646,0,DATA
1920,80.08,0.16365251395697164,0.11567981442303495,0.4347345778506137,0.17320625486629426,0.5190775633169935,0.4769780438573698,0.40381459354575167,0.4925275735294117,0.3176807178281285,0.6152469412038837,0.539691333789984,0.406950584840855,0.5983515472548097,0.33255328155383346,0.3071321637186881,0.4845475855956784,0.2902293398932688,0.028049597308200898,0.24733946109890204,0.22674342740242187,0.29912729444732117,0.023223174091163017,0,0,DATA
1932,80.5805,0.16625111343727303,0.11833150325451436,0.4408253267463884,0.17510776569852624,0.5190775633169935,0.4769780438573698,0.40381459354575167,0.4925275735294117,0.3176807178281285,0.6152469412038837,0.539691333789984,0.406950584840855,0.583669323589638,0.3273647164905622,0.30683341987415125,0.49448297995989987,0.28855530932754914,0.028621314508374452,0.25013800630670907,0.2303411985830295,0.3016878971104633,0.006723177524326607,0,0,DATA
1944,81.08099999999999,0.16908527227441902,0.12110454428030555,0.44175800543976923,0.17332073828542183,0.5190775633169935,0.4769780438573698,0.40381459354575167,0.4925275735294117,0.3176807178281285,0.6152469412038837,0.539691333789984,0.406950584840855,0.5786823178746703,0.3265845984588024,0.30733897007659083,0.49736654183326356,0.288798098126273,0.028895131868503766,0.25200059022313087,0.232118347627479,0.3022630333387709,0.0020908913163890284,0,0,DATA
1956,81.58149999999999,0.17187815592093317,0.12234972348869462,0.44265670249589334,0.17616963938455152,0.5190775633169935,0.4769780438573698,0.40381459354575167,0.4925275735294117,0.3176807178281285,0.6152469412038837,0.539691333789984,0.406950584840855,0.5769247285264183,0.3266992132276234,0.30807714070309067,0.4981880291229791,0.2895113260433291,0.029025855248561286,0.25323697804701417,0.23372949526688763,0.3035235530685377,0.0008701249145242803,0,0,DATA
1968,82.082,0.17454274606254538,0.12481661638423291,0.4429445377437611,0.18137860761303867,0.5190775633169935,0.4769780438573698,0.40381459354575167,0.4925275735294117,0.3176807178281285,0.6152469412038837,0.539691333789984,0.406950584840855,0.5758794042138796,0.3274243276690204,0.3088581558207792,0.4983481340585499,0.290797163741666,0.02916215419442951,0.25481422028312545,0.2358564178506344,0.305273798474694,0.0008504846238747329,0.037444984915269874,0,DATA
1980,82.5825,0.17711900587781407,0.1268197167306256,0.44289480396581843,0.18294741666423475,0.5190775633169935,0.4769780438573698,0.40381459354575167,0.4925275735294117,0.3176807178281285,0.6152469412038837,0.539691333789984,0.406950584840855,0.5751451558473756,0.3282027300984295,0.30963347491729215,0.4983260570270975,0.2918475863486505,0.02928208914675116,0.25612076562914776,0.23731487072398205,0.3061332178739333,0.0007626566308086927,0,0,DATA
1992,83.083,0.17142625641112927,0.15462551499855437,0.4179408378103411,0.18558334780627272,0.5190775633169935,0.4769780438573698,0.40381459354575167,0.4925275735294117,0.3176807178281285,0.6152469412038837,0.539691333789984,0.406950584840855,0.5690856637011593,0.33622187434227224,0.30867059325824225,0.4973462309782842,0.2977635419675142,0.030425393424584016,0.26111374181188685,0.24007604340537722,0.3040235073569924,0.005013839349702971,0,0,DATA
2004,83.5835,0.16263269051833698,0.12457707788944056,0.41490683448302285,0.1818306413626345,0.5190775633169935,0.4769780438573698,0.40381459354575167,0.4925275735294117,0.3176807178281285,0.6152469412038837,0.539691333789984,0.406950584840855,0.5735779878502083,0.3302140552248732,0.3065350799230409,0.49810397846245924,0.2881334266311695,0.029570213792517897,0.2467288531242192,0.22501248374061392,0.2971278430807889,0.004211885533883131,0,0,DATA
2016,84.08399999999999,0.1548697278390523,0.11175892151693795,0.41512832051895465,0.1840983391166475,0.5190775633169935,0.4769780438573698,0.40381459354575167,0.4925275735294117,0.3176807178281285,0.6152469412038837,0.539691333789984,0.406950584840855,0.5776174979331485,0.32482262570535275,0.3042642037598307,0.4987799381807493,0.28234391311998636,0.028811872608403764,0.2400932952465476,0.2186258442419368,0.29493773441677057,0.0039006052552236214,0,0,DATA
2028,84.58449999999999,0.14654866359159405,0.11398659917546328,0.4136852800156876,0.18917327193079614,0.5190775633169935,0.4769780438573698,0.40381459354575167,0.4925275735294117,0.3176807178281285,0.6152469412038837,0.539691333789984,0.406950584840855,0.5783615386497403,0.3238289465938837,0.3018355174189014,0.49890475737818796,0.28146828139084623,0.028673135144329315,0.23903154535981264,0.21792728358629002,0.29509400607781655,0.0013888020563300185,0.04599023114473476,0,DATA
2040,85.085,0.138137496028504,0.11430365428594091,0.41146980898678137,0.1932263823430694,0.6202653526688453,0.17227594191130366,0.4263677832244009,0.34866966230936813,0.3176807178281285,0.6152469412038837,0.539691333789984,0.406950584840855,0.49320158074661913,0.3448690540552656,0.30565545943839545,0.5241662633456767,0.29336644917332677,0.036703609203369646,0.23703303968560446,0.21611254185041853,0.29455720191330725,0.036673335794665675,0,0,DATA
2052,85.5855,0.12980827603031955,0.11686685702127252,0.41047917702248454,0.1968392308461353,0.6202653526688453,0.17227594191130366,0.4263677832244009,0.34866966230936813,0.3176807178281285,0.6152469412038837,0.539691333789984,0.406950584840855,0.46711532080126306,0.35189878305957306,0.30505230584462495,0.507608268870845,0.2973536995181166,0.03937950872543656,0.23619435038724085,0.21553607420593182,0.2945836720333275,0.011239714181144686,0,0,DATA
2064,86.086,0.12230477260348584,0.1001655149374784,0.4062138119022077,0.19715234472949894,0.6202653526688453,0.17227594191130366,0.4263677832244009,0.34866966230936813,0.3176807178281285,0.6152469412038837,0.539691333789984,0.406950584840855,0.462796724655253,0.3493313259774029,0.3032956240468587,0.506732699338925,0.292041411002162,0.0394090058240727,0.22716003984430105,0.20610653853930072,0.29032440187467856,0.002880911675315475,0,0,DATA
2076,86.5865,0.11474623558914306,0.11290441501897151,0.3791467767427748,0.18834274643804308,0.6202653526688453,0.17227594191130366,0.4263677832244009,0.34866966230936813,0.3176807178281285,0.6152469412038837,0.539691333789984,0.406950584840855,0.45882597679433645,0.35212798087556996,0.3011813267345169,0.5033489979593833,0.29155251684216354,0.040018128379681016,0.22533048544214318,0.20068932079205395,0.28295070473731887,0.002960566690475138,0,0,DATA
2088,87.08699999999999,0.10702983160856937,0.1175561118462445,0.3607528163930415,0.1663623788641418,0.6202653526688453,0.17227594191130366,0.4263677832244009,0.34866966230936813,0.3176807178281285,0.6152469412038837,0.539691333789984,0.406950584840855,0.45665789610233415,0.3542694524566565,0.29892659270489386,0.5011942218228388,0.2898778690198092,0.0404227970253395,0.221969091306991,0.1932904938645383,0.27388225526113885,0.002188095434237295,0.03526683355387335,0,DATA
2100,87.58749999999999,0.09934133447939363,0.12535847095368652,0.34231800371347676,0.1596773990264957,0.6202653526688453,0.17227594191130366,0.4263677832244009,0.34866966230936813,0.3176807178281285,0.6152469412038837,0.539691333789984,0.406950584840855,0.45436897648217056,0.3570965544810662,0.2966355880988801,0.4986362110005521,0.2897278512062581,0.04091702128840084,0.21986537298821968,0.18867479629404596,0.2683380602769172,0.0024690087501956968,0,0,DATA
2112,88.088,0.09135054267656138,0.13043674080781453,0.32149540109137903,0.15525255028430548,0.6202653526688453,0.17227594191130366,0.4263677832244009,0.34866966230936813,0.3176807178281285,0.6152469412038837,0.539691333789984,0.406950584840855,0.4526158639267547,0.35936660064754494,0.29427022043848117,0.49662463163960485,0.2885874324742399,0.04130943100809742,0.21613400204488492,0.18241868021428234,0.2622101011707907,0.002129508794097845,0,0,DATA
2124,88.5885,0.08301703204429921,0.13569293914004246,0.2981111165328018,0.15298465503435046,0.6202653526688453,0.17227594191130366,0.4263677832244009,0.34866966230936813,0.3176807178281285,0.6152469412038837,0.539691333789984,0.406950584840855,0.45098612851036207,0.3615193500305124,0.2918105729075864,0.4947333892399247,0.2871565630295684,0.04168061897552052,0.2118929223396082,0.17561238252815245,0.2558655296677633,0.0020807107767516118,0,0,DATA
2136,89.089,0.08516206540486565,0.12272306909780754,0.3209704560821743,0.1513680704679475,0.6202653526688453,0.17227594191130366,0.4263677832244009,0.34866966230936813,0.3176807178281285,0.6152469412038837,0.539691333789984,0.406950584840855,0.45322088059431365,0.35853361123357685,0.2915231356540369,0.49734363468036835,0.28614000057676336,0.04116812536780353,0.211705848904702,0.17754958459154319,0.2595260704715473,0.0018359760448121893,0,0,DATA
2148,89.58949999999999,0.08950596008079159,0.14633028026625747,0.3324447069825616,0.15247977754084086,0.6202653526688453,0.17227594191130366,0.4263677832244009,0.34866966230936813,0.3176807178281285,0.6152469412038837,0.539691333789984,0.406950584840855,0.4489337918741245,0.3642479087216622,0.29234912235991656,0.49234294157623115,0.29511462282160283,0.042152189914175534,0.22431236248734465,0.19141469397151387,0.26659244575408286,0.003609124304718029,0.08339706294215754,0,DATA
2160,90.08999999999999,0.09348798764297385,0.14430781955881747,0.33945751761423454,0.163213961352365,0.5239779496868191,0.1609421994715643,0.391488034449891,0.4748257080610022,0.3176807178281285,0.6152469412038837,0.539691333789984,0.406950584840855,0.4448989341235032,0.34517555434377906,0.2836668145028759,0.499861689889862,0.28493708331491885,0.0402375368074559,0.22570234584313967,0.19457937677162862,0.2705873188244081,0.010596506661848379,0,0,DATA
2172,90.59049999999999,0.09753426833696442,0.14216677135715053,0.34758682584729444,0.15724738258375848,0.5239779496868191,0.1609421994715643,0.391488034449891,0.4748257080610022,0.3176807178281285,0.6152469412038837,0.539691333789984,0.406950584840855,0.44413809692066686,0.3388543545339474,0.2819118410915018,0.5026418711933596,0.28186235200949533,0.0395548075393714,0.227281044347883,0.19637434822281727,0.27150980096810085,0.0029456701413473527,0,0,DATA
2184,91.091,0.10096766209377268,0.1438692782733826,0.3563351130295674,0.1516090839296432,0.5239779496868191,0.1609421994715643,0.391488034449891,0.4748257080610022,0.3176807178281285,0.6152469412038837,0.539691333789984,0.406950584840855,0.44355231930740724,0.3374346965275429,0.2821063617570192,0.5030588113899321,0.2823818923285026,0.03943059839627162,0.2303983833021921,0.19980268602994214,0.27316792844596166,0.0007333187617271827,0,0,DATA
2196,91.5915,0.10433910760484749,0.14463434818245532,0.3642646579006102,0.14369386382038096,0.5239779496868191,0.1609421994715643,0.391488034449891,0.4748257080610022,0.3176807178281285,0.6152469412038837,0.539691333789984,0.406950584840855,0.443215921342524,0.33722301870016186,0.28287272151400017,0.502996451321181,0.28328194903856624,0.03942968563150311,0.23296460934224467,0.20237034454617278,0.2740191756793383,0.00043814518308173583,0,0,DATA
2208,92.092,0.10793480080110747,0.14241996184080422,0.372213822057815,0.1388162737382894,0.5239779496868191,0.1609421994715643,0.391488034449891,0.4748257080610022,0.3176807178281285,0.6152469412038837,0.539691333789984,0.406950584840855,0.4435800230848058,0.3365394871762853,0.28385772501230905,0.5035202679542603,0.28356397986085785,0.03932403167399279,0.2343878262762772,0.20410071888771664,0.27505836007059953,0.000677545588155748,0.06546866013104194,0,DATA
2220,92.59249999999999,0.11265517202251273,0.13816518812800427,0.38076984201876246,0.13427498509837155,0.5239779496868191,0.1609421994715643,0.391488034449891,0.4748257080610022,0.3176807178281285,0.6152469412038837,0.539691333789984,0.406950584840855,0.4445827560871784,0.3351430910795383,0.28514450401829683,0.50471983250382,0.28326807895619105,0.03909029291240238,0.23534119502762774,0.20545556077117016,0.27612292839807334,0.0012286360350357757,0,0,DATA
2232,93.09299999999999,0.12014282492510893,0.1655102553780436,0.406629361719761,0.1339005598837164,0.5239779496868191,0.1609421994715643,0.391488034449891,0.4748257080610022,0.3176807178281285,0.6152469412038837,0.539691333789984,0.406950584840855,0.43914111186538185,0.3423807910805252,0.2871029448296384,0.4983801603924283,0.2956730873045308,0.04032573505885561,0.25294865644836245,0.22561153164053915,0.28736344865815744,0.004879261678041665,0,0,DATA
2244,93.59349999999999,0.12760289011437911,0.1580479419384573,0.4219972425682503,0.1368147979358801,0.5239779496868191,0.1609421994715643,0.391488034449891,0.4748257080610022,0.3176807178281285,0.6152469412038837,0.539691333789984,0.406950584840855,0.43907570442115607,0.3424626533177371,0.2892570907627876,0.49830652555170946,0.29708575493557104,0.040340080740605834,0.2545293202800798,0.22902040736232188,0.2914149259837016,0.0007671385381956367,0,0,DATA
2256,94.094,0.1354208509213871,0.1520067220189407,0.44027605665221764,0.14180766410760715,0.5239779496868191,0.1609421994715643,0.391488034449891,0.4748257080610022,0.3176807178281285,0.6152469412038837,0.539691333789984,0.406950584840855,0.44032473837098685,0.3407956704114361,0.29154510631220404,0.4997645339797753,0.29813757920617356,0.040054330259906644,0.25733218729046825,0.2341504423982797,0.2968588158318122,0.001734677468516077,0,0,DATA
2268,94.5945,0.14352468852124184,0.14669517272559066,0.4608608945726804,0.1448308387387531,0.5239779496868191,0.1609421994715643,0.391488034449891,0.4748257080610022,0.3176807178281285,0.6152469412038837,0.539691333789984,0.406950584840855,0.44181487390753954,0.33880834173740776,0.29393331687299845,0.5015032660850659,0.2993347486585103,0.03971473316031319,0.26094530267719174,0.24012435904016408,0.30262331160414,0.001955224923791817,0.06121939220824772,0,DATA
2280,95.095,0.14924499024146695,0.13401834858392117,0.45939560599634555,0.14547467565316288,0.517944963575708,0.47245908160750905,0.40216639433551193,0.4930211737472767,0.3176807178281285,0.6152469412038837,0.539691333789984,0.406950584840855,0.5321487746363205,0.3333957052921984,0.2988409841704579,0.5172277600357406,0.2943664179137518,0.03275571374290807,0.256725575649302,0.2358224868460818,0.30105626339371033,0.033551401490483246,0,0,DATA
2292,95.59549999999999,0.15213549467819534,0.10783463308748392,0.4677046903968755,0.14933087393447333,0.517944963575708,0.47245908160750905,0.40216639433551193,0.4930211737472767,0.3176807178281285,0.6152469412038837,0.539691333789984,0.406950584840855,0.5647475251092066,0.3244404740196332,0.3009202902914087,0.50540600043558,0.28618646308503704,0.02965483904707538,0.24849200721817877,0.22880544668314265,0.30026626726931216,0.014544429288800695,0,0,DATA
2304,96.09599999999999,0.15415932649101308,0.10175102718280028,0.4765275301410026,0.14719075077619198,0.517944963575708,0.47245908160750905,0.40216639433551193,0.4930211737472767,0.3176807178281285,0.6152469412038837,0.539691333789984,0.406950584840855,0.575804707491056,0.3200504949845523,0.3019690868083857,0.5020723987621959,0.2837141411072285,0.028510421800896937,0.24822789916769428,0.2292096102912427,0.30133379486926687,0.005498652644635764,0,0,DATA
2316,96.59649999999999,0.15692107644562453,0.09118853915046654,0.4861896297924167,0.14627393191857038,0.517944963575708,0.47245908160750905,0.40216639433551193,0.4930211737472767,0.3176807178281285,0.6152469412038837,0.539691333789984,0.406950584840855,0.5813399846924009,0.31577600462497457,0.3028636932539472,0.5014420053413122,0.28080316800654215,0.02776258525531351,0.24648767387596587,0.22834391307889357,0.30225775780120717,0.0035681246688280543,0,0,DATA
2328,97.097,0.1607262305964052,0.0822501400360106,0.49635913188418695,0.1463716857286761,0.517944963575708,0.47245908160750905,0.40216639433551193,0.4930211737472767,0.3176807178281285,0.6152469412038837,0.539691333789984,0.406950584840855,0.58487763166684,0.31199090576505356,0.3039311575592796,0.5015657312840531,0.27863062756775575,0.02719802477691532,0.2457072454786937,0.22859021027180898,0.3038594396340806,0.0027967367132308483,0.02467504201080318,0,DATA
2340,97.5975,0.16471914431281773,0.07576404980398302,0.5066636106042156,0.14498504276185284,0.517944963575708,0.47245908160750905,0.40216639433551193,0.4930211737472767,0.3176807178281285,0.6152469412038837,0.539691333789984,0.406950584840855,0.5873010047078977,0.30903927084210947,0.3050899087313259,0.5018298622249964,0.27732237700190837,0.026783441282291917,0.24597228787317088,0.22974703624160675,0.3055846085575602,0.00217791971201603,0,0,DATA
2352,98.098,0.1684634849310094,0.06867365215908248,0.5177136684903151,0.142150843793564,0.517944963575708,0.47245908160750905,0.40216639433551193,0.4930211737472767,0.3176807178281285,0.6152469412038837,0.539691333789984,0.406950584840855,0.589517000125644,0.30616846902465417,0.30622384561276006,0.5021572654248508,0.27597761852530683,0.026392159842757563,0.2460950085160689,0.2306913427762858,0.30709115765051137,0.0020735780388785874,0,0,DATA
2364,98.59849999999999,0.17125707777323892,0.0599631063110645,0.528651596871268,0.1401808475833808,0.517944963575708,0.47245908160750905,0.40216639433551193,0.4930211737472767,0.3176807178281285,0.6152469412038837,0.539691333789984,0.406950584840855,0.5920110133790517,0.3028682756419725,0.3071506811740585,0.5025603554894879,0.2740610541447003,0.025949053380348502,0.24535709442149817,0.23085022189879204,0.30840441791073325,0.0022403473991292797,0,0,DATA
2376,99.09899999999999,0.1713458336170116,0.026558766004752255,0.5188303025263215,0.13755142510928287,0.517944963575708,0.47245908160750905,0.40216639433551193,0.4930211737472767,0.3176807178281285,0.6152469412038837,0.539691333789984,0.406950584840855,0.5997741288193996,0.29252500234140055,0.30744737056964033,0.5038504344195999,0.26123376396249154,0.02458597551988078,0.23004885059873853,0.21429690639412796,0.3004214343681074,0.006134359378833887,0,0,DATA
2388,99.59949999999999,0.17156915934776693,0.05190448296424025,0.5295348362809863,0.13775263666887919,0.517944963575708,0.47245908160750905,0.40216639433551193,0.4930211737472767,0.3176807178281285,0.6152469412038837,0.539691333789984,0.406950584840855,0.5967804628900115,0.29651882109988564,0.30758327579177347,0.5033503580050513,0.2689958285025047,0.025108058175542028,0.24237270927961774,0.22771133960643328,0.30696200023569165,0.0023744633033354425,0.015571344889272075,0,DATA
2400,100.1,0.17192063674428104,0.05163607572999055,0.5304896111560667,0.14544591140026294,0.5163551028050108,0.4677922077388573,0.40301334422657953,0.4962425108932461,0.3176807178281285,0.6152469412038837,0.539691333789984,0.406950584840855,0.594632003947165,0.2973079419399949,0.3079350035811803,0.50403002705642,0.2698767780150764,0.025309016173309752,0.24252659684023678,0.22873003212769874,0.3087342355552525,0.001096435857454207,0,0,DATA
2412,100.6005,0.1695259310321351,0.11153350420739427,0.5573610126888243,0.14669300687970613,0.5163551028050108,0.4677922077388573,0.40301334422657953,0.4962425108932461,0.3176807178281285,0.6152469412038837,0.539691333789984,0.406950584840855,0.5814090062840562,0.3143159581657007,0.3075376337184517,0.5021375177751215,0.29274805185302144,0.027629664146565525,0.2713809073953206,0.26039619238400263,0.32444664873472645,0.010209461250514381,0,0,DATA
2424,101.101,0.16730458821259986,0.10934121060511394,0.5694426606609096,0.16756986029324125,0.5163551028050108,0.4677922077388573,0.40301334422657953,0.4962425108932461,0.3176807178281285,0.6152469412038837,0.539691333789984,0.406950584840855,0.5779024886416024,0.3188045208247739,0.30695194076753074,0.5016464952668118,0.29719758693972936,0.02825898491848813,0.2724760509849185,0.26478718611216256,0.33109145308815924,0.0028602577508159976,0,0,DATA
2436,101.60149999999999,0.16547794826842774,0.10640044640699063,0.5818154616028891,0.1749702368651401,0.5163551028050108,0.4677922077388573,0.40301334422657953,0.4962425108932461,0.3176807178281285,0.6152469412038837,0.539691333789984,0.406950584840855,0.5774680938304723,0.31932767564702136,0.3063926384939783,0.5016021152612531,0.29867557754175783,0.028334487611602326,0.27340897750523063,0.26769743038386257,0.33504095001389816,0.0005056173023100241,0,0,DATA
2448,102.10199999999999,0.16384850019290123,0.10486425874240268,0.5944940137560026,0.165038342426255,0.5163551028050108,0.4677922077388573,0.40301334422657953,0.4962425108932461,0.3176807178281285,0.6152469412038837,0.539691333789984,0.406950584840855,0.5776603747966966,0.31905448954761095,0.305882663716052,0.5016425678278462,0.2992596704905536,0.028297364242343546,0.27500432325491286,0.2695674419049676,0.3358308362071587,0.00032514728118702524,0.11182385300222863,0,DATA
2460,102.60249999999999,0.15857414073847131,0.1225298061669563,0.5698679061703992,0.16507711076275625,0.5163551028050108,0.4677922077388573,0.40301334422657953,0.4962425108932461,0.3176807178281285,0.6152469412038837,0.539691333789984,0.406950584840855,0.5740082941274077,0.3239188869966628,0.30462205579724383,0.5010364094379647,0.30162926561474657,0.028977219439572564,0.2760904488167276,0.2681948335418722,0.33180445914629814,0.003259028679049647,0,0,DATA
2472,103.103,0.15076543493554828,0.12676595284016254,0.5428957979488347,0.16739023766815408,0.5163551028050108,0.4677922077388573,0.40301334422657953,0.4962425108932461,0.3176807178281285,0.6152469412038837,0.539691333789984,0.406950584840855,0.5720230791252477,0.32656432729987617,0.3026040452029875,0.500706296787438,0.3001254888897819,0.029350019005720516,0.2708287446811126,0.2604672312746405,0.3253786088926752,0.0022162219665432157,0,0,DATA
2484,103.6035,0.14269602878767249,0.12765859884898575,0.5157144762249093,0.18265116464452336,0.5163551028050108,0.4677922077388573,0.40301334422657953,0.4962425108932461,0.3176807178281285,0.6152469412038837,0.539691333789984,0.406950584840855,0.5712400589627469,0.32760790027331066,0.3003040667336567,0.5005760203819712,0.297597582015608,0.02949768024094982,0.2641356575102817,0.25258210462905395,0.3209624201435036,0.001375523868422046,0,0,DATA
2496,104.104,0.14015522875816996,0.13740510008197548,0.4956394259894752,0.1971924582144189,0.5163551028050108,0.4677922077388573,0.40301334422657953,0.4962425108932461,0.3176807178281285,0.6152469412038837,0.539691333789984,0.406950584840855,0.5689583876550688,0.33064999251057814,0.29908050518666196,0.5001958099171765,0.29895165926743034,0.029930020237655793,0.2635110879504902,0.25140415940270866,0.3200598114806224,0.0021824416973134455,0,0,DATA
2508,104.60449999999999,0.13738142247639798,0.14107064498381225,0.4745907662554849,0.20862470902424046,0.5163551028050108,0.4677922077388573,0.40301334422657953,0.4962425108932461,0.3176807178281285,0.6152469412038837,0.539691333789984,0.406950584840855,0.5675041218333796,0.3325889727542727,0.2981309374033914,0.49995345270617386,0.29841108095971325,0.030207105566377596,0.2602128127080725,0.24714424326787404,0.3173565478161875,0.0014476046162180862,0.11098303638714382,0,DATA
2520,105.10499999999999,0.1349353709944626,0.14566531896057872,0.45361993089876296,0.2153632630570994,0.386607349537037,0.23119135232740967,0.3041655603213508,0.6247606889978213,0.3176807178281285,0.6152469412038837,0.539691333789984,0.406950584840855,0.4998547210365466,0.30721014735460117,0.26965501676373976,0.5463222868409727,0.2814762913561458,0.03226643801830483,0.2573673049310476,0.24287550735846283,0.3139061457319002,0.040501382278718724,0,0,DATA
2532,105.60549999999999,0.12757728814905595,0.1315186457433105,0.4171718615248871,0.2109518378120915,0.386607349537037,0.23119135232740967,0.3041655603213508,0.6247606889978213,0.3176807178281285,0.6152469412038837,0.539691333789984,0.406950584840855,0.482530702173123,0.2956354312338646,0.2595670431743089,0.5434476354696292,0.26712912200664307,0.032126274392800115,0.24294740520028382,0.22436965816581067,0.3010540340722988,0.012995569524530348,0,0,DATA
2544,106.106,0.12175174178467685,0.13578763275456304,0.3928657984152664,0.2070550524693351,0.386607349537037,0.23119135232740967,0.3041655603213508,0.6247606889978213,0.3176807178281285,0.6152469412038837,0.539691333789984,0.406950584840855,0.47643700924173293,0.29335833276079437,0.25531728636095996,0.5415393382404692,0.26290725814858623,0.032254228873461084,0.23862867810998487,0.21723064623027402,0.29425595464159227,0.004206849405936408,0,0,DATA
2556,106.6065,0.11932157628676472,0.07865049556777973,0.34309658327402204,0.2023391555595412,0.386607349537037,0.23119135232740967,0.3041655603213508,0.6247606889978213,0.3176807178281285,0.6152469412038837,0.539691333789984,0.406950584840855,0.4866077001715404,0.2766768048065739,0.25353202456239377,0.5549654476824832,0.23740104449299457,0.029829185637055722,0.20533394710744024,0.17848740402262558,0.27205688434651365,0.009545826894198048,0,0,DATA
2568,107.107,0.11716785527868555,0.09613883265905009,0.3148752616641088,0.19670731976491015,0.386607349537037,0.23119135232740967,0.3041655603213508,0.6247606889978213,0.3176807178281285,0.6152469412038837,0.539691333789984,0.406950584840855,0.48598635666131584,0.2765690808058635,0.25254416461112733,0.5547086379277261,0.23635041432155043,0.029853658980569096,0.2062542734203499,0.1760224145950808,0.2662830652479918,0.000572309154067141,0.028841649797715023,0,DATA
2580,107.60749999999999,0.11373084462372914,0.10796088104407718,0.28513715602234896,0.19138450706244844,0.386607349537037,0.23119135232740967,0.3041655603213508,0.6247606889978213,0.3176807178281285,0.6152469412038837,0.539691333789984,0.406950584840855,0.48331732344739275,0.279846937153458,0.25152603438820653,0.5517351931469674,0.23615220983420526,0.030364333547834563,0.2043480695150175,0.17061011885532623,0.2592135824893179,0.0023216732614794546,0,0,DATA
2592,108.10799999999999,0.11065814780773421,0.12482338617644773,0.258967916263577,0.18916495588528112,0.386607349537037,0.23119135232740967,0.3041655603213508,0.6247606889978213,0.3176807178281285,0.6152469412038837,0.539691333789984,0.406950584840855,0.478975487405418,0.2855517954948001,0.2505753289899713,0.5467118459553089,0.2387982190967709,0.03124369186431905,0.20524468425301234,0.16866785449972715,0.25444946840244753,0.0036657999271840214,0,0,DATA
2604,108.60849999999999,0.11102295808369646,0.12260496024629813,0.2959904752255866,0.18660435506304787,0.386607349537037,0.23119135232740967,0.3041655603213508,0.6247606889978213,0.3176807178281285,0.6152469412038837,0.539691333789984,0.406950584840855,0.47813880603815695,0.2866420937367608,0.25036672752845285,0.5457483561506979,0.2434669177577522,0.03141335090820959,0.21183478772854686,0.17870415378923932,0.2628967051165771,0.0007118603569134149,0,0,DATA
2616,109.109,0.11273449556327163,0.1274642196560077,0.30425184463771243,0.1923692375039344,0.386607349537037,0.23119135232740967,0.3041655603213508,0.6247606889978213,0.3176807178281285,0.6152469412038837,0.539691333789984,0.406950584840855,0.4768673571519397,0.2883297758440677,0.2506635699607081,0.544268790653936,0.24661589115314644,0.03167529070631015,0.2157730728707709,0.18404506411676458,0.2670150666171998,0.0010853244752598117,0,0,DATA
2628,109.6095,0.11468474832062454,0.13195705781935832,0.31293292035632,0.19662558620254933,0.386607349537037,0.23119135232740967,0.3041655603213508,0.6247606889978213,0.3176807178281285,0.6152469412038837,0.539691333789984,0.406950584840855,0.4755424264717709,0.2900940751619979,0.2511621757694288,0.5427241756548865,0.24976132810480642,0.0319498272984192,0.21969647383130325,0.18926220751901915,0.27090555628681257,0.0011959452689398835,0.050406949048570286,0,DATA
2640,110.10999999999999,0.11085668714823893,0.1278290240383537,0.3135487091187144,0.19440374609731015,0.6001760791122005,0.0750102248738223,0.42015488834422665,0.37584218409586045,0.3176807178281285,0.6152469412038837,0.539691333789984,0.406950584840855,0.43228111867472674,0.33431694870948003,0.28298487651224924,0.49898208498262325,0.27531334298182186,0.039857589267179194,0.21740280583690313,0.1868079343903346,0.2696131242719741,0.03976896069578225,0,0,DATA
2652,110.61049999999999,0.10700621539124909,0.1259156649763137,0.31363782576741994,0.19348807686753652,0.6001760791122005,0.0750102248738223,0.42015488834422665,0.37584218409586045,0.3176807178281285,0.6152469412038837,0.539691333789984,0.406950584840855,0.419704531738642,0.3470480702363535,0.29172308766612753,0.48632823075114423,0.28231190793611405,0.04229198870967113,0.21588519119043031,0.18520766448575493,0.2687802185531908,0.011348639872278835,0,0,DATA
2664,111.11099999999999,0.10266331358932462,0.12322122646073465,0.3135400301922633,0.1953918319400775,0.6001760791122005,0.0750102248738223,0.42015488834422665,0.37584218409586045,0.3176807178281285,0.6152469412038837,0.539691333789984,0.406950584840855,0.416497387746088,0.3501129639100534,0.2934325416338869,0.4831922119180173,0.28343671656757025,0.04290128409534991,0.21391927630878244,0.18342234555384554,0.2682980647163805,0.002660497211337746,0,0,DATA
2676,111.61149999999999,0.10309695130945896,0.11492002826848313,0.31896552880300316,0.19683238764146127,0.6001760791122005,0.0750102248738223,0.42015488834422665,0.37584218409586045,0.3176807178281285,0.6152469412038837,0.539691333789984,0.406950584840855,0.41727849616869467,0.34870809651833296,0.29403644174544286,0.4842851998251808,0.2820089775007326,0.04267193834427614,0.2117706242980567,0.18196029897433214,0.2687407345525179,0.0009299586419610298,0,0,DATA
2688,112.112,0.1016523905569172,0.11657111541792568,0.32015077408654796,0.18965740138504486,0.6001760791122005,0.0750102248738223,0.42015488834422665,0.37584218409586045,0.3176807178281285,0.6152469412038837,0.539691333789984,0.406950584840855,0.41716610039409374,0.3487489407026607,0.2939142540208759,0.48420857984571647,0.28203732307880547,0.042685168069563746,0.21237919606403433,0.1819698966430226,0.26770525561928304,9.180922783188124e-05,0.0349713346253777,0,DATA
2700,112.6125,0.09916786520742556,0.1342102710022202,0.32018316262111807,0.18802170362647633,0.6001760791122005,0.0750102248738223,0.42015488834422665,0.37584218409586045,0.3176807178281285,0.6152469412038837,0.539691333789984,0.406950584840855,0.41342815898901164,0.3537001575215615,0.29335584738011256,0.47986400073372504,0.2875700147494794,0.04356881603829276,0.21894443093476781,0.18837480059135625,0.26978363400390687,0.0030825216215820683,0,0,DATA
2712,113.11299999999999,0.09671986343727305,0.135375870122387,0.31594404905308965,0.16694901697715192,0.6001760791122005,0.0750102248738223,0.42015488834422665,0.37584218409586045,0.3176807178281285,0.6152469412038837,0.539691333789984,0.406950584840855,0.41206200075225197,0.3555118903208785,0.2926742450161516,0.4782750552156867,0.28729610905254765,0.043893979395848846,0.21807324751519835,0.1849724371500515,0.26443935797304463,0.0012864978000125538,0,0,DATA
2724,113.61349999999999,0.09618782481163762,0.14121917861018699,0.3143123863703026,0.1597642148820539,0.6001760791122005,0.0750102248738223,0.42015488834422665,0.37584218409586045,0.3176807178281285,0.6152469412038837,0.539691333789984,0.406950584840855,0.4104250584987861,0.35769153653725755,0.2923580361955798,0.47636676098076425,0.2890130714446339,0.04428605301318092,0.21997783064863385,0.1859953738056985,0.26341777429393476,0.0013775990968055707,0,0,DATA
2736,114.11399999999999,0.09595676884758532,0.1379958349625481,0.3094992603872052,0.16042126674230747,0.6001760791122005,0.0750102248738223,0.42015488834422665,0.37584218409586045,0.3176807178281285,0.6152469412038837,0.539691333789984,0.406950584840855,0.41061087798875046,0.35744289418083236,0.29221465179695727,0.47658399190395906,0.28777837352647084,0.04424132024978415,0.21767965680014836,0.1832815925449286,0.26183929602666,0.00019261541500403823,0,0,DATA
2748,114.61449999999999,0.15444343029457153,0.20374484214692778,0.32855477845512515,0.1576917465082486,0.6001760791122005,0.0750102248738223,0.42015488834422665,0.37584218409586045,0.3176807178281285,0.6152469412038837,0.539691333789984,0.406950584840855,0.3968593323270201,0.37577802348553113,0.30445383538123766,0.4605406544207444,0.3161557065333378,0.04759587167619815,0.25948769557688145,0.22672223110504783,0.2817682887191838,0.014775286183569844,0.11875902771706204,0,DATA
2760,115.115,0.21381169293527594,0.1921624114450127,0.35941218902708294,0.18084881500122504,0.24282628676470588,0.8324177738397469,0.48565257352941177,1.0,0.3176807178281285,0.6152469412038837,0.539691333789984,0.406950584840855,0.6072402927863619,0.3029920252874307,0.33893227746292154,0.4948838409631036,0.2800095517217815,0.024990642419391283,0.27289985793864785,0.24553584137330764,0.29831351671955175,0.10588180024637539,0,0,DATA
2772,115.6155,0.27308173196940816,0.18411632019468646,0.39006167842690465,0.18834030063653692,0.24282628676470588,0.8324177738397469,0.48565257352941177,1.0,0.3176807178281285,0.6152469412038837,0.539691333789984,0.406950584840855,0.672044260086733,0.2789033202779092,0.36172251828459445,0.47452620981767885,0.27298815539213805,0.0192082684008618,0.2876653271253081,0.2641154080634813,0.3121942764124338,0.03722763771052182,0,0,DATA
2784,116.11599999999999,0.33247666036900875,0.17608221302518356,0.42089503670808287,0.19282745635889428,0.24282628676470588,0.8324177738397469,0.48565257352941177,1.0,0.3176807178281285,0.6152469412038837,0.539691333789984,0.406950584840855,0.69317261278244,0.26942715876759193,0.38103252549501243,0.46870011422498403,0.27464808483343095,0.017360202545723295,0.30249734159366276,0.2824794739321895,0.3255344238917345,0.016638173805480754,0,0,DATA
2796,116.61649999999999,0.39195197610294125,0.17173907650229644,0.4519518154628264,0.197567614028666,0.24282628676470588,0.8324177738397469,0.48565257352941177,1.0,0.3176807178281285,0.6152469412038837,0.539691333789984,0.406950584840855,0.7004231772609584,0.2653682320880884,0.3993153439622636,0.4671042953254766,0.2801922719981416,0.016694616083213484,0.31886650588224313,0.3024283318632214,0.3395427112093349,0.009864103208424346,0,0,DATA
2808,117.11699999999999,0.45146431185321356,0.16828574675340668,0.48304981545338804,0.20328712988020023,0.24282628676470588,0.8324177738397469,0.48565257352941177,1.0,0.3176807178281285,0.6152469412038837,0.539691333789984,0.406950584840855,0.7033235458517808,0.2631836217545482,0.4172977800099962,0.46674641619683543,0.2870505005311456,0.01639688057532535,0.335607241130854,0.3228508186960418,0.3538943484899759,0.007689138324031748,0.10642163245654832,0,DATA
2820,117.61749999999999,0.4594568057257626,0.2229265094867787,0.5150392867252114,0.21206026799944966,0.24282628676470588,0.8324177738397469,0.48565257352941177,1.0,0.3176807178281285,0.6152469412038837,0.539691333789984,0.406950584840855,0.6927190962550194,0.27782765221983025,0.42437093453755126,0.4647266257625752,0.30940850243484713,0.017927937732485674,0.3654599392530773,0.3567797777573724,0.3726417077290423,0.01077387819653286,0,0,DATA
2832,118.118,0.46774113363516706,0.21574287749973772,0.549015286971102,0.2104155067618481,0.24282628676470588,0.8324177738397469,0.48565257352941177,1.0,0.3176807178281285,0.6152469412038837,0.539691333789984,0.406950584840855,0.6910463240932696,0.2802094444030434,0.42823258975679274,0.46437211575184345,0.3143622724396036,0.0181800649531416,0.3710385520893199,0.3655915144944439,0.380557643535879,0.0026387398547348027,0,0,DATA
2844,118.6185,0.476526260098947,0.1933411743516673,0.5842464759904299,0.2173857271893996,0.24282628676470588,0.8324177738397469,0.48565257352941177,1.0,0.3176807178281285,0.6152469412038837,0.539691333789984,0.406950584840855,0.6952488501058394,0.2746515051765477,0.43123596287995897,0.46504982235880643,0.3126525980165388,0.01757707602477013,0.3708811339267133,0.3696542372765253,0.3882777420503887,0.004254612787410572,0,0,DATA
2856,119.11899999999999,0.48497997940495646,0.17470516856532214,0.6176688400544039,0.22717379247123978,0.24282628676470588,0.8324177738397469,0.48565257352941177,1.0,0.3176807178281285,0.6152469412038837,0.539691333789984,0.406950584840855,0.7004231691247428,0.2677660417884223,0.43391225587117077,0.46590539454341745,0.31061806290127947,0.016845465465147317,0.37180194828617197,0.3748960945705653,0.3966409171853994,0.004912025132746874,0,0,DATA
2868,119.61949999999999,0.492799677741467,0.15700698814024971,0.6499870169598391,0.24002208497652489,0.24282628676470588,0.8324177738397469,0.48565257352941177,1.0,0.3176807178281285,0.6152469412038837,0.539691333789984,0.406950584840855,0.7056920827196791,0.26074491225296437,0.4363572804192016,0.4667815025136782,0.3085913651077776,0.01611525133398809,0.3727502511645321,0.3803610443899975,0.4054173626827054,0.004911689226141676,0.07563687649134276,0,DATA
2880,120.11999999999999,0.4986778818877089,0.1631304749909223,0.6509076212838223,0.25120408731382443,0.35792109204793027,0.23431677552491925,0.29920402709694993,0.6666894744008713,0.3176807178281285,0.6152469412038837,0.539691333789984,0.406950584840855,0.538518545031367,0.2845230588199924,0.3861196176532323,0.5384791980743202,0.3248660198881714,0.02757344418283897,0.3765594075988462,0.3853804614904398,0.40939025767338616,0.08039644900710313,0,0,DATA
2892,120.62049999999999,0.44608747361791945,0.08374707811365288,0.6018399044157746,0.2603973234240085,0.35792109204793027,0.23431677552491925,0.29920402709694993,0.6666894744008713,0.3176807178281285,0.6152469412038837,0.539691333789984,0.406950584840855,0.5050369970690999,0.26942915166446546,0.3600043330867857,0.5627669256332173,0.2933807028531506,0.028005067016843434,0.32447442382037095,0.32930802963617833,0.3817954253198418,0.024896913228080225,0,0,DATA
2904,121.121,0.39275223254811187,0.09058217935448647,0.5803362413844638,0.26310306158472047,0.35792109204793027,0.23431677552491925,0.29920402709694993,0.6666894744008713,0.3176807178281285,0.6152469412038837,0.539691333789984,0.406950584840855,0.49355716141984474,0.2668148078652407,0.3409693470921921,0.563371176777302,0.2861666834492357,0.02837655422080316,0.3122406834964807,0.31519449682522815,0.3726523982733007,0.011043055147691161,0,0,DATA
2916,121.6215,0.3393135907430102,0.09690545157546084,0.557987292756064,0.26467438916382396,0.35792109204793027,0.23431677552491925,0.29920402709694993,0.6666894744008713,0.3176807178281285,0.6152469412038837,0.539691333789984,0.406950584840855,0.48878532355866355,0.26780102094734615,0.32403673651474274,0.5604921513056587,0.28087602277720286,0.028749800577593992,0.2996124742981702,0.3004885255219879,0.36298405328465744,0.007563553840245337,0,0,DATA
2928,122.12199999999999,0.28325209496414305,0.11404795865659147,0.5298136488056024,0.27015701244431195,0.35792109204793027,0.23431677552491925,0.29920402709694993,0.6666894744008713,0.3176807178281285,0.6152469412038837,0.539691333789984,0.406950584840855,0.48375384571327174,0.2728967868546944,0.3071840392279458,0.5554285294292887,0.2790298314494475,0.029585202513497597,0.2896224491847567,0.2882293983415771,0.35400239343742257,0.008993313679845663,0.03421438759697744,0,DATA
2940,122.62249999999999,0.2268903611791939,0.12084023140144623,0.5007732603461523,0.2751607241141828,0.35792109204793027,0.23431677552491925,0.29920402709694993,0.6666894744008713,0.3176807178281285,0.6152469412038837,0.539691333789984,0.406950584840855,0.4808180250832347,0.27632735299545813,0.29029226594706736,0.5522453360438881,0.2743812979219474,0.03012747797885786,0.2752589338338187,0.27146221531168124,0.34312570618976745,0.007752720017226415,0,0,DATA
2952,123.12299999999999,0.16867439973674656,0.12667864070197038,0.47005137743180186,0.27983921496876535,0.35792109204793027,0.23431677552491925,0.29920402709694993,0.6666894744008713,0.3176807178281285,0.6152469412038837,0.539691333789984,0.406950584840855,0.4787112129411135,0.27899127744183405,0.27299938205988994,0.5498599677496397,0.26875703484692226,0.030541355169709218,0.25980672868266885,0.2534056709545546,0.33143509888293027,0.007354540158558169,0,0,DATA
2964,123.62349999999999,0.1614716662127814,0.07292171028267132,0.43808788221279366,0.28292640784336337,0.35792109204793027,0.23431677552491925,0.29920402709694993,0.6666894744008713,0.3176807178281285,0.6152469412038837,0.539691333789984,0.406950584840855,0.48936812468653,0.26473851425834305,0.26629894285370403,0.5623148052140935,0.24731591767652553,0.028388624040722298,0.23047071076635456,0.22118202280379923,0.31527785073780645,0.0105367047116978,0,0,DATA
2976,124.124,0.15443449442855844,0.07987724441819842,0.4067014637115691,0.2847010585646095,0.35792109204793027,0.23431677552491925,0.29920402709694993,0.6666894744008713,0.3176807178281285,0.6152469412038837,0.539691333789984,0.406950584840855,0.49110453604169424,0.2624102348612434,0.2628110050171614,0.5643471505902253,0.2427734775659151,0.028043269425595287,0.2255682063634759,0.21331834162292274,0.3081257891986563,0.0025175428629355032,0,0,DATA
2988,124.6245,0.14751004930328612,0.08457498588995954,0.3753130707975436,0.28502447091923416,0.35792109204793027,0.23431677552491925,0.29920402709694993,0.6666894744008713,0.3176807178281285,0.6152469412038837,0.539691333789984,0.406950584840855,0.49063893373917367,0.2630271186542066,0.2603104901898915,0.5638059075424835,0.23958762021165497,0.028134912458776102,0.21978473534432078,0.20442837254782756,0.3003555901493118,0.0011943336409179033,0.02537249576698786,0,DATA
3000,125.12499999999999,0.14079839835239652,0.0958689538397738,0.3446659522256,0.2838186543953361,0.5752875221269063,0.0934666043922249,0.4091390080337691,0.40685117102396506,0.3176807178281285,0.6152469412038837,0.539691333789984,0.406950584840855,0.4486894718618021,0.3120214451346285,0.28893268370433306,0.5183340133635868,0.26652843200621806,0.03612434861859931,0.21683056861967984,0.19828891231360243,0.2934755772989294,0.039855327290745014,0,0,DATA
3012,125.62549999999999,0.19400697706744732,0.17909711344852472,0.35528852268670286,0.2802061229613558,0.5752875221269063,0.0934666043922249,0.4091390080337691,0.40685117102396506,0.3176807178281285,0.6152469412038837,0.539691333789984,0.406950584840855,0.41862671978075294,0.3500236277692053,0.30869314328882624,0.4843015460057738,0.3080331406195415,0.04273382077238896,0.26288806229841094,0.24504740989504578,0.3132137954402268,0.029275131433373052,0,0,DATA
3024,126.12599999999999,0.24846388208061002,0.1591953796068399,0.386219771638169,0.29206001446810764,0.5752875221269063,0.0934666043922249,0.4091390080337691,0.40685117102396506,0.3176807178281285,0.6152469412038837,0.539691333789984,0.406950584840855,0.41378725826319196,0.35585179708390663,0.3260572312169383,0.47896773058964265,0.31688822272919176,0.043807020100310706,0.2720049995546628,0.25844286119711946,0.3257778164045073,0.00934390625345812,0,0,DATA
3036,126.6265,0.3024281088303377,0.1554900447529909,0.4172404493774264,0.3124530502231735,0.5752875221269063,0.0934666043922249,0.4091390080337691,0.40685117102396506,0.3176807178281285,0.6152469412038837,0.539691333789984,0.406950584840855,0.413113540127232,0.35656275411923927,0.34259894521281475,0.4782753930039963,0.32557728427266724,0.04394498902238015,0.2875198465109202,0.2790990795028092,0.3424522154372302,0.005975463055723014,0,0,DATA
3048,127.127,0.3571371329202977,0.14865426977622778,0.43975220319758085,0.3038590167502475,0.5752875221269063,0.0934666043922249,0.4091390080337691,0.40685117102396506,0.3176807178281285,0.6152469412038837,0.539691333789984,0.406950584840855,0.41434693743156426,0.3548620242363454,0.35905035447046935,0.4797424565976094,0.3301974933933471,0.04364346656948252,0.3002296921022378,0.29320069712884966,0.3508068833601652,0.006461845481626908,0.14596146042491281,0,DATA
3060,127.6275,0.41194952228576615,0.1423308911758961,0.46310975135116556,0.2990503559726935,0.5752875221269063,0.0934666043922249,0.4091390080337691,0.40685117102396506,0.3176807178281285,0.6152469412038837,0.539691333789984,0.406950584840855,0.4160448661289336,0.35258125926338435,0.37549637901451405,0.48173180343277455,0.3348128443300829,0.04323724365525155,0.3133343281659158,0.3081602219301307,0.36021727038954765,0.006808239404791694,0,0,DATA
3072,128.128,0.46938476562500003,0.12518838409476546,0.4922919948268121,0.29663453765650205,0.5752875221269063,0.0934666043922249,0.4091390080337691,0.40685117102396506,0.3176807178281285,0.6152469412038837,0.539691333789984,0.406950584840855,0.42015417122518184,0.3470971277887795,0.3924915874789665,0.4865285217182011,0.33677962026390773,0.0422651925628892,0.3238008226964396,0.3213033589766,0.37020181586697476,0.008862881678435186,0,0,DATA
3084,128.6285,0.527120246970316,0.1183961113499107,0.5223409828114469,0.29381031195197144,0.5752875221269063,0.0934666043922249,0.4091390080337691,0.40685117102396506,0.3176807178281285,0.6152469412038837,0.539691333789984,0.406950584840855,0.42281334003047577,0.3435500519778387,0.4097146011008187,0.4896316440263185,0.3416763591757667,0.041641426477023485,0.3386408074644879,0.3388658199726587,0.3819039249450307,0.007809752746028964,0,0,DATA
3096,129.129,0.5283999551788309,0.1718769592661622,0.5229295018248598,0.2938865442338892,0.5752875221269063,0.0934666043922249,0.4091390080337691,0.40685117102396506,0.3176807178281285,0.6152469412038837,0.539691333789984,0.406950584840855,0.41238011260965113,0.35746056665110687,0.4151502439111624,0.4774597729792721,0.3587556518758953,0.044110696963622874,0.360406792075374,0.3606982797130779,0.3902163991630567,0.009926461634812164,0,0,DATA
3108,129.62949999999998,0.531177520197894,0.17301486536855856,0.5221228920051807,0.28755231524342006,0.5752875221269063,0.0934666043922249,0.4091390080337691,0.40685117102396506,0.3176807178281285,0.6152469412038837,0.539691333789984,0.406950584840855,0.4090111841019005,0.36195233476175825,0.4173642254082688,0.47352942467007103,0.36150482058221434,0.04492105416380484,0.3612561455562094,0.36083354931289846,0.3891963433273089,0.003358226038502795,0.05190445961056757,0,DATA
3120,130.13,0.5341224908655592,0.1721050828670184,0.5218051340889368,0.3023745703238902,0.5250744229983659,0.15202368198135785,0.39252782883986925,0.4739031862745098,0.3176807178281285,0.6152469412038837,0.539691333789984,0.406950584840855,0.42458754159985596,0.352500375277529,0.4139957335233184,0.48604358316116336,0.35647843659811307,0.04259495258033742,0.3614176751058776,0.36244552857898926,0.3922393845558774,0.009465602955711694,0,0,DATA
3132,130.63049999999998,0.5344673018223492,0.17294743648421876,0.5178997451908148,0.31086163190932237,0.5250744229983659,0.15202368198135785,0.39252782883986925,0.4739031862745098,0.3176807178281285,0.6152469412038837,0.539691333789984,0.406950584840855,0.42908355458963054,0.3499006464450763,0.4130575962587592,0.4895914540722771,0.35495179654957937,0.0419504469961948,0.3610425009644913,0.362528521706334,0.3931212837866924,0.0026779596955954963,0,0,DATA
3144,131.131,0.5336437128381445,0.16398094249273784,0.5124222062666272,0.31931917410856253,0.5250744229983659,0.15202368198135785,0.39252782883986925,0.4739031862745098,0.3176807178281285,0.6152469412038837,0.539691333789984,0.406950584840855,0.432315322224774,0.34661010947772586,0.41260320139270845,0.492852606373524,0.3511579452288629,0.0413207021456247,0.35619567778622047,0.35797969885556846,0.39201607449835096,0.002325566489514874,0,0,DATA
3156,131.6315,0.47334044656635793,0.0829088087781409,0.4667255684553031,0.325846696323469,0.5250744229983659,0.15202368198135785,0.39252782883986925,0.4739031862745098,0.3176807178281285,0.6152469412038837,0.539691333789984,0.406950584840855,0.4503100005953824,0.3229227509474336,0.399803197015818,0.5136936248239743,0.31392723176584647,0.03727655542296677,0.3025668434837596,0.3004339529934658,0.363706272804133,0.01816068042593037,0,0,DATA
3168,132.13199999999998,0.41330656828703694,0.09043422321814137,0.4372964480732819,0.32819039321723176,0.5250744229983659,0.15202368198135785,0.39252782883986925,0.4739031862745098,0.3176807178281285,0.6152469412038837,0.539691333789984,0.406950584840855,0.45412806707416475,0.3179236594315461,0.38335608126409354,0.5181022038213092,0.30389138633427637,0.03644457652431813,0.2876844095274913,0.2828429766883717,0.3519431564254482,0.008421424582131446,0.02713026696544241,0,DATA
3180,132.6325,0.35400844510257806,0.09835536114674348,0.4069830192213539,0.32952606160445713,0.5250744229983659,0.15202368198135785,0.39252782883986925,0.4739031862745098,0.3176807178281285,0.6152469412038837,0.539691333789984,0.406950584840855,0.45361004805279304,0.3186418505967884,0.36596934066983977,0.5174840987280023,0.297261648520499,0.03656156814154914,0.2729305542916548,0.2651913454060649,0.3398902912607557,0.006207650260289262,0,0,DATA
3192,133.13299999999998,0.29667344657770517,0.10410307184681745,0.3793097191239831,0.3260037291917401,0.5250744229983659,0.15202368198135785,0.39252782883986925,0.4739031862745098,0.3176807178281285,0.6152469412038837,0.539691333789984,0.406950584840855,0.45224762309936595,0.32046666694238174,0.3487129688013404,0.5158904780784921,0.2912276828496838,0.03686263949237382,0.25822797884723564,0.24736920671063695,0.3273961565063934,0.006814537722506601,0,0,DATA
3204,133.6335,0.2399792418414125,0.1107085985875924,0.35451732633685795,0.32143192197472087,0.5250744229983659,0.15202368198135785,0.39252782883986925,0.4739031862745098,0.3176807178281285,0.6152469412038837,0.539691333789984,0.406950584840855,0.45045173499777513,0.32286365933347677,0.3316302742461691,0.513794037832149,0.28602926676082563,0.037260124401986124,0.24457287003886205,0.23077767790184892,0.3156051054036953,0.007091858349285718,0,0,DATA
3216,134.134,0.18188625493600216,0.1219346037419337,0.32554158594794985,0.31747596680159657,0.5250744229983659,0.15202368198135785,0.39252782883986925,0.4739031862745098,0.3176807178281285,0.6152469412038837,0.539691333789984,0.406950584840855,0.4475555074848862,0.3267260384940208,0.31430593862948153,0.5104147344954327,0.2818600890758199,0.03790458011073359,0.23164952664173488,0.21456116494851854,0.30344458135445357,0.008027647430040178,0,0,DATA
3228,134.6345,0.12298698342184096,0.1305912590151708,0.29513912593473457,0.3134271018919017,0.5250744229983659,0.15202368198135785,0.39252782883986925,0.4739031862745098,0.3176807178281285,0.6152469412038837,0.539691333789984,0.406950584840855,0.44486874162363976,0.3303086157186904,0.2967397909265014,0.5072800629524747,0.27687250873523306,0.038506573874258744,0.21725184244555443,0.19671834826004708,0.2904427645087802,0.007945163596298729,0.039177377704551236,0,DATA
3240,135.135,0.12157525843091865,0.07664850290222867,0.3136352535697489,0.30886297615497166,0.55876268041939,0.19582710129699257,0.39779837282135083,0.4242184095860565,0.3176807178281285,0.6152469412038837,0.539691333789984,0.406950584840855,0.4676556480573614,0.3233539512328826,0.29264923668232856,0.5221508484122392,0.26599290135312836,0.036148486419603686,0.199091620529196,0.17995132653349705,0.2859213853541142,0.011277375054567421,0,0,DATA
3252,135.63549999999998,0.11860688430464777,0.0863401503975948,0.3183951095599012,0.30812414558653395,0.55876268041939,0.19582710129699257,0.39779837282135083,0.4242184095860565,0.3176807178281285,0.6152469412038837,0.539691333789984,0.406950584840855,0.4724564740134509,0.3239812131858427,0.2907987118425598,0.5242376304138041,0.2682240816901421,0.035891980227066446,0.2033265759001187,0.18458838444659126,0.2881204929496426,0.0024262042496061564,0,0,DATA
3264,136.136,0.12145682274645968,0.13860370856285056,0.35101893393266476,0.3066997545863494,0.55876268041939,0.19582710129699257,0.39779837282135083,0.4242184095860565,0.3176807178281285,0.6152469412038837,0.539691333789984,0.406950584840855,0.4629213745855741,0.33880318805800247,0.29084204146340964,0.5120590932637857,0.28956531427994814,0.03821242961092561,0.23132675172913614,0.21570850361286653,0.3041160984117661,0.008133467973628813,0,0,DATA
3276,136.63649999999998,0.12684082385847859,0.13444998432580937,0.37376073945831984,0.3204606289477614,0.55876268041939,0.19582710129699257,0.39779837282135083,0.4242184095860565,0.3176807178281285,0.6152469412038837,0.539691333789984,0.406950584840855,0.46093312684698967,0.3420867377332788,0.29198568058318863,0.5094231945568554,0.2945810199336839,0.03872560189196843,0.23529042336185446,0.22332244323429157,0.31246906614110803,0.00213847884454658,0,0,DATA
3288,137.137,0.1331782676901779,0.13380954071898823,0.39726660502622296,0.33197986121838013,0.55876268041939,0.19582710129699257,0.39779837282135083,0.4242184095860565,0.3176807178281285,0.6152469412038837,0.539691333789984,0.406950584840855,0.4604711456828468,0.34289247842595183,0.29365963552377916,0.5087893336284475,0.29875046203770544,0.03885008106821582,0.24100290779904648,0.2325374374553358,0.3211870568293543,0.0009805589324688075,0.04180645924338195,0,DATA
3300,137.6375,0.1389579290917756,0.13253051970395188,0.4193063704023568,0.3340845035617137,0.55876268041939,0.19582710129699257,0.39779837282135083,0.4242184095860565,0.3176807178281285,0.6152469412038837,0.539691333789984,0.406950584840855,0.4606011457467616,0.3427760747495435,0.2953755509002919,0.5089125354986089,0.30166730692045185,0.03882753461691849,0.24605518474857824,0.24000415517681428,0.3275040396299588,0.000654106372278603,0,0,DATA
3312,138.13799999999998,0.14450178291802832,0.12550118214628483,0.43579617681635474,0.321998574565376,0.55876268041939,0.19582710129699257,0.39779837282135083,0.4242184095860565,0.3176807178281285,0.6152469412038837,0.539691333789984,0.406950584840855,0.46211630665304604,0.34077293913047424,0.29705453481675875,0.5106716837612859,0.30127957945571004,0.0384922034893612,0.24765018177356157,0.24203953994356367,0.32870929018316597,0.0017324268139402021,0,0,DATA
3324,138.6385,0.14954466089097676,0.11763034881453142,0.4530108241823549,0.3030480813881496,0.55876268041939,0.19582710129699257,0.39779837282135083,0.4242184095860565,0.3176807178281285,0.6152469412038837,0.539691333789984,0.406950584840855,0.4642237299245997,0.33796816511186256,0.29861723436601795,0.5131277824063686,0.3000485499061293,0.03802581781065076,0.24895335350864992,0.24316912709752936,0.32854651618675257,0.002158298946474846,0,0,DATA
3336,139.13899999999998,0.15507160039941903,0.1438011585087748,0.5025802276195265,0.2915844924884427,0.55876268041939,0.19582710129699257,0.39779837282135083,0.4242184095860565,0.3176807178281285,0.6152469412038837,0.539691333789984,0.406950584840855,0.45936008687027463,0.3444545596206672,0.3002467015275686,0.5074527636248036,0.31405965617963866,0.03910743546999561,0.27044094597547,0.2684673010180959,0.3431244646710848,0.004326501574893449,0,0,DATA
3348,139.6395,0.15996873865286856,0.13737292877948412,0.528174385676008,0.28248665044924587,0.55876268041939,0.19582710129699257,0.39779837282135083,0.4242184095860565,0.3176807178281285,0.6152469412038837,0.539691333789984,0.406950584840855,0.45925092219712815,0.3446005736491071,0.30176394070925816,0.5073251742740105,0.316217904185502,0.03913191290633001,0.27396791334574,0.27364389999009436,0.34722891514331716,0.0005908059610919928,0.07600557905206745,0,DATA
3360,140.14,0.1662636307416485,0.1263125904791311,0.5579352370292572,0.27894616130495864,0.5786742578976034,0.6067994896361866,0.4426660369008715,0.4282540168845316,0.3176807178281285,0.6152469412038837,0.539691333789984,0.406950584840855,0.5766131125732327,0.3457289144039651,0.3161039857446746,0.4888289865114011,0.3190585284740811,0.030739188682215306,0.2767549267140046,0.2790529495792552,0.352931468616597,0.0442768587221263,0,0,DATA
3372,140.6405,0.17335289295116194,0.11785136045481952,0.5890502519061531,0.27086959132498484,0.5786742578976034,0.6067994896361866,0.4426660369008715,0.4282540168845316,0.3176807178281285,0.6152469412038837,0.539691333789984,0.406950584840855,0.6135986279911695,0.3436982722236152,0.3218947443192973,0.4713515498926076,0.32046422632477095,0.02788915162829658,0.28101129012156184,0.2856131574765046,0.35853465005713087,0.014935638724303146,0,0,DATA
3384,141.141,0.18125758839415396,0.11260087211971627,0.6024062832536884,0.2619206845899628,0.5786742578976034,0.6067994896361866,0.4426660369008715,0.4282540168845316,0.3176807178281285,0.6152469412038837,0.539691333789984,0.406950584840855,0.6257968851669222,0.3416189428356814,0.32529195793471255,0.4662920859986981,0.3202536936861369,0.026845323223969972,0.283163240145626,0.2882058199618201,0.36008677284104396,0.005891600059700593,0,0,DATA
3396,141.64149999999998,0.18983885654956426,0.0965615519608775,0.6314482323936869,0.25802444112645856,0.5786742578976034,0.6067994896361866,0.4426660369008715,0.4282540168845316,0.3176807178281285,0.6152469412038837,0.539691333789984,0.406950584840855,0.6328246195530042,0.3365041343748264,0.3281131883319732,0.4653356230360846,0.31863420299490214,0.025946767047823418,0.28427215554117224,0.29182930592501577,0.36502024022505797,0.00498792441473254,0,0,DATA
3408,142.142,0.1830260388298838,0.05985711678154245,0.5944314582269196,0.241493405591498,0.5786742578976034,0.6067994896361866,0.4426660369008715,0.4282540168845316,0.3176807178281285,0.6152469412038837,0.539691333789984,0.406950584840855,0.642640871256489,0.32469244998635605,0.32752886573001855,0.46633333937857746,0.3000262029941414,0.02436668031771124,0.2608244630921487,0.2630268325058194,0.3462728925275057,0.0074040862313033045,0.017957135034462734,0,DATA
3420,142.64249999999998,0.17545824681145605,0.06950192831651947,0.5677392568650462,0.2267731194292962,0.5786742578976034,0.6067994896361866,0.4426660369008715,0.4282540168845316,0.3176807178281285,0.6152469412038837,0.539691333789984,0.406950584840855,0.6435603363451894,0.32384949189960854,0.3257643326255623,0.46629508587760093,0.29666629901630215,0.024240888833170333,0.25783038903007927,0.2558915096913425,0.33734572748300085,0.0011756520933013566,0,0,DATA
3432,143.143,0.16865049984114014,0.08209720087456311,0.5425909623160484,0.22369898290790613,0.5786742578976034,0.6067994896361866,0.4426660369008715,0.4282540168845316,0.3176807178281285,0.6152469412038837,0.539691333789984,0.406950584840855,0.6411911686346103,0.3271232807898365,0.3238053458304591,0.4658427752877765,0.29696043539536526,0.02464869163944882,0.25647728974943396,0.2517161673036584,0.3316523427281483,0.0025339811319700645,0,0,DATA
3444,143.6435,0.16345436467411037,0.09391739804899589,0.5168606719359218,0.22240563937382649,0.5786742578976034,0.6067994896361866,0.4426660369008715,0.4282540168845316,0.3176807178281285,0.6152469412038837,0.539691333789984,0.406950584840855,0.6379981769148058,0.33141507266574605,0.3221264614068519,0.465293375209724,0.29787168266847946,0.02519430070561156,0.2550200835097758,0.2475565976725796,0.3262145174857627,0.0030545560064404453,0,0,DATA
3456,144.14399999999998,0.15989218097539942,0.10322033772952166,0.4947282944744487,0.22466720706587742,0.5786742578976034,0.6067994896361866,0.4426660369008715,0.4282540168845316,0.3176807178281285,0.6152469412038837,0.539691333789984,0.406950584840855,0.6350866620659539,0.33530743333906615,0.32087473750304046,0.4648029522974899,0.29884517213776407,0.02569521249410982,0.25360234714994934,0.24415178033581092,0.32217295924101236,0.0026851998086611464,0,0,DATA
3468,144.6445,0.15410617227214962,0.11684059850988349,0.4680332586864992,0.2294606428533901,0.5786742578976034,0.6067994896361866,0.4426660369008715,0.4282540168845316,0.3176807178281285,0.6152469412038837,0.539691333789984,0.406950584840855,0.6313529528474224,0.34028881455956345,0.31928415850421454,0.464179116296507,0.30053869503560693,0.02634375799995116,0.25255424256385417,0.24091351574967207,0.3179223256982568,0.0034352231459515528,0.035052179552965045,0,DATA
3480,145.14499999999998,0.14579259003948802,0.09661941166774422,0.4063408492557033,0.2318671971728896,0.5535566023284314,0.13060401976837352,0.3928490093954249,0.4285886437908496,0.3176807178281285,0.6152469412038837,0.539691333789984,0.406950584840855,0.5011445577557245,0.3308465889403875,0.3031123648341828,0.5340044266519439,0.2836660562318306,0.03465937050258207,0.23046456949430696,0.21289525716899527,0.29911599795487065,0.0519408047936352,0,0,DATA
3492,145.6455,0.13723546999818445,0.10755960984648338,0.3708548131368144,0.23795980548689036,0.5535566023284314,0.13060401976837352,0.3928490093954249,0.4285886437908496,0.3176807178281285,0.6152469412038837,0.539691333789984,0.406950584840855,0.4597845976106799,0.33107717674468173,0.2964638315244995,0.5143537104329992,0.2808556510179945,0.037559127953980136,0.22603201753376412,0.2055233624279636,0.2922483283106291,0.016079693753007385,0,0,DATA
3504,146.146,0.13713742369054102,0.15712839122039493,0.36107780583589033,0.24460357237750444,0.5535566023284314,0.13060401976837352,0.3928490093954249,0.4285886437908496,0.3176807178281285,0.6152469412038837,0.539691333789984,0.406950584840855,0.4369671654786451,0.3450256118706652,0.29444868180698935,0.49597077680398993,0.2962403832083126,0.04079475712914114,0.24388451936161526,0.22306254021478372,0.2985583424388433,0.01292700565850948,0,0,DATA
3516,146.6465,0.1371857553785403,0.16306473335643826,0.3514923606589743,0.25617519906679914,0.5535566023284314,0.13060401976837352,0.3928490093954249,0.4285886437908496,0.3176807178281285,0.6152469412038837,0.539691333789984,0.406950584840855,0.4288753039904657,0.3508723182065524,0.2938542865462162,0.48900149289195655,0.3000146999329937,0.04208228767551434,0.24435163351824923,0.2237282725226556,0.29937159097167965,0.004844321028279919,0,0,DATA
3528,147.147,0.14636179052060638,0.20780181301951753,0.3783187973017402,0.26612495469468556,0.5535566023284314,0.13060401976837352,0.3928490093954249,0.4285886437908496,0.3176807178281285,0.6152469412038837,0.539691333789984,0.406950584840855,0.4170529588147651,0.36515271241298075,0.2956029353478182,0.47595012320089214,0.320092114636556,0.04470158558920113,0.2694469597404473,0.2525012179719189,0.3156963167216169,0.009283796061243632,0.16897914215829313,0,DATA
3540,147.64749999999998,0.1554717995415759,0.20775383094570188,0.38113828358209006,0.2864887915632111,0.5535566023284314,0.13060401976837352,0.3928490093954249,0.4285886437908496,0.3176807178281285,0.6152469412038837,0.539691333789984,0.406950584840855,0.4135163314975563,0.3694233956942409,0.29804063188270236,0.4720464679016577,0.32452854002356213,0.045498765550851535,0.27181366597118495,0.25718625651754407,0.3213777592564341,0.0034150023777843783,0,0,DATA
3552,148.148,0.17382326700935002,0.1862083943458849,0.4210580276538338,0.3038904234056695,0.5535566023284314,0.13060401976837352,0.3928490093954249,0.4285886437908496,0.3176807178281285,0.6152469412038837,0.539691333789984,0.406950584840855,0.4169798849883552,0.36467187843067017,0.30262574901140016,0.4761540032788425,0.3251849117691785,0.04464831850587399,0.27484973363916176,0.2659544617769411,0.3334413528996666,0.004266729294355805,0,0,DATA
3564,148.64849999999998,0.19293045343137258,0.1753189548711228,0.4641859558267715,0.298962804320917,0.5535566023284314,0.13060401976837352,0.3928490093954249,0.4285886437908496,0.3176807178281285,0.6152469412038837,0.539691333789984,0.406950584840855,0.42030573332529486,0.36019738019866554,0.3080137932986342,0.4800541765633146,0.32726472404513807,0.04384891479620723,0.282940980768249,0.27786573981484686,0.34351511384693845,0.004396130285392781,0,0,DATA
3576,149.149,0.2648625082266703,0.24420562918787417,0.45957202503349087,0.30010429077872375,0.5535566023284314,0.13060401976837352,0.3928490093954249,0.4285886437908496,0.3176807178281285,0.6152469412038837,0.539691333789984,0.406950584840855,0.406837286219859,0.37814329953775455,0.32473593809181694,0.4643469933410522,0.3543006956860141,0.047103106207834144,0.3239592752953529,0.3185367899084034,0.3601161350672221,0.01604550374590254,0,0,DATA
3588,149.6495,0.3352986564996369,0.23140385622609938,0.4559455751010677,0.3116487373909247,0.5535566023284314,0.13060401976837352,0.3928490093954249,0.4285886437908496,0.3176807178281285,0.6152469412038837,0.539691333789984,0.406950584840855,0.40548512441020096,0.37994257891018435,0.3445441726670948,0.4627712727500082,0.3589934753700226,0.04743511815673169,0.3322005057787517,0.3275698200597799,0.36664176078958693,0.007653225252455227,0.19450783945427175,0,DATA
3600,150.14999999999998,0.4040681239220225,0.22159753494737236,0.4486293621257629,0.3329182961077369,0.2910962605528322,0.9032564999353573,0.5775054466230937,0.9962503404139433,0.3176807178281285,0.6152469412038837,0.539691333789984,0.406950584840855,0.6234814977825917,0.3226199209909939,0.4166320336221264,0.4769492906132072,0.3285052633993387,0.025509197581775805,0.34056862815667704,0.337333277011856,0.3744726178395527,0.11580229741553759,0,0,DATA
3612,150.6505,0.47507063589324616,0.20768261618644723,0.4459150513895605,0.35038370682815967,0.2910962605528322,0.9032564999353573,0.5775054466230937,0.9962503404139433,0.3176807178281285,0.6152469412038837,0.539691333789984,0.406950584840855,0.6918025427341031,0.3015269463621777,0.45316891942259285,0.45333525545185954,0.3196761917184715,0.019515266014854465,0.3486603008993112,0.3469000597529122,0.38230013568257026,0.04198363512693137,0,0,DATA
3624,151.15099999999998,0.5461534642792302,0.19598506987555456,0.4432032089124928,0.3616874296924571,0.2910962605528322,0.9032564999353573,0.5775054466230937,0.9962503404139433,0.3176807178281285,0.6152469412038837,0.539691333789984,0.406950584840855,0.714755340944844,0.2919237410064829,0.47905737912378943,0.44666045902433643,0.3178560151835143,0.017486634474434968,0.35765547955673743,0.3567544264490614,0.3892365705281273,0.019481487755877436,0,0,DATA
3636,151.6515,0.6174686961011256,0.18486743284618812,0.43537915335646615,0.3678798879768059,0.2910962605528322,0.9032564999353573,0.5775054466230937,0.9962503404139433,0.3176807178281285,0.6152469412038837,0.539691333789984,0.406950584840855,0.7239758841842333,0.28592984103155183,0.5018001157167464,0.4450471373921074,0.31749488348425936,0.016573941626776133,0.36590665999816463,0.36484244716332076,0.393982925923775,0.012652393269092435,0,0,DATA
3648,152.152,0.6802376940359478,0.13522287517520545,0.4021003691776493,0.36779970872338846,0.2910962605528322,0.9032564999353573,0.5775054466230937,0.9962503404139433,0.3176807178281285,0.6152469412038837,0.539691333789984,0.406950584840855,0.7371674042669564,0.2702311948911974,0.5218044262609461,0.4463007004209231,0.3011574251358806,0.014915368944272034,0.3519468796809726,0.3475467705029054,0.3844774101712221,0.016298158922425737,0.04056686255256164,0,DATA
3660,152.65249999999997,0.7428769446146516,0.12918099834715388,0.368670174468727,0.3725148024293817,0.2910962605528322,0.9032564999353573,0.5775054466230937,0.9962503404139433,0.3176807178281285,0.6152469412038837,0.539691333789984,0.406950584840855,0.7423936544256642,0.26382987553723664,0.5409599620457339,0.4468882350185496,0.29753805366048125,0.01427249251900067,0.35537194012370826,0.34810032084534814,0.3824205237688528,0.010261035099152124,0,0,DATA
3672,153.153,0.7963963638117285,0.08431677120219978,0.29882969024254735,0.37412982200348627,0.2910962605528322,0.9032564999353573,0.5775054466230937,0.9962503404139433,0.3176807178281285,0.6152469412038837,0.539691333789984,0.406950584840855,0.7533830171737168,0.24934749613046125,0.5579457008125563,0.44863474334791087,0.27763564588481215,0.012913598705906361,0.3341620362599061,0.32006787051633845,0.3639057144750934,0.014152493640550138,0,0,DATA
3684,153.65349999999998,0.8499194708265252,0.08404992225167035,0.25818641153357674,0.37452324919934893,0.2910962605528322,0.9032564999353573,0.5775054466230937,0.9962503404139433,0.3176807178281285,0.6152469412038837,0.539691333789984,0.406950584840855,0.7567358642777438,0.2449280646022804,0.5742812749157103,0.44916803555998785,0.2743616833397607,0.012512264929415722,0.33663126234085955,0.3185121114459811,0.35913586359592353,0.00803595091178727,0,0,DATA
3696,154.154,0.903428748524873,0.08382297220362034,0.2175999101311649,0.37338526349718243,0.2910962605528322,0.9032564999353573,0.5775054466230937,0.9962503404139433,0.3176807178281285,0.6152469412038837,0.539691333789984,0.406950584840855,0.7577893779190424,0.2435386891303721,0.5904188954633096,0.44933596647529267,0.27285658866841944,0.012387408052960156,0.33912503758082674,0.31683343797549046,0.3540785263675146,0.006193503220268746,0,0,DATA
3708,154.65449999999998,0.9569130625340415,0.08352506439497094,0.1769684540794162,0.37125764263030786,0.2910962605528322,0.9032564999353573,0.5775054466230937,0.9962503404139433,0.3176807178281285,0.6152469412038837,0.539691333789984,0.406950584840855,0.7581679926512483,0.2430384623023778,0.6064918875695149,0.4493967725231869,0.2718266528820876,0.012342640632322963,0.34157644604885096,0.3150089387516523,0.34879888341082194,0.005650611222135162,0.025057519318491282,0,DATA
3720,155.155,0.9568199096768337,0.00019173106163761797,0.2232346183297622,0.3524466822953161,0.29072891135620915,0.9015634872851446,0.576813725490196,0.9962847222222222,0.3176807178281285,0.6152469412038837,0.539691333789984,0.406950584840855,0.7753075335288506,0.21947791758935536,0.6111005411841515,0.452607274440897,0.24914904178900604,0.010356157274211821,0.31747771499414523,0.29365572808848206,0.3440939171206893,0.015102913068420432,0,0,DATA
3732,155.6555,0.9031432263298839,0.08352446157861293,0.29318475872989386,0.34112236070435076,0.29072891135620915,0.9015634872851446,0.576813725490196,0.9962847222222222,0.3176807178281285,0.6152469412038837,0.539691333789984,0.406950584840855,0.7629495223835665,0.2357429187202017,0.601211033765683,0.4506537794481158,0.27588818866685105,0.011735424010236332,0.3540654986115717,0.33610609358682514,0.36644882914538046,0.012837506564866319,0,0,DATA
3744,156.15599999999998,0.8494456217093319,0.08373587282135075,0.3394795551973557,0.3486498184157823,0.29072891135620915,0.9015634872851446,0.576813725490196,0.9962847222222222,0.3176807178281285,0.6152469412038837,0.539691333789984,0.406950584840855,0.7591977226790063,0.24068161420742218,0.5869676845698265,0.4500603315567857,0.28044589727292996,0.012170902970192419,0.3526695014780488,0.3400923218711916,0.3741899710288877,0.007644614795879042,0,0,DATA
3756,156.6565,0.7957122027051562,0.08391955451161946,0.38579578481045207,0.3596313726269807,0.29072891135620915,0.9015634872851446,0.576813725490196,0.9962847222222222,0.3176807178281285,0.6152469412038837,0.539691333789984,0.406950584840855,0.7580336096126818,0.24221465372686357,0.5714106618201926,0.4498758683302273,0.28309364625672323,0.012307639146852704,0.3512595362759404,0.3444121350515127,0.3826195496275242,0.006084725111799916,0,0,DATA
3768,157.15699999999998,0.7419688195011801,0.08406908842819534,0.43206949138767897,0.36716368912529446,0.29072891135620915,0.9015634872851446,0.576813725490196,0.9962847222222222,0.3176807178281285,0.6152469412038837,0.539691333789984,0.406950584840855,0.7576529735703035,0.2427164350793372,0.5554574445224675,0.44981529567517964,0.28497330728774123,0.012352537324489708,0.349825414517221,0.3483586156003473,0.39034253133858243,0.0056118782308590505,0.025220726528458602,0,DATA
3780,157.6575,0.6882781295388526,0.08433326383215324,0.47829049931101836,0.3726092337464187,0.29072891135620915,0.9015634872851446,0.576813725490196,0.9962847222222222,0.3176807178281285,0.6152469412038837,0.539691333789984,0.406950584840855,0.7574833059227589,0.2429409385981875,0.5393964344410611,0.4497878777395267,0.2866193650023442,0.012372618989819433,0.3484371482710065,0.3521370046085792,0.3976574495580031,0.005485060415933736,0,0,DATA
3792,158.158,0.6347345622276689,0.0844739328022876,0.5242754709953057,0.37782239945567914,0.29072891135620915,0.9015634872851446,0.576813725490196,0.9962847222222222,0.3176807178281285,0.6152469412038837,0.539691333789984,0.406950584840855,0.7574028651447673,0.24304767696548024,0.5233339822812907,0.44977472894487613,0.2881491529035315,0.012382160713659584,0.34698169673368096,0.3558013668106084,0.4048630692353288,0.0054165437683516005,0,0,DATA
3804,158.65849999999998,0.5811736196214597,0.08454173191267249,0.5702776732970607,0.3755239650445817,0.29072891135620915,0.9015634872851446,0.576813725490196,0.9962847222222222,0.3176807178281285,0.6152469412038837,0.539691333789984,0.406950584840855,0.7573644950981889,0.24309868222657582,0.5072674486860557,0.4497684113376175,0.2893340554091204,0.012386718015632129,0.3454970683169441,0.35868711518293733,0.4105580085344849,0.005385302967636322,0,0,DATA
3816,159.159,0.5276293785743463,0.08469289697939363,0.6162828288539554,0.3721460653755768,0.29072891135620915,0.9015634872851446,0.576813725490196,0.9962847222222222,0.3176807178281285,0.6152469412038837,0.539691333789984,0.406950584840855,0.757321239420204,0.24315631002358642,0.4912031979875913,0.4497612252781047,0.2904947818943002,0.01239186310817292,0.3440497172455888,0.361502489700371,0.4160519681452044,0.005388378057819952,0,0,DATA
3828,159.65949999999998,0.5274166198597495,0.1389832828385984,0.6115499255948552,0.3555366926041232,0.29072891135620915,0.9015634872851446,0.576813725490196,0.9962847222222222,0.3176807178281285,0.6152469412038837,0.539691333789984,0.406950584840855,0.7459072816863757,0.25837490640326694,0.4863392434479866,0.44785890595517863,0.3070630574604635,0.013786748285527213,0.36477673919453135,0.38009528404625814,0.4196691497835597,0.010498836217704524,0.09832874483705523,0,DATA
3840,160.16,0.5272129388503087,0.13898058789488013,0.6067756331141262,0.34357891773749566,0.2899956597222222,0.9024427684824701,0.5753357332516339,0.9962755310457516,0.3176807178281285,0.6152469412038837,0.539691333789984,0.406950584840855,0.7427298590396589,0.26278574788979275,0.48442344624732525,0.4472421965352741,0.30864161058827616,0.01419745454441488,0.36378006651901007,0.37742540463600127,0.41606324934755007,0.0031680204446346374,0,0,DATA
3852,160.66049999999998,0.5270092933006537,0.1389809779525236,0.6020023513438978,0.35370176691030447,0.2899956597222222,0.9024427684824701,0.5753357332516339,0.9962755310457516,0.3176807178281285,0.6152469412038837,0.539691333789984,0.406950584840855,0.7417765503335388,0.26410910955189065,0.4838059415216993,0.44705717005728524,0.30925151850527033,0.014321824724933567,0.3627848370780907,0.3769651319353399,0.4168741926932358,0.0009647250312813105,0,0,DATA
3864,161.161,0.5267843718795389,0.1390022538239833,0.5566624155354406,0.3605912829766065,0.2899956597222222,0.9024427684824701,0.5753357332516339,0.9962755310457516,0.3176807178281285,0.6152469412038837,0.539691333789984,0.406950584840855,0.7414860897886963,0.26451207529452875,0.4835734566055775,0.44700091745838744,0.30431349672223484,0.014359810685324033,0.3536803759807602,0.36401562886379396,0.40689781119298934,0.0003086370678674714,0,0,DATA
3876,161.6615,0.5801425908905229,0.055669062329793025,0.4876391672775356,0.36180784187615694,0.2899956597222222,0.9024427684824701,0.5753357332516339,0.9962755310457516,0.3176807178281285,0.6152469412038837,0.539691333789984,0.406950584840855,0.7588989218390234,0.24129967139894687,0.49470893712304753,0.44990070338101484,0.2730872738317274,0.012217298296176845,0.31721409353369995,0.3207686774808982,0.38272115408539303,0.017253572154459662,0,0,DATA
3888,162.16199999999998,0.6335217666348947,0.05545761562726942,0.4479082123976621,0.35111952938544655,0.2899956597222222,0.9024427684824701,0.5753357332516339,0.9962755310457516,0.3176807178281285,0.6152469412038837,0.539691333789984,0.406950584840855,0.7641671752616516,0.23427674515356567,0.5092592081846066,0.45077803979239134,0.2679147735864314,0.011602530781815027,0.31985915902559015,0.31837181623572997,0.3759569534363412,0.008947150243189464,0.03706344039351847,0,DATA
3900,162.6625,0.6869051266339868,0.05532261699199581,0.4083142092430345,0.3409786555809364,0.2899956597222222,0.9024427684824701,0.5753357332516339,0.9962755310457516,0.3176807178281285,0.6152469412038837,0.539691333789984,0.406950584840855,0.7657760010018474,0.23213206766207473,0.5248347951028837,0.45104596566803895,0.2657201207790847,0.011417889248539386,0.32256303094037364,0.3161022004545997,0.3693483640914005,0.006443030049987956,0,0,DATA
3912,163.16299999999998,0.7402984153730937,0.05517313750397775,0.36877716132494776,0.3302354715947908,0.2899956597222222,0.9024427684824701,0.5753357332516339,0.9962755310457516,0.3176807178281285,0.6152469412038837,0.539691333789984,0.406950584840855,0.76629003941639,0.2314468101579824,0.5407200618135792,0.4511315752128137,0.26438233954805873,0.011359199224637111,0.3252744873093704,0.31378563363317324,0.3626323722653576,0.005694854209776816,0,0,DATA
3924,163.6635,0.7936256779911038,0.05492964495199793,0.32935086474225445,0.3194822629789879,0.2899956597222222,0.9024427684824701,0.5753357332516339,0.9962755310457516,0.3176807178281285,0.6152469412038837,0.539691333789984,0.406950584840855,0.7664953843766686,0.23117305499220037,0.5566843669765701,0.4511657803155654,0.2632840247151582,0.011335794823169246,0.32795728349564185,0.3114504792995951,0.3559213587755278,0.005481135096350527,0,0,DATA
3936,164.164,0.7764429296023966,0.13803241875827968,0.29156243965380696,0.313175946838084,0.2899956597222222,0.9024427684824701,0.5753357332516339,0.9962755310457516,0.3176807178281285,0.6152469412038837,0.539691333789984,0.406950584840855,0.749105405365433,0.25435970510822464,0.5578652813638387,0.4482674447631711,0.28433097506643146,0.013401669771944163,0.3502041583227236,0.3292878800037417,0.3559601305073067,0.013919181171509512,0,0,DATA
3948,164.66449999999998,0.7631956855369463,0.14949461720826154,0.265655613851401,0.31867886518567695,0.2899956597222222,0.9024427684824701,0.5753357332516339,0.9962755310457516,0.3176807178281285,0.6152469412038837,0.539691333789984,0.406950584840855,0.7414813499875662,0.2645251157090268,0.5554376344262748,0.4469967671517035,0.28831569129128887,0.014360781919570893,0.3469582237291451,0.3240015546646819,0.35097861308717604,0.006739037638744301,0.04484838516247846,0,DATA
3960,165.165,0.7501107054511619,0.1530555598144707,0.2399918288082422,0.340000891743732,0.4059302662037037,0.079645655883561,0.32790381604030505,0.6128346269063181,0.3176807178281285,0.6152469412038837,0.539691333789984,0.406950584840855,0.5080631438992076,0.2929180701801172,0.48268055770781887,0.5495093929603376,0.3026476432412169,0.0302604108532988,0.3406328477458401,0.3172420028328665,0.3480527155203502,0.11152274575930164,0,0,DATA
3972,165.66549999999998,0.6836546699119461,0.10424314349956511,0.284577684937166,0.35968985740721554,0.4059302662037037,0.079645655883561,0.32790381604030505,0.6128346269063181,0.3176807178281285,0.6152469412038837,0.539691333789984,0.406950584840855,0.44828828949883015,0.2877684799532707,0.4468976672290468,0.5302599047727796,0.2925692810135971,0.03334070046370152,0.31673384533781945,0.2997704826040866,0.3491695066841205,0.033569111701998666,0,0,DATA
3984,166.166,0.6172541289374547,0.1063093497563734,0.3043226009515533,0.3767360832237853,0.4059302662037037,0.079645655883561,0.32790381604030505,0.6128346269063181,0.3176807178281285,0.6152469412038837,0.539691333789984,0.406950584840855,0.4299219298647872,0.28680214063712306,0.4222186864807719,0.521559894613832,0.29005926610142774,0.03433491827746239,0.30822920284852195,0.2949449542978848,0.3511848576921034,0.014670559899488492,0,0,DATA
3996,166.66649999999998,0.5511731870120734,0.10893638798485923,0.32439921850159065,0.3902182642392423,0.4059302662037037,0.079645655883561,0.32790381604030505,0.6128346269063181,0.3176807178281285,0.6152469412038837,0.539691333789984,0.406950584840855,0.42386034394659233,0.28724780954625484,0.40093799445195943,0.5183062672001688,0.2884089995560568,0.03475391938075554,0.3000791532648475,0.29015078457075977,0.3526864098244389,0.00926264895204637,0,0,DATA
4008,167.167,0.5508225961102033,0.17463723646661303,0.33190434113376993,0.4070908065080543,0.4059302662037037,0.079645655883561,0.32790381604030505,0.6128346269063181,0.3176807178281285,0.6152469412038837,0.539691333789984,0.406950584840855,0.40824468998996555,0.3057777477938854,0.39448016275392295,0.50123347109804,0.3115865673961802,0.03799857724738756,0.3277903990036109,0.3202997967996223,0.36775726711832213,0.01353447463409794,0.13008286778293143,0,DATA
4020,167.6675,0.5504721115876906,0.1746377683633996,0.33940771627280286,0.4119540613108101,0.4059302662037037,0.079645655883561,0.32790381604030505,0.6128346269063181,0.3176807178281285,0.6152469412038837,0.539691333789984,0.406950584840855,0.4035598821046524,0.3113368781992748,0.3924692114947843,0.4961115019526887,0.31598902718989286,0.03899569891105243,0.32922118988562954,0.32296725067581983,0.37057079319589825,0.004084963183280406,0,0,DATA
4032,168.16799999999998,0.5501234709740377,0.1746397541114025,0.34126521054598613,0.4028226356070998,0.4059302662037037,0.079645655883561,0.32790381604030505,0.6128346269063181,0.3176807178281285,0.6152469412038837,0.539691333789984,0.406950584840855,0.40215402273197776,0.31300517333033245,0.39179271158817564,0.4945744247008226,0.3168200730237492,0.03929706558532005,0.3295237549167368,0.32254242256387433,0.36917431542428714,0.001250218136780316,0,0,DATA
4044,168.6685,0.5498044038217139,0.1745926312869811,0.3429744970900539,0.39112964836428543,0.4059302662037037,0.079645655883561,0.32790381604030505,0.6128346269063181,0.3176807178281285,0.6152469412038837,0.539691333789984,0.406950584840855,0.4017421607133039,0.31349246747881176,0.391522757514205,0.494124846617246,0.31681677938431907,0.03938535850757104,0.329782949665317,0.32180324724257997,0.3672240644728456,0.00038970341370793876,0,0,DATA
4056,169.16899999999998,0.5494818970701706,0.17474810347879363,0.3446102649653849,0.38820910356677346,0.4059302662037037,0.079645655883561,0.32790381604030505,0.6128346269063181,0.3176807178281285,0.6152469412038837,0.539691333789984,0.406950584840855,0.4015859529474211,0.31368218793706304,0.3913740448741897,0.49395188250517896,0.3170091570229756,0.03941948379006237,0.3301077907667996,0.3219996106518444,0.36703996763579355,0.0001648802880497846,0,0,DATA
4068,169.6695,0.4961987109658679,0.2286579251202796,0.40786133718003065,0.3902756675784192,0.4059302662037037,0.079645655883561,0.32790381604030505,0.6128346269063181,0.3176807178281285,0.6152469412038837,0.539691333789984,0.406950584840855,0.39021802807294426,0.3288338541341545,0.38013996200028155,0.48069208696939486,0.3381358645417473,0.04210856076216269,0.3536652966454626,0.35208888015313655,0.38602420312757674,0.012584557981825487,0.1806351794716738,0,DATA
4080,170.17,0.5133511412377451,0.14543912689497093,0.445448365963365,0.38523186288616057,0.5484942214733115,0.5536690804421986,0.48410632829520706,0.509694308278867,0.3176807178281285,0.6152469412038837,0.539691333789984,0.406950584840855,0.5370101571143345,0.34001652109681313,0.42410845092657584,0.5114866608944262,0.3372113426913531,0.033059081093040246,0.3313256691663814,0.333003575083163,0.38364462267835003,0.0673144283101144,0,0,DATA
4092,170.67049999999998,0.5265795206971678,0.13400861769576686,0.47118900676205966,0.39018999962519435,0.5484942214733115,0.5536690804421986,0.48410632829520706,0.509694308278867,0.3176807178281285,0.6152469412038837,0.539691333789984,0.406950584840855,0.5834482027585844,0.3401707786098336,0.440076957290943,0.48819050931579094,0.33982048844945123,0.029756737331776948,0.33454726953832326,0.33929505320887765,0.3906796717918921,0.02085360317387917,0,0,DATA
4104,171.171,0.5396215235226035,0.13048972969415423,0.49669337470896635,0.3924169046320381,0.5484942214733115,0.5536690804421986,0.48410632829520706,0.509694308278867,0.3176807178281285,0.6152469412038837,0.539691333789984,0.406950584840855,0.598118582932198,0.3392317672232882,0.4476063297935946,0.4813248249222568,0.34288702011720334,0.028629498098483055,0.3408489884921467,0.3483698994580761,0.3982775118622892,0.00771292135427019,0,0,DATA
4116,171.67149999999998,0.5526984542370189,0.12520378300001042,0.49728812779147086,0.39449122989269264,0.5484942214733115,0.5536690804421986,0.48410632829520706,0.509694308278867,0.3176807178281285,0.6152469412038837,0.539691333789984,0.406950584840855,0.6036297457900524,0.3374699987329643,0.45261129699441727,0.4794501277384916,0.34218470538942597,0.02809024452906331,0.34146894657387317,0.3492567653741185,0.3993558662523662,0.00409263284966697,0,0,DATA
4128,172.172,0.6187180861928104,0.1915400391481452,0.4788018478402103,0.3995563907068358,0.5484942214733115,0.5536690804421986,0.48410632829520706,0.509694308278867,0.3176807178281285,0.6152469412038837,0.539691333789984,0.406950584840855,0.5913524808563003,0.3555156199073449,0.4679769098653803,0.4765659496181773,0.3668917024726337,0.030508920979313906,0.37751011943403323,0.3839558263205668,0.41229973004517906,0.015229499659698572,0.05746201174444356,0,DATA
4140,172.67249999999999,0.6844165943287037,0.18891857178601476,0.45998555939661073,0.3871578519145011,0.5484942214733115,0.5536690804421986,0.48410632829520706,0.509694308278867,0.3176807178281285,0.6152469412038837,0.539691333789984,0.406950584840855,0.5882198095222222,0.36019529539826256,0.48638328043520684,0.4757924475397576,0.37178205747518955,0.031147470343142157,0.38583797642763984,0.38916220059058004,0.411292580885082,0.008739572464940762,0,0,DATA
4152,173.173,0.6843352495801561,0.12328301041608752,0.45383450627194094,0.3810981471118111,0.5484942214733115,0.5536690804421986,0.48410632829520706,0.509694308278867,0.3176807178281285,0.6152469412038837,0.539691333789984,0.406950584840855,0.6010634760096835,0.3432212408619582,0.49188810920895987,0.47785764156417915,0.35010891278726675,0.028753932645713683,0.35833727230502543,0.36044042067522963,0.3986894079630327,0.011774183265839547,0,0,DATA
4164,173.6735,0.6842542239696804,0.12328406448421557,0.44768467238724446,0.3754101982545401,0.5484942214733115,0.5536690804421986,0.48410632829520706,0.509694308278867,0.3176807178281285,0.6152469412038837,0.539691333789984,0.406950584840855,0.6049163546016149,0.3381293196401427,0.49352254246288585,0.4784771628791212,0.34608194863578545,0.028053766486095703,0.35709152203324224,0.35801089212924964,0.39600641526957603,0.0035264110225576295,0,0,DATA
4176,174.17399999999998,0.6841714608297021,0.12328220832151698,0.4415437504599429,0.37231060407833816,0.5484942214733115,0.5536690804421986,0.48410632829520706,0.509694308278867,0.3176807178281285,0.6152469412038837,0.539691333789984,0.406950584840855,0.606072607973361,0.3366012235480425,0.4939954921796682,0.4786630842392982,0.34429727854497105,0.027845252850503772,0.3558460425547068,0.35584136104036385,0.39384271121410763,0.0010524330602095788,0,0,DATA
4188,174.6745,0.6840911089551561,0.12328122057937028,0.4353935812679071,0.3726006717374096,0.5484942214733115,0.5536690804421986,0.48410632829520706,0.509694308278867,0.3176807178281285,0.6152469412038837,0.539691333789984,0.406950584840855,0.6064196914107358,0.33614251815261137,0.49412050320104817,0.47871889521832633,0.3432890515223238,0.027782805965140194,0.3545995432445318,0.35400885157689244,0.39235499909913635,0.00031026661806195693,0.03698436617381108,0,DATA
4200,175.17499999999998,0.6840140548406862,0.12312599632471,0.4293026012510503,0.3760888737660475,0.28837745949074073,0.8997519396284451,0.5720920989923748,0.9962697440087146,0.3176807178281285,0.6152469412038837,0.539691333789984,0.406950584840855,0.7034596141075757,0.2813369237263373,0.5187778409386306,0.4576017310830435,0.3097833051357788,0.01751982958479507,0.35330384671640236,0.3524528772499411,0.39149890545100374,0.05883428495356546,0,0,DATA
4212,175.6755,0.7369103392224945,0.06919631253817331,0.3615384878172969,0.3791484636285047,0.28837745949074073,0.8997519396284451,0.5720920989923748,0.9962697440087146,0.3176807178281285,0.6152469412038837,0.539691333789984,0.406950584840855,0.7438968245118005,0.2497949339382248,0.5372832619800849,0.4531541207749873,0.278451754590058,0.01343438791851332,0.3287584073913986,0.32143698556780775,0.37236997093525714,0.03016154041126387,0,0,DATA
4224,176.176,0.7201056276098403,0.15241511076348194,0.32572303430356486,0.3811150861301451,0.28837745949074073,0.8997519396284451,0.5720920989923748,0.9962697440087146,0.3176807178281285,0.6152469412038837,0.539691333789984,0.406950584840855,0.7385520400057531,0.26363360050487744,0.5393058988538638,0.4489071797446847,0.29450639579550436,0.014474558077967074,0.35152189365624487,0.3408155887314448,0.3746117806296831,0.007068695982159636,0,0,DATA
4236,176.67649999999998,0.7027856143904322,0.1551106690957652,0.28766402717915956,0.37887251865228944,0.28837745949074073,0.8997519396284451,0.5720920989923748,0.9962697440087146,0.3176807178281285,0.6152469412038837,0.539691333789984,0.406950584840855,0.7363825374041595,0.2685399568079126,0.5362754871399218,0.44753875289396394,0.2918391142988953,0.01486628262405269,0.3415243129203954,0.32678785053536935,0.3633208477809123,0.003368756872856945,0,0,DATA
4248,177.177,0.6852958197167757,0.15871366770921516,0.24903961326308557,0.3770729665687238,0.28837745949074073,0.8997519396284451,0.5720920989923748,0.9962697440087146,0.3176807178281285,0.6152469412038837,0.539691333789984,0.406950584840855,0.7349750569148569,0.27102070331058914,0.5316935067442714,0.44700211988727695,0.28779794665148917,0.015083721758654712,0.3317426706478293,0.3129638116628392,0.3520963042098325,0.002823402462543182,0.04761410031276455,0,DATA
4260,177.67749999999998,0.6679601332720587,0.16214254996299945,0.2116082574696848,0.37971431409489514,0.28837745949074073,0.8997519396284451,0.5720920989923748,0.9962697440087146,0.3176807178281285,0.6152469412038837,0.539691333789984,0.406950584840855,0.7338327474947713,0.27272501429245166,0.5266784184721857,0.4467211191063885,0.28359619069147357,0.015243998226170924,0.3221608151017195,0.2999029552900065,0.3420474984603125,0.0026205695580112653,0,0,DATA
4272,178.178,0.5991895311365286,0.09891367030133891,0.2581018982965171,0.38596666089047166,0.28837745949074073,0.8997519396284451,0.5720920989923748,0.9962697440087146,0.3176807178281285,0.6152469412038837,0.539691333789984,0.406950584840855,0.7467681193976944,0.25553222128174546,0.5107320655420986,0.44884982966028003,0.2634915767393847,0.013588870039428788,0.2924138709753157,0.27543060992584356,0.3385599858633338,0.0153581726145721,0,0,DATA
4284,178.67849999999999,0.532164862472767,0.10520433899562265,0.2666102513329908,0.38812646421637703,0.28837745949074073,0.8997519396284451,0.5720920989923748,0.9962697440087146,0.3176807178281285,0.6152469412038837,0.539691333789984,0.406950584840855,0.7493276905427717,0.2521357706129331,0.49187297924368256,0.4492682694221476,0.2582056343334948,0.013272725742427596,0.2832268753275716,0.2673104299143374,0.3353601682253997,0.008271702704101916,0,0,DATA
4296,179.17899999999997,0.4650462962962964,0.11012923661509594,0.2747979627170078,0.3878564437636937,0.28837745949074073,0.8997519396284451,0.5720920989923748,0.9962697440087146,0.3176807178281285,0.6152469412038837,0.539691333789984,0.406950584840855,0.7490613333862055,0.2524958067457419,0.472120354457099,0.44922142993402625,0.25481187888615286,0.013305801824773669,0.2734106634168702,0.25828598709676936,0.3313799700061412,0.006793006025319533,0,0,DATA
4308,179.6795,0.3972059816403413,0.11324953018903398,0.2828118571120813,0.3880197943189853,0.28837745949074073,0.8997519396284451,0.5720920989923748,0.9962697440087146,0.3176807178281285,0.6152469412038837,0.539691333789984,0.406950584840855,0.7483261645887087,0.2534774997862872,0.4519481009433733,0.449098167812502,0.2514411178594542,0.013396667457952729,0.2626934967942691,0.2483865449692048,0.3271001262864631,0.007296371783922599,0.033974859056710195,0,DATA
4320,180.17999999999998,0.3977192265795207,0.18160498140665268,0.2873139945176238,0.38332073973614095,0.29273390693082785,0.9145183213922856,0.5777353111383442,0.9938139978213507,0.3176807178281285,0.6152469412038837,0.539691333789984,0.406950584840855,0.737885556087635,0.27382638800180226,0.44758430572735464,0.4441440279552813,0.2749806768840679,0.015072508798121017,0.291038753750261,0.27671211020746644,0.3375904918978406,0.011717763977535822,0,0,DATA
4332,180.6805,0.3982024370801562,0.18163621634605795,0.2919886410159102,0.3779112036884266,0.29273390693082785,0.9145183213922856,0.5777353111383442,0.9938139978213507,0.3176807178281285,0.6152469412038837,0.539691333789984,0.406950584840855,0.7347468142000377,0.2799398002494903,0.4463766413676825,0.4426566927752359,0.2790369548009222,0.015593534008160295,0.29208281912580747,0.27768268662807016,0.3377302526038437,0.0034866061649857874,0,0,DATA
4344,181.18099999999998,0.39868582487972043,0.18163591398034784,0.2966631848070832,0.3869676999775185,0.29273390693082785,0.9145183213922856,0.5777353111383442,0.9938139978213507,0.3176807178281285,0.6152469412038837,0.539691333789984,0.406950584840855,0.7338052551305577,0.2817737392613978,0.4461158534976894,0.44221050280402224,0.2810991459600227,0.015751404613055273,0.29311428449767085,0.28008725600796003,0.3407584812345552,0.0010120953171268894,0,0,DATA
4356,181.6815,0.3991698864152142,0.1816350932734205,0.301337504994332,0.39384362472068085,0.29273390693082785,0.9145183213922856,0.5777353111383442,0.9938139978213507,0.3176807178281285,0.6152469412038837,0.539691333789984,0.406950584840855,0.7335229597581685,0.2823236911670305,0.4461392700591452,0.4420766745374004,0.28230366612532976,0.015798884138591228,0.2941456325594485,0.2822736285627787,0.3433505292775102,0.00028522127982590534,0,0,DATA
4368,182.182,0.46937040441176475,0.09830175994008716,0.29808772754751783,0.4078778219709225,0.29273390693082785,0.9145183213922856,0.5777353111383442,0.9938139978213507,0.3176807178281285,0.6152469412038837,0.539691333789984,0.406950584840855,0.7509382711464516,0.25915534340538693,0.46088840380685747,0.4449531927240806,0.26085676017112636,0.013554592352737945,0.27420244733606236,0.2634088853197354,0.33986497616551004,0.018444264299212976,0.12356038353501617,0,DATA
4380,182.68249999999998,0.5400557995188816,0.09545616159552145,0.2972179115972391,0.41082200355944304,0.29273390693082785,0.9145183213922856,0.5777353111383442,0.9938139978213507,0.3176807178281285,0.6152469412038837,0.539691333789984,0.406950584840855,0.7567604402152954,0.25140807154041545,0.4801570769036657,0.4459157441221445,0.26142132227508963,0.012842001616040556,0.2870273238296037,0.27644119837710096,0.3468780582546713,0.010946038010207845,0,0,DATA
4392,183.183,0.6109183162559005,0.09165995885031593,0.29690369257000165,0.4153379198681557,0.29273390693082785,0.9145183213922856,0.5777353111383442,0.9938139978213507,0.3176807178281285,0.6152469412038837,0.539691333789984,0.406950584840855,0.7593042935124418,0.24802095321226647,0.5008188073474822,0.4463373766376459,0.26459359054700893,0.012536491497000259,0.2996185022734778,0.28945254654912256,0.35421950802152546,0.008864234023037265,0,0,DATA
4404,183.68349999999998,0.6816317600535585,0.08803854515893283,0.2954071938443106,0.4159478971364224,0.29273390693082785,0.9145183213922856,0.5777353111383442,0.9938139978213507,0.3176807178281285,0.6152469412038837,0.539691333789984,0.406950584840855,0.7608279463767761,0.24599082188023452,0.5218671496781353,0.4465906158714947,0.2682979803046288,0.012355167308727679,0.312013325811318,0.3017587179412203,0.3604955111198144,0.008200708842339791,0,0,DATA
4416,184.184,0.7507408967637982,0.08290870305686236,0.2540749232213338,0.41126875707395305,0.29273390693082785,0.9145183213922856,0.5777353111383442,0.9938139978213507,0.3176807178281285,0.6152469412038837,0.539691333789984,0.406950584840855,0.7623623090775112,0.2439454266920452,0.5426945710864816,0.4468461321152218,0.26663166131494714,0.012173831861141763,0.31551676218794233,0.30066101324930006,0.3553680528072898,0.008135726432423579,0,0,DATA
4428,184.68449999999999,0.8181054829339143,0.07661220312728027,0.28338879952025425,0.40690799863495436,0.29273390693082785,0.9145183213922856,0.5777353111383442,0.9938139978213507,0.3176807178281285,0.6152469412038837,0.539691333789984,0.406950584840855,0.764144882872944,0.2415687881553054,0.5630893606047098,0.4471431644858752,0.2729306399160899,0.01196479931316821,0.33233385470991683,0.3199734175572667,0.3676163538217945,0.008184667283466951,0.022983660938184082,0,DATA
4440,185.18499999999997,0.8856347443491285,0.07160074252452066,0.28355089875811984,0.3981537329631078,0.2923612813180828,0.9141254271182201,0.5769913364651416,0.9938150190631808,0.3176807178281285,0.6152469412038837,0.539691333789984,0.406950584840855,0.765622051341415,0.23937433624683435,0.5831806294488765,0.44750180620587526,0.2758837572694529,0.011781853837119112,0.343867542599429,0.3306478888033807,0.37190723254799896,0.007920963073702908,0,0,DATA
4452,185.6855,0.9538853287263979,0.06847872114652502,0.2838872232613093,0.39344393980479336,0.2923612813180828,0.9141254271182201,0.5769913364651416,0.9938150190631808,0.3176807178281285,0.6152469412038837,0.539691333789984,0.406950584840855,0.7667208263713354,0.23784183468845424,0.6035406328213531,0.4477186694701051,0.2797767468781772,0.011651544796594089,0.35633611582432245,0.3426791151627617,0.37740611027316107,0.0076637599869256905,0,0,DATA
4464,186.18599999999998,0.9537778501157407,0.0002165162079123469,0.2877787416897775,0.37991688607958557,0.2923612813180828,0.9141254271182201,0.5769913364651416,0.9938150190631808,0.3176807178281285,0.6152469412038837,0.539691333789984,0.406950584840855,0.7813855219174202,0.21826866683812865,0.609626063324858,0.45017290562222556,0.2570281951513591,0.010020505043345578,0.3297880418124396,0.3151674876212049,0.3654235005333789,0.01344109796663843,0,0,DATA
4476,186.6865,0.9536127848129993,0.07835033305381117,0.2918484016099783,0.3709893163226045,0.2923612813180828,0.9141254271182201,0.5769913364651416,0.9938150190631808,0.3176807178281285,0.6152469412038837,0.539691333789984,0.406950584840855,0.7693768290436068,0.23427418519988263,0.611417028762334,0.4481744928782552,0.27925096803968086,0.011346101647444672,0.361822487474291,0.3467161422993783,0.3763589675586436,0.009935058891014417,0,0,DATA
4488,187.18699999999998,0.9534476131309005,0.0783507488977413,0.2959177508605658,0.38118648301549835,0.2923612813180828,0.9141254271182201,0.5769913364651416,0.9938150190631808,0.3176807178281285,0.6152469412038837,0.539691333789984,0.406950584840855,0.7657741338542375,0.23907595714470928,0.6119196323403359,0.4475749545005266,0.28301509258482405,0.01175953235873781,0.3626034893255608,0.34892379574499616,0.37939928341824886,0.002969023570732615,0.023505224669322387,0,DATA
4500,187.6875,0.9532824414488018,0.07835097572170319,0.29998698421988884,0.3942727970063169,0.2923612813180828,0.9141254271182201,0.5769913364651416,0.9938150190631808,0.3176807178281285,0.6152469412038837,0.539691333789984,0.406950584840855,0.7646932776643948,0.2405165522388666,0.6120357273604957,0.4473950850483693,0.28487803276133594,0.011884983930705492,0.3633843923905904,0.35142025354504,0.3830173714116278,0.000879182101386646,0,0,DATA
4512,188.188,0.9531171988471314,0.07835105132969049,0.3040561788903193,0.38788423013220247,0.2923612813180828,0.9141254271182201,0.5769913364651416,0.9938150190631808,0.3176807178281285,0.6152469412038837,0.539691333789984,0.406950584840855,0.7643690049297646,0.24094875193735027,0.612035854920193,0.4473411215664425,0.2853569059550576,0.011922748777785123,0.36416521304753735,0.3519691369816186,0.3827404437854436,0.00025219999760371187,0,0,DATA
4524,188.68849999999998,0.9529835863743646,0.07831171242389307,0.30796892826277555,0.37655165539714686,0.2923612813180828,0.9141254271182201,0.5769913364651416,0.9938150190631808,0.3176807178281285,0.6152469412038837,0.539691333789984,0.406950584840855,0.7642799842795929,0.24106739695327206,0.6120078345688211,0.44732630938356743,0.28542733667715425,0.011933126225895612,0.36490530486515627,0.3519672462629775,0.38143285409840016,7.856200582177324e-05,0,0,DATA
4536,189.189,0.9528500448211692,0.07831162596475945,0.31188170839555,0.3525006371622627,0.2923612813180828,0.9141254271182201,0.5769913364651416,0.9938150190631808,0.3176807178281285,0.6152469412038837,0.539691333789984,0.406950584840855,0.7642532962409595,0.24110296624949118,0.6119713847372386,0.4473218687547746,0.2849454739837063,0.011936238207567394,0.3656611179974186,0.35070923558502887,0.3775874783604274,3.290238881168787e-05,0,0,DATA
4548,189.68949999999998,0.9527106524033223,0.07831777173900457,0.3158310505646936,0.3280372844216945,0.2923612813180828,0.9141254271182201,0.5769913364651416,0.9938150190631808,0.3176807178281285,0.6152469412038837,0.539691333789984,0.406950584840855,0.764243999216778,0.2411153578551456,0.6119311773800159,0.4473203214640381,0.2844381278282249,0.011937322424022357,0.36642556625737605,0.3494222827878439,0.37366912597895174,2.063199568619334e-05,0.06135376166111747,0,DATA
4560,190.19,0.9526131734522512,0.07826640958806072,0.319610555166745,0.30472801992012183,0.29201214426742916,0.9127985492634416,0.5762841264978213,0.9938078703703703,0.3176807178281285,0.6152469412038837,0.539691333789984,0.406950584840855,0.7638804703618838,0.24103137515394032,0.6117006258022744,0.4475440772420879,0.2838928919194482,0.01195156513516911,0.36714142652719456,0.3481851670677102,0.36993469701140136,0.00022602104461367603,0,0,DATA
4572,190.6905,0.9525106946713869,0.07827240414633124,0.29076411049046297,0.28962266772877165,0.29201214426742916,0.9127985492634416,0.5762841264978213,0.9938078703703703,0.3176807178281285,0.6152469412038837,0.539691333789984,0.406950584840855,0.7637701528481787,0.2410078588198945,0.6116099397849705,0.44761099416596334,0.2798057554970671,0.011955982426796392,0.3613540396590735,0.33800260051282593,0.35969266670971495,7.483995501825214e-05,0,0,DATA
4584,191.19099999999997,0.9524082158905228,0.07827240414633124,0.32007798678938343,0.27705943132967514,0.29201214426742916,0.9127985492634416,0.5762841264978213,0.9938078703703703,0.3176807178281285,0.6152469412038837,0.539691333789984,0.406950584840855,0.7637370575940672,0.24100080391968076,0.6115612134357978,0.447631069243126,0.2828084599543763,0.011957307401814396,0.36719631916268475,0.3455199440064196,0.36449824062653935,2.9625501165975177e-05,0,0,DATA
4596,191.6915,0.9522833619848402,0.07829693893820873,0.32067504979493466,0.27164731788791124,0.29201214426742916,0.9127985492634416,0.5762841264978213,0.9938078703703703,0.3176807178281285,0.6152469412038837,0.539691333789984,0.406950584840855,0.7637219767115395,0.24100555719134234,0.6115203762108528,0.44763623304855904,0.28266041219461463,0.011958306497487919,0.3673005748994095,0.3451426946995231,0.36355627851778777,2.0223793044773137e-05,0,0,DATA
4608,192.19199999999998,0.9521629050925925,0.07820356307389839,0.3212286169499163,0.2665349927449791,0.29201214426742916,0.9127985492634416,0.5762841264978213,0.9938078703703703,0.3176807178281285,0.6152469412038837,0.539691333789984,0.406950584840855,0.7637370613782863,0.2409808379308339,0.6114828290959972,0.4476410503454398,0.2824829390015206,0.011956316593422963,0.3673498466062321,0.3447360906075506,0.3626461532090754,2.578368070361529e-05,0.023461068922169516,0,DATA
4620,192.6925,0.8819544441040305,0.07486075355738046,0.32609057523419444,0.25878139277037976,0.29201214426742916,0.9127985492634416,0.5762841264978213,0.9938078703703703,0.3176807178281285,0.6152469412038837,0.539691333789984,0.406950584840855,0.7644435767767792,0.2400374354880564,0.5967277881539425,0.4477594938675822,0.27603866212925565,0.011873895546080645,0.3529434222587682,0.3300405020910546,0.3547886552588912,0.005468319594441699,0,0,DATA
4632,193.19299999999998,0.8143149736746551,0.08423094419657956,0.330031800047531,0.2536285032585374,0.29201214426742916,0.9127985492634416,0.5762841264978213,0.9938078703703703,0.3176807178281285,0.6152469412038837,0.539691333789984,0.406950584840855,0.7626877913620952,0.24237806813419888,0.5780969870811572,0.4474670702518529,0.2737979459819897,0.012079047681606215,0.34395184939124007,0.3209277627536759,0.3493849651127992,0.0075757397112039175,0,0,DATA
4644,193.6935,0.7474911846972588,0.08767572533445844,0.3345613238653315,0.26231039623591235,0.29201214426742916,0.9127985492634416,0.5762841264978213,0.9938078703703703,0.3176807178281285,0.6152469412038837,0.539691333789984,0.406950584840855,0.7614376516987353,0.2440447966466477,0.5584747510740684,0.44725877582730844,0.27089406353055895,0.01222617895353306,0.33287090881447245,0.3111679638564258,0.3460880629356665,0.007513034727632484,0,0,DATA
4656,194.194,0.680257374217048,0.09129529543415066,0.3387528221480205,0.26419862681712597,0.29201214426742916,0.9127985492634416,0.5762841264978213,0.9938078703703703,0.3176807178281285,0.6152469412038837,0.539691333789984,0.406950584840855,0.7603025000787922,0.24555829482829616,0.5384689800710976,0.4470696025464558,0.2675810978342531,0.012360538964604062,0.32171027441484495,0.30061530234318856,0.3413331380895142,0.007551473601520827,0,0,DATA
4668,194.69449999999998,0.6124717030909587,0.09436519952670684,0.34281991106512116,0.2651865466631977,0.29201214426742916,0.9127985492634416,0.5762841264978213,0.9938078703703703,0.3176807178281285,0.6152469412038837,0.539691333789984,0.406950584840855,0.7593172747333724,0.24687191742870646,0.5182322578337275,0.44690540391896055,0.26396516982311613,0.012477739234493173,0.3101945196100697,0.28960504841473056,0.3362294127892782,0.007511856727733375,0.04475603912059033,0,DATA
4680,195.195,0.5443880988448621,0.09779326502066772,0.34662238016352664,0.266597520153073,0.5245492919389978,0.2706340302650326,0.3887248944716776,0.47170104847494543,0.3176807178281285,0.6152469412038837,0.539691333789984,0.406950584840855,0.5784957480564601,0.29705866355816796,0.44534709930351596,0.5122227941926859,0.2896917548715427,0.026294412850950986,0.29870951877811586,0.2786413918416048,0.33116807416133914,0.10129781044552845,0,0,DATA
4692,195.69549999999998,0.4760906720905955,0.09988208960673746,0.35007090240295624,0.2683399778919246,0.5245492919389978,0.2706340302650326,0.3887248944716776,0.47170104847494543,0.3176807178281285,0.6152469412038837,0.539691333789984,0.406950584840855,0.5238106368903118,0.3126995582811059,0.40913909212605654,0.5317449024142911,0.2944302304770209,0.031269882735537734,0.28657526770957636,0.2670262387708934,0.3258622772814507,0.035511337688848545,0,0,DATA
4704,196.196,0.40701908729348224,0.10340146444870041,0.35232405118033805,0.26932416760742256,0.5245492919389978,0.2706340302650326,0.3887248944716776,0.47170104847494543,0.3176807178281285,0.6152469412038837,0.539691333789984,0.406950584840855,0.5066660348236551,0.318377251653737,0.38377165716542494,0.537478356761304,0.2931839651334503,0.03298392551585986,0.27461933044241527,0.2553940353530203,0.32024315016547883,0.016063243466639787,0,0,DATA
4716,196.6965,0.33701845610929554,0.10692829892340355,0.3520996974327586,0.2710398547709563,0.5245492919389978,0.2706340302650326,0.3887248944716776,0.47170104847494543,0.3176807178281285,0.6152469412038837,0.539691333789984,0.406950584840855,0.5007820189639705,0.32106807331844317,0.36146129412855627,0.5390749538587931,0.28980440619032344,0.03365942062080383,0.2619850672459433,0.24290890549814376,0.3140591612140775,0.01029506685375318,0,0,DATA
4728,197.19699999999997,0.26787595174065,0.1101874136537511,0.3244893079172622,0.269594241070969,0.5245492919389978,0.2706340302650326,0.3887248944716776,0.47170104847494543,0.3176807178281285,0.6152469412038837,0.539691333789984,0.406950584840855,0.4983324001126921,0.32278787194235237,0.34024825930008007,0.5377722640851698,0.2824552720821738,0.03400576556791083,0.2439381343612539,0.22195637229190598,0.3004420578678935,0.008460817434554587,0.06736206953771903,0,DATA
4740,197.6975,0.20050437999273785,0.11536634911933087,0.3508106507333768,0.2641345477679391,0.5245492919389978,0.2706340302650326,0.3887248944716776,0.47170104847494543,0.3176807178281285,0.6152469412038837,0.539691333789984,0.406950584840855,0.4965099380095368,0.3247539134598874,0.3197363187844757,0.5358780122748247,0.28201397433316716,0.03433717728410848,0.2377996627611263,0.21790406564308684,0.29997013805636197,0.008100148045431558,0,0,DATA
4752,198.19799999999998,0.13278643705746188,0.11826868470089795,0.355856530737197,0.26848990122250527,0.5245492919389978,0.2706340302650326,0.3887248944716776,0.47170104847494543,0.3176807178281285,0.6152469412038837,0.539691333789984,0.406950584840855,0.49535370890646113,0.32615637987798674,0.29936196861338643,0.5345986645142371,0.27868211218089656,0.03456465755860348,0.22642618440746196,0.20747071063526118,0.2957662347919377,0.007644348564088095,0,0,DATA
4764,198.6985,0.13520128392792302,0.04471322636746992,0.3561515635929573,0.2698039229986091,0.5245492919389978,0.2706340302650326,0.3887248944716776,0.47170104847494543,0.3176807178281285,0.6152469412038837,0.539691333789984,0.406950584840855,0.5104534864255582,0.30598159147005666,0.29375678140485645,0.5417824610521926,0.2550895183661623,0.03145636647764633,0.19754597701933505,0.17875140871032066,0.28531096329813044,0.013626584378519047,0,0,DATA
4776,199.19899999999998,0.135177029434459,0.04598932748354515,0.3578093158112871,0.24715144367389866,0.5245492919389978,0.2706340302650326,0.3887248944716776,0.47170104847494543,0.3176807178281285,0.6152469412038837,0.539691333789984,0.406950584840855,0.5147154384469116,0.3002864632601787,0.29207013179867003,0.5424990491464547,0.2511675083525416,0.030602120779344114,0.1983831170107383,0.17748907599108585,0.2813838952058357,0.003881243279139246,0,0,DATA
4788,199.69949999999997,0.1345240374795752,0.05305731734079,0.3592158317000426,0.2245514857784148,0.5245492919389978,0.2706340302650326,0.3887248944716776,0.47170104847494543,0.3176807178281285,0.6152469412038837,0.539691333789984,0.406950584840855,0.5145097461832961,0.3005569619572439,0.2914270086062885,0.5424666459297299,0.25167323018238047,0.030642669906869945,0.20136101774041057,0.17834763252008531,0.2782104318820261,0.00037310471768738546,0.015917195202237,0,DATA
4800,200.2,0.1340491600285948,0.062261541722160384,0.3595205873957552,0.22320825854729062,0.515733166530501,0.17388827308491348,0.3861278764978214,0.4837292347494553,0.3176807178281285,0.6152469412038837,0.539691333789984,0.406950584840855,0.48542633937369045,0.30136390805736285,0.29040718235118845,0.5420312156581637,0.25357492514163316,0.03256552516344284,0.20500868314190515,0.18189145076803873,0.279351121271837,0.010303393054941564,0,0,DATA
4812,200.70049999999998,0.13437609925335878,0.0981153498828727,0.3635702792391231,0.22072086598089316,0.515733166530501,0.17388827308491348,0.3861278764978214,0.4837292347494553,0.3176807178281285,0.6152469412038837,0.539691333789984,0.406950584840855,0.4691720176170592,0.3116450581723979,0.29016989171185886,0.5287634797223306,0.2658928469728976,0.03474028266434632,0.22022553261981648,0.1972645301736471,0.2852768308659827,0.008924254170331972,0,0,DATA
4824,201.201,0.1462023987835875,0.14370501875868139,0.4187884087167919,0.22344412012831297,0.515733166530501,0.17388827308491348,0.3861278764978214,0.4837292347494553,0.3176807178281285,0.6152469412038837,0.539691333789984,0.406950584840855,0.45472189062615,0.3274945104921349,0.29258222742140805,0.5136136900670074,0.2903780750505045,0.03750087337740782,0.25187028597171945,0.23470342188805896,0.30764709434927806,0.01090397167339846,0,0,DATA
4836,201.70149999999998,0.158240889671841,0.14187818224171259,0.44544547670180995,0.23483301186588346,0.515733166530501,0.17388827308491348,0.3861278764978214,0.4837292347494553,0.3176807178281285,0.6152469412038837,0.539691333789984,0.406950584840855,0.4507704881974407,0.33173783196330475,0.295834011220806,0.5095163281170678,0.29724925718925665,0.03826204357408551,0.25887866313958624,0.24551639502818454,0.31751896330432666,0.0038155025664256916,0,0,DATA
4848,202.202,0.17108148091412492,0.13875694501804067,0.47328704049154924,0.2436228236693311,0.515733166530501,0.17388827308491348,0.3861278764978214,0.4837292347494553,0.3176807178281285,0.6152469412038837,0.539691333789984,0.406950584840855,0.450240527285799,0.33213688198202757,0.299506070521505,0.5090518226518856,0.3017091166709922,0.03834503339254944,0.26576659925652213,0.25606746870443914,0.3270531901531286,0.0015336900770211808,0.1245559365499857,0,DATA
4860,202.7025,0.23105571583378723,0.21855731962969993,0.48806984028070916,0.24736220754844676,0.515733166530501,0.17388827308491348,0.3861278764978214,0.4837292347494553,0.3176807178281285,0.6152469412038837,0.539691333789984,0.406950584840855,0.43332346034385805,0.35460070187890896,0.3132022776448438,0.48936137923247447,0.3346769186704233,0.042198218727079656,0.3126381560429503,0.30479124385769485,0.34946424655995684,0.017692364654053716,0,0,DATA
4872,203.20299999999997,0.29017345508805376,0.21530153811921438,0.5013852107819371,0.25572494898873493,0.515733166530501,0.17388827308491348,0.3861278764978214,0.4837292347494553,0.3176807178281285,0.6152469412038837,0.539691333789984,0.406950584840855,0.4289320543784777,0.36042822902503746,0.32972586502524137,0.48425191267672013,0.34431428317452295,0.043224091741599656,0.32582246538985493,0.32014336439875113,0.35988904417217527,0.008914173497302133,0,0,DATA
4884,203.7035,0.34754224678876183,0.210099450793402,0.48948577302277574,0.26755832660395884,0.515733166530501,0.17388827308491348,0.3861278764978214,0.4837292347494553,0.3176807178281285,0.6152469412038837,0.539691333789984,0.406950584840855,0.4287070709272842,0.36071990271764853,0.34673038749650936,0.48399358410481774,0.3472918593275258,0.04327611325766201,0.33283550124783934,0.3271497942423418,0.3642374263266287,0.005840393205024182,0,0,DATA
4896,204.20399999999998,0.4052572678376906,0.207197257050978,0.4988617667354765,0.2763605235812682,0.515733166530501,0.17388827308491348,0.3861278764978214,0.4837292347494553,0.3176807178281285,0.6152469412038837,0.539691333789984,0.406950584840855,0.4292490365778352,0.3599947905775531,0.36395189865816485,0.484627123000141,0.35248684985321155,0.043148148445310765,0.34509282670319563,0.3412249387666991,0.37367803719379505,0.0061628629841006255,0,0,DATA
4908,204.7045,0.46301452149146693,0.20592965240869254,0.5083299115064152,0.2865506593870028,0.515733166530501,0.17388827308491348,0.3861278764978214,0.4837292347494553,0.3176807178281285,0.6152469412038837,0.539691333789984,0.406950584840855,0.4296778232478804,0.3594223276356846,0.3812473752739545,0.4851277478060978,0.3581049184423688,0.0430471700968044,0.35803086453122446,0.3561288046523952,0.38366868521671144,0.006098908742567799,0.25072616787401547,0,DATA
4920,205.20499999999998,0.5206419923293392,0.19528294480948807,0.5173563810553391,0.2774311769777142,0.34047500510620915,0.9600349815857361,0.5734770731209151,0.9140216503267974,0.3176807178281285,0.6152469412038837,0.539691333789984,0.406950584840855,0.6521633462249573,0.3194652967262455,0.45099556218911085,0.46418567852439857,0.3377558213973618,0.02333556536020675,0.3671029695689019,0.36519160840403625,0.38826714706599125,0.11073024693389077,0,0,DATA
4932,205.70549999999997,0.5209059904343681,0.24217781537502484,0.5074052259440502,0.25538043780337555,0.34047500510620915,0.9600349815857361,0.5734770731209151,0.9140216503267974,0.3176807178281285,0.6152469412038837,0.539691333789984,0.406950584840855,0.7090610802993176,0.3206087512117641,0.4719754578657138,0.4351650842444591,0.343890025047233,0.019588288382068452,0.38392348639386464,0.37881193580043626,0.38842984084863474,0.0263403614121606,0,0,DATA
4944,206.206,0.5214726732706972,0.23183726500275056,0.4992775427106521,0.23788479852894515,0.34047500510620915,0.9600349815857361,0.5734770731209151,0.9140216503267974,0.3176807178281285,0.6152469412038837,0.539691333789984,0.406950584840855,0.7283019160998033,0.31805643345318285,0.47838842996432374,0.4268208252235069,0.33907433340044163,0.01814721794368564,0.37827506616554113,0.3706011833213298,0.3814043779131909,0.009402041885892295,0,0,DATA
4956,206.70649999999998,0.5217813152460058,0.1944158420332511,0.48747969575975253,0.2411486494397731,0.34047500510620915,0.9600349815857361,0.5734770731209151,0.9140216503267974,0.3176807178281285,0.6152469412038837,0.539691333789984,0.406950584840855,0.7419326656635439,0.30681273969414863,0.48037713640872154,0.4256272973211537,0.32508019323025106,0.016627452633400125,0.3610086559826231,0.3524813735344047,0.3735253371097375,0.008954383255724193,0,0,DATA
4968,207.207,0.5109028557893064,0.14671274376097607,0.4248430260166587,0.24301929590787585,0.34047500510620915,0.9600349815857361,0.5734770731209151,0.9140216503267974,0.3176807178281285,0.6152469412038837,0.539691333789984,0.406950584840855,0.7560395411698437,0.2900827640502014,0.47868927185613397,0.42693884738997745,0.29909786085333556,0.014861432085445487,0.32722439083375443,0.31262050605803693,0.3499969882810734,0.010841571900944888,0.04401382312829282,0,DATA
4980,207.70749999999998,0.4995743052718773,0.1520173756197248,0.4016773967102043,0.24740729629220748,0.34047500510620915,0.9600349815857361,0.5734770731209151,0.9140216503267974,0.3176807178281285,0.6152469412038837,0.539691333789984,0.406950584840855,0.7591576311313966,0.28654906827746685,0.47580391688169754,0.4271466502955683,0.2943157449442991,0.014492762844217622,0.32244740761247725,0.30596575994454744,0.34474602075839555,0.003179046902907934,0,0,DATA
4992,208.208,0.4873588700526506,0.15838024662990197,0.3778537801245092,0.25505325053578226,0.34047500510620915,0.9600349815857361,0.5734770731209151,0.9140216503267974,0.3176807178281285,0.6152469412038837,0.539691333789984,0.406950584840855,0.7587568552077251,0.2872705634284961,0.4723730689933291,0.4269862906818893,0.2922364707584664,0.014553431366825208,0.3177847456555638,0.2996853317534219,0.3400521945902906,0.0015177063210230675,0,0,DATA
5004,208.7085,0.4282148550971314,0.08040648261619464,0.3792872626179799,0.2671528389999616,0.34047500510620915,0.9600349815857361,0.5734770731209151,0.9140216503267974,0.3176807178281285,0.6152469412038837,0.539691333789984,0.406950584840855,0.7750111128735023,0.2656543580499668,0.4589235714861596,0.42966726453826537,0.2627154255304978,0.012551548459372897,0.27505313355767114,0.2583070267512943,0.3252200168088861,0.017106653517158694,0,0,DATA
5016,209.20899999999997,0.3678110603326979,0.08784327906006056,0.37517148120219285,0.27573153997540256,0.34047500510620915,0.9600349815857361,0.5734770731209151,0.9140216503267974,0.3176807178281285,0.6152469412038837,0.539691333789984,0.406950584840855,0.7783256629200236,0.26125179944069044,0.44220392533347763,0.43021126881964294,0.25628072848391903,0.012161692084912861,0.26512393689917335,0.2488241220487619,0.32098195164016413,0.008145584936159855,0,0,DATA
5028,209.7095,0.3080432013661946,0.09474999601412398,0.3724042445291372,0.2830552134844445,0.34047500510620915,0.9600349815857361,0.5734770731209151,0.9140216503267974,0.3176807178281285,0.6152469412038837,0.539691333789984,0.406950584840855,0.7778696173736266,0.2618649126050453,0.4246367811047074,0.43013273501066396,0.2529331209174568,0.012215312179009915,0.25537960455288694,0.23953543338607414,0.31681409882016776,0.006212100979840707,0.028424998804237194,0,DATA
5040,210.20999999999998,0.2501717317424655,0.10527154602143925,0.37305006547880404,0.28635449559486154,0.5206247446895425,0.1561998126170026,0.38847554125816997,0.47778084150326794,0.3176807178281285,0.6152469412038837,0.539691333789984,0.406950584840855,0.550449430896926,0.3028263258689,0.3554132002935245,0.523362121617087,0.2747731691054185,0.028588506898088954,0.2481430948210006,0.23269343396019618,0.31342649601839223,0.11253506018391272,0,0,DATA
5052,210.7105,0.19234284932144152,0.11391955211425087,0.36960363128913465,0.2857989991899859,0.5206247446895425,0.1561998126170026,0.38847554125816997,0.47778084150326794,0.3176807178281285,0.6152469412038837,0.539691333789984,0.406950584840855,0.48040729367442536,0.31753619155404367,0.3225020607417547,0.5314355510601907,0.27992066693871726,0.03464779271643514,0.23934723393598661,0.22349738001572764,0.30796810086181914,0.03922104748647137,0,0,DATA
5064,211.21099999999998,0.14856799201161947,0.14878906995814667,0.4139986287044613,0.287281585381249,0.5206247446895425,0.1561998126170026,0.38847554125816997,0.47778084150326794,0.3176807178281285,0.6152469412038837,0.539691333789984,0.406950584840855,0.4520720537604571,0.3317126162558776,0.30343599884116107,0.5101797187522896,0.2958903591675449,0.03816846863903401,0.25341906909464584,0.24215697353504587,0.32021630939950557,0.020525908838798606,0,0,DATA
5076,211.71149999999997,0.16195856453113652,0.09153577640163894,0.4518014678640305,0.301326280962578,0.5206247446895425,0.1561998126170026,0.38847554125816997,0.47778084150326794,0.3176807178281285,0.6152469412038837,0.539691333789984,0.406950584840855,0.4555946734331332,0.31993462147060564,0.3005282005000816,0.5178300259812638,0.2858324096513033,0.036576563537167914,0.24075643400786,0.23467909192234984,0.32522702152413924,0.006069470933009173,0,0,DATA
5088,212.212,0.17528186983705518,0.08930270569374515,0.4892402180250193,0.31742129996758645,0.5206247446895425,0.1561998126170026,0.38847554125816997,0.47778084150326794,0.3176807178281285,0.6152469412038837,0.539691333789984,0.406950584840855,0.4571204041835937,0.3157759632368138,0.3024537551120006,0.5206722204733899,0.2891822386017577,0.03599994873101295,0.250015616818084,0.24929165164917355,0.33880308278979593,0.0025366478653904476,0.026790811708123547,0,DATA
5100,212.71249999999998,0.18860265749818447,0.08878149760734316,0.5267090318452096,0.3254980516810065,0.5206247446895425,0.1561998126170026,0.38847554125816997,0.47778084150326794,0.3176807178281285,0.6152469412038837,0.539691333789984,0.406950584840855,0.45768757710687635,0.3143824275024837,0.3058287869044135,0.5216525748021963,0.29414771460718525,0.03580363415451768,0.2599650538797871,0.26379564526423765,0.3510395341406801,0.0017785801500085536,0,0,DATA
5112,213.213,0.2528079895152505,0.17080019484318196,0.5297264219403747,0.329536576950422,0.5206247446895425,0.1561998126170026,0.38847554125816997,0.47778084150326794,0.3176807178281285,0.6152469412038837,0.539691333789984,0.406950584840855,0.44063380256433493,0.3369296020082195,0.32032441616572127,0.5018521002780576,0.3264590652519227,0.039578076358558444,0.3062170771965688,0.3107532601174775,0.3713249245054369,0.01803219276986166,0,0,DATA
5124,213.71349999999998,0.31746990173384165,0.16522939157974692,0.5221542180112709,0.33616052025782533,0.5206247446895425,0.1561998126170026,0.38847554125816997,0.47778084150326794,0.3176807178281285,0.6152469412038837,0.539691333789984,0.406950584840855,0.4366875388868939,0.34213392944617843,0.3382521065100177,0.4972768047203576,0.33321957943083946,0.04047294422359116,0.3154066975490923,0.31984805440783093,0.3763872329169855,0.00902609381989881,0,0,DATA
5136,214.214,0.38299082726261796,0.15846845152664238,0.5152508841230315,0.35287584721875614,0.5206247446895425,0.1561998126170026,0.38847554125816997,0.47778084150326794,0.3176807178281285,0.6152469412038837,0.539691333789984,0.406950584840855,0.4369234571948135,0.34180216446269684,0.3573898079743496,0.49756064636605835,0.3370206570864044,0.040416764028686866,0.32442583985595785,0.32984839602196564,0.38354241638202374,0.006568461585244378,0,0,DATA
5148,214.7145,0.4492405577682461,0.1531091658853025,0.49859020521395664,0.3643510811825055,0.5206247446895425,0.1561998126170026,0.38847554125816997,0.47778084150326794,0.3176807178281285,0.6152469412038837,0.539691333789984,0.406950584840855,0.4381196826718708,0.3402020349880772,0.3770435618198312,0.4989588238418967,0.3389628000289294,0.040142093748702985,0.33219993591873254,0.3371039475902078,0.38749337365186676,0.007483369599052825,0.12096077026678911,0,DATA
5160,215.21499999999997,0.5167265937046114,0.14569137588660722,0.48748498630910114,0.3691688978684051,0.31431287445533773,0.9499816563040452,0.5831583605664489,0.9636260893246187,0.3176807178281285,0.6152469412038837,0.539691333789984,0.406950584840855,0.6622952024470858,0.29431952219687363,0.4516229449264304,0.4716926376780203,0.31450541522817854,0.020872554078466783,0.3405089833255564,0.34478425477513597,0.39131656735666503,0.11487913855767262,0,0,DATA
5172,215.7155,0.5835770129811183,0.13878334692047042,0.4750310955536676,0.3641147849008821,0.31431287445533773,0.9499816563040452,0.5831583605664489,0.9636260893246187,0.3176807178281285,0.6152469412038837,0.539691333789984,0.406950584840855,0.7309985444625392,0.2786205202489943,0.4880353479064766,0.44519046764423326,0.3076321315576367,0.015739358352812646,0.3486250774433164,0.3511495485206003,0.39284110965703223,0.04027158231445963,0,0,DATA
5184,216.21599999999998,0.586870978860294,0.19058375332882327,0.46534190911474177,0.36220451728908265,0.31431287445533773,0.9499816563040452,0.5831583605664489,0.9636260893246187,0.3176807178281285,0.6152469412038837,0.539691333789984,0.406950584840855,0.7407314617214211,0.2884149334589693,0.4996508016351174,0.4354268024098048,0.3208212487021491,0.015703152825280314,0.36806619589470746,0.3694307215669189,0.3981362170741114,0.010380928065832554,0,0,DATA
5196,216.7165,0.5901403711079338,0.18269628872112423,0.45964266594033654,0.3567965785520646,0.31431287445533773,0.9499816563040452,0.5831583605664489,0.9636260893246187,0.3176807178281285,0.6152469412038837,0.539691333789984,0.406950584840855,0.7453077044667025,0.28914476733180605,0.503822010125714,0.43277376410074575,0.3193584793380212,0.015465018351967567,0.3644252398662748,0.36467904734734385,0.39477363806671556,0.003159095036238254,0,0,DATA
5208,217.21699999999998,0.579361021752451,0.14915342784209773,0.4056918818458695,0.36329798566087,0.31431287445533773,0.9499816563040452,0.5831583605664489,0.9636260893246187,0.3176807178281285,0.6152469412038837,0.539691333789984,0.406950584840855,0.7537245780748825,0.2799717164475296,0.5028097093082415,0.433151852738794,0.30141140531138866,0.01447953204499509,0.3380620688246742,0.3335709386071771,0.3764768593974576,0.0062007417699763145,0.0729538248553917,0,DATA
5220,217.71749999999997,0.56862596166939,0.15004222175036652,0.38994436044485475,0.36825250851687236,0.31431287445533773,0.9499816563040452,0.5831583605664489,0.9636260893246187,0.3176807178281285,0.6152469412038837,0.539691333789984,0.406950584840855,0.7560629934365999,0.27746866347656196,0.500251656445557,0.43323417154341903,0.2975014540936045,0.014213823788560188,0.33312107009116654,0.3275506400191683,0.3725906966963386,0.0024665070651231913,0,0,DATA
5232,218.218,0.5579106172272149,0.15039936341187324,0.37420657834239285,0.3772095080564024,0.31431287445533773,0.9499816563040452,0.5831583605664489,0.9636260893246187,0.3176807178281285,0.6152469412038837,0.539691333789984,0.406950584840855,0.7566895182961988,0.2768177472504936,0.4972340182538949,0.4332463672266538,0.29478056559771626,0.014144058479812522,0.3279733014468419,0.3217247931185504,0.36942968788363767,0.0014316930924431388,0,0,DATA
5244,218.71849999999998,0.5472351650440269,0.14999365269834786,0.3585548525651683,0.36896989739162467,0.31431287445533773,0.9499816563040452,0.5831583605664489,0.9636260893246187,0.3176807178281285,0.6152469412038837,0.539691333789984,0.406950584840855,0.7569626750039187,0.27650887338288593,0.4940868818379268,0.4332642258065976,0.29146849986847456,0.014112415154177917,0.3225455815693492,0.3139079395968575,0.3627404324810284,0.0012430556637652024,0,0,DATA
5256,219.219,0.4857715127428286,0.06741784676833695,0.3932431877573339,0.3630957345449793,0.31431287445533773,0.9499816563040452,0.5831583605664489,0.9636260893246187,0.3176807178281285,0.6152469412038837,0.539691333789984,0.406950584840855,0.774385541261537,0.2532949855622006,0.48023537392988475,0.4361597365881311,0.2633385797523598,0.012000872324444361,0.2841601957755383,0.2784039710375986,0.3517049475901192,0.01816275399544859,0,0,DATA
5268,219.71949999999998,0.4242505219680464,0.06890485998102629,0.41161182809244656,0.356316724888925,0.31431287445533773,0.9499816563040452,0.5831583605664489,0.9636260893246187,0.3176807178281285,0.6152469412038837,0.539691333789984,0.406950584840855,0.7793001283641579,0.24674718291554798,0.46316051349476783,0.436976344360147,0.2566592174703873,0.01143598503515309,0.27612453097268014,0.27152726930264626,0.3490122586471117,0.009512416728130116,0.020671457994307887,0,DATA
5280,220.21999999999997,0.3625337222562636,0.07059409112190794,0.42919224280298734,0.3472152789456606,0.5168261931508715,0.48875190162212007,0.4028215209694989,0.49533530773420476,0.3176807178281285,0.6152469412038837,0.539691333789984,0.406950584840855,0.6512754346444198,0.2877836237670612,0.3945832123376124,0.4804704707942594,0.27835960691442796,0.021075016014070663,0.2679729464287844,0.26422358163547816,0.345668777836048,0.07921281190946888,0,0,DATA
5292,220.7205,0.3007358969340051,0.0714330946379228,0.44651231987468387,0.33245225775933157,0.5168261931508715,0.48875190162212007,0.4028215209694989,0.49533530773420476,0.3176807178281285,0.6152469412038837,0.539691333789984,0.406950584840855,0.6126918357901353,0.3003294770069993,0.3610324786727915,0.49348934360143265,0.282565421796323,0.024427212263514828,0.2594129981850779,0.2559193389803085,0.3409922608618827,0.028226728586347855,0,0,DATA
5304,221.22099999999998,0.23906838632443717,0.07253159051811812,0.46407421983058134,0.32133462761255266,0.5168261931508715,0.48875190162212007,0.4028215209694989,0.49533530773420476,0.3176807178281285,0.6152469412038837,0.539691333789984,0.406950584840855,0.600886071999009,0.30440081182543544,0.3380170813453359,0.4973565580877777,0.281913303968287,0.02551302677581141,0.251031274406422,0.24818204218256434,0.3371572331425738,0.01296416531233933,0,0,DATA
5316,221.7215,0.17750881530274143,0.07365534226841394,0.4821698834988206,0.31353551168618315,0.5168261931508715,0.48875190162212007,0.4028215209694989,0.49533530773420476,0.3176807178281285,0.6152469412038837,0.539691333789984,0.406950584840855,0.5971083549941089,0.3059368627610491,0.3181849522325432,0.498477391122421,0.27994948413110077,0.02588447524020553,0.242787993635849,0.24096841618617834,0.33413393153473453,0.008381965684435519,0,0,DATA
5328,222.22199999999998,0.17756338791303558,0.012251049912709255,0.4939634466318441,0.30607020796222284,0.5168261931508715,0.48875190162212007,0.4028215209694989,0.49533530773420476,0.3176807178281285,0.6152469412038837,0.539691333789984,0.406950584840855,0.6088699412873368,0.28920447618213585,0.31224677374686705,0.5009627912652637,0.26120634664266806,0.02375447838730759,0.22059590384223066,0.21920915233346633,0.3263840749808721,0.011477383785939118,0.0036753149738127763,0,DATA
5340,222.7225,0.1776078899441721,0.04216440651613044,0.5058353383080655,0.30236646575906034,0.5168261931508715,0.48875190162212007,0.4028215209694989,0.49533530773420476,0.3176807178281285,0.6152469412038837,0.539691333789984,0.406950584840855,0.6061166122885868,0.29256050005741985,0.3104746656277029,0.5006614438269966,0.2692861354998968,0.02419929138336394,0.2349445252250707,0.23437458866361227,0.3331027531529217,0.002627153664399399,0,0,DATA
5352,223.22299999999998,0.17074613772013433,0.07108725685224611,0.4990938853338069,0.3066058395220742,0.5168261931508715,0.48875190162212007,0.4028215209694989,0.49533530773420476,0.3176807178281285,0.6152469412038837,0.539691333789984,0.406950584840855,0.5992168150183774,0.3016657053141174,0.3085020652249057,0.49955873983375254,0.27818857512338035,0.025389533856859107,0.24379302431985772,0.2429728798372748,0.3359175169899734,0.005992534309901376,0,0,DATA
5364,223.72349999999997,0.16325153469952794,0.07589212105616526,0.4790057358874429,0.30521099404154844,0.5168261931508715,0.48875190162212007,0.4028215209694989,0.49533530773420476,0.3176807178281285,0.6152469412038837,0.539691333789984,0.406950584840855,0.5961378543544917,0.305742628868224,0.30633641846973925,0.499059758388642,0.27833756753403815,0.025930353563104042,0.24019841950803128,0.2372299755327594,0.33058777986080445,0.0031071769910529143,0,0,DATA
5376,224.224,0.15587894880174288,0.0827129601708238,0.45907325093056345,0.2950350494506821,0.5168261931508715,0.48875190162212007,0.4028215209694989,0.49533530773420476,0.3176807178281285,0.6152469412038837,0.539691333789984,0.406950584840855,0.5937817899412476,0.30887554088656044,0.3041384814046545,0.4986713345860959,0.27791990615310236,0.026348882563472186,0.2374657409829618,0.23148645405291532,0.32385533698083163,0.002562304498888427,0,0,DATA
5388,224.72449999999998,0.14832399322576253,0.08833147403140294,0.43855574331864416,0.2933646313021391,0.5168261931508715,0.48875190162212007,0.4028215209694989,0.49533530773420476,0.3176807178281285,0.6152469412038837,0.539691333789984,0.406950584840855,0.5918950827065528,0.3113885983730235,0.30189255961417316,0.4983581594602118,0.27719338877722244,0.026686635818880495,0.23409865388961354,0.22590057438352085,0.31847915796963205,0.00221522883721309,0.05038866227649949,0,DATA
5400,225.225,0.14088963638117283,0.09731962072122909,0.403474539241627,0.2888062713179025,0.6307559317129628,0.1312716988946176,0.43796755855119823,0.3411645561002179,0.3176807178281285,0.6152469412038837,0.539691333789984,0.406950584840855,0.48934710296758016,0.33858444179015296,0.3094984586625407,0.5253813305887136,0.2899621708616936,0.036308816478951726,0.2291908003812226,0.21702876446900454,0.30940197127254543,0.045783240734823205,0,0,DATA
5412,225.72549999999998,0.13335166604257442,0.1014736502614577,0.3926750839697582,0.2725175777054229,0.6307559317129628,0.1312716988946176,0.43796755855119823,0.3411645561002179,0.3176807178281285,0.6152469412038837,0.539691333789984,0.406950584840855,0.4577103628424404,0.3479063230865558,0.3101972546059453,0.5049020198779423,0.2936694243617606,0.03961985867940009,0.22718492707522062,0.21231407627456772,0.30331367612925675,0.013885805788315738,0,0,DATA
5424,226.22599999999997,0.1258937993600218,0.10600892807725432,0.38131292511151615,0.24539429227743045,0.6307559317129628,0.1312716988946176,0.43796755855119823,0.3411645561002179,0.3176807178281285,0.6152469412038837,0.539691333789984,0.406950584840855,0.4472669324635812,0.3519727652638997,0.30884074138563067,0.49764708359984067,0.2937899143039814,0.04085486710905414,0.22523503309338033,0.20651563786410398,0.29498298433321196,0.005288795258839259,0,0,DATA
5436,226.7265,0.11838079271060276,0.11137768653072015,0.3698060597511152,0.22815814462651593,0.6307559317129628,0.1312716988946176,0.43796755855119823,0.3411645561002179,0.3176807178281285,0.6152469412038837,0.539691333789984,0.406950584840855,0.44300646407469557,0.3546959502840733,0.3068560560231583,0.49415525689531115,0.2936115163874019,0.04148830382069352,0.22357856207280266,0.20198486554239475,0.2887130515660068,0.002989446257177194,0,0,DATA
5448,227.22699999999998,0.1109432799450799,0.11542081360153278,0.3584024193305075,0.21387654800670383,0.6307559317129628,0.1312716988946176,0.43796755855119823,0.3411645561002179,0.3176807178281285,0.6152469412038837,0.539691333789984,0.406950584840855,0.44087926687315926,0.35664498136995293,0.30469877273365675,0.49211714275160306,0.29289313363375247,0.04187559672441107,0.22142758226390158,0.19726536202945172,0.28286853992096206,0.002077837192305828,0.10319123630662999,0,DATA
5460,227.7275,0.10343740071259984,0.12410162228772385,0.3459608632902181,0.20304709285800526,0.6307559317129628,0.1312716988946176,0.43796755855119823,0.3411645561002179,0.3176807178281285,0.6152469412038837,0.539691333789984,0.406950584840855,0.43841813788859824,0.3596603171278503,0.30247535310798546,0.48937891038037395,0.29356462920890036,0.04241552923024944,0.22091041868382413,0.19442109733047547,0.2781437932608306,0.0025666281227098944,0,0,DATA
5472,228.22799999999998,0.09691705530591867,0.13642473135250668,0.33466477873880135,0.19143717427319085,0.6307559317129628,0.1312716988946176,0.43796755855119823,0.3411645561002179,0.3176807178281285,0.6152469412038837,0.539691333789984,0.406950584840855,0.4350919462896255,0.3640153883933587,0.300439054684881,0.4855382789481334,0.29580781489647356,0.04318339716136284,0.2222763763181177,0.1934964546511459,0.2741942202250629,0.0032391870958618507,0,0,DATA
5484,228.7285,0.09037922822485477,0.11062357397515031,0.32410849116599366,0.18517428507099534,0.6307559317129628,0.1312716988946176,0.43796755855119823,0.3411645561002179,0.3176807178281285,0.6152469412038837,0.539691333789984,0.406950584840855,0.4395123318591786,0.3580975857073514,0.2984552214709263,0.49070737307591356,0.2860886518611823,0.04214894896379397,0.2085370904364008,0.1780752510919287,0.265778614176712,0.00410734048983837,0,0,DATA
5496,229.22899999999998,0.09201704480982208,0.09003872520305717,0.34604880282615874,0.16822493708804007,0.6307559317129628,0.1312716988946176,0.43796755855119823,0.3411645561002179,0.3176807178281285,0.6152469412038837,0.539691333789984,0.406950584840855,0.44516126577218396,0.35055848724536315,0.298204012989583,0.4973013892634104,0.28035750578715346,0.04084571974056741,0.20501877657659,0.1750560335998389,0.264949876837845,0.004479746952112303,0,0,DATA
5508,229.72949999999997,0.09681592399691358,0.113988222809886,0.3577410348720352,0.1575044169249612,0.6307559317129628,0.1312716988946176,0.43796755855119823,0.3411645561002179,0.3176807178281285,0.6152469412038837,0.539691333789984,0.406950584840855,0.44182655144865157,0.3550026170366788,0.29913641507446925,0.4934119672059863,0.28821406065298477,0.041612137349184494,0.21789679786591515,0.18803122607744377,0.2698011433764318,0.0029037487332447634,0.05162693741741779,0,DATA
5520,230.23,0.10196365655637256,0.11766839873630558,0.3701492190566696,0.15080369569398802,0.5182883986928105,0.24202829921598923,0.39351868872549023,0.4855535130718953,0.3176807178281285,0.6152469412038837,0.539691333789984,0.406950584840855,0.4710651482970278,0.333748123299239,0.2880514759862232,0.5186585124988944,0.27768296441642193,0.03707151296171993,0.22288005158530166,0.19358522609219642,0.2726298448213046,0.02052600989135402,0,0,DATA
5532,230.73049999999998,0.10525886352805013,0.12468230723475898,0.38131155221031915,0.14467403356978367,0.5182883986928105,0.24202829921598923,0.39351868872549023,0.4855535130718953,0.3176807178281285,0.6152469412038837,0.539691333789984,0.406950584840855,0.47836380656686545,0.329335669557574,0.2854179877238017,0.5245140685046457,0.27751562758237946,0.03607661505625076,0.22857712300974845,0.19978556461958774,0.27557610265681187,0.004781533424641382,0,0,DATA
5544,231.231,0.10704362546523238,0.12380800650020544,0.38769268533658213,0.1344452364071941,0.5182883986928105,0.24202829921598923,0.39351868872549023,0.4855535130718953,0.3176807178281285,0.6152469412038837,0.539691333789984,0.406950584840855,0.480737007202073,0.32776712922939943,0.2850027412518836,0.5264849389863369,0.27693398031156874,0.03574144149753299,0.2298605817286161,0.2006842569348227,0.2751729575893949,0.0014523291451000915,0,0,DATA
5556,231.73149999999998,0.10970016623547567,0.1256386699741328,0.38758436410314373,0.12377916880353435,0.5182883986928105,0.24202829921598923,0.39351868872549023,0.4855535130718953,0.3176807178281285,0.6152469412038837,0.539691333789984,0.406950584840855,0.4810645280631105,0.32780915290364676,0.2854360408720592,0.5266276875797318,0.27702498268140596,0.03572347746813004,0.231102491025548,0.20084872734804482,0.2735529173584168,0.0002676147184868157,0,0,DATA
5568,232.23199999999997,0.11362716021014889,0.1313163995736569,0.39052265634486466,0.1180207261038223,0.5182883986928105,0.24202829921598923,0.39351868872549023,0.4855535130718953,0.3176807178281285,0.6152469412038837,0.539691333789984,0.406950584840855,0.47997046110552166,0.32941152429378767,0.2863906994927933,0.525279468405867,0.2793312591304063,0.03597378184785538,0.23474664010863647,0.2042108613853342,0.27438016071630056,0.0012170323228212765,0.0585696824283914,0,DATA
5580,232.7325,0.11739465606844592,0.13582207088993106,0.393773394510258,0.11460811111769198,0.5182883986928105,0.24202829921598923,0.39351868872549023,0.4855535130718953,0.3176807178281285,0.6152469412038837,0.539691333789984,0.406950584840855,0.47869605004182747,0.3311538236793867,0.28746827120925583,0.5237711131812204,0.2816525298214353,0.036252677228841464,0.23795255543988422,0.2074005890345082,0.27556292254369363,0.0013647607219186009,0,0,DATA
5592,233.23299999999998,0.12134111746550474,0.13893120092564645,0.39689349663219514,0.11248479594784307,0.5182883986928105,0.24202829921598923,0.39351868872549023,0.4855535130718953,0.3176807178281285,0.6152469412038837,0.539691333789984,0.406950584840855,0.47766080941521905,0.33254706990506677,0.28862029961757696,0.5225568697550761,0.28359113492216104,0.036477497138366156,0.24060952015796958,0.21015723244780238,0.27677930068527135,0.0011935050868698653,0,0,DATA
5604,233.7335,0.12475486650099855,0.13546568735895817,0.39878990808173165,0.1114855174242632,0.5182883986928105,0.24202829921598923,0.39351868872549023,0.4855535130718953,0.3176807178281285,0.6152469412038837,0.539691333789984,0.406950584840855,0.47807799507624105,0.33199469997409803,0.28968279543752706,0.5230416475510714,0.28316592894875037,0.03638782128125404,0.24028534682830033,0.2099227724107288,0.2768750957114856,0.0006773504706469499,0,0,DATA
5616,234.23399999999998,0.13130435985157954,0.15726272052363696,0.423430114376456,0.11881211296565282,0.5182883986928105,0.24202829921598923,0.39351868872549023,0.4855535130718953,0.3176807178281285,0.6152469412038837,0.539691333789984,0.406950584840855,0.47362577380996507,0.3379321582809175,0.291376937787134,0.5178468077645237,0.2939897772842596,0.03735454344716773,0.2552421000232329,0.22807620578927276,0.28842497070320455,0.004027940640900803,0,0,DATA
5628,234.7345,0.13784466911764706,0.15449181707763812,0.43678479958643585,0.127927862370843,0.5182883986928105,0.24202829921598923,0.39351868872549023,0.4855535130718953,0.3176807178281285,0.6152469412038837,0.539691333789984,0.406950584840855,0.47287199715374206,0.33893754280808364,0.2932586454378904,0.5169672271728292,0.29664008039189005,0.03751932870630907,0.2581127375400428,0.23319388676759972,0.29382518729644447,0.0012136229447151647,0.08589143102599185,0,DATA
5640,235.23499999999999,0.14317909744916488,0.14642314476198112,0.4368009223842275,0.13706958972505523,0.5145429091775598,0.4674817314059028,0.40178759872004355,0.498161424291939,0.3176807178281285,0.6152469412038837,0.539691333789984,0.406950584840855,0.5374672463563389,0.33619337711964686,0.2972586824812109,0.5131696882620072,0.2944969515047478,0.03265509417994153,0.2559553788396419,0.2319523130823992,0.2949807054525381,0.023779817311451384,0,0,DATA
5652,235.73549999999997,0.14594056372549022,0.11842077219980761,0.44747612036598167,0.1328993000390523,0.5145429091775598,0.4674817314059028,0.40178759872004355,0.498161424291939,0.3176807178281285,0.6152469412038837,0.539691333789984,0.406950584840855,0.5627263193551744,0.3275294630957073,0.2990386015122354,0.5048721087745591,0.2861533529529127,0.030076202907971535,0.24744176266638843,0.22408918773872083,0.29289123775408255,0.011900968684599833,0,0,DATA
5664,236.236,0.1482820442992012,0.10915529032746624,0.45739354731328524,0.1324937266748878,0.5145429091775598,0.4674817314059028,0.40178759872004355,0.498161424291939,0.3176807178281285,0.6152469412038837,0.539691333789984,0.406950584840855,0.5722497924480167,0.32233595396426984,0.300064288142022,0.5027071267938568,0.28291595711948236,0.028954646954033422,0.2461873514216548,0.2237859618523011,0.29413380559459545,0.005247556284688796,0,0,DATA
5676,236.73649999999998,0.15260210999909224,0.09759290495765328,0.46888902100091095,0.13165628180852243,0.5145429091775598,0.4674817314059028,0.40178759872004355,0.498161424291939,0.3176807178281285,0.6152469412038837,0.539691333789984,0.406950584840855,0.5775349353035301,0.31754043332129095,0.30127920792793517,0.5024623156875894,0.2798802273783767,0.028171445338433094,0.24472550515123295,0.22338991846400527,0.29553783380774595,0.003765194428135147,0,0,DATA
5688,237.237,0.15813238272739652,0.09068480379615679,0.48351789905536086,0.1316633872561464,0.5145429091775598,0.4674817314059028,0.40178759872004355,0.498161424291939,0.3176807178281285,0.6152469412038837,0.539691333789984,0.406950584840855,0.5805711794040984,0.3141675088031783,0.302805041136653,0.5026306558963616,0.2789493478843729,0.027671890614242616,0.24599409484318518,0.22612210650616493,0.29871328650948914,0.002645000609132956,0.027205441138847035,0,DATA
5700,237.73749999999998,0.1571118146332607,0.11083959810045453,0.47779707535545834,0.1336244617725848,0.5145429091775598,0.4674817314059028,0.40178759872004355,0.498161424291939,0.3176807178281285,0.6152469412038837,0.539691333789984,0.406950584840855,0.5772495458303665,0.31879897385294786,0.30304847179949984,0.5019757401583429,0.2842632926920607,0.02830220630688083,0.2527077342060966,0.23245977095072995,0.3005964578240323,0.0027321764287827808,0,0,DATA
5712,238.23799999999997,0.15399486400462964,0.10511946482072693,0.46772535825807066,0.13763726734632245,0.5145429091775598,0.4674817314059028,0.40178759872004355,0.498161424291939,0.3176807178281285,0.6152469412038837,0.539691333789984,0.406950584840855,0.5774542837469896,0.318586776049555,0.3024669413663414,0.5019794701017276,0.28192330280624106,0.028269670269665287,0.24778194734900183,0.22692809294127017,0.29771137460961067,0.0003328220510581496,0,0,DATA
5724,238.7385,0.1512220860566449,0.10022160123148377,0.45757010338958964,0.14890296067209774,0.5145429091775598,0.4674817314059028,0.40178759872004355,0.498161424291939,0.3176807178281285,0.6152469412038837,0.539691333789984,0.406950584840855,0.5785442564757176,0.31715171490354904,0.30171019886731704,0.5021520143103666,0.27928878285733305,0.02806973648108206,0.24323719535001143,0.22249438478800912,0.2964137422244605,0.0010939254579194386,0,0,DATA
5736,239.23899999999998,0.1485228162445534,0.09800607070992244,0.4486318173752064,0.160741522165162,0.5145429091775598,0.4674817314059028,0.40178759872004355,0.498161424291939,0.3176807178281285,0.6152469412038837,0.539691333789984,0.406950584840855,0.5793365097038639,0.3161008480137101,0.30091632945707053,0.502281321141213,0.27748878439300917,0.0279241380623133,0.24002347197609195,0.21957068896195778,0.2959446264600342,0.0008789965094105715,0,0,DATA
5748,239.7395,0.14620321435866016,0.09665124721362872,0.4414045627501983,0.1705136072878396,0.5145429091775598,0.4674817314059028,0.40178759872004355,0.498161424291939,0.3176807178281285,0.6152469412038837,0.539691333789984,0.406950584840855,0.5798586986065295,0.31540623736779616,0.300191052237959,0.5023675320128371,0.2761932909450885,0.027828189277417988,0.2375721712753942,0.21737387131102698,0.2956570461152843,0.0006473589225636974,0.028995374164088615,0,DATA
5760,240.23999999999998,0.13995817872866742,0.06475180209390231,0.4111535870783016,0.17850528829828047,0.584368617238562,0.05682696434597687,0.4117238562091503,0.3943892973856209,0.3176807178281285,0.6152469412038837,0.539691333789984,0.406950584840855,0.4717309039756924,0.320929408233309,0.3014441636868769,0.5254007478711917,0.27059322955463055,0.03560278855875548,0.21751319096712574,0.19508896153661293,0.28428321806844004,0.03830135898175594,0,0,DATA
5772,240.74049999999997,0.13371246936274514,0.06606703082941251,0.3971005959281768,0.18450767004613078,0.584368617238562,0.05682696434597687,0.4117238562091503,0.3943892973856209,0.3176807178281285,0.6152469412038837,0.539691333789984,0.406950584840855,0.43901636755198414,0.3229546235389058,0.3005084981547086,0.5080308720065392,0.27007287491829557,0.03804617414403474,0.2139795423581204,0.19075025198738016,0.28154316000421326,0.011891805753824444,0,0,DATA
5784,241.24099999999999,0.1274475053331518,0.06578240479128314,0.383173973777412,0.1870562356884641,0.584368617238562,0.05682696434597687,0.4117238562091503,0.3943892973856209,0.3176807178281285,0.6152469412038837,0.539691333789984,0.406950584840855,0.4292617780928788,0.3234824928399086,0.29891215604884347,0.5028896426264851,0.2682736071780306,0.03877100278412182,0.20982737470679702,0.18546027868521364,0.27790202728630997,0.003959600288657754,0,0,DATA
5796,241.74149999999997,0.12113814565177926,0.06516696079798691,0.3687841327751753,0.18301364813890264,0.584368617238562,0.05682696434597687,0.4117238562091503,0.3943892973856209,0.3176807178281285,0.6152469412038837,0.539691333789984,0.406950584840855,0.42646464449373944,0.3234685293120865,0.2971082878839958,0.5014980575908264,0.2657735248256493,0.038959333970359895,0.20544135697275667,0.1792310180959935,0.2727727969587068,0.0015383217639363862,0,0,DATA
5808,242.242,0.11462365110974948,0.07027613896865119,0.3525916909571669,0.17733634423474834,0.584368617238562,0.05682696434597687,0.4117238562091503,0.3943892973856209,0.3176807178281285,0.6152469412038837,0.539691333789984,0.406950584840855,0.4245525769981582,0.32489491014152583,0.29519908358071517,0.4998288334283162,0.2647554770929296,0.03926158714534476,0.20294364096901474,0.1745463275200353,0.2677041529947705,0.0017492175427670786,0.021082841690595357,0,DATA
5820,242.74249999999998,0.10784278265704429,0.07803817120539548,0.335661539720719,0.17009305229737381,0.584368617238562,0.05682696434597687,0.4117238562091503,0.3943892973856209,0.3176807178281285,0.6152469412038837,0.539691333789984,0.406950584840855,0.4223489299797675,0.32749619341664604,0.29320233991466293,0.49742636828156067,0.26469435291379567,0.039727490576482505,0.20130624992588186,0.17049159215952012,0.2625091747884247,0.0022672246531877196,0,0,DATA
5832,243.243,0.10793075838553014,0.1218356043112695,0.3746636770727863,0.16999718637497022,0.584368617238562,0.05682696434597687,0.4117238562091503,0.3943892973856209,0.3176807178281285,0.6152469412038837,0.539691333789984,0.406950584840855,0.4124903749220167,0.3405398596688268,0.29262179171782926,0.4859752576265948,0.2842116018656748,0.04201479350840972,0.22664324578434208,0.19971921516094673,0.27881894848069055,0.007827589835588419,0,0,DATA
5844,243.74349999999998,0.11385417375862383,0.09453892542323684,0.40211019965594824,0.19538643004202583,0.584368617238562,0.05682696434597687,0.4117238562091503,0.3943892973856209,0.3176807178281285,0.6152469412038837,0.539691333789984,0.406950584840855,0.41526511097117835,0.3368098894558319,0.29369154448712886,0.48922761075767324,0.2823891768023018,0.041358343600300766,0.22239856182038015,0.20075810782200657,0.28725626756399664,0.002524819677152068,0,0,DATA
5856,244.24399999999997,0.12071252184322805,0.08863438482052227,0.43221642047780023,0.21097712564365545,0.584368617238562,0.05682696434597687,0.4117238562091503,0.3943892973856209,0.3176807178281285,0.6152469412038837,0.539691333789984,0.406950584840855,0.4173374853124969,0.3340376270231734,0.2954527234156856,0.49164992914466177,0.28456613501572814,0.04087255278992937,0.22742965936058557,0.21035889700456012,0.2977011156078388,0.0022019385675112746,0,0,DATA
5868,244.7445,0.12753292795706248,0.0830096724497309,0.4625189346121889,0.2173892932974475,0.584368617238562,0.05682696434597687,0.4117238562091503,0.3943892973856209,0.3176807178281285,0.6152469412038837,0.539691333789984,0.406950584840855,0.41914038721275865,0.33163102882955425,0.29741336237815785,0.4937546791916021,0.2866606430116151,0.040452524908775565,0.23260435846191363,0.21920506428470626,0.3063975114279591,0.0020567130187843694,0.07850787002648682,0,DATA
5880,245.24499999999998,0.1339123916348947,0.07715623083090928,0.49140568967629705,0.2233180862253797,0.5338753148828975,0.7448899173193431,0.3923872378812636,0.45970928649237475,0.3176807178281285,0.6152469412038837,0.539691333789984,0.406950584840855,0.6135681073553322,0.3186664922235089,0.293926988307436,0.4838827002105794,0.28215928980801325,0.02586000809959725,0.23731622556277307,0.22739848618476974,0.3145648889045326,0.07029287693978024,0,0,DATA
5892,245.7455,0.140419226863199,0.07243501371699575,0.5203231380948697,0.22693171448958793,0.5338753148828975,0.7448899173193431,0.3923872378812636,0.45970928649237475,0.3176807178281285,0.6152469412038837,0.539691333789984,0.406950584840855,0.6728878789920261,0.31345519044979947,0.2942475114841634,0.45682846527908716,0.2824122997646228,0.021532348359688386,0.24251259544658305,0.23584796373685782,0.32245947761776084,0.021617198862376896,0,0,DATA
5904,246.24599999999998,0.14675518138389618,0.06958690296998406,0.5484781104081048,0.22396120198930083,0.5338753148828975,0.7448899173193431,0.3923872378812636,0.45970928649237475,0.3176807178281285,0.6152469412038837,0.539691333789984,0.406950584840855,0.6912819137399068,0.3110943289085234,0.295674218886528,0.4488118786757849,0.2843067376595678,0.02016849363207154,0.24827153651456482,0.2441253507861344,0.32911049703603007,0.007393867897173796,0,0,DATA
5916,246.74649999999997,0.15308641975308643,0.06644867036635607,0.5710152653242329,0.21704646820348317,0.5338753148828975,0.7448899173193431,0.3923872378812636,0.45970928649237475,0.3176807178281285,0.6152469412038837,0.539691333789984,0.406950584840855,0.6974591530110328,0.30950736531712475,0.29743179116476737,0.4465167408359212,0.28578681059618605,0.01966411029499699,0.25278992213017726,0.25020597851477794,0.3335242279542734,0.0031739250469213407,0,0,DATA
5928,247.24699999999999,0.15979104966639435,0.06916399248409816,0.5937047067042307,0.20468061243551652,0.5338753148828975,0.7448899173193431,0.3923872378812636,0.45970928649237475,0.3176807178281285,0.6152469412038837,0.539691333789984,0.406950584840855,0.6987421071476448,0.3097915664326729,0.2993670351300338,0.4457331632098411,0.2891562519322993,0.019598702450656858,0.2597548652359353,0.258203280181739,0.3378011784546716,0.0011674664058088924,0.020749197745229448,0,DATA
5940,247.74749999999997,0.1665694004743101,0.06814674206983251,0.6168136484176858,0.19754791857611917,0.5338753148828975,0.7448899173193431,0.3923872378812636,0.45970928649237475,0.3176807178281285,0.6152469412038837,0.539691333789984,0.406950584840855,0.6993406159756242,0.30959199665134296,0.3013710619892761,0.44553369368651635,0.29190378331309086,0.019547165192534566,0.26532542357450317,0.2653714633057127,0.34267712262980765,0.0009340351561838803,0,0,DATA
5952,248.248,0.17348622174564274,0.0613661503663406,0.641567402611858,0.19111822732411832,0.5338753148828975,0.7448899173193431,0.3923872378812636,0.45970928649237475,0.3176807178281285,0.6152469412038837,0.539691333789984,0.406950584840855,0.7009440928817513,0.3076335600399663,0.30342480251402865,0.4457111735391412,0.2929104352286334,0.019319923005131353,0.2689473019862074,0.27082574801163406,0.34725421629956,0.0018718846807520932,0,0,DATA
5964,248.74849999999998,0.18072923758623824,0.05224096651076209,0.6672429197506372,0.18658289988352597,0.5338753148828975,0.7448899173193431,0.3923872378812636,0.45970928649237475,0.3176807178281285,0.6152469412038837,0.539691333789984,0.406950584840855,0.7033414245632609,0.3044909775769913,0.3055619579979794,0.4460837989298739,0.29304394656023325,0.018969270524679362,0.27188093503985095,0.27587340003509625,0.35212155410185914,0.002559023209478447,0,0,DATA
5976,249.249,0.1811774847381082,0.006774850822748053,0.6372382949548231,0.18056486910169858,0.5338753148828975,0.7448899173193431,0.3923872378812636,0.45970928649237475,0.3176807178281285,0.6152469412038837,0.539691333789984,0.406950584840855,0.7136085083621967,0.29081769044545486,0.30629723654505736,0.44778690059617415,0.273759979336608,0.0174904195538803,0.2477832132358565,0.24817341267333765,0.33664169910852504,0.00822521649251673,0,0,DATA
5988,249.74949999999998,0.18162832045433916,0.00878465346938835,0.6676165876147379,0.17435262869091442,0.5338753148828975,0.7448899173193431,0.3923872378812636,0.45970928649237475,0.3176807178281285,0.6152469412038837,0.539691333789984,0.406950584840855,0.716266574946083,0.28727844904705324,0.30661249560958925,0.4482274880034318,0.2753909752810863,0.01711720464138249,0.2547529599697418,0.2575597646321359,0.34334037815996604,0.0021708556822732836,0.0026353960408165046,0,DATA
6000,250.24999999999997,0.18210578646968045,0.016566860639125564,0.6680490133249881,0.17754530756804557,0.5407513361247276,0.6985561153679669,0.3984097562636166,0.4535256672113289,0.3176807178281285,0.6152469412038837,0.539691333789984,0.406950584840855,0.7024562668692187,0.2898396590958434,0.30849364633922927,0.4538520370174689,0.27839064997906093,0.018110394577113356,0.25804782118275493,0.26121713630388727,0.3453020980399495,0.006084222951764843,0,0,DATA
6012,250.7505,0.1825727209286492,0.01758376098583685,0.6684540597505036,0.17147878471124278,0.5407513361247276,0.6985561153679669,0.3984097562636166,0.4535256672113289,0.3176807178281285,0.6152469412038837,0.539691333789984,0.406950584840855,0.6980996253733501,0.29089275420755967,0.30915604779450473,0.45550381020954506,0.27902851051507177,0.018442332609002448,0.25862897749833635,0.2612321449763399,0.34438928357287146,0.002024046020953426,0,0,DATA
6024,251.25099999999998,0.18305876821214595,0.018472193805310143,0.6688675031495851,0.15862179326988265,0.5407513361247276,0.6985561153679669,0.3984097562636166,0.4535256672113289,0.3176807178281285,0.6152469412038837,0.539691333789984,0.406950584840855,0.6966060620325001,0.2914574439305271,0.30945683816062164,0.4559682470184864,0.27908369093288304,0.018569548549445127,0.25916424876264127,0.260523061436417,0.3421031157856404,0.0007863478099781237,0,0,DATA
6036,251.7515,0.1803152445874183,0.05461057386096053,0.6626960432913384,0.14703936874458498,0.5407513361247276,0.6985561153679669,0.3984097562636166,0.4535256672113289,0.3176807178281285,0.6152469412038837,0.539691333789984,0.406950584840855,0.6885689332185585,0.3017455972629994,0.30897093530926395,0.454842734759221,0.28961536968729074,0.019734320182966014,0.27183660408830657,0.2714200283237278,0.34339017056189397,0.0062703949992571895,0,0,DATA
6048,252.25199999999998,0.17757526694126727,0.0545275903118461,0.6565612069707475,0.14463547799134385,0.5407513361247276,0.6985561153679669,0.3984097562636166,0.4535256672113289,0.3176807178281285,0.6152469412038837,0.539691333789984,0.406950584840855,0.6861752211196901,0.304808807868989,0.30824976914816493,0.4545079855056604,0.29038848448273363,0.02008787691335383,0.27002844787531244,0.26875799940335054,0.3410892380341158,0.0020593629553190182,0.01635827709355383,0,DATA
6060,252.75249999999997,0.17485816085693537,0.05440810850111052,0.6504198999958003,0.14415837843239446,0.5407513361247276,0.6985561153679669,0.3984097562636166,0.4535256672113289,0.3176807178281285,0.6152469412038837,0.539691333789984,0.406950584840855,0.685482198670284,0.30569431614377995,0.30746282702212546,0.45441174259296796,0.2899272630517923,0.020190723880431877,0.26820897253916237,0.2662766834138108,0.3391688584985456,0.000788490950078824,0,0,DATA
6072,253.253,0.1717275582107843,0.05064135681417895,0.6438827710554739,0.14392438697107218,0.5407513361247276,0.6985561153679669,0.3984097562636166,0.4535256672113289,0.3176807178281285,0.6152469412038837,0.539691333789984,0.406950584840855,0.6860653097897179,0.3049052781538764,0.30656931782862196,0.4545147060282028,0.28780689664495696,0.020101272248550586,0.2647687255470942,0.26215932438157785,0.3366097049535447,0.0007552194342803076,0,0,DATA
6084,253.75349999999997,0.16857351664624184,0.05081233308385188,0.6373546537384706,0.14446927384482922,0.5407513361247276,0.6985561153679669,0.3984097562636166,0.4535256672113289,0.3176807178281285,0.6152469412038837,0.539691333789984,0.406950584840855,0.6862043381089167,0.3047164401124138,0.305638916342017,0.4545396108893347,0.28670704809497355,0.0200799263729756,0.2629006842786542,0.2596929600688132,0.33479689528304196,0.00041942261575544926,0,0,DATA
6096,254.254,0.16540649680010897,0.05093419854575546,0.6308435001122911,0.14335191984978163,0.5407513361247276,0.6985561153679669,0.3984097562636166,0.4535256672113289,0.3176807178281285,0.6152469412038837,0.539691333789984,0.406950584840855,0.6862204548576767,0.304693911029308,0.30469472172834766,0.4545428170565077,0.28563363493638055,0.020077410530186475,0.2610137957689532,0.25704322079698944,0.3326472139121598,0.00032761348184504974,0,0,DATA
6108,254.75449999999998,0.16220579015749823,0.050954816236398026,0.6243411914255406,0.14415531622731756,0.5407513361247276,0.6985561153679669,0.3984097562636166,0.4535256672113289,0.3176807178281285,0.6152469412038837,0.539691333789984,0.406950584840855,0.6862209601672696,0.30469292525775615,0.3037393149492985,0.45454305728748706,0.2846321445852348,0.020077313241552968,0.25908143977933795,0.2545409735764528,0.3308653380053147,0.00031896595339797607,0.05368237830220567,0,DATA
6120,255.255,0.160525492749183,0.05599659709024,0.6198777025249479,0.14423678100167114,0.5182339750136166,0.7403548375068285,0.3771993293845316,0.4725851034858387,0.3176807178281285,0.6152469412038837,0.539691333789984,0.406950584840855,0.6968659799797219,0.30137568233203305,0.2971609109336938,0.4508791688441225,0.28278169989665347,0.01918501664554933,0.2598693948590932,0.25489072624358405,0.330353996122282,0.006846888917926693,0,0,DATA
6132,255.75549999999998,0.15883849344135803,0.05389321804320069,0.5854801383575602,0.11863434967827226,0.5182339750136166,0.7403548375068285,0.3771993293845316,0.4725851034858387,0.3176807178281285,0.6152469412038837,0.539691333789984,0.406950584840855,0.7005011955233359,0.2997915633211451,0.2948331198743691,0.4498536205777594,0.27620792294494595,0.01885531510944335,0.25181113054523496,0.2408324623806472,0.3161499120279169,0.002515708537942215,0,0,DATA
6144,256.256,0.1571062829066812,0.04612281906478589,0.6084433127283665,0.1007992318366454,0.5182339750136166,0.7403548375068285,0.3771993293845316,0.4725851034858387,0.3176807178281285,0.6152469412038837,0.539691333789984,0.406950584840855,0.7032235439718872,0.2971406159039226,0.29377101834428965,0.449817920062095,0.27527769002612357,0.018518711175295133,0.2529491637210949,0.24248330120942507,0.31698490115206324,0.002145132465284435,0,0,DATA
6156,256.75649999999996,0.15537485248729122,0.0451216993613136,0.6084731411335412,0.11304258346619378,0.5182339750136166,0.7403548375068285,0.3771993293845316,0.4725851034858387,0.3176807178281285,0.6152469412038837,0.539691333789984,0.406950584840855,0.7042504836441819,0.2960650181617836,0.29308878749719386,0.4498422490970172,0.2748269512685363,0.018387828045557043,0.2522083954368629,0.2429698509286654,0.31911771758180674,0.0009282560871764675,0,0,DATA
6168,257.257,0.1536300537286674,0.04426756457811722,0.6084753447137514,0.11771975148555554,0.5182339750136166,0.7403548375068285,0.3771993293845316,0.4725851034858387,0.3176807178281285,0.6152469412038837,0.539691333789984,0.406950584840855,0.7047379338503414,0.2955031810998469,0.29251771050375414,0.44987944252490575,0.2744009547157727,0.01832268475912088,0.2515182224879017,0.24274761513966134,0.3197511019873898,0.0005401214205120001,0.013280269373435167,0,DATA
6180,257.7575,0.15512525105528321,0.008191142367066449,0.6150415204820657,0.11359458676977661,0.5182339750136166,0.7403548375068285,0.3771993293845316,0.4725851034858387,0.3176807178281285,0.6152469412038837,0.539691333789984,0.406950584840855,0.71246021757651,0.2852332317621717,0.29266037884431156,0.4511532753306591,0.26320930784909524,0.017223339294177187,0.23869992822246738,0.2301734219794806,0.3153056693873165,0.006044967134800405,0,0,DATA
6192,258.258,0.1566534259826616,0.009542522496494532,0.6216049207339535,0.11017113879215513,0.5182339750136166,0.7403548375068285,0.3771993293845316,0.4725851034858387,0.3176807178281285,0.6152469412038837,0.539691333789984,0.406950584840855,0.7144931128671806,0.28253063339710904,0.2930240960812282,0.45148812686785517,0.2625768937560781,0.016939532748783195,0.24085879531009183,0.2326462842945317,0.31661735436691624,0.0016997369642166398,0,0,DATA
6204,258.75849999999997,0.1581960330428468,0.010280235892149069,0.6281830704646653,0.107243688163002,0.5182339750136166,0.7403548375068285,0.3771993293845316,0.4725851034858387,0.3176807178281285,0.6152469412038837,0.539691333789984,0.406950584840855,0.7149480616412943,0.28192641363837345,0.2934571587349421,0.45156276236016607,0.26312808455147557,0.01687637084324868,0.24277803202653303,0.23493059092112878,0.3179413193891303,0.0004974103955210548,0,0,DATA
6216,259.25899999999996,0.15817323240059913,0.09335363861956641,0.6011323901277809,0.109209993011682,0.5182339750136166,0.7403548375068285,0.3771993293845316,0.4725851034858387,0.3176807178281285,0.6152469412038837,0.539691333789984,0.406950584840855,0.6976391317007709,0.30500570047442965,0.2935822893961843,0.44867758391239976,0.2870981475916373,0.019366575570649257,0.2705926969216736,0.2602368182674489,0.324030640619533,0.013504449145940622,0,0,DATA
6228,259.7595,0.1575152406159223,0.09559788973791143,0.5737690664568206,0.13590175918305988,0.5182339750136166,0.7403548375068285,0.3771993293845316,0.4725851034858387,0.3176807178281285,0.6152469412038837,0.539691333789984,0.406950584840855,0.6919751599837614,0.31255787683838315,0.2934816503197748,0.4477334815889277,0.2897199660525104,0.02021787390188122,0.26588613427788416,0.2554630998737012,0.32279900142535256,0.0044389290524575005,0.028679366921373427,0,DATA
6240,260.26,0.15668470151370734,0.09794031076528026,0.5465093957907886,0.15601999631878904,0.5446513735702614,0.4465958860428282,0.4031546160130719,0.4510814950980392,0.3176807178281285,0.6152469412038837,0.539691333789984,0.406950584840855,0.607531553642991,0.3210270613321278,0.3005445256413781,0.48572069251244054,0.29264338999046435,0.026458528319911048,0.2612050607351823,0.25006788297796906,0.32027604042987423,0.03332522205203944,0,0,DATA
6252,260.7605,0.1560187667370189,0.10156655878222981,0.5189560088640792,0.16733531561730242,0.5446513735702614,0.4465958860428282,0.4031546160130719,0.4510814950980392,0.3176807178281285,0.6152469412038837,0.539691333789984,0.406950584840855,0.5814369596572004,0.32458316612499716,0.3025235419347545,0.49698993710890116,0.2924501841074982,0.02853028854004786,0.25701169560128256,0.2442507110812497,0.31612810128277313,0.010543238357345441,0,0,DATA
6264,261.26099999999997,0.1536462943105483,0.10094694263668635,0.4898442491553225,0.17974036398839513,0.5446513735702614,0.4465958860428282,0.4031546160130719,0.4510814950980392,0.3176807178281285,0.6152469412038837,0.539691333789984,0.406950584840855,0.5737387008520274,0.32547650504210573,0.3026190276132086,0.5003923970529334,0.28970004185015164,0.02913498795509182,0.25046700271601974,0.23603534706222049,0.31100098136532395,0.0028956944669119022,0,0,DATA
6276,261.76149999999996,0.15053168402777778,0.10420738686837581,0.4608985180766005,0.18949862578621476,0.5446513735702614,0.4465958860428282,0.4031546160130719,0.4510814950980392,0.3176807178281285,0.6152469412038837,0.539691333789984,0.406950584840855,0.5707445299218207,0.3266574311021114,0.30199360515736307,0.501299019488034,0.2875979424830698,0.029446092719876128,0.245359112136397,0.2290087095545075,0.30589380656168375,0.0016001731486859534,0,0,DATA
6288,262.262,0.14631803314497097,0.10775408908726203,0.4036815508994353,0.18765678277053777,0.5446513735702614,0.4465958860428282,0.4031546160130719,0.4510814950980392,0.3176807178281285,0.6152469412038837,0.539691333789984,0.406950584840855,0.5691014711767926,0.32800478554140117,0.30092111173521996,0.5014468716409031,0.28169702564915405,0.029680723702719895,0.2344916694119571,0.21223538581078336,0.2913318364088093,0.001354302202153675,0.15050617033683716,0,DATA
6300,262.7625,0.14171386364152141,0.11129044426463537,0.3770657985428598,0.18608502859842266,0.5446513735702614,0.4465958860428282,0.4031546160130719,0.4510814950980392,0.3176807178281285,0.6152469412038837,0.539691333789984,0.406950584840855,0.5678659189660357,0.3293991713228527,0.2996324881128526,0.5013674548555558,0.2794743799364551,0.029892367720519564,0.2296622271109014,0.20458719285685867,0.2844335838115034,0.0013061872048585887,0,0,DATA
6312,263.263,0.13700455587327523,0.11475601309897521,0.3502917224779003,0.18789822409867354,0.5446513735702614,0.4465958860428282,0.4031546160130719,0.4510814950980392,0.3176807178281285,0.6152469412038837,0.539691333789984,0.406950584840855,0.5667674838475973,0.33078784633090325,0.2982569463948107,0.5012223349107496,0.277344970025535,0.030094690705500016,0.2247517778779962,0.19718065556748257,0.27815160844364006,0.0012875506148435911,0,0,DATA
6324,263.76349999999996,0.13238003245279592,0.11706227147799046,0.323510307590295,0.1893119006146519,0.5446513735702614,0.4465958860428282,0.4031546160130719,0.4510814950980392,0.3176807178281285,0.6152469412038837,0.539691333789984,0.406950584840855,0.5659536390524725,0.3318502011794427,0.29687313396109744,0.5010980798840423,0.27482419967578925,0.030248058162344812,0.21939309356798536,0.18928519742030905,0.2716224764397388,0.0010866706924591758,0,0,DATA
6336,264.26399999999995,0.12824095349945533,0.11758039774795644,0.29721915315160935,0.1840507094174525,0.5446513735702614,0.4465958860428282,0.4031546160130719,0.4510814950980392,0.3176807178281285,0.6152469412038837,0.539691333789984,0.406950584840855,0.5656006790972422,0.332313982989595,0.29558878365078195,0.5010426689565812,0.2714888564682777,0.03031496339280584,0.21351429739756653,0.18025116668630173,0.2636612606357883,0.0007003640252327137,0,0,DATA
6348,264.7645,0.12916620568945167,0.12930478253222585,0.2894375687588307,0.18037108041822547,0.5446513735702614,0.4465958860428282,0.4031546160130719,0.4510814950980392,0.3176807178281285,0.6152469412038837,0.539691333789984,0.406950584840855,0.5630326703059766,0.33573594527223616,0.29539778151758656,0.5006156922108935,0.2744109802914427,0.03080818429246064,0.21683278487071783,0.18242353282025245,0.2628311216743883,0.0020603244023673826,0.06982288315244736,0,DATA
6360,265.265,0.13165704288080968,0.04647267327069717,0.32321380778892084,0.18156174134966574,0.5245457175925925,0.5694263084559605,0.4067362813180828,0.4861158769063181,0.3176807178281285,0.6152469412038837,0.539691333789984,0.406950584840855,0.6140495288891951,0.30934735560848997,0.29686642297321614,0.4883015577511574,0.24962473110752742,0.025072479103135464,0.19095335641039599,0.16004079435608362,0.25933758094810544,0.02629136323419808,0,0,DATA
6372,265.7655,0.13481385030864196,0.04818205786247453,0.3496714398927457,0.18971863981091194,0.5245457175925925,0.5694263084559605,0.4067362813180828,0.4861158769063181,0.3176807178281285,0.6152469412038837,0.539691333789984,0.406950584840855,0.6289956156998873,0.3019094063950638,0.2979699449697498,0.4845474889525244,0.24918919949929152,0.023522039821142763,0.19755999815343833,0.1701088891556331,0.2681554570978607,0.007829186006884018,0,0,DATA
6384,266.26599999999996,0.13822692560820624,0.04987076231291147,0.3761589426150486,0.19709775146184713,0.5245457175925925,0.5694263084559605,0.4067362813180828,0.4861158769063181,0.3176807178281285,0.6152469412038837,0.539691333789984,0.406950584840855,0.6331248138085033,0.3001508588771583,0.2990177473816184,0.4833621636571692,0.252150974517297,0.023124759469579974,0.20421559553798657,0.18015114797750514,0.27684776830614544,0.0023118493461300274,0,0,DATA
6396,266.7665,0.14148731107026144,0.050479662929174364,0.40301066931663715,0.20141456979818062,0.5245457175925925,0.5694263084559605,0.4067362813180828,0.4861158769063181,0.3176807178281285,0.6152469412038837,0.539691333789984,0.406950584840855,0.6342357041116728,0.29979378679434027,0.30001676905221064,0.48298525454699337,0.2556898661408167,0.023027311301090696,0.21048157821722047,0.18953398516053124,0.2848414372874542,0.0008223280188599524,0,0,DATA
6408,267.267,0.14491918005628177,0.04937052268743546,0.4293191595544443,0.20430531061221277,0.5245457175925925,0.5694263084559605,0.4067362813180828,0.4861158769063181,0.3176807178281285,0.6152469412038837,0.539691333789984,0.406950584840855,0.6348018906533889,0.29937610590180797,0.30103716804045255,0.4829110017224016,0.25880899314659883,0.02295963345036713,0.2159859939652904,0.1979583240137851,0.29217352387205364,0.0006680888074967473,0.014811156806230638,0,DATA
6420,267.7675,0.14911034943491286,0.049034285768207155,0.4554366973325301,0.20825092812557575,0.5245457175925925,0.5694263084559605,0.4067362813180828,0.4861158769063181,0.3176807178281285,0.6152469412038837,0.539691333789984,0.406950584840855,0.6350423563689416,0.29915665529666435,0.30222343330643764,0.48290049416719694,0.26225074766063144,0.022927696678660077,0.22191324062894247,0.20689188620658205,0.2998607132192265,0.0005487271955604648,0,0,DATA
6432,268.268,0.15444218920206973,0.0486135027227659,0.4824669673913738,0.21005969649429468,0.5245457175925925,0.5694263084559605,0.4067362813180828,0.4861158769063181,0.3176807178281285,0.6152469412038837,0.539691333789984,0.406950584840855,0.6352028605231501,0.29897300086239775,0.3036989992373361,0.48291206930722597,0.2658157600359834,0.022903544054036617,0.22821734937596608,0.2160798987963619,0.30745010092758074,0.0006065748397912074,0,0,DATA
6444,268.76849999999996,0.16015791660993098,0.04643089534245893,0.5017731906876877,0.19188157165832764,0.5245457175925925,0.5694263084559605,0.4067362813180828,0.4861158769063181,0.3176807178281285,0.6152469412038837,0.539691333789984,0.406950584840855,0.6357093593192771,0.2983067744656318,0.30534197177225647,0.4829919331075455,0.2671136870118226,0.022820776857791835,0.2323486965646783,0.22032405583110884,0.30888521341820585,0.0009385659092710866,0,0,DATA
6456,269.269,0.16597321509622368,0.04799094813237218,0.5212426664486781,0.18166268632939842,0.5245457175925925,0.5694263084559605,0.4067362813180828,0.4861158769063181,0.3176807178281285,0.6152469412038837,0.539691333789984,0.406950584840855,0.6355336978722335,0.29854372132777773,0.3070560762148541,0.48296129039999436,0.26989826913256143,0.022849916488517488,0.23802967253010024,0.2269300908397369,0.31252434305978394,0.000708904250595721,0,0,DATA
6468,269.7695,0.17168433273193537,0.05343669270728896,0.5406641138025402,0.18073346116161046,0.5245457175925925,0.5694263084559605,0.4067362813180828,0.4861158769063181,0.3176807178281285,0.6152469412038837,0.539691333789984,0.406950584840855,0.6343373930773879,0.3001396138673982,0.30876964225113285,0.4827614965276069,0.2744774178749292,0.023047465065974788,0.2452344833579817,0.23598412388622578,0.3185818333145005,0.0015019211235815881,0.016483266056346736,0,DATA
6480,270.27,0.17680096705927742,0.05803979868505382,0.5593082491950094,0.1806701267211325,0.5213508901824618,0.5766412704532297,0.4048745574618736,0.48973822167756,0.3176807178281285,0.6152469412038837,0.539691333789984,0.406950584840855,0.6350320387428389,0.301236337546931,0.30983692259101975,0.48186581185511496,0.2785160426547558,0.02308773851392626,0.25182787969304987,0.24443560031649308,0.32443232960392115,0.0009528832282902355,0,0,DATA
6492,270.77049999999997,0.17677554239288307,0.05033120334716331,0.5590082510315917,0.18183218674338675,0.5213508901824618,0.5766412704532297,0.4048745574618736,0.48973822167756,0.3176807178281285,0.6152469412038837,0.539691333789984,0.406950584840855,0.6368592374634312,0.29940694795618156,0.31015176751304296,0.48186690729019355,0.27619348229421214,0.02283264215180645,0.24867935699193128,0.2413732838012581,0.32343091030019455,0.0013238110777883394,0,0,DATA
6504,271.27099999999996,0.18188012039306464,0.133163312608692,0.5887928046602481,0.17972870708821145,0.5213508901824618,0.5766412704532297,0.4048745574618736,0.48973822167756,0.3176807178281285,0.6152469412038837,0.539691333789984,0.406950584840855,0.6200126541346879,0.32205112167218475,0.31131818236968806,0.4789681120965636,0.30693149749490495,0.025698823701003636,0.2887900270223104,0.2842520612289853,0.343391626965571,0.013552390633797207,0,0,DATA
6516,271.7715,0.18695650786356208,0.1290275567160795,0.5986104762176602,0.17042234840362214,0.5213508901824618,0.5766412704532297,0.4048745574618736,0.48973822167756,0.3176807178281285,0.6152469412038837,0.539691333789984,0.406950584840855,0.6158271878735135,0.3276863621370542,0.31273414819548606,0.47824322499471605,0.3108628980681543,0.02643652015991497,0.2901145364708473,0.28562770196480447,0.3438720484811641,0.003745557517280599,0,0,DATA
6528,272.272,0.19193931695942268,0.12487524818975293,0.6082986172935445,0.17203071686551596,0.5213508901824618,0.5766412704532297,0.4048745574618736,0.48973822167756,0.3176807178281285,0.6152469412038837,0.539691333789984,0.406950584840855,0.6154435327856898,0.3282142878891436,0.3142053278533562,0.47817108966258326,0.31214082055044645,0.026505554678381022,0.2913878030946656,0.28803061954240067,0.34649119207315104,0.0007942534992610994,0.13743489240638523,0,DATA
6540,272.7725,0.19692269341185545,0.120478533257949,0.6179196481528443,0.164461580384363,0.5213508901824618,0.5766412704532297,0.4048745574618736,0.48973822167756,0.3176807178281285,0.6152469412038837,0.539691333789984,0.406950584840855,0.6162517463950214,0.3271415854338653,0.3156931908057281,0.4783033340855566,0.3120441530482553,0.026363402539280035,0.29254999858429054,0.28939800446984026,0.34722145289721806,0.001122926338993968,0,0,DATA
6552,273.27299999999997,0.2019131263616558,0.11696871726557388,0.627604063715015,0.15803564641358728,0.5213508901824618,0.5766412704532297,0.4048745574618736,0.48973822167756,0.3176807178281285,0.6152469412038837,0.539691333789984,0.406950584840855,0.6172312718362197,0.3258370262194168,0.31718754061089777,0.4784658509721817,0.3120041741054197,0.02619124706408164,0.2940810418897347,0.29125489593442394,0.34832994088972935,0.0012594781536054793,0,0,DATA
6564,273.77349999999996,0.20690175086238197,0.1139379766067339,0.637308689620316,0.15295285617343887,0.5213508901824618,0.5766412704532297,0.4048745574618736,0.48973822167756,0.3176807178281285,0.6152469412038837,0.539691333789984,0.406950584840855,0.6181615850069356,0.32459705107060705,0.3186834566976012,0.4786206819612286,0.31213560396980766,0.026028160933366903,0.29580739570740416,0.2934434333186086,0.34978379066927157,0.0012220681354096856,0,0,DATA
6576,274.274,0.21189232565132532,0.1106332481802253,0.646939202179604,0.15122615966540168,0.5213508901824618,0.5766412704532297,0.4048745574618736,0.48973822167756,0.3176807178281285,0.6152469412038837,0.539691333789984,0.406950584840855,0.6191346719277172,0.3232997345665417,0.3201802522292903,0.47878279675287044,0.31231429714903564,0.025858068488987248,0.297409721806447,0.29583614102277656,0.35184942772240413,0.0012557329855120147,0,0,DATA
6588,274.7745,0.21687967359976398,0.10922090701977333,0.656636821804122,0.15096334617287036,0.5213508901824618,0.5766412704532297,0.4048745574618736,0.48973822167756,0.3176807178281285,0.6152469412038837,0.539691333789984,0.406950584840855,0.6197231896476466,0.32251508409039553,0.32167663395796914,0.47888086313097883,0.3131697219287916,0.025755451568367494,0.29978177885685753,0.29915167868638576,0.35450815355080345,0.0009565166415848037,0.06308717721933757,0,DATA
6600,275.275,0.22185461062318443,0.10414444911457323,0.6663086289509346,0.1535655553370789,0.4914386744281045,0.7564662237884269,0.3957730800653595,0.5303165849673203,0.3176807178281285,0.6152469412038837,0.539691333789984,0.406950584840855,0.6713167880575727,0.3145767154256806,0.3206218715804671,0.4570532482583733,0.30925716765119016,0.021713177897966437,0.3006805445288241,0.30127784598945445,0.35718257218691035,0.020195576484047666,0,0,DATA
6612,275.77549999999997,0.22681312976579518,0.09620974671694404,0.6760338371574415,0.15597948386217406,0.4914386744281045,0.7564662237884269,0.3957730800653595,0.5303165849673203,0.3176807178281285,0.6152469412038837,0.539691333789984,0.406950584840855,0.6884611550840525,0.30997348815493003,0.3213467318871648,0.4507826783805087,0.3068859425623126,0.020279444315414348,0.300443409039596,0.30225462417338655,0.35940230649817284,0.00749081820130935,0,0,DATA
6624,276.27599999999995,0.23187852470270512,0.08962674360092576,0.6860631779583907,0.1577334674753429,0.4914386744281045,0.7564662237884269,0.3957730800653595,0.5303165849673203,0.3176807178281285,0.6152469412038837,0.539691333789984,0.406950584840855,0.6949868958463603,0.3067492791012197,0.3226279229159251,0.44913191252621,0.3055770484671169,0.019648135461266383,0.30082915494076046,0.30381870251596277,0.3617795274473321,0.0036770469482595067,0,0,DATA
6636,276.7765,0.2369799822417393,0.08486576343500363,0.6965058119696907,0.1581999699867826,0.4914386744281045,0.7564662237884269,0.3957730800653595,0.5303165849673203,0.3176807178281285,0.6152469412038837,0.539691333789984,0.406950584840855,0.6979444239098964,0.30444894193864835,0.32408358630775036,0.4488033170757276,0.30511498212796295,0.019311705114933193,0.30203358118445844,0.3061140424119348,0.3642794851814602,0.0022378428726442245,0,0,DATA
6648,277.277,0.23695977016385258,0.001705402936637618,0.668964191460424,0.15294728566562313,0.4914386744281045,0.7564662237884269,0.3957730800653595,0.5303165849673203,0.3176807178281285,0.6152469412038837,0.539691333789984,0.406950584840855,0.7162953580336141,0.28047393985033453,0.3245160407889418,0.4516153510580256,0.27390760439504674,0.01671006932408957,0.2632570704676814,0.2640581012121151,0.343867467907368,0.014252796897740986,0.0005116208809912853,0,DATA
6660,277.7775,0.2369544157362019,0.059650921709361905,0.6965461664410556,0.1444874548402367,0.4914386744281045,0.7564662237884269,0.3957730800653595,0.5303165849673203,0.3176807178281285,0.6152469412038837,0.539691333789984,0.406950584840855,0.7096320793284572,0.2895061844802032,0.3246446527034926,0.4504308680956698,0.29156924958705216,0.01765329484990442,0.2919506020873673,0.2946638472473255,0.3577622878605922,0.005274711749858792,0,0,DATA
6672,278.27799999999996,0.23697966310366744,0.05999107068504453,0.6965800671591639,0.15121954582774697,0.4914386744281045,0.7564662237884269,0.3957730800653595,0.5303165849673203,0.3176807178281285,0.6152469412038837,0.539691333789984,0.406950584840855,0.7075616644320168,0.2923110995823549,0.3246885382250255,0.450063617992814,0.293581993999523,0.017951424000281276,0.29209849129475507,0.29548833562527516,0.3591707283207203,0.0016397385067083252,0,0,DATA
6684,278.7785,0.2369717201116558,0.060083376603345236,0.696580879873494,0.16135825333054962,0.4914386744281045,0.7564662237884269,0.3957730800653595,0.5303165849673203,0.3176807178281285,0.6152469412038837,0.539691333789984,0.406950584840855,0.7069211557202416,0.29317841977012465,0.324700035853163,0.44995021225481685,0.29452216544558374,0.018044122411138737,0.2921339876065391,0.29653778395877245,0.36121172458840733,0.000506442175894147,0,0,DATA
6696,279.279,0.23696150769335514,0.06021181656254676,0.696604863950418,0.1585695312884932,0.4914386744281045,0.7564662237884269,0.3957730800653595,0.5303165849673203,0.3176807178281285,0.6152469412038837,0.539691333789984,0.406950584840855,0.7067020307152767,0.29347457901503193,0.3247013405337611,0.44991169513484564,0.29461092360008495,0.018075854592977565,0.2921881179219443,0.29631544047766445,0.36067822095127716,0.00017219631015676548,0,0,DATA
6708,279.7795,0.23692267922794122,0.06022080096462234,0.696607127315681,0.15711343360529495,0.4914386744281045,0.7564662237884269,0.3957730800653595,0.5303165849673203,0.3176807178281285,0.6152469412038837,0.539691333789984,0.406950584840855,0.7066344064893513,0.2935659424210853,0.3246935779602036,0.4498998255447817,0.29460610056731956,0.01808565085590367,0.29218439866274437,0.29616633778667095,0.3603850320697232,5.55834018454345e-05,0.0180662402893867,0,DATA
6720,280.28,0.2368743829997277,0.06029832359439611,0.6966169949552629,0.15734777974862568,0.49459158837145967,0.7500768883306583,0.39769054670479304,0.5268058959694989,0.3176807178281285,0.6152469412038837,0.539691333789984,0.406950584840855,0.704808825541146,0.2942771697073426,0.32521799763925296,0.4504570023757557,0.2950519348240637,0.01824228490189097,0.29220772199692757,0.2962140824991454,0.36044116697992956,0.0010204093045039775,0,0,DATA
6732,280.78049999999996,0.236880553002451,0.06046173384432763,0.6966285162190892,0.15852051295082983,0.49459158837145967,0.7500768883306583,0.39769054670479304,0.5268058959694989,0.3176807178281285,0.6152469412038837,0.539691333789984,0.406950584840855,0.7042268351041988,0.2945362927632006,0.32537661924353967,0.4506184360663002,0.29528233977753277,0.0182943456123221,0.2922766243502101,0.296401410299031,0.360703722474089,0.0003332450323639639,0,0,DATA
6744,281.281,0.2368953397331155,0.06057297094228842,0.6966510714735511,0.16058180338840897,0.49459158837145967,0.7500768883306583,0.39769054670479304,0.5268058959694989,0.3176807178281285,0.6152469412038837,0.539691333789984,0.406950584840855,0.7040288781825429,0.29464517606738705,0.32542731093826516,0.45066297287503504,0.2954518088822101,0.018313357292741007,0.2923285875864197,0.2966617581044447,0.3611397836129809,0.0001191773068559554,0,0,DATA
6756,281.7815,0.22589855097131448,0.08686778219275633,0.657508411303908,0.16488687004016692,0.49459158837145967,0.7500768883306583,0.39769054670479304,0.5268058959694989,0.3176807178281285,0.6152469412038837,0.539691333789984,0.406950584840855,0.6984475807434479,0.30204038820877394,0.32313319280670466,0.44975601552388905,0.29869144631188616,0.019127012053284227,0.292818622300318,0.2936680334665545,0.3550596747123118,0.00509020923734745,0,0,DATA
6768,282.282,0.21326117976125636,0.09519894532566538,0.6178713600223565,0.17383142314496666,0.49459158837145967,0.7500768883306583,0.39769054670479304,0.5268058959694989,0.3176807178281285,0.6152469412038837,0.539691333789984,0.406950584840855,0.6950236472538085,0.30659167752840455,0.3197911094131243,0.44919233760889343,0.29734555227853116,0.01963567443493935,0.28569620305515975,0.28347636440372104,0.34692525986181444,0.0037724354009501435,0.053856391347504834,0,DATA
6780,282.78249999999997,0.20054100995143428,0.10080088243484163,0.5781403563255924,0.19264169476388573,0.49459158837145967,0.7500768883306583,0.39769054670479304,0.5268058959694989,0.3176807178281285,0.6152469412038837,0.539691333789984,0.406950584840855,0.6928200604139897,0.30952560671486307,0.3161172487349875,0.4488271664355736,0.29496929656423376,0.01996681200590891,0.277446743197513,0.2731348313382898,0.3403228368468014,0.00293712556813804,0,0,DATA
6792,283.28299999999996,0.18752099219317356,0.10519987131066533,0.5376232792555564,0.20984288536903814,0.49459158837145967,0.7500768883306583,0.39769054670479304,0.5268058959694989,0.3176807178281285,0.6152469412038837,0.539691333789984,0.406950584840855,0.6912351966981211,0.31163750235603127,0.31228088680231175,0.44856365047292385,0.29172466912420736,0.020206765344454255,0.26849891978218315,0.2618554192764716,0.3329916522558704,0.0025110404299041877,0,0,DATA
6804,283.7835,0.17513776126770153,0.049107440328703254,0.47141200143199974,0.2072298776886473,0.49459158837145967,0.7500768883306583,0.39769054670479304,0.5268058959694989,0.3176807178281285,0.6152469412038837,0.539691333789984,0.406950584840855,0.7025391480895725,0.2965651903734324,0.3085294997281599,0.45044783076849754,0.264665960857454,0.018525472176846452,0.23034304563959257,0.2168171165834863,0.30626404352406156,0.010042550149400734,0,0,DATA
6816,284.284,0.163194054386801,0.057941405886795826,0.4426332389922563,0.19805143329272268,0.49459158837145967,0.7500768883306583,0.39769054670479304,0.5268058959694989,0.3176807178281285,0.6152469412038837,0.539691333789984,0.406950584840855,0.7040752007398084,0.29451700713491863,0.3048959051609252,0.45070389606263644,0.26007439958456224,0.018302526105173772,0.2257321379987008,0.2084104882590277,0.2973643881805646,0.0024059434853281325,0,0,DATA
6828,284.7845,0.15052476936955342,0.06887858481503925,0.41135665453105874,0.20177747515043407,0.49459158837145967,0.7500768883306583,0.39769054670479304,0.5268058959694989,0.3176807178281285,0.6152469412038837,0.539691333789984,0.406950584840855,0.7022392089599481,0.2969649622632727,0.3011452769371328,0.4503979143883896,0.25867543002767857,0.01856914963568516,0.22131783567430913,0.20124113167428742,0.2906640987743192,0.002678191710668946,0.02807494699515636,0,DATA
6840,285.28499999999997,0.13810622049745827,0.08333082636971743,0.3789744513912617,0.20025010680624092,0.6394207005718953,0.14933109899616231,0.44277113970588233,0.33114379084967327,0.3176807178281285,0.6152469412038837,0.539691333789984,0.406950584840855,0.5304446196858487,0.3321600899991802,0.31003475924716006,0.5186976451574856,0.2771644222976606,0.03275318705079703,0.21813858189380197,0.19467092074538123,0.2831890556665235,0.07195973310667807,0,0,DATA
6852,285.78549999999996,0.12737711765840598,0.09583568621856646,0.3501810303266901,0.1988051346685972,0.6394207005718953,0.14933109899616231,0.44277113970588233,0.33114379084967327,0.3176807178281285,0.6152469412038837,0.539691333789984,0.406950584840855,0.4762802223353606,0.3462199890776302,0.3104484923439673,0.5150301166288652,0.2832298016801679,0.03807767369758597,0.2152360210526168,0.1887445205839745,0.27650452466627407,0.02287934317524844,0,0,DATA
6864,286.286,0.11794729682961148,0.10958468891111257,0.32048109192127067,0.19600920816660974,0.6394207005718953,0.14933109899616231,0.44277113970588233,0.33114379084967327,0.3176807178281285,0.6152469412038837,0.539691333789984,0.406950584840855,0.45714361256477953,0.3542876795550781,0.3085923498989626,0.5014279665048507,0.2858400410624107,0.0403887392655761,0.21290967028279248,0.18316858332340952,0.26963972308552414,0.009686814231011235,0,0,DATA
6876,286.7865,0.11021316295615469,0.12161334421976867,0.29091961978661407,0.19225893007410186,0.6394207005718953,0.14933109899616231,0.44277113970588233,0.33114379084967327,0.3176807178281285,0.6152469412038837,0.539691333789984,0.406950584840855,0.44887661201878737,0.3600760101847362,0.3064113390520353,0.4944003009170255,0.2869215057998548,0.04167372523939158,0.21026201120463223,0.1771897492225328,0.2625301843423111,0.005412114007525837,0,0,DATA
6888,287.287,0.10312539005764342,0.13623711858476964,0.26587901148113097,0.18878814296846583,0.6394207005718953,0.14933109899616231,0.44277113970588233,0.33114379084967327,0.3176807178281285,0.6152469412038837,0.539691333789984,0.406950584840855,0.4433255192383395,0.36590716619583386,0.30426860348926976,0.48870917652125273,0.2890492769921493,0.04277514816729765,0.20968584470983376,0.17376244318662243,0.2570606637097122,0.004508328118103699,0.10674052738658668,0,DATA
6900,287.78749999999997,0.1030134080541939,0.13232788297702017,0.2909717063589973,0.18651707104705348,0.6394207005718953,0.14933109899616231,0.44277113970588233,0.33114379084967327,0.3176807178281285,0.6152469412038837,0.539691333789984,0.406950584840855,0.4424811308818326,0.3665619270289934,0.3036022665997157,0.4879596019264195,0.29172797774301656,0.04291669011398592,0.2131182930416173,0.17947705381405138,0.2622820395033889,0.0007218286930735044,0,0,DATA
6912,288.28799999999995,0.10557587401279957,0.14462505872050763,0.30784141834905837,0.18953521334217346,0.6394207005718953,0.14933109899616231,0.44277113970588233,0.33114379084967327,0.3176807178281285,0.6152469412038837,0.539691333789984,0.406950584840855,0.43964540746874814,0.3702015644871177,0.30394048338415663,0.48472192149081517,0.2982293967441498,0.04356327083274826,0.22192359892874564,0.19027114512969784,0.2692039189173119,0.0022711925518832574,0,0,DATA
6924,288.7885,0.10773814082924836,0.15004245656833634,0.32281634713003277,0.19419239378285566,0.6394207005718953,0.14933109899616231,0.44277113970588233,0.33114379084967327,0.3176807178281285,0.6152469412038837,0.539691333789984,0.406950584840855,0.4376570368967787,0.37281032712194706,0.3044960244509432,0.4824233548874157,0.30281769799736014,0.04402592544613976,0.22751799718736176,0.19782875431047964,0.2749079235595111,0.001717558091195115,0,0,DATA
6936,289.289,0.11009689031862746,0.15500772158107778,0.3374654477319465,0.19757294228391406,0.6394207005718953,0.14933109899616231,0.44277113970588233,0.33114379084967327,0.3176807178281285,0.6152469412038837,0.539691333789984,0.406950584840855,0.4360178200725122,0.3749832301159634,0.30515802416374876,0.48051729497827433,0.3069976961672308,0.04441161050698088,0.23290567321071692,0.20501939524413196,0.2802269731110504,0.0014913731770294647,0,0,DATA
6948,289.7895,0.11103558176742921,0.16527706805442652,0.3468959791099224,0.19683548089343958,0.6394207005718953,0.14933109899616231,0.44277113970588233,0.33114379084967327,0.3176807178281285,0.6152469412038837,0.539691333789984,0.406950584840855,0.4333694922658291,0.37851051802670593,0.30555374928183876,0.47742948711956157,0.3119344249750544,0.045039877472561246,0.23908725636541195,0.21207028539757716,0.28407138479333194,0.002190446945171879,0.12985452985530146,0,DATA
6960,290.28999999999996,0.1131510062068809,0.17587919878446034,0.3533566524358283,0.18200503678329039,0.5268472562636165,0.22421521360185187,0.38399773624727673,0.4642425789760348,0.3176807178281285,0.6152469412038837,0.539691333789984,0.406950584840855,0.45131609856011,0.35889687769959966,0.2896601529811411,0.4962096104302551,0.3022138786854549,0.04135339720487039,0.24504332821049699,0.21718938016423786,0.28452232635622876,0.017817947640694942,0,0,DATA
6972,290.79049999999995,0.11703488108206245,0.1894741876264604,0.3651963044444333,0.16473706108870165,0.5268472562636165,0.22421521360185187,0.38399773624727673,0.4642425789760348,0.3176807178281285,0.6152469412038837,0.539691333789984,0.406950584840855,0.4538451327915744,0.35681938247722783,0.2857076878147199,0.49851287515717324,0.30418332897001543,0.04092451491539097,0.2536260291240543,0.2252292487091968,0.2864562800332805,0.002852998206752481,0,0,DATA
6984,291.291,0.11974744831381627,0.19228939048186577,0.37788395388678847,0.16643330880306947,0.5268472562636165,0.22421521360185187,0.38399773624727673,0.4642425789760348,0.3176807178281285,0.6152469412038837,0.539691333789984,0.406950584840855,0.4540126504613785,0.35698439071002974,0.28509158738346185,0.4985141298756743,0.3065401395867591,0.040930881875190055,0.2578321536010383,0.23087376290185305,0.290660979088229,0.00031620877795468516,0,0,DATA
6996,291.7915,0.11867741381853668,0.19631103415510753,0.3812544125045263,0.16729824488032938,0.5268472562636165,0.22421521360185187,0.38399773624727673,0.4642425789760348,0.3176807178281285,0.6152469412038837,0.539691333789984,0.406950584840855,0.453218360590939,0.35815995340837803,0.28468205001007574,0.4975292035912804,0.3082423899110833,0.04112541016401422,0.2599008958948266,0.23336604466514121,0.2921728240595738,0.0007931299807246347,0,0,DATA
7008,292.292,0.11662695170660857,0.19575119929231435,0.3899652598888746,0.16450806428714843,0.5268472562636165,0.22421521360185187,0.38399773624727673,0.4642425789760348,0.3176807178281285,0.6152469412038837,0.539691333789984,0.406950584840855,0.45309763895099375,0.3583558684563004,0.284128591754555,0.49737088524734663,0.30904002285523013,0.04115699081644874,0.26100903900419337,0.2350662544536247,0.2935034783464129,0.00029003164779611845,0.13969528876323026,0,DATA
7020,292.79249999999996,0.1122935885870552,0.2035103742425178,0.397455521220484,0.162466796331487,0.5268472562636165,0.22421521360185187,0.38399773624727673,0.4642425789760348,0.3176807178281285,0.6152469412038837,0.539691333789984,0.406950584840855,0.45143199571946746,0.3605872119567341,0.28305254802279256,0.4954223918813666,0.3120908085395253,0.04153938751875926,0.26474408862668597,0.23934620341371204,0.2956983300187581,0.0016576768212408128,0,0,DATA
7032,293.293,0.1077557998025599,0.20151913349501402,0.40504229077828335,0.15976917181822894,0.5268472562636165,0.22421521360185187,0.38399773624727673,0.4642425789760348,0.3176807178281285,0.6152469412038837,0.539691333789984,0.406950584840855,0.45135046330698536,0.3606990675975631,0.28177679925851984,0.49532569785471114,0.31227880766806804,0.041558449027831124,0.2645573884823453,0.2396484177738255,0.29630303251498125,0.0004897122725279387,0,0,DATA
7044,293.7935,0.10734549462145969,0.18886948828002803,0.40285951121795627,0.15658406316713827,0.5268472562636165,0.22421521360185187,0.38399773624727673,0.4642425789760348,0.3176807178281285,0.6152469412038837,0.539691333789984,0.406950584840855,0.45398242907838776,0.35719072362961574,0.28130791054120696,0.498395852724386,0.307727695745131,0.040956806367114885,0.25897891344806545,0.23353315391840387,0.2931818385943234,0.0022030661522208783,0,0,DATA
7056,294.294,0.10615610248729122,0.18071669777242125,0.409448744954827,0.15057491597092773,0.5268472562636165,0.22421521360185187,0.38399773624727673,0.4642425789760348,0.3176807178281285,0.6152469412038837,0.539691333789984,0.406950584840855,0.4564841048164059,0.35385543909710165,0.28091747157783775,0.5013143328596521,0.304877269334248,0.04038847170675344,0.25679776556556316,0.2314100146899676,0.2922854597997411,0.002075799744633807,0,0,DATA
7068,294.79449999999997,0.10822000385802467,0.19993604134015364,0.4164646326926325,0.13467318901424866,0.5268472562636165,0.22421521360185187,0.38399773624727673,0.4642425789760348,0.3176807178281285,0.6152469412038837,0.539691333789984,0.406950584840855,0.45319854538858756,0.35823626993631247,0.281233759176681,0.49748113772613756,0.31095181236853986,0.041135663834105864,0.2663014608143639,0.240025126016881,0.2939483780150899,0.002660892621957456,0.06991950231801661,0,DATA
7080,295.29499999999996,0.11077289567447347,0.20209124945546672,0.42477181446273365,0.11824616099893896,0.3944124029820262,0.1726050002829511,0.3034668607026144,0.6117136437908497,0.3176807178281285,0.6152469412038837,0.539691333789984,0.406950584840855,0.4373094241267341,0.33234265827122944,0.25931610758528273,0.5024833829277523,0.2963044907050558,0.03927127717167692,0.26933555877779913,0.2422472393557954,0.29331833825349507,0.021233461506111568,0,0,DATA
7092,295.7955,0.11429383964233841,0.20560520861871123,0.4365886487653414,0.1050221869054473,0.3944124029820262,0.1726050002829511,0.3034668607026144,0.6117136437908497,0.3176807178281285,0.6152469412038837,0.539691333789984,0.406950584840855,0.4318047563238967,0.325558483337413,0.2534802103411149,0.5031231364932418,0.2939669558808875,0.038845964171852036,0.27380869809719144,0.24657966469609938,0.29450694028172186,0.006041579993607234,0,0,DATA
7104,296.296,0.11628579310775237,0.20234691408590266,0.4413038116901911,0.09402755087269725,0.3944124029820262,0.1726050002829511,0.3034668607026144,0.6117136437908497,0.3176807178281285,0.6152469412038837,0.539691333789984,0.406950584840855,0.43083759783493525,0.3226109083880817,0.25214775139560147,0.5041133447234267,0.29196247417294446,0.038559779912390985,0.27384680356212077,0.24598982285023863,0.29319725497300436,0.0017490641279353885,0,0,DATA
7116,296.7965,0.1173365020197894,0.22375940065903763,0.48832178107287727,0.08869282309449289,0.3944124029820262,0.1726050002829511,0.3034668607026144,0.6117136437908497,0.3176807178281285,0.6152469412038837,0.539691333789984,0.406950584840855,0.4260508281078885,0.32772213214376006,0.2519686625834752,0.4991643479820642,0.3039680302058102,0.03950012773447192,0.2920255338503194,0.2683368772988854,0.30720174564020897,0.0033590274316171085,0,0,DATA
7128,297.29699999999997,0.11936327699482568,0.2067533917353469,0.49833708014564015,0.11868733967608354,0.3944124029820262,0.1726050002829511,0.3034668607026144,0.6117136437908497,0.3176807178281285,0.6152469412038837,0.539691333789984,0.406950584840855,0.4281860590637495,0.3244938167718302,0.252340558684595,0.5018461211459597,0.3018738381048598,0.03896551851732661,0.28763154509040295,0.2679438701044043,0.31335624988366784,0.001911814142970203,0.08842778929033626,0,DATA
7140,297.79749999999996,0.12357558040577342,0.19050786284580745,0.5142938191571585,0.12437929297299843,0.3944124029820262,0.1726050002829511,0.3034668607026144,0.6117136437908497,0.3176807178281285,0.6152469412038837,0.539691333789984,0.406950584840855,0.4322381894173111,0.3189765740711802,0.2533367112312299,0.5066308076730655,0.29844367894827817,0.03803157061790445,0.2851671420190804,0.2676443362639251,0.3164682263035943,0.003521841866948853,0,0,DATA
7152,298.298,0.1274710506309005,0.17734890283763635,0.5258887184583166,0.1280988025410628,0.3944124029820262,0.1726050002829511,0.3034668607026144,0.6117136437908497,0.3176807178281285,0.6152469412038837,0.539691333789984,0.406950584840855,0.4362172101250955,0.3136368924586973,0.2544536057424971,0.5112901588331991,0.29498624229635273,0.037132847269992546,0.283001631921069,0.2670102670528359,0.3185265560637837,0.003478532277178148,0,0,DATA
7164,298.7985,0.13189863040123456,0.15744840928006848,0.538568034597951,0.1320175271619959,0.3944124029820262,0.1726050002829511,0.3034668607026144,0.6117136437908497,0.3176807178281285,0.6152469412038837,0.539691333789984,0.406950584840855,0.4415900199845201,0.30646284977883337,0.2557184658476474,0.5175635851028433,0.2895302110224437,0.03593770190230192,0.2784628136800355,0.2641312528878592,0.3199378139662772,0.004603904214812937,0,0,DATA
7176,299.299,0.13589313980800655,0.14473020949882742,0.5466612443624438,0.13526303923318253,0.3944124029820262,0.1726050002829511,0.3034668607026144,0.6117136437908497,0.3176807178281285,0.6152469412038837,0.539691333789984,0.406950584840855,0.4458726848964081,0.3007495410361267,0.25693677085461464,0.5225615719301406,0.2854878802189495,0.034997242495527145,0.27579307760179206,0.2625953889931837,0.32110193979512874,0.0037380928871872943,0,0,DATA
7188,299.79949999999997,0.1398171551606754,0.135062345089536,0.5535753314312964,0.13784266950952032,0.3944124029820262,0.1726050002829511,0.3034668607026144,0.6117136437908497,0.3176807178281285,0.6152469412038837,0.539691333789984,0.406950584840855,0.4491877358959257,0.29632854637871314,0.25812630558076527,0.5264295947586063,0.2825352220065441,0.03427649348540091,0.27409355232237975,0.26184523544829047,0.3222886094914826,0.0029751934610272777,0.040518703526860794,0,DATA
7200,300.29999999999995,0.14348373246868193,0.12273966264049326,0.5604253533968796,0.1352325527707919,0.5933099724264707,0.6522773032290379,0.4188950163398693,0.3858200571895424,0.3176807178281285,0.6152469412038837,0.539691333789984,0.406950584840855,0.5870782593349843,0.3333203864790904,0.2915730308117232,0.48980067709296266,0.30376962102588495,0.02890339917865717,0.2712677991974806,0.2594434728460768,0.32199734699857696,0.06944302959013125,0,0,DATA
7212,300.8005,0.14444114668436817,0.09264801066433621,0.5688612823706286,0.12947128996432344,0.5933099724264707,0.6522773032290379,0.4188950163398693,0.3858200571895424,0.3176807178281285,0.6152469412038837,0.539691333789984,0.406950584840855,0.6347646632816948,0.33599227595587966,0.30180810536630465,0.4646215303812128,0.3014165444976194,0.02577041292913404,0.26110980704490483,0.24955294731022903,0.3185360703058656,0.020197789326027078,0,0,DATA
7224,301.301,0.14497970991058462,0.08118651845596798,0.577044427052683,0.12935371242421467,0.5933099724264707,0.6522773032290379,0.4188950163398693,0.3858200571895424,0.3176807178281285,0.6152469412038837,0.539691333789984,0.406950584840855,0.6514774978294653,0.33358462498057334,0.30499172601018454,0.4574689385949806,0.2991584744774362,0.02441496711860826,0.25826955174321176,0.24751924872273048,0.31889297345972384,0.0074347020556522385,0,0,DATA
7236,301.8015,0.14525236020334056,0.06570870455696609,0.5848859843019921,0.12915532787904835,0.5933099724264707,0.6522773032290379,0.4188950163398693,0.3858200571895424,0.3176807178281285,0.6152469412038837,0.539691333789984,0.406950584840855,0.6597416891125868,0.3285285417962609,0.3060040687648273,0.4558648845455761,0.29460323785453935,0.023474759009079135,0.25370126769202395,0.24371528194195705,0.3185192788074432,0.004777539074025561,0,0,DATA
7248,302.30199999999996,0.14533218018110022,0.049336211208166336,0.592851552083846,0.12843115487491974,0.5933099724264707,0.6522773032290379,0.4188950163398693,0.3858200571895424,0.3176807178281285,0.6152469412038837,0.539691333789984,0.406950584840855,0.6656591701007712,0.3224274187033032,0.30632453378654956,0.45595670559796275,0.2892562518748349,0.022638136657820985,0.24876134790442678,0.23949950163213235,0.31791794414753693,0.0041130230342881395,0.0148008633624499,0,DATA
7260,302.80249999999995,0.1481359145220588,0.039594790842026543,0.5388163402977688,0.12933279966156683,0.5933099724264707,0.6522773032290379,0.4188950163398693,0.3858200571895424,0.3176807178281285,0.6152469412038837,0.539691333789984,0.406950584840855,0.6694801126741159,0.3178694840728967,0.30700945750466757,0.4563252016264936,0.27873900296242193,0.022063059072623254,0.23461848426894716,0.2200432812967097,0.30340863053752193,0.0030212669739563824,0,0,DATA
7272,303.303,0.15085089301924473,0.040041050319508144,0.5452459916507076,0.13153115295662612,0.5933099724264707,0.6522773032290379,0.4188950163398693,0.3858200571895424,0.3176807178281285,0.6152469412038837,0.539691333789984,0.406950584840855,0.6705326809558482,0.3166270563374696,0.30778508010451205,0.4564201313533411,0.27914163841149264,0.021906836151553026,0.23662591402996475,0.22291351152252709,0.30579415080610933,0.0010235395390012874,0,0,DATA
7284,303.8035,0.15350488068491283,0.04090348570235627,0.5451983734395992,0.13427140801111503,0.5933099724264707,0.6522773032290379,0.4188950163398693,0.3858200571895424,0.3176807178281285,0.6152469412038837,0.539691333789984,0.406950584840855,0.6706673400099699,0.31649580992403903,0.3085751042942557,0.45641842503299546,0.27951709525478996,0.021888805461176376,0.2374921620740159,0.22404902325091636,0.306725061338224,0.0003519765524319836,0,0,DATA
7296,304.304,0.15608723958333334,0.04249756084924622,0.5448223832196155,0.13535663673218853,0.5933099724264707,0.6522773032290379,0.4188950163398693,0.3858200571895424,0.3176807178281285,0.6152469412038837,0.539691333789984,0.406950584840855,0.6703729819453593,0.316902777041139,0.3093544069198471,0.4563621205067508,0.28022120658287086,0.02193654065595411,0.23857106586845928,0.22519885089546865,0.30734545668931834,0.0004935426024339681,0,0,DATA
7308,304.80449999999996,0.1586137493191721,0.04377318497975808,0.5441419986728404,0.1348475902585722,0.5933099724264707,0.6522773032290379,0.4188950163398693,0.3858200571895424,0.3176807178281285,0.6152469412038837,0.539691333789984,0.406950584840855,0.6700167934585687,0.31738204193281233,0.3101187647520507,0.4563005823043094,0.28081297815306616,0.021993456218087848,0.23945054055847675,0.22595938248344696,0.30751754585106195,0.0005332704035558485,0.013131955493927424,0,DATA
7320,305.30499999999995,0.16117061263162674,0.0450773079793945,0.543696488418702,0.13501103917210042,0.5117901518246187,0.47376307044954147,0.399691755174292,0.5008891612200435,0.3176807178281285,0.6152469412038837,0.539691333789984,0.406950584840855,0.619652085904349,0.30077181351382365,0.3055081002709656,0.4897880502909137,0.2712131265726557,0.024023565696637283,0.24039446036999457,0.2268750961609038,0.3078901628514239,0.02386186681809784,0,0,DATA
7332,305.8055,0.16377066596314452,0.04659787774358389,0.5433882049083388,0.1342970361248693,0.5117901518246187,0.47376307044954147,0.399691755174292,0.5008891612200435,0.3176807178281285,0.6152469412038837,0.539691333789984,0.406950584840855,0.6042233539876032,0.2962145045221001,0.30467091212625874,0.4997810707451483,0.2688644824632805,0.024619304450995947,0.24146104223990122,0.22783944937505105,0.3081583821621671,0.006941076351058728,0,0,DATA
7344,306.306,0.1663408621550472,0.04798610716309401,0.5429685443360311,0.1313148360655152,0.5117901518246187,0.47376307044954147,0.399691755174292,0.5008891612200435,0.3176807178281285,0.6152469412038837,0.539691333789984,0.406950584840855,0.5993032062344823,0.2952360160620458,0.3049594968831463,0.5027303888517359,0.26853547451867066,0.02484302625843499,0.24244644113162428,0.2284846622036079,0.30792228103933617,0.0020624069900208966,0,0,DATA
7356,306.80649999999997,0.16881060077387436,0.04951436081241902,0.541876217693534,0.12751292607396478,0.5117901518246187,0.47376307044954147,0.399691755174292,0.5008891612200435,0.3176807178281285,0.6152469412038837,0.539691333789984,0.406950584840855,0.5975062286421878,0.2953703805458405,0.3055647174201663,0.5035616954059858,0.268775037285584,0.024965795066790374,0.2433332249866203,0.22888202239519917,0.30736502928968323,0.0008455208710363982,0,0,DATA
7368,307.30699999999996,0.17105286486701163,0.05217604779984983,0.5400837237339761,0.1247736749590687,0.5117901518246187,0.47376307044954147,0.399691755174292,0.5008891612200435,0.3176807178281285,0.6152469412038837,0.539691333789984,0.406950584840855,0.5964081810971391,0.29615596224745955,0.306217159040831,0.5037179283277006,0.2695269680322525,0.02510048593129963,0.24448785380830848,0.22958347670944196,0.3069925350342429,0.000845356955777495,0.029469465862133344,0,DATA
7380,307.8075,0.17304261982570804,0.05435121928766191,0.5380600886196271,0.12235235600576395,0.5117901518246187,0.47376307044954147,0.399691755174292,0.5008891612200435,0.3176807178281285,0.6152469412038837,0.539691333789984,0.406950584840855,0.5956219808211838,0.2970006847745327,0.30683074006835676,0.5036886672021417,0.27020132041138795,0.02522111520681428,0.2453511463723028,0.23000227386667088,0.30652761368403614,0.0007481679435180633,0,0,DATA
7392,308.308,0.17492791025553736,0.055456527559555935,0.5355813738400667,0.11980098049862353,0.5117901518246187,0.47376307044954147,0.399691755174292,0.5008891612200435,0.3176807178281285,0.6152469412038837,0.539691333789984,0.406950584840855,0.5951540060012994,0.29756358784878495,0.30741072536687863,0.5036412030749577,0.27046723401999584,0.025298159565096807,0.24567458481111418,0.2298227032768122,0.305751985171485,0.0005369543975528394,0,0,DATA
7404,308.8085,0.1742361607548112,0.020771818549815028,0.550577883597659,0.11594657333145868,0.5117901518246187,0.47376307044954147,0.399691755174292,0.5008891612200435,0.3176807178281285,0.6152469412038837,0.539691333789984,0.406950584840855,0.6022974024473798,0.28802074024833313,0.3074394535612827,0.5048409286521434,0.2607820369423326,0.02405478527461602,0.23466165325859106,0.21992398198333182,0.30345834987591636,0.005571657413645441,0,0,DATA
7416,309.30899999999997,0.17370802270561003,0.04141722721707759,0.5422785591838457,0.08215378252658402,0.5117901518246187,0.47376307044954147,0.399691755174292,0.5008891612200435,0.3176807178281285,0.6152469412038837,0.539691333789984,0.406950584840855,0.6001048855610788,0.2909386003950311,0.3073371630292716,0.504478257021945,0.2634461368113247,0.02443243422893081,0.24115432423289318,0.22220744143576515,0.2976689581066574,0.0017375558550033847,0,0,DATA
7428,309.80949999999996,0.1674558596586783,0.0824332865277333,0.5251339650490786,0.0802468400179376,0.5117901518246187,0.47376307044954147,0.399691755174292,0.5008891612200435,0.3176807178281285,0.6152469412038837,0.539691333789984,0.406950584840855,0.5908337580399508,0.3032984550460241,0.30599352162981264,0.5029338934570126,0.274790817051353,0.02606089269912883,0.2528813965208157,0.2320293600593463,0.29852861366314154,0.007658207857193326,0.029961337015720985,0,DATA
7440,310.31,0.16120461856617646,0.08177282780938092,0.5080213140326408,0.1148679840158278,0.5890328414351851,0.063260205074728,0.4148001770152505,0.38938759531590417,0.3176807178281285,0.6152469412038837,0.539691333789984,0.406950584840855,0.47325031380951865,0.3230424478184023,0.30850802669601796,0.525103932995558,0.2853627676703865,0.03573412668305515,0.24794443461168683,0.2288432474483627,0.3004504867916071,0.046613980689671874,0,0,DATA
7452,310.8105,0.15487561416348947,0.08300027898635887,0.4910542185242428,0.11445523713860024,0.5890328414351851,0.063260205074728,0.4148001770152505,0.38938759531590417,0.3176807178281285,0.6152469412038837,0.539691333789984,0.406950584840855,0.4377175157932236,0.3293093319796696,0.3079332872913153,0.504204091906777,0.28676040866715147,0.038884622544180555,0.243776195100261,0.22293702369837431,0.29567738077534,0.014124807194088337,0,0,DATA
7464,311.311,0.14849342008215322,0.08378878296104891,0.4740214605042179,0.11208163573298768,0.5890328414351851,0.063260205074728,0.4148001770152505,0.38938759531590417,0.3176807178281285,0.6152469412038837,0.539691333789984,0.406950584840855,0.4268920905536502,0.331410178340963,0.3064206047128239,0.4977409561063436,0.28549762657474353,0.03988609684042856,0.2394086062698648,0.2166287989254143,0.2904245271772812,0.004812984726452733,0,0,DATA
7476,311.81149999999997,0.14196686921296295,0.08630297036678249,0.45648220996186656,0.10926245438273612,0.5890328414351851,0.063260205074728,0.4148001770152505,0.38938759531590417,0.3176807178281285,0.6152469412038837,0.539691333789984,0.406950584840855,0.4231164836265741,0.33274440472295636,0.30459622425674654,0.49518603945180883,0.2839608310002295,0.040310500072533895,0.23560112094984992,0.21078547041613918,0.285200351295584,0.0023114045883822674,0,0,DATA
7488,312.31199999999995,0.13528624557461874,0.09103500528344965,0.43578862131133517,0.10637109115337784,0.5890328414351851,0.063260205074728,0.4148001770152505,0.38938759531590417,0.3176807178281285,0.6152469412038837,0.539691333789984,0.406950584840855,0.42099007421595114,0.33446964241422117,0.302645979155871,0.4932602159008649,0.28261976414334944,0.04066886099456787,0.23201909245874164,0.20484494673704193,0.2794904243607452,0.001933964067587779,0.09589841609110573,0,DATA
7500,312.8125,0.12886908814451706,0.09589333494258033,0.4159346008404015,0.10521033616022468,0.5890328414351851,0.063260205074728,0.4148001770152505,0.38938759531590417,0.3176807178281285,0.6152469412038837,0.539691333789984,0.406950584840855,0.41933190216434685,0.33634754602615724,0.300713302565287,0.49149217806909484,0.28158155380532573,0.04101432085016668,0.22870818874218685,0.19943256547407845,0.27438180195024053,0.0018229174180414514,0,0,DATA
7512,313.313,0.12404421693445895,0.09925083869878353,0.4007704772978791,0.1049417301816216,0.5890328414351851,0.063260205074728,0.4148001770152505,0.38938759531590417,0.3176807178281285,0.6152469412038837,0.539691333789984,0.406950584840855,0.41812937476006284,0.337851018161475,0.2991202766339996,0.4901391782992938,0.2808044089264574,0.041282972466869024,0.22605339129415203,0.1952344950739311,0.27055818831131406,0.0014330084902963909,0,0,DATA
7524,313.8135,0.12070390511528684,0.10491812546923956,0.3900713876290434,0.10424992770185774,0.5890328414351851,0.063260205074728,0.4148001770152505,0.38938759531590417,0.3176807178281285,0.6152469412038837,0.539691333789984,0.406950584840855,0.4165784863169819,0.339888900097798,0.2979409033725872,0.4883447931095919,0.2813551161665396,0.04164268428161382,0.2255124257047329,0.193554440269652,0.2682611172318035,0.0015893812136054304,0,0,DATA
7536,314.31399999999996,0.11776758663534857,0.10687521295783577,0.3809342533723668,0.1028123932545969,0.5890328414351851,0.063260205074728,0.4148001770152505,0.38938759531590417,0.3176807178281285,0.6152469412038837,0.539691333789984,0.406950584840855,0.4157022314114524,0.3410482491755018,0.29697046451337644,0.4873269911179753,0.2809749966442506,0.04184748350459809,0.2238805701528484,0.19086511784737373,0.2656892580534778,0.0010020142808147003,0,0,DATA
7548,314.81449999999995,0.11580588036719315,0.11163559224986679,0.3729927271391726,0.10287678217336467,0.5890328414351851,0.063260205074728,0.4148001770152505,0.38938759531590417,0.3176807178281285,0.6152469412038837,0.539691333789984,0.406950584840855,0.4144396752884671,0.3427289601005816,0.2962673745393006,0.4858553575939427,0.2816377397933384,0.04214458104455394,0.22380407536939087,0.1900009093324736,0.26423464054592194,0.0012154523407136668,0.07055997323947408,0,DATA
7560,315.315,0.11380006212554467,0.09756255806244961,0.3640560772329624,0.09753320493214317,0.5161570669934641,0.16975107316791355,0.3897819648692811,0.48597426470588234,0.3176807178281285,0.6152469412038837,0.539691333789984,0.406950584840855,0.446833688697021,0.3239888111728674,0.2886301263154602,0.5114224387620767,0.26669535842899716,0.03763613607178581,0.21598636806485227,0.18075517931319182,0.2586202256688477,0.019590470186702846,0,0,DATA
7572,315.8155,0.11789942611882716,0.06173569764208236,0.3784520781376712,0.09203610558056534,0.5161570669934641,0.16975107316791355,0.3897819648692811,0.48597426470588234,0.3176807178281285,0.6152469412038837,0.539691333789984,0.406950584840855,0.46407553340786434,0.30833524557685027,0.28719981828689745,0.527870143915507,0.25340650665809267,0.03470132442363901,0.20535469687630362,0.1710133982799563,0.2561557133609824,0.011441906111807731,0,0,DATA
7584,316.316,0.12208325532180464,0.07317013056586603,0.38558018049762155,0.09302193400501813,0.5161570669934641,0.16975107316791355,0.3897819648692811,0.48597426470588234,0.3176807178281285,0.6152469412038837,0.539691333789984,0.406950584840855,0.4668468559071227,0.3068408171167045,0.2876493300109539,0.530003019395209,0.25556887060622097,0.034354560740177696,0.21219085635840268,0.1786609508404956,0.26026845249472585,0.001571754227820188,0,0,DATA
7596,316.81649999999996,0.1268931979620552,0.08673834824454862,0.39488743378265695,0.09453414933087696,0.5161570669934641,0.16975107316791355,0.3897819648692811,0.48597426470588234,0.3176807178281285,0.6152469412038837,0.539691333789984,0.406950584840855,0.46482892694437694,0.31019158952869197,0.28879427148262343,0.5273186687078424,0.2613124033004613,0.034861168822388884,0.22044158261493288,0.18799362395811525,0.26541393579698397,0.002171214282134256,0,0,DATA
7608,317.31699999999995,0.1306461553081881,0.10212773400941672,0.40138879844589,0.09581224839239909,0.5161570669934641,0.16975107316791355,0.3897819648692811,0.48597426470588234,0.3176807178281285,0.6152469412038837,0.539691333789984,0.406950584840855,0.4609917772449309,0.31550584926645125,0.2899258749668122,0.5227429639892398,0.2680947851752352,0.035712651887207104,0.22864820132275332,0.1969781890384112,0.2699786003744401,0.003427670973798036,0.030638320202825014,0,DATA
7620,317.8175,0.13366367669753088,0.11229797686843085,0.40755948741188225,0.09760709183505745,0.5161570669934641,0.16975107316791355,0.3897819648692811,0.48597426470588234,0.3176807178281285,0.6152469412038837,0.539691333789984,0.406950584840855,0.4577048813347041,0.319947795188303,0.2908990355038308,0.5188785430732006,0.27344086971056136,0.03643628678725152,0.23455394053742598,0.20368048149394893,0.27370752987225627,0.0029006674563657095,0,0,DATA
7632,318.318,0.1364174127405592,0.11494265233632395,0.4165467001435323,0.09952622902893608,0.5161570669934641,0.16975107316791355,0.3897819648692811,0.48597426470588234,0.3176807178281285,0.6152469412038837,0.539691333789984,0.406950584840855,0.4561634307133785,0.3220208880958686,0.29176926823397237,0.5170712713087549,0.27648340342895905,0.036776614354344525,0.23796000047951887,0.20817717642859473,0.2770102354184313,0.0014949254196775879,0,0,DATA
7644,318.8185,0.13972588167211328,0.12634492943778808,0.42605484043630054,0.09894140024501502,0.5161570669934641,0.16975107316791355,0.3897819648692811,0.48597426470588234,0.3176807178281285,0.6152469412038837,0.539691333789984,0.406950584840855,0.45330651733567334,0.3258354535565482,0.2927251165286412,0.5137355318895626,0.28197876823990076,0.03740774496487135,0.24508423316496902,0.21619374026492955,0.2813114931932142,0.0025424423776845284,0,0,DATA
7656,319.31899999999996,0.14303988233024692,0.1475398327804778,0.4322410007118458,0.09832805424718083,0.5161570669934641,0.16975107316791355,0.3897819648692811,0.48597426470588234,0.3176807178281285,0.6152469412038837,0.539691333789984,0.406950584840855,0.447998513620397,0.3329143961307052,0.2937078111552499,0.5075420587448458,0.2906002437650281,0.038591540715276616,0.25546222668878066,0.22712901521651235,0.2862459996297505,0.0044565469720140305,0,0,DATA
7668,319.8195,0.14441015483160857,0.15057194046988284,0.433782430609603,0.10183496022829337,0.5161570669934641,0.16975107316791355,0.3897819648692811,0.48597426470588234,0.3176807178281285,0.6152469412038837,0.539691333789984,0.406950584840855,0.44576936989103905,0.33588706905598575,0.29429037676851844,0.5049411504175265,0.2933038543775855,0.03909336940495372,0.25725741024436644,0.22942903235998507,0.2879245817039592,0.0019281274226356688,0.13731672748838092,0,DATA
7680,320.32,0.1458028733773602,0.15648266044292583,0.4384578349898613,0.1035085791615562,0.5203095639297386,0.21576302793879448,0.39242927900326796,0.48144812091503264,0.3176807178281285,0.6152469412038837,0.539691333789984,0.406950584840855,0.4567427229137393,0.33930589688263957,0.2954988653046232,0.5087184130155498,0.2970402770358863,0.0387093835043526,0.26083532281878563,0.23364184726575637,0.29045403643620793,0.005200223128486281,0,0,DATA
7692,320.8205,0.14561663858251633,0.15556139889821421,0.44204290774146676,0.10379550602841829,0.5203095639297386,0.21576302793879448,0.39242927900326796,0.48144812091503264,0.3176807178281285,0.6152469412038837,0.539691333789984,0.406950584840855,0.46022819374493884,0.3400735919981165,0.29582230255853736,0.5100773008734111,0.29778027927929823,0.03854804877261871,0.2611465857922533,0.2343403102010708,0.2912508772862906,0.0015255344001968707,0,0,DATA
7704,321.32099999999997,0.1436304296023965,0.16152977043658534,0.4418349475167019,0.10536618536903541,0.5203095639297386,0.21576302793879448,0.39242927900326796,0.48144812091503264,0.3176807178281285,0.6152469412038837,0.539691333789984,0.406950584840855,0.4600204769712407,0.34197504456350347,0.29550222984888647,0.5090227162038685,0.2997550654929131,0.03877849950473925,0.26309510056662483,0.23642509688702754,0.29220965793096654,0.0008097473495786711,0,0,DATA
7716,321.82149999999996,0.1409649175063544,0.16820438411441904,0.4335282840838209,0.09861819452727405,0.5203095639297386,0.21576302793879448,0.39242927900326796,0.48144812091503264,0.3176807178281285,0.6152469412038837,0.539691333789984,0.406950584840855,0.4585564930667862,0.344414372162913,0.29484645049582237,0.5070710604519366,0.3008066400277126,0.039160994355438614,0.2635705109319737,0.2353950418249122,0.28951803474646487,0.0015196969523093757,0,0,DATA
7728,322.322,0.13883892605074435,0.1668090596054128,0.4367100512086279,0.05756582795914206,0.5203095639297386,0.21576302793879448,0.39242927900326796,0.48144812091503264,0.3176807178281285,0.6152469412038837,0.539691333789984,0.406950584840855,0.45841031604234117,0.34475547958021413,0.294203258484225,0.5068274182310635,0.2993576906324551,0.03921036235798904,0.26322353626221057,0.23126100721081658,0.2816811053921282,0.00037682548444784025,0.11279869452348529,0,DATA
7740,322.8225,0.13521142542665213,0.16630726039168758,0.4369421368452114,0.05584358041314664,0.5203095639297386,0.21576302793879448,0.39242927900326796,0.48144812091503264,0.3176807178281285,0.6152469412038837,0.539691333789984,0.406950584840855,0.45847184076989,0.3447173080255614,0.29324852574968646,0.5068772663721642,0.29892326015009024,0.03920156714666662,0.26234373357921875,0.23023218833688353,0.28095665734760705,0.00035147633891337754,0,0,DATA
7752,323.323,0.13077069007579883,0.16729838814764086,0.43568394635507096,0.05998055980071216,0.5203095639297386,0.21576302793879448,0.39242927900326796,0.48144812091503264,0.3176807178281285,0.6152469412038837,0.539691333789984,0.406950584840855,0.45828216135940447,0.3449833723308325,0.2920295515056457,0.506649394514286,0.2989007166628229,0.0392455658334605,0.2616003995134013,0.22977673316080863,0.2811741012308927,0.0005582393199324668,0,0,DATA
7764,323.82349999999997,0.12669398488562092,0.16839131933553633,0.43302694930109475,0.06344122553909258,0.5203095639297386,0.21576302793879448,0.39242927900326796,0.48144812091503264,0.3176807178281285,0.6152469412038837,0.539691333789984,0.406950584840855,0.4579957419868007,0.34536921235502455,0.2908077511424961,0.5063132648158881,0.29880054023524527,0.039310232573448504,0.26069083153972866,0.2289475320555764,0.28095825427424126,0.0006313532533151478,0,0,DATA
7776,324.32399999999996,0.12276372861065725,0.17347457870337823,0.42670699064277445,0.06742425001761371,0.5203095639297386,0.21576302793879448,0.39242927900326796,0.48144812091503264,0.3176807178281285,0.6152469412038837,0.539691333789984,0.406950584840855,0.4568423317077728,0.34690827698527793,0.28961585721580885,0.5049670273612474,0.29962380595039734,0.0395694370761055,0.26067409230020866,0.22869709939807642,0.2805443327830453,0.0012947896119895146,0,0,DATA
7788,324.8245,0.1207959587191358,0.16915597147590722,0.4263261247971566,0.07575599069806305,0.5203095639297386,0.21576302793879448,0.39242927900326796,0.48144812091503264,0.3176807178281285,0.6152469412038837,0.539691333789984,0.406950584840855,0.4574032161418333,0.34616078635066205,0.2888450573605832,0.5056212148955855,0.29861447854765455,0.03944340316805347,0.25847692226179236,0.22729501684314335,0.2812708963844579,0.000693058307967361,0.06516288926540942,0,DATA
7800,325.325,0.1196075594589688,0.15381649363236094,0.4274137221740053,0.07871307006419899,0.5450226375272331,0.20998537625338654,0.4055970860566449,0.45244144880174286,0.3176807178281285,0.6152469412038837,0.539691333789984,0.406950584840855,0.45917502934728194,0.3468312308195582,0.29205123953432593,0.5061718992638617,0.29671615169307874,0.039390747948181065,0.2523209707477102,0.22154353300335963,0.27971444999934864,0.0018828132826958315,0,0,DATA
7812,325.8255,0.11876634696123821,0.16305213258489834,0.42991731632465435,0.07804109339212818,0.5450226375272331,0.20998537625338654,0.4055970860566449,0.45244144880174286,0.3176807178281285,0.6152469412038837,0.539691333789984,0.406950584840855,0.45776708912888364,0.34961834306693745,0.29283643956192534,0.504074373030973,0.30007237650528895,0.039810660089575636,0.25634770265930884,0.22575342666281611,0.2815071777957043,0.0016600841644589897,0,0,DATA
7824,326.32599999999996,0.116125869473947,0.17276659696200491,0.4261137370761477,0.08068258096057909,0.5450226375272331,0.20998537625338654,0.4055970860566449,0.45244144880174286,0.3176807178281285,0.6152469412038837,0.539691333789984,0.406950584840855,0.4553046695441718,0.3531745267667411,0.292517499297874,0.5010650713887154,0.3031983928194421,0.04039822826881607,0.2589446770629919,0.2282341918984936,0.28227770240510464,0.0021125145161889347,0,0,DATA
7836,326.82649999999995,0.11277045178603849,0.1863312123630193,0.41716780252408237,0.0849910503387812,0.5450226375272331,0.20998537625338654,0.4055970860566449,0.45244144880174286,0.3176807178281285,0.6152469412038837,0.539691333789984,0.406950584840855,0.4517173744345452,0.35803947418896626,0.29171717950419784,0.4968389501227894,0.30711809295078707,0.041224432822524276,0.2619102527754029,0.23073602109351826,0.2826020631840901,0.0030841874418426527,0,0,DATA
7848,327.327,0.11149017622095135,0.18164002184242198,0.41384085147254734,0.08903510382341766,0.5450226375272331,0.20998537625338654,0.4055970860566449,0.45244144880174286,0.3176807178281285,0.6152469412038837,0.539691333789984,0.406950584840855,0.45162633591098267,0.3581854250698665,0.29120822569742666,0.496720455420558,0.30611517896402596,0.041248085333457425,0.25911233124383953,0.22800980980526503,0.2817474299835353,0.000248647737077982,0.05968358228494871,0,DATA
7860,327.8275,0.1103608884236565,0.17574087059660562,0.41039885150427696,0.0915422902531547,0.5450226375272331,0.20998537625338654,0.4055970860566449,0.45244144880174286,0.3176807178281285,0.6152469412038837,0.539691333789984,0.406950584840855,0.45283784611553535,0.35657744798530805,0.2908183891179634,0.4981301990651136,0.3038034329511736,0.04097219373791603,0.25583841319239997,0.2246424103999721,0.2803905658108132,0.0010697746228581217,0,0,DATA
7872,328.328,0.10872147614832972,0.1712815632531216,0.40286522151717286,0.09835625048394259,0.5450226375272331,0.20998537625338654,0.4055970860566449,0.45244144880174286,0.3176807178281285,0.6152469412038837,0.539691333789984,0.406950584840855,0.45413775371903287,0.354846448803765,0.2903571615663058,0.49964565245763387,0.3012887140960433,0.04067642872205794,0.2522200818025202,0.2209521120344607,0.2790371130311394,0.0011640447788994017,0,0,DATA
7884,328.82849999999996,0.1080455417120552,0.164572730400579,0.39704046638454854,0.10650299794564394,0.5450226375272331,0.20998537625338654,0.4055970860566449,0.45244144880174286,0.3176807178281285,0.6152469412038837,0.539691333789984,0.406950584840855,0.45593658089911604,0.35244867585059014,0.2900768470691909,0.501743952524263,0.2983494615953827,0.04026843064457875,0.24823641074772335,0.21720064021257157,0.2781363553688148,0.001492304876790973,0,0,DATA
7896,329.32899999999995,0.11236475637708786,0.19459617535868623,0.4462200268586504,0.1170663121612468,0.5450226375272331,0.20998537625338654,0.4055970860566449,0.45244144880174286,0.3176807178281285,0.6152469412038837,0.539691333789984,0.406950584840855,0.4501713056119385,0.3601359085529077,0.29089978779971326,0.4950176985295154,0.31443516940878935,0.04158274184439974,0.27094554375879315,0.24588406069261187,0.2974793465406802,0.004758482906672486,0,0,DATA
7908,329.8295,0.1171646638979666,0.17928846209563243,0.4602857985198792,0.14167389818933765,0.5450226375272331,0.20998537625338654,0.4055970860566449,0.45244144880174286,0.3176807178281285,0.6152469412038837,0.539691333789984,0.406950584840855,0.4516563428110265,0.3581559186499479,0.2921546505982545,0.49675021208053927,0.31385412998706624,0.04124243051804167,0.26859559428999313,0.2474014469927438,0.30410114042423536,0.0015732966335296934,0.0649358763566574,0,DATA
7920,330.33,0.1222750573030138,0.16537231372540057,0.47846808942928126,0.1536562107905152,0.599222962622549,0.6592621430174774,0.4213996119281046,0.37836294934640513,0.3176807178281285,0.6152469412038837,0.539691333789984,0.406950584840855,0.5808217398224471,0.36504746840541136,0.29802899929688553,0.47706539588607066,0.3188324749866864,0.03213419216456411,0.26768767180479025,0.24950998485859885,0.30946679275679134,0.04731043182183836,0,0,DATA
7932,330.8305,0.1246711814065904,0.15179941139557038,0.48998862597214154,0.16044659412602305,0.599222962622549,0.6592621430174774,0.4213996119281046,0.37836294934640513,0.3176807178281285,0.6152469412038837,0.539691333789984,0.406950584840855,0.6224216684151376,0.36331452067969794,0.30029448996822594,0.4571319054525822,0.3174668116253352,0.028807735017346806,0.26504184300214556,0.248695248043791,0.3119086806204911,0.015199455663248096,0,0,DATA
7944,331.33099999999996,0.12492514439224763,0.13993578502141238,0.49937841875028394,0.1665245379241531,0.599222962622549,0.6592621430174774,0.4213996119281046,0.37836294934640513,0.3176807178281285,0.6152469412038837,0.539691333789984,0.406950584840855,0.6373930085315178,0.35947282097721966,0.30102746939661607,0.45156708524563116,0.3146538215081378,0.02737294520713996,0.2622251436052423,0.24742532230451497,0.31371756991709476,0.006515339749082878,0,0,DATA
7956,331.83149999999995,0.12563529752178648,0.11976724117682798,0.5080157671060835,0.1674818697845333,0.599222962622549,0.6592621430174774,0.4213996119281046,0.37836294934640513,0.3176807178281285,0.6152469412038837,0.539691333789984,0.406950584840855,0.6461198047737947,0.3526731187899925,0.30139649538233626,0.45060353821810634,0.30847862050814223,0.02620884674697182,0.2560272263644762,0.24218687308536685,0.3131141071143869,0.00529850813840808,0,0,DATA
7968,332.332,0.12791114203204432,0.10094879886920133,0.5187889425438844,0.16957473384358032,0.599222962622549,0.6592621430174774,0.4213996119281046,0.37836294934640513,0.3176807178281285,0.6152469412038837,0.539691333789984,0.406950584840855,0.6526897165310793,0.34536404428768896,0.3019851305252064,0.45097311959061576,0.30264078821325846,0.025189181665521327,0.2511096534310373,0.23855590410161276,0.3136307918905283,0.00482254046748611,0.030284639660760396,0,DATA
7980,332.8325,0.13128545978576614,0.08197480161895455,0.5339465567658962,0.17223102822613212,0.599222962622549,0.6592621430174774,0.4213996119281046,0.37836294934640513,0.3176807178281285,0.6152469412038837,0.539691333789984,0.406950584840855,0.6586452294808165,0.3378586027069288,0.3028703277963491,0.4517480839061273,0.29729679460700414,0.024219225616940687,0.2472264409260853,0.23645408245711713,0.3154427865103768,0.004782050600546668,0,0,DATA
7992,333.33299999999997,0.13686863851443357,0.10752340321664287,0.5308193896644756,0.17523353763197416,0.599222962622549,0.6592621430174774,0.4213996119281046,0.37836294934640513,0.3176807178281285,0.6152469412038837,0.539691333789984,0.406950584840855,0.6550666770302231,0.34276057868005344,0.3043083545107121,0.4510863721448617,0.3045172510688656,0.02482820453130244,0.25793708389061,0.24715225965208393,0.31965210472871003,0.0033061850460269957,0,0,DATA
8004,333.83349999999996,0.14253036066857297,0.10154050318013774,0.527575635628435,0.17905215646550107,0.599222962622549,0.6592621430174774,0.4213996119281046,0.37836294934640513,0.3176807178281285,0.6152469412038837,0.539691333789984,0.406950584840855,0.6552495203027112,0.3425559594617694,0.3059287241773902,0.4510972601177596,0.30365364757340174,0.024800229582998098,0.2560275174996277,0.24530017974085028,0.31927362719634345,0.0006692773858167356,0,0,DATA
8016,334.334,0.14817864356390706,0.0958286479023978,0.5244877310584181,0.18766963434491712,0.599222962622549,0.6592621430174774,0.4213996119281046,0.37836294934640513,0.3176807178281285,0.6152469412038837,0.539691333789984,0.406950584840855,0.656503862892783,0.340895254218517,0.3076009744854138,0.45130044144434994,0.3021693407814133,0.024590202626271096,0.25425485105359513,0.24408047062575766,0.31993319662759484,0.001529099380449243,0,0,DATA
8028,334.8345,0.15403936603576618,0.08849835299220694,0.5210271699695237,0.19202915851372795,0.599222962622549,0.6592621430174774,0.4213996119281046,0.37836294934640513,0.3176807178281285,0.6152469412038837,0.539691333789984,0.406950584840855,0.6584195276009446,0.3383445600706879,0.3093334012969113,0.45161795616418376,0.2996940485409191,0.02427009787914519,0.2518027653661118,0.24171828124626593,0.31942648919979066,0.0020662618891627385,0.02654950589766208,0,DATA
8040,335.335,0.1568957581585875,0.041483719124832584,0.46681485093975467,0.18997051504475138,0.5193552134395425,0.4834087894949438,0.4050477430555556,0.49306985294117645,0.3176807178281285,0.6152469412038837,0.539691333789984,0.406950584840855,0.6196283611392324,0.307643027015043,0.3058744484018393,0.4863643059228623,0.26739147463624663,0.02457392329765785,0.22272572643777247,0.20701414606805207,0.2986951248807291,0.02431721747080971,0,0,DATA
8052,335.83549999999997,0.15964960058097313,0.04274294230397882,0.4730723497659502,0.18936156533533946,0.5193552134395425,0.4834087894949438,0.4050477430555556,0.49306985294117645,0.3176807178281285,0.6152469412038837,0.539691333789984,0.406950584840855,0.607726574333098,0.29878514958851043,0.3054150694420187,0.4967441380391957,0.2632250731535484,0.024613149575171377,0.2250316839591472,0.20988495850110517,0.3006019773645061,0.007073014397495858,0,0,DATA
8064,336.33599999999996,0.16242081829838417,0.04408987892750979,0.4730605242688611,0.1837702815992949,0.5193552134395425,0.4834087894949438,0.4050477430555556,0.49306985294117645,0.3176807178281285,0.6152469412038837,0.539691333789984,0.406950584840855,0.6038731816003161,0.29650492861513933,0.30585921147472883,0.49981094489227224,0.262069077437591,0.02466524634254951,0.22612233705262397,0.21041530067126857,0.2999599265082956,0.0021925852462877002,0,0,DATA
8076,336.8365,0.16514306605165216,0.045109115681613514,0.47297157068159107,0.17858382124925357,0.5193552134395425,0.4834087894949438,0.4050477430555556,0.49306985294117645,0.3176807178281285,0.6152469412038837,0.539691333789984,0.406950584840855,0.6025031240621198,0.29610624861427703,0.3065641261127281,0.5006953136618015,0.2619925942935176,0.02471727484167068,0.22705669058746505,0.2108221128123785,0.2993255063299122,0.0008245507256859538,0,0,DATA
8088,337.337,0.16782343579793027,0.04731012382553399,0.4723567651527427,0.17658502452754266,0.5193552134395425,0.4834087894949438,0.4050477430555556,0.49306985294117645,0.3176807178281285,0.6152469412038837,0.539691333789984,0.406950584840855,0.6016298950904376,0.29660292689431605,0.3073384781508463,0.5008835890076231,0.2627034636119403,0.024813125211708108,0.2283502066885192,0.21185426868837673,0.29937023379957384,0.0007147530966131374,0.014193037147660197,0,DATA
8100,337.8375,0.17045657310956788,0.04973188724443136,0.4719942825716808,0.1792506042521881,0.5193552134395425,0.4834087894949438,0.4050477430555556,0.49306985294117645,0.3176807178281285,0.6152469412038837,0.539691333789984,0.406950584840855,0.6008593560809645,0.2974300241356191,0.3081237425977257,0.5008553098917081,0.2638609803679351,0.0249304463844125,0.22977304300219328,0.21350741471640916,0.3004393073432358,0.0007943002325518367,0,0,DATA
8112,338.33799999999997,0.17308800835148874,0.050680456067932145,0.47175363233024087,0.17991255519891447,0.5193552134395425,0.4834087894949438,0.4050477430555556,0.49306985294117645,0.3176807178281285,0.6152469412038837,0.539691333789984,0.406950584840855,0.6004289949251874,0.2979437525785902,0.3089119233325929,0.5008136262481111,0.26452910327372786,0.025000433781453595,0.23063062753168978,0.21440712931643433,0.30091696381993827,0.0005774234445384644,0,0,DATA
8124,338.83849999999995,0.17575167653867105,0.0518303517791422,0.47155085792527324,0.1782555020838897,0.5193552134395425,0.4834087894949438,0.4050477430555556,0.49306985294117645,0.3176807178281285,0.6152469412038837,0.539691333789984,0.406950584840855,0.6000584084791002,0.2984198419106203,0.3097077478723613,0.5007608748051398,0.265121218588517,0.025063606368181248,0.23158276457261676,0.21517328360536203,0.3009737107710912,0.00054750010596194,0,0,DATA
8136,339.339,0.1758729490059913,0.018780712983350042,0.4888185091589656,0.17596824889671617,0.5193552134395425,0.4834087894949438,0.4050477430555556,0.49306985294117645,0.3176807178281285,0.6152469412038837,0.539691333789984,0.406950584840855,0.6068876566923903,0.28930876984740755,0.30997196245242914,0.501901786730101,0.25635696296120436,0.023883478175372827,0.22184069379450239,0.20692925263189957,0.29988785436944276,0.005401511618856898,0,0,DATA
8148,339.8395,0.1760092918822622,0.03329036081882839,0.506112705333042,0.1742019502283673,0.5193552134395425,0.4834087894949438,0.4050477430555556,0.49306985294117645,0.3176807178281285,0.6152469412038837,0.539691333789984,0.406950584840855,0.6058894051109269,0.29063814962237766,0.3100798588304664,0.5017362226333477,0.2614916935041198,0.02405415054947828,0.2311306607387632,0.2177720093267331,0.30604822514224095,0.0008118425781569183,0.009987108245648517,0,DATA
8160,340.34,0.17609258691902685,0.03695903900877253,0.5235080702738716,0.16798756309738427,0.5212413619961873,0.49392975815856555,0.40540866693899785,0.4903407543572984,0.3176807178281285,0.6152469412038837,0.539691333789984,0.406950584840855,0.6077653784424137,0.29246028464494844,0.3102307783889619,0.49988716845631886,0.2650174949386548,0.024089740304350415,0.23609386401025972,0.2238533103792143,0.30971282018341983,0.0012830093041843644,0,0,DATA
8172,340.84049999999996,0.17109296988471312,0.09910738902015725,0.5272452985778179,0.1587065867594195,0.5212413619961873,0.49392975815856555,0.40540866693899785,0.4903407543572984,0.3176807178281285,0.6152469412038837,0.539691333789984,0.406950584840855,0.595277016939469,0.31040846315490744,0.30922613467930465,0.4971572599528117,0.2854073970266616,0.026382182226810703,0.2607007262687401,0.24790579783429284,0.31761322279008974,0.010480394574186999,0,0,DATA
8184,341.34099999999995,0.16569379198438633,0.10519033633083656,0.5267510712847318,0.16201510749296705,0.5212413619961873,0.49392975815856555,0.40540866693899785,0.4903407543572984,0.3176807178281285,0.6152469412038837,0.539691333789984,0.406950584840855,0.5902530895533429,0.31749614195488535,0.3077909142073389,0.4961253842458858,0.29027437519850247,0.02731954328139698,0.26195522415432926,0.24944172506392814,0.318523894420097,0.004515608886023259,0,0,DATA
8196,341.8415,0.16133915299337329,0.10789860580537375,0.5042640716732505,0.1501127710430978,0.5212413619961873,0.49392975815856555,0.40540866693899785,0.4903407543572984,0.3176807178281285,0.6152469412038837,0.539691333789984,0.406950584840855,0.5881771747478522,0.3203807610477491,0.30644587387763644,0.49572103210219925,0.2889155652394931,0.027707423135934623,0.2576702042236453,0.24171777152710908,0.3104924537493321,0.002101858076018944,0,0,DATA
8208,342.342,0.1576842419548838,0.10986411707312162,0.4942704017228399,0.1466270772748058,0.5212413619961873,0.49392975815856555,0.40540866693899785,0.4903407543572984,0.3176807178281285,0.6152469412038837,0.539691333789984,0.406950584840855,0.5871416429399781,0.32179648993057763,0.30527483046064285,0.4955309335647221,0.28844842334416976,0.027899837729488234,0.25572669253296443,0.23842632346455794,0.3072262330943843,0.001207434702565439,0.13484152245976752,0,DATA
8220,342.8425,0.1551202512254902,0.11316706731066183,0.4849903131178584,0.14706244852381176,0.5212413619961873,0.49392975815856555,0.40540866693899785,0.4903407543572984,0.3176807178281285,0.6152469412038837,0.539691333789984,0.406950584840855,0.5861373638477323,0.3231460346619375,0.30438507938237214,0.49535830074516507,0.2884853071800031,0.028084994651141715,0.25467905676110547,0.23649421595710146,0.30523232865563177,0.0010811916339587742,0,0,DATA
8232,343.34299999999996,0.15151338819671387,0.11591527722387164,0.4726895297069819,0.14598461556701378,0.5212413619961873,0.49392975815856555,0.40540866693899785,0.4903407543572984,0.3176807178281285,0.6152469412038837,0.539691333789984,0.406950584840855,0.5852589560382845,0.32432039685704417,0.30336071282284793,0.4952103235523356,0.2878218817133015,0.028246885793819357,0.2525968114384588,0.23307410899768738,0.3019931113956569,0.001025712188026236,0,0,DATA
8244,343.84349999999995,0.14776677815223313,0.11804959433329655,0.46071608795805935,0.14558249471818896,0.5212413619961873,0.49392975815856555,0.40540866693899785,0.4903407543572984,0.3176807178281285,0.6152469412038837,0.539691333789984,0.406950584840855,0.584547227102471,0.3252703143062151,0.3022666147456497,0.49509122929565696,0.2869806962729298,0.02837823534415125,0.2503065279235481,0.22954626922300192,0.2988648133506269,0.0009185814873942285,0,0,DATA
8256,344.344,0.14387609499818446,0.12024948603252693,0.44904638478329,0.14626678308685812,0.5212413619961873,0.49392975815856555,0.40540866693899785,0.4903407543572984,0.3176807178281285,0.6152469412038837,0.539691333789984,0.406950584840855,0.5838717311648884,0.32617125921675094,0.30112134186014,0.49497850480918026,0.2861889983925788,0.02850310710274334,0.24807440733747665,0.22621560715632047,0.2960251606701481,0.0009072379112093539,0,0,DATA
8268,344.8445,0.14084499251089325,0.12374725297516832,0.43905580390304383,0.148548826973138,0.5212413619961873,0.49392975815856555,0.40540866693899785,0.4903407543572984,0.3176807178281285,0.6152469412038837,0.539691333789984,0.406950584840855,0.5829345513256591,0.32742091743385127,0.30014122847215596,0.49482226562024484,0.28614835988449994,0.028676749885331834,0.24686917744102577,0.22423952356047294,0.29420547902000965,0.0010556504814379086,0.0899678521474559,0,DATA
8280,345.34499999999997,0.13789693684186638,0.13014320987185862,0.4304219848019337,0.1507478351302943,0.5185031147875816,0.08433306715542484,0.38882531658496733,0.48145526960784313,0.3176807178281285,0.6152469412038837,0.539691333789984,0.406950584840855,0.4666231729447059,0.32901165091624746,0.29458476466613653,0.5188057610142291,0.286942210658039,0.036852309990285735,0.2471111852456745,0.22383805027072629,0.2931514138437642,0.041152858556456264,0,0,DATA
8292,345.84549999999996,0.13524440302741467,0.11789700366292627,0.4215132253492515,0.1487816175601753,0.5185031147875816,0.08433306715542484,0.38882531658496733,0.48145526960784313,0.3176807178281285,0.6152469412038837,0.539691333789984,0.406950584840855,0.4343014627342957,0.3260599332224653,0.29236079342329585,0.5041207647559152,0.28185188450605775,0.03873484172982938,0.23990044410867475,0.21553981143144643,0.2884287961537848,0.012499133049011013,0,0,DATA
8304,346.346,0.13270725535584604,0.11491429024394878,0.4126237983879176,0.1436467016275279,0.5185031147875816,0.08433306715542484,0.38882531658496733,0.48145526960784313,0.3176807178281285,0.6152469412038837,0.539691333789984,0.406950584840855,0.42523131948915793,0.3243392581570169,0.2911608010394143,0.5004460306660705,0.27886714563336085,0.039148209964242536,0.23642204381450324,0.21065897684787677,0.2844783344469184,0.003996936898155908,0,0,DATA
8316,346.8465,0.13525457998592952,0.05251108051400922,0.42586952118447563,0.1367911065591805,0.5185031147875816,0.08433306715542484,0.38882531658496733,0.48145526960784313,0.3176807178281285,0.6152469412038837,0.539691333789984,0.406950584840855,0.4356149505589039,0.3063501569129993,0.29133574149656727,0.5146323968229523,0.25960822023341973,0.036308884175682433,0.21461936940785573,0.18949531521405033,0.27731289713590584,0.009515890923638859,0,0,DATA
8328,347.347,0.13863776268609293,0.08513372354651094,0.43442895602650555,0.13742212720234595,0.5185031147875816,0.08433306715542484,0.38882531658496733,0.48145526960784313,0.3176807178281285,0.6152469412038837,0.539691333789984,0.406950584840855,0.43187928484300236,0.31008776658889453,0.29209869200074756,0.5108957591270539,0.2683934365469404,0.03699512958034296,0.23005695012929508,0.20585194148400923,0.28481067469993804,0.002745408631992352,0.02554011706395328,0,DATA
8340,347.84749999999997,0.1414343341503268,0.08979961252804619,0.44009512881575574,0.14506643462735103,0.5185031147875816,0.08433306715542484,0.38882531658496733,0.48145526960784313,0.3176807178281285,0.6152469412038837,0.539691333789984,0.406950584840855,0.42977874844210945,0.31251549840649295,0.2929148571594907,0.5086316250178082,0.2718060566233941,0.03742262551284355,0.23361585457260597,0.21074189394874568,0.28873561987590524,0.001781477792411501,0,0,DATA
8352,348.34799999999996,0.14192648051697532,0.0970494040482272,0.4369313171617811,0.16385819806939647,0.5185031147875816,0.08433306715542484,0.38882531658496733,0.48145526960784313,0.3176807178281285,0.6152469412038837,0.539691333789984,0.406950584840855,0.42762613130260363,0.31527375957742315,0.29326305744410985,0.5061761858625902,0.27503236481771787,0.03789543690830153,0.23598143812321318,0.2146702726781599,0.29283970301551265,0.0017530261983517148,0,0,DATA
8364,348.8485,0.1402668561637618,0.10156566785516426,0.43239363572884654,0.15934541194458107,0.5185031147875816,0.08433306715542484,0.38882531658496733,0.48145526960784313,0.3176807178281285,0.6152469412038837,0.539691333789984,0.406950584840855,0.4260319307612951,0.3173657917946446,0.29301899641532075,0.5043330694833252,0.2761523831919588,0.038253144459344836,0.23654848248875837,0.21433227028793014,0.2913142025680352,0.0013100979291063575,0,0,DATA
8376,349.349,0.13961861582017068,0.10404439257961688,0.43079441439718846,0.15795362057730222,0.5185031147875816,0.08433306715542484,0.38882531658496733,0.48145526960784313,0.3176807178281285,0.6152469412038837,0.539691333789984,0.406950584840855,0.4250331384067675,0.3186874443826577,0.2928096476345299,0.5031728470120549,0.27704253325870165,0.038479291142431545,0.2370904800434896,0.21457516657276762,0.2909430236359737,0.000843264574443873,0,0,DATA
8388,349.8495,0.14343756382761438,0.12396757141312802,0.44956008323727015,0.15832696529075493,0.5185031147875816,0.08433306715542484,0.38882531658496733,0.48145526960784313,0.3176807178281285,0.6152469412038837,0.539691333789984,0.406950584840855,0.42054963314537186,0.3246624302324448,0.29354882208185584,0.4979436014564635,0.2863875632718791,0.0395064105034421,0.24957667494639912,0.2289752628310306,0.2990794814144557,0.0037325551861695505,0.043521207657909865,0,DATA
8400,350.34999999999997,0.14743469725853306,0.12152750625853716,0.4614214393356683,0.15959444105632534,0.517309453295207,0.4936419491577511,0.40343613834422654,0.4950537854030501,0.3176807178281285,0.6152469412038837,0.539691333789984,0.406950584840855,0.5343234822100685,0.32552103883069683,0.2987010025291391,0.5200777394796172,0.2883061504429999,0.03183337580430839,0.25177234679042615,0.2324838178614545,0.30233201916207253,0.03992821270341066,0,0,DATA
8412,350.85049999999995,0.1505603709944626,0.1171726602716376,0.471634411692913,0.1633073139078678,0.517309453295207,0.4936419491577511,0.40343613834422654,0.4950537854030501,0.3176807178281285,0.6152469412038837,0.539691333789984,0.406950584840855,0.5693701545867265,0.32455926453384054,0.3009030481478693,0.5030352904397165,0.2886564360027876,0.029350630241867234,0.25269813761430115,0.23480219320620824,0.3052871772972502,0.01273683076408146,0,0,DATA
8424,351.351,0.15345481146741105,0.11037992689393256,0.4800789891493003,0.1667340416104189,0.517309453295207,0.4936419491577511,0.40343613834422654,0.4950537854030501,0.3176807178281285,0.6152469412038837,0.539691333789984,0.406950584840855,0.581310630309042,0.32236876689902627,0.30217149433280754,0.49816030139596584,0.2876372737221706,0.028344198922410982,0.2522488478490863,0.23554003395688722,0.30735420124249635,0.005133139847356009,0,0,DATA
8436,351.8515,0.15614791127677924,0.10767359093558586,0.489055242710829,0.17113662425761747,0.517309453295207,0.4936419491577511,0.40343613834422654,0.4950537854030501,0.3176807178281285,0.6152469412038837,0.539691333789984,0.406950584840855,0.5854611035769894,0.3209538435402449,0.3031175791482563,0.4967925264413827,0.2878240076715872,0.02794004894181831,0.25350018413992703,0.23812925386860068,0.31034214074950306,0.0021704938140592045,0,0,DATA
8448,352.352,0.1587338516135621,0.1068069663887639,0.4978210749151588,0.1741596521313681,0.517309453295207,0.4936419491577511,0.40343613834422654,0.4950537854030501,0.3176807178281285,0.6152469412038837,0.539691333789984,0.406950584840855,0.5868882367122062,0.32028671165950034,0.3039444520636153,0.4964125258141467,0.28866476482206116,0.02778598372437412,0.25542388882942074,0.24123184456590244,0.31326680472699064,0.0009737126437734575,0.050895690846339006,0,DATA
8460,352.85249999999996,0.16111171392746915,0.10643902126427168,0.49747813090692833,0.17927541460451824,0.517309453295207,0.4936419491577511,0.40343613834422654,0.4950537854030501,0.3176807178281285,0.6152469412038837,0.539691333789984,0.406950584840855,0.5873936451289147,0.3199835474604192,0.3046918650241435,0.49631140370533305,0.28877770128574465,0.027725721478636122,0.25568369444075917,0.24196893202373285,0.3143868156822799,0.000518661858772603,0,0,DATA
8472,353.35299999999995,0.16034723640613655,0.10761867123635944,0.5334982965845217,0.16977323013962864,0.517309453295207,0.4936419491577511,0.40343613834422654,0.4950537854030501,0.3176807178281285,0.6152469412038837,0.539691333789984,0.406950584840855,0.5872975411597887,0.32022290019287936,0.30475554863282217,0.4962397793236659,0.29299123122176385,0.027752923440174423,0.26320669206084646,0.2521437277650905,0.32159191995238023,0.00013304677008825946,0,0,DATA
8484,353.8535,0.15918748865286855,0.09924063464967287,0.5505086230093138,0.1680121135382265,0.517309453295207,0.4936419491577511,0.40343613834422654,0.4950537854030501,0.3176807178281285,0.6152469412038837,0.539691333789984,0.406950584840855,0.5890280976522552,0.3179488557683452,0.30453110668723943,0.4965115232896998,0.292164333399831,0.027440289681925165,0.26302559316047663,0.2534875498470597,0.32411959797496803,0.0014096809541944515,0,0,DATA
8496,354.354,0.1594034742079702,0.0892587230598192,0.56912774281975,0.17112562432993797,0.517309453295207,0.4936419491577511,0.40343613834422654,0.4950537854030501,0.3176807178281285,0.6152469412038837,0.539691333789984,0.406950584840855,0.5916434660338643,0.31447170719582596,0.304509131070136,0.49694241338515477,0.2908570520552718,0.026967481039989204,0.2627998495976427,0.25543506934444055,0.3279213919029515,0.002038164190410604,0,0,DATA
8508,354.8545,0.15512510921614014,0.09150388552448964,0.5648405619449237,0.16940792931278303,0.517309453295207,0.4936419491577511,0.40343613834422654,0.4950537854030501,0.3176807178281285,0.6152469412038837,0.539691333789984,0.406950584840855,0.5919565924307664,0.31405720811417787,0.3036040817367206,0.4969930997275278,0.29004213989561844,0.02691128440782371,0.26198480541017966,0.2540195375677793,0.32641499555133147,0.0005442249373218503,0.027451165657346892,0,DATA
8520,355.35499999999996,0.14559752575798837,0.09451762470298229,0.5370572735539613,0.16778122765487943,0.10396322678376907,0.7018029297703089,0.06511301742919391,0.8857492510893246,0.3176807178281285,0.6152469412038837,0.539691333789984,0.406950584840855,0.6497027196938696,0.22797399779225946,0.206601300554275,0.5111616412569354,0.23471314262114243,0.016770320995500295,0.2557281267117539,0.24482185986446692,0.31864313565296887,0.08027737292248908,0,0,DATA

Összegző statisztikák,Átlag,Minimum,Maximum,Szórás,Medián,Parameter
intensity,0.2757071382270013,0.0,0.9569130625340415,0.23170266973785325,0.16117061263162674,SUMMARY
motion,0.10977815722565472,0.0,0.3333333333333333,0.04895033741865088,0.10893638798485923,SUMMARY
contrast,0.450931677554467,0.0,0.7293553378366308,0.11099651531395774,0.44027972784158714,SUMMARY
dynamics,0.21000994052461425,0.0,0.4159478971364224,0.08513438259713332,0.186562383235195,SUMMARY
color_arousal,0.4828196762826184,0.0,0.6394207005718953,0.12357237947357443,0.5206247446895425,SUMMARY
color_valence,0.47082038940990756,0.05682696434597687,0.9600349815857361,0.28861468803786966,0.4834087894949438,SUMMARY
color_dominance,0.42273420096277303,0.0,0.5831583605664489,0.08526703854552979,0.40540866693899785,SUMMARY
color_harmony,0.5656758787180288,0.33114379084967327,1.0,0.21689255432415858,0.4855535130718953,SUMMARY
audio_volume,0.3159955392964619,0.10368485103611741,0.3923730862895345,0.01780945146658259,0.3176807178281285,SUMMARY
audio_brightness,0.6119738808746246,0.30105176459567695,0.6972814218901318,0.028761394917065516,0.6152469412038837,SUMMARY
audio_tempo,0.5396913337899838,0.539691333789984,0.539691333789984,2.220446049250313e-16,0.539691333789984,SUMMARY
audio_energy,0.40478904176991065,0.1628949251039853,0.4384636398508772,0.018483007957297258,0.406950584840855,SUMMARY
pleasure,0.576741184406508,0.39021802807294426,0.7813855219174202,0.11657289806550851,0.5872975411597887,SUMMARY
arousal,0.31035784816871365,0.11336133227840522,0.37994257891018435,0.039920195624804485,0.3189765740711802,SUMMARY
dominance,0.3467813363844301,0.09771330969922007,0.612035854920193,0.0913114800314514,0.3063009645263327,SUMMARY
boredom,0.48661972843599355,0.4256272973211537,0.5982726561959957,0.030398625075038023,0.48936137923247447,SUMMARY
engagement,0.2883479840430137,0.06801679936704313,0.37178205747518955,0.024580502439528473,0.28789963576415933,SUMMARY
stress_level,0.02823046435239201,0.009499197513461557,0.04759587167619815,0.010038800708506844,0.02778598372437412,SUMMARY
neural_activity,0.2701968344005377,0.04698479895301734,0.38583797642763984,0.046783868441247926,0.2587465838027386,SUMMARY
visual_engagement,0.2553331878544637,0.0,0.38916220059058004,0.05309829442024775,0.2437158976374863,SUMMARY
cognitive_load,0.32020905743106115,0.070477198429526,0.4196691497835597,0.03788078873208851,0.31751896330432666,SUMMARY
emotional_variability,0.008981222303686233,0.0,0.11580229741553759,0.01621524956343465,0.003358226038502795,SUMMARY
narrative_tension,0.011790835550212948,0.0,0.25072616787401547,0.032397881695163035,0.0,SUMMARY
narrative_payoff,0.0,0,0,0.0,0.0,SUMMARY
