frame,time,intensity,motion,contrast,dynamics,color_arousal,color_valence,color_dominance,color_harmony,audio_volume,audio_brightness,audio_tempo,audio_energy,pleasure,arousal,dominance,boredom,engagement,stress_level,neural_activity,visual_engagement,cognitive_load,emotional_variability,narrative_tension,narrative_payoff,parameter
0,0.0,0.0,0.0,0.0,0.0,0,0.589591487075041,0,1.0,0.0,1.0,0.5,0.35,0.5985856163810115,0.22349999999999998,0.15,0.5770817025849917,0.063,0.007919553083998138,0.06999999999999999,0,0.105,0,0,0,DATA
4,0.16666666666666666,0.0,0.0,0.0,0.0,0,0.589591487075041,0,1.0,0.0,1.0,0.5,0.35,0.6281613012953149,0.14054999999999998,0.045,0.5770817025849917,0.063,0.007919553083998138,0.06999999999999999,0,0.105,0.07250856163810114,0,0,DATA
8,0.3333333333333333,0.0,0.0,0.0,0.0,0,0.589591487075041,0,1.0,0.0,1.0,0.5,0.35,0.6370340067696059,0.11566499999999999,0.0135,0.5770817025849917,0.063,0.007919553083998138,0.06999999999999999,0,0.105,0.021752568491430323,0,0,DATA
12,0.5,0.04552355664488018,0.25,0.25,0.25,0,0.589591487075041,0,1.0,0.0,1.0,0.5,0.35,0.5871958184118932,0.17819949999999998,0.013609946895424836,0.5645817025849917,0.2066418845315904,0.018690734592567794,0.22910471132897603,0.209104711328976,0.259552355664488,0.03749421175104584,0,0,DATA
16,0.6666666666666666,0.07338269335511982,0.2086543436819172,0.30031343831260243,0.24917235018970132,0,0.589591487075041,0,1.0,0.0,1.0,0.5,0.35,0.5809269497313768,0.1853830662309368,0.019493349673202612,0.5666489854008959,0.19833685954627683,0.01669196915766043,0.22820096380631133,0.21314954265654174,0.26854925050389045,0.00644527922974365,0,0,DATA
20,0.8333333333333334,0.09221983932461873,0.1801494700889615,0.33405315035867367,0.26623056930775957,0,0.589591487075041,0,1.0,0.0,1.0,0.5,0.35,0.5850323125817426,0.17955677149419025,0.025214171160130718,0.5680742290805436,0.1931729759969053,0.015364138542089062,0.22731438597224307,0.2173427579388864,0.27800380589702645,0.0052174930246801495,0,0,DATA
24,1.0,0.10673186809446,0.16036080230703392,0.35955465731399533,0.24532773424597482,0,0.589591487075041,0,1.0,0.0,1.0,0.5,0.35,0.5904195416710571,0.17226805609422655,0.029977943647875815,0.56906366246964,0.1886425386178888,0.014466414053796693,0.22740162600450464,0.21788986516050163,0.2786815183331949,0.0058132389923411165,0,0,DATA
28,1.1666666666666667,0.11823863442946622,0.1447083184402233,0.37922090612255865,0.22804770765654264,0,0.589591487075041,0,1.0,0.0,1.0,0.5,0.35,0.5953227320098817,0.16569874599153048,0.033823496324550645,0.5698462866629807,0.18497083517141538,0.013770309467832987,0.2273752354864943,0.21810209686440443,0.2789448792709283,0.0051060177060651595,0,0,DATA
32,1.3333333333333333,0.12826858849249576,0.13345999568809006,0.39567124782597146,0.21367252170295384,0,0.589591487075041,0,1.0,0.0,1.0,0.5,0.35,0.599155836889477,0.16057842259012436,0.0370834524807893,0.5704087028005873,0.1826729359618704,0.013277694037236977,0.2281719655389295,0.21910634249182198,0.27949817449954667,0.004071128145746695,0,0,DATA
36,1.5,0.13803951354847493,0.12519956767429194,0.4093870868677435,0.20153392831285233,0,0.589591487075041,0,1.0,0.0,1.0,0.5,0.35,0.6020404582362533,0.15672940572583907,0.040113333589416524,0.5708217242012771,0.18131079571023812,0.012919993160502,0.22956514715296045,0.22065724867102005,0.2802374438854976,0.0032545064398962556,0.15164939450896098,0,DATA
40,1.6666666666666667,0.14687991279213702,0.11853840178748266,0.4205953714505867,0.1911840301392128,0.19577563316993463,0.6461668936105901,0.21987413194444444,0.8626582924836601,0.0,1.0,0.5,0.35,0.6201458033064697,0.19482245718393315,0.10444353870761816,0.5304733562130176,0.21552417348859118,0.016499087616877923,0.2309104175635378,0.22208835772251778,0.28085440043782534,0.04017620054883739,0,0,DATA
44,1.8333333333333333,0.15423939468727302,0.11199207402868555,0.4299640553120386,0.18222845545092026,0.19577563316993463,0.6461668936105901,0.21987413194444444,0.8626582924836601,0.0,1.0,0.5,0.35,0.6269521356568821,0.20441740084889815,0.12528809144105724,0.5308006726009575,0.2142604200125257,0.016208474394955465,0.23163751961133655,0.2228567706876324,0.28115945549122384,0.012415276249605487,0,0,DATA
48,2.0,0.16049990442223894,0.10696860074157868,0.4383705943047073,0.1743033397816484,0.19577563316993463,0.6461668936105901,0.21987413194444444,0.8626582924836601,0.0,1.0,0.5,0.35,0.6300489647522982,0.2058893114279977,0.1328561643054318,0.5310518462653129,0.2134436515288296,0.015986930377432183,0.23256154004202073,0.2238289334506563,0.2815485970859672,0.004045604179630069,0,0,DATA
52,2.1666666666666665,0.17867761621208308,0.10978572251550192,0.4799425577116304,0.16615048244478706,0.19577563316993463,0.6461668936105901,0.21987413194444444,0.8626582924836601,0.0,1.0,0.5,0.35,0.6303864179083992,0.2071196786984261,0.1389439056406114,0.5309109901766167,0.22068723849694277,0.016111013776044868,0.24563832379094347,0.24024762780658523,0.2925513559153986,0.002551853920569669,0,0,DATA
56,2.3333333333333335,0.19697208343807604,0.11325483518728004,0.5219303873891117,0.15868865488491307,0.19577563316993463,0.6461668936105901,0.21987413194444444,0.8626582924836601,0.0,1.0,0.5,0.35,0.629759140194156,0.20846014042765248,0.14461206615862382,0.5307375345430277,0.22827850740263625,0.016264364423497015,0.25908242824034955,0.25714433246775203,0.30390576144616016,0.0025452999871606687,0.03397645055618401,0,DATA
60,2.5,0.2154453007164404,0.11611329761605496,0.5640802104201917,0.15225538996292176,0.19577563316993463,0.6461668936105901,0.21987413194444444,0.8626582924836601,0.0,1.0,0.5,0.35,0.6289706797698404,0.20966264842647736,0.15019188994248406,0.530594611421589,0.23570039792326533,0.016391177332977284,0.2723504212737484,0.2739839813120598,0.3154326553116846,0.0025235974023335626,0,0,DATA
64,2.6666666666666665,0.22009915210742415,0.042603328724652265,0.5294078980769942,0.1443323624654778,0.19577563316993463,0.6461668936105901,0.21987413194444444,0.8626582924836601,0.0,1.0,0.5,0.35,0.6441712351097404,0.18944060953653208,0.15284314586974873,0.5342701098661591,0.20219111989690147,0.013260857425919871,0.2369427415267446,0.23431676758099174,0.29461886153178435,0.0126912833857033,0,0,DATA
68,2.8333333333333335,0.22469722798307354,0.09588788060703454,0.5674610595160097,0.13856428411618193,0.19577563316993463,0.6461668936105901,0.21987413194444444,0.8626582924836601,0.0,1.0,0.5,0.35,0.6375416458164099,0.19829367239661555,0.1546041185818145,0.5316058822720401,0.22820844295861636,0.015502747948778714,0.26678680974263047,0.26738934410584964,0.3114310265916013,0.0057478749551599,0,0,DATA
72,3.0,0.22925988771577005,0.09735563497605051,0.5710875842247441,0.1443685293839357,0.19577563316993463,0.6461668936105901,0.21987413194444444,0.8626582924836601,0.0,1.0,0.5,0.35,0.6352445406109175,0.20136056247796505,0.1560905689393005,0.5315324945535892,0.22982791026059676,0.015566527289827995,0.26901174837852304,0.27055735973939105,0.31417493595095775,0.002283481881442645,0,0,DATA
76,3.1666666666666665,0.23332803073152333,0.09803806559905934,0.5741311008871395,0.14979091721625973,0.19577563316993463,0.6461668936105901,0.21987413194444444,0.8626582924836601,0.0,1.0,0.5,0.35,0.634412098618438,0.20247171007681236,0.1573908140798545,0.5314983730224389,0.23100845146384094,0.015596218394770751,0.2707070525633563,0.2730992543736962,0.316529471578048,0.0010812782439602875,0.0294114196797178,0,DATA
80,3.3333333333333335,0.23714790069339697,0.09978777190813647,0.5771286639630222,0.14435369657603755,0.20199248536220044,0.6541540752217027,0.22975558278867103,0.8606164896514161,0.0,1.0,0.5,0.35,0.6360313385468994,0.204600511083384,0.1613498665503976,0.5288809235559225,0.2332751757225266,0.015678100372836873,0.2727704216945384,0.27491865774844443,0.3168358611615232,0.00256903113519207,0,0,DATA
84,3.5,0.24006577190170938,0.10050176029846442,0.5793412084276197,0.13942484668865154,0.20199248536220044,0.6541540752217027,0.22975558278867103,0.8606164896514161,0.0,1.0,0.5,0.35,0.636367172963469,0.20543906813464732,0.16315033524530612,0.5288452241364061,0.23386255211557902,0.015709144857405807,0.2740821001852516,0.2759587056968787,0.3168021126795758,0.0009916200542471425,0,0,DATA
88,3.6666666666666665,0.24149492128582203,0.10055074649369396,0.5813852525111886,0.13491112896630297,0.20199248536220044,0.6541540752217027,0.22975558278867103,0.8606164896514161,0.0,1.0,0.5,0.35,0.6364576361874417,0.20570435138469056,0.16399059722444234,0.5288427748266447,0.23406121512553413,0.01571127573751039,0.2747963333568797,0.27642597150462883,0.316560643023694,0.00039866948438404176,0,0,DATA
92,3.8333333333333335,0.2423255313076085,0.10014887279425716,0.5833568563988865,0.13090244406297405,0.20199248536220044,0.6541540752217027,0.22975558278867103,0.8606164896514161,0.0,1.0,0.5,0.35,0.6365691686315152,0.20567141172386127,0.16441710392275838,0.5288628685116165,0.23404315951789298,0.01569379796440806,0.2751960266590019,0.2766219567051879,0.31627458696221583,0.00019032626773963593,0,0,DATA
96,4.0,0.24328346923705377,0.10084137567192818,0.5855766589062588,0.12735357991330645,0.20199248536220044,0.6541540752217027,0.22975558278867103,0.8606164896514161,0.0,1.0,0.5,0.35,0.6364572027604263,0.20585543063136033,0.16474622289743668,0.5288282433677329,0.23452121743821494,0.015723920479031362,0.2761085758974338,0.2774015997793903,0.3163194339837206,0.00020836791775544206,0.050985340559029854,0,DATA
100,4.166666666666667,0.2396231683111279,0.12040477707082244,0.5778968361745723,0.1296626660187547,0.20199248536220044,0.6541540752217027,0.22975558278867103,0.8606164896514161,0.0,1.0,0.5,0.35,0.6323152987053319,0.21138838869530047,0.16407629539539575,0.5278500732977882,0.24122453864011417,0.016584876118338965,0.281665911725469,0.2824218619448018,0.31742977563913016,0.003448263207025154,0,0,DATA
104,4.333333333333333,0.23569662440296632,0.12262548635378294,0.5700517289447257,0.13191973563626103,0.20199248536220044,0.6541540752217027,0.22975558278867103,0.8606164896514161,0.0,1.0,0.5,0.35,0.6306063785393818,0.21367007471371147,0.16305074292406954,0.5277390378336402,0.24094756875776407,0.01668382524715345,0.2801998652110516,0.28039701166915026,0.3158603647567977,0.0016720528852290824,0,0,DATA
108,4.5,0.23200722463130552,0.12462418647042409,0.5623892516965043,0.13556663033483424,0.20199248536220044,0.6541540752217027,0.22975558278867103,0.8606164896514161,0.0,1.0,0.5,0.35,0.6296739754651022,0.21491421655189424,0.1619683032306229,0.5276391028278082,0.24067827534084404,0.016773094735060577,0.27872896985373163,0.27852455805686543,0.3146049894247871,0.0010863282019696978,0,0,DATA
112,4.666666666666667,0.22796238687782805,0.126853989447267,0.5549161912181093,0.09892022690871868,0.20199248536220044,0.6541540752217027,0.22975558278867103,0.8606164896514161,0.0,1.0,0.5,0.35,0.6289259959176813,0.21591180393686513,0.16079415539435862,0.527527612678966,0.23888398611685102,0.016872923752574823,0.2773173113980943,0.2727009532107771,0.3053374302911439,0.0009732382562186818,0,0,DATA
116,4.833333333333333,0.22368141968325791,0.12885834880474664,0.5470138157557628,0.09763533828960275,0.20199248536220044,0.6541540752217027,0.22975558278867103,0.8606164896514161,0.0,1.0,0.5,0.35,0.6282806865883843,0.2167723007724507,0.1595429079326196,0.527427394711092,0.23834357188403105,0.0169628734515395,0.2756823866097028,0.27014730201423937,0.30297741588589905,0.000919017875540514,0.08727200903364922,0,DATA
120,5.0,0.22001146278490027,0.0777699881216504,0.5056396464068617,0.08863140523553115,0.24819406147875817,0.7033644088709187,0.23856924019607845,0.7937448937908497,0.0,1.0,0.5,0.35,0.6525945429548259,0.2124280398163365,0.1608646668195169,0.5132095095979199,0.2206058571158733,0.014901117957488027,0.24623821708701255,0.23566532225125184,0.2828028371455592,0.009993292069817675,0,0,DATA
124,5.166666666666667,0.21615571843053458,0.08762125192988299,0.5249941373571,0.09238451174748674,0.24819406147875817,0.7033644088709187,0.23856924019607845,0.7937448937908497,0.0,1.0,0.5,0.35,0.6578199344650295,0.21388311539580737,0.16045148817116928,0.5127169464075084,0.22671056626532388,0.015313104537112196,0.2532784719294801,0.2450163368399388,0.28948419632130823,0.0023645485793406993,0,0,DATA
128,5.333333333333333,0.21153014758253727,0.09677590033230105,0.5250242569884978,0.10086035641652907,0.24819406147875817,0.7033644088709187,0.23856924019607845,0.7937448937908497,0.0,1.0,0.5,0.35,0.6574650757535829,0.2168829396223257,0.15935616469858557,0.5122592139873874,0.23034502810098076,0.015700342794350387,0.2560212410471274,0.2486097023876301,0.2920975353385291,0.0014833354701828672,0,0,DATA
132,5.5,0.20725513763197587,0.10628739519200378,0.5254113584869446,0.1117663405472469,0.24819406147875817,0.7033644088709187,0.23856924019607845,0.7937448937908497,0.0,1.0,0.5,0.35,0.6553612042196113,0.22044610545099796,0.15812981556719258,0.5117836392444024,0.23429031679385928,0.01610714960708993,0.2590482573005856,0.25276602720400476,0.2953747307731837,0.0022977954980122985,0,0,DATA
136,5.666666666666667,0.20287080243422156,0.11571671184225914,0.5249411129311683,0.11296988764326939,0.24819406147875817,0.7033644088709187,0.23856924019607845,0.7937448937908497,0.0,1.0,0.5,0.35,0.6527498862628661,0.22415526386167112,0.15684120043624628,0.5113121734118896,0.23770300905528882,0.01651494234879242,0.26184906780998163,0.2556401678674254,0.296473842781207,0.002536363832788213,0.03471501355267774,0,DATA
140,5.833333333333333,0.19884557121459695,0.122885340465512,0.5242203298306018,0.1141599263630236,0.24819406147875817,0.7033644088709187,0.23856924019607845,0.7937448937908497,0.0,1.0,0.5,0.35,0.6504610788649594,0.22727522739938388,0.1556093173408412,0.510953741980727,0.24020954958374222,0.016827964785412763,0.2637673163952446,0.25760534201460716,0.29720442592154167,0.0022135513436748466,0,0,DATA
144,6.0,0.19921099248994473,0.16524213767058127,0.5301947556720994,0.11238849994140261,0.24819406147875817,0.7033644088709187,0.23856924019607845,0.7937448937908497,0.0,1.0,0.5,0.35,0.6408795092325229,0.24007111967811712,0.1553164908800427,0.5088359021204735,0.2578275762119126,0.018730362560295512,0.2819780047006413,0.27623633026199157,0.3047338088058871,0.007556762790656081,0,0,DATA
148,6.166666666666667,0.1988996446602145,0.1640464214861617,0.5355968992690021,0.1267272240072654,0.24819406147875817,0.7033644088709187,0.23856924019607845,0.7937448937908497,0.0,1.0,0.5,0.35,0.6382561387415201,0.2435750868300996,0.1551632598975598,0.5088956879296944,0.25854618810602914,0.01867541833107923,0.28251787738030804,0.27875028970793475,0.30874159730764933,0.002093522875156064,0,0,DATA
152,6.333333333333333,0.20278085459611195,0.14369329290893268,0.5501594648307276,0.13604604903468734,0.24819406147875817,0.7033644088709187,0.23856924019607845,0.7937448937908497,0.0,1.0,0.5,0.35,0.6417432845954373,0.23892740097407023,0.1559323446893534,0.509913344358556,0.2528356943385133,0.017751226227986402,0.278065381048941,0.27668593243548245,0.31158115541057047,0.0029679721672467205,0,0,DATA
156,6.5,0.20661826896891236,0.14237547841726386,0.5645935318090074,0.14138507638590395,0.24819406147875817,0.7033644088709187,0.23856924019607845,0.7937448937908497,0.0,1.0,0.5,0.35,0.6430661693948629,0.23716410715959413,0.15696892714517957,0.5099792350831394,0.254561210823112,0.01769210675493641,0.2811925515224895,0.2817904123419806,0.31644354688891346,0.0013742536899093067,0.14434121293732083,0,DATA
160,6.666666666666667,0.2099966154998324,0.14167993705650686,0.5784352840037306,0.14592824873690982,0.18286773216230934,0.7583624962110593,0.2134151177832244,0.8781437227668845,0.0,1.0,0.5,0.35,0.659008562975689,0.22272183827778508,0.1509462003778215,0.5088133440806164,0.24463725988172907,0.015194804357799178,0.28435835472331533,0.2867947079973794,0.32104612285677386,0.012135796409997726,0,0,DATA
164,6.833333333333333,0.21322612912686442,0.1423787720142657,0.5916639455642643,0.1511353161746214,0.18286773216230934,0.7583624962110593,0.2134151177832244,0.8781437227668845,0.0,1.0,0.5,0.35,0.6636445257088075,0.21858483140141488,0.1498175802092908,0.5087784023327284,0.24697087703976767,0.015223965692147963,0.28792952374393205,0.2922094499178206,0.3258224783408166,0.0033005299260064624,0,0,DATA
168,7.0,0.21646978302538963,0.14333861678474016,0.605101204958274,0.15468949466080545,0.18286773216230934,0.7583624962110593,0.2134151177832244,0.8781437227668845,0.0,1.0,0.5,0.35,0.6648337471269434,0.21761248587423665,0.1501601614774219,0.5087304100942047,0.24936894552656802,0.015264058694688745,0.2916496443106288,0.2976287142725368,0.3303609709919796,0.0008347160711484151,0,0,DATA
172,7.166666666666667,0.218927899017513,0.14459970582173717,0.6175683239395658,0.14976508236530856,0.18286773216230934,0.7583624962110593,0.2134151177832244,0.8781437227668845,0.0,1.0,0.5,0.35,0.6649256848546148,0.2176738871464423,0.1507791402162071,0.5086673556423549,0.25136910820667185,0.015316805340193381,0.29513912692011063,0.3018724675505981,0.33292784323296504,0.0002574392462207457,0,0,DATA
176,7.333333333333333,0.22147023472850677,0.13746959333473796,0.6037546300718609,0.14328761434610743,0.18286773216230934,0.7583624962110593,0.2134151177832244,0.8781437227668845,0.0,1.0,0.5,0.35,0.666450589795186,0.21569587603174425,0.15149872433715136,0.5090238612667048,0.246803708083859,0.015019633898033045,0.2900328102939687,0.29473703473576557,0.32736364286024805,0.0014075000587378446,0.04124087800042139,0,DATA
180,7.5,0.22417606732864084,0.14776725505498783,0.6222347460249485,0.1466940508821674,0.18286773216230934,0.7583624962110593,0.2134151177832244,0.8781437227668845,0.0,1.0,0.5,0.35,0.664745552316105,0.2179858179790048,0.1522828244194628,0.5085089781806923,0.2534931107557826,0.01544964560080502,0.29838906469271304,0.3052819443834246,0.33448019167378285,0.0015930265028843333,0,0,DATA
184,7.666666666666667,0.22646698770320095,0.1429837646081965,0.6279795675600889,0.1515335779487449,0.18286773216230934,0.7583624962110593,0.2134151177832244,0.8781437227668845,0.0,1.0,0.5,0.35,0.6652385740662068,0.21733342323808139,0.15299914772281387,0.5087481527030319,0.2526459478739108,0.015249231003354244,0.2980828168959366,0.30603413144681996,0.3363958709413208,0.0006205799314587535,0,0,DATA
188,7.833333333333333,0.2289222887338696,0.13742248263061507,0.6345016685423404,0.15686901598478176,0.18286773216230934,0.7583624962110593,0.2134151177832244,0.8781437227668845,0.0,1.0,0.5,0.35,0.6665543498065294,0.21558054586208159,0.1537296579302596,0.509026216801911,0.2516139288046434,0.01501767892156141,0.29765378450748803,0.30679085296020026,0.33850482160052064,0.001266387774589382,0,0,DATA
192,8.0,0.231288001979638,0.1342113500067858,0.6412439828370241,0.15687532842353683,0.18286773216230934,0.7583624962110593,0.2134151177832244,0.8781437227668845,0.0,1.0,0.5,0.35,0.6676234203796304,0.21415556551460946,0.15444561077410468,0.5091867734331024,0.2513280630276854,0.014884688602459648,0.29819093696604676,0.30800286809210287,0.33994656409294505,0.0010700012548060707,0,0,DATA
196,8.166666666666666,0.22939369658119657,0.0964454076703,0.6419421915762066,0.15578758063327475,0.18286773216230934,0.7583624962110593,0.2134151177832244,0.8781437227668845,0.0,1.0,0.5,0.35,0.6758749894422228,0.20315360755615178,0.1542625924935855,0.5110750705499266,0.2361104167983072,0.013359595218154564,0.28284534069960066,0.29261831792054876,0.33404924482937126,0.006478848433856414,0.02893362230109,0,DATA
200,8.333333333333334,0.22791708563767388,0.11204442369171662,0.6422454323880517,0.15400172920958968,0.2338828039896514,0.7143395057893842,0.24112864242919388,0.8186904275599128,0.0,1.0,0.5,0.35,0.6627482294784339,0.21493390973835294,0.16165738561216145,0.5114474570590896,0.2513795621007876,0.01583968953944737,0.28885027308183175,0.2984749892415959,0.3359600760564557,0.010767285088188657,0,0,DATA
204,8.5,0.22667015590958606,0.12400799007663348,0.6423740870740952,0.15580367924507427,0.2338828039896514,0.7143395057893842,0.24112864242919388,0.8186904275599128,0.0,1.0,0.5,0.35,0.6562978525484646,0.22181779898079002,0.1636139683048358,0.5108492787398438,0.2561527508402519,0.016353669456024213,0.2934120446273896,0.30322982125930653,0.3380224717199923,0.005096949621693575,0,0,DATA
208,8.666666666666666,0.22575912309368193,0.13383890561193593,0.6426786780196055,0.15864038288248927,0.2338828039896514,0.7143395057893842,0.24112864242919388,0.8186904275599128,0.0,1.0,0.5,0.35,0.6522982472070604,0.22663562210340582,0.16400962622129822,0.5103577329630786,0.26016225348805844,0.016781425561602205,0.2972231224674319,0.30735502855764135,0.3400494942325578,0.003071028793494144,0,0,DATA
212,8.833333333333334,0.22490363666834254,0.14146615027994447,0.6429247381746614,0.15843888025964645,0.2338828039896514,0.7143395057893842,0.24112864242919388,0.8186904275599128,0.0,1.0,0.5,0.35,0.6494966442243573,0.23021659754723295,0.1639486714469157,0.5099763707296782,0.26316617955492766,0.017116652613297048,0.3001521350805786,0.31028849692400934,0.3411292468044206,0.002147844400304272,0,0,DATA
216,9.0,0.2238158831908832,0.17761758689744503,0.6421656047793091,0.1508586328966598,0.2338828039896514,0.7143395057893842,0.24112864242919388,0.8186904275599128,0.0,1.0,0.5,0.35,0.6410643616398712,0.24141329243328125,0.16370195678433447,0.5081687988988032,0.2771454280217694,0.018745437072528376,0.3142433323530165,0.32354575612061337,0.34473735412786427,0.006625230711038516,0.06534319470394961,0,DATA
220,9.166666666666666,0.2226845960072063,0.17420308970416848,0.6410667008740234,0.16044172892293943,0.2338828039896514,0.7143395057893842,0.24112864242919388,0.8186904275599128,0.0,1.0,0.5,0.35,0.6392517212751135,0.24381624168497834,0.16339037207698795,0.508339523758467,0.27594058154218154,0.018588781789734672,0.31243149525791336,0.3225823382376096,0.34575394405943966,0.0015090581079337713,0,0,DATA
224,9.333333333333334,0.22156420861613874,0.1702709438858259,0.6396106312474239,0.16098270990284344,0.2338828039896514,0.7143395057893842,0.24112864242919388,0.8186904275599128,0.0,1.0,0.5,0.35,0.6395336797875382,0.24343612563135153,0.1630616153126598,0.5085361310493841,0.27412500310756327,0.018409105047655607,0.3103433455270429,0.3204026796420696,0.3447962622369124,0.00033027711012652744,0,0,DATA
228,9.5,0.22030317134866773,0.1659559753045512,0.6380628554923418,0.15780225948902218,0.2338828039896514,0.7143395057893842,0.24112864242919388,0.8186904275599128,0.0,1.0,0.5,0.35,0.6405244107433332,0.24211389961250657,0.16269817045719243,0.5087518794784478,0.271985181586493,0.018212832246696606,0.30805559549002237,0.31764210698815876,0.3429998792014393,0.0008921339433691314,0,0,DATA
232,9.666666666666666,0.21956119988059328,0.1454133112436262,0.6231983022775497,0.15121050551634968,0.2338828039896514,0.7143395057893842,0.24112864242919388,0.8186904275599128,0.0,1.0,0.5,0.35,0.645135589482866,0.2359652858697941,0.1624333229922566,0.5097790126814942,0.26166134169999516,0.017291286619107015,0.2967172249290791,0.304158105708469,0.33480979334726063,0.003674879982393686,0,0,DATA
236,9.833333333333334,0.2186261089638847,0.13942310649123107,0.6301669984582591,0.1539145334610963,0.2338828039896514,0.7143395057893842,0.24112864242919388,0.8186904275599128,0.0,1.0,0.5,0.35,0.6477768861027288,0.2324434444163097,0.16215749966026705,0.5100785229191139,0.26013485718517537,0.01702657075338717,0.2955278640809212,0.30393601727285674,0.3361007331768571,0.0021463204684455763,0.0843434799760603,0,DATA
240,10.0,0.21800197309158703,0.13418007830459253,0.632293362765562,0.15615145187687876,0.22608817572167755,0.7205798460003214,0.23156215958605664,0.8235086465141612,0.0,1.0,0.5,0.35,0.6514176062669441,0.22828197215173107,0.15926506893140924,0.5102618005264543,0.2569293224060085,0.01650599500220829,0.29373109849326684,0.3025755799575109,0.33623084012161386,0.0035648743858839316,0,0,DATA
244,10.166666666666666,0.21724176983827717,0.1285504600935816,0.6343729586115188,0.161493284348724,0.22608817572167755,0.7205798460003214,0.23156215958605664,0.8235086465141612,0.0,1.0,0.5,0.35,0.653692042140521,0.22545723737327444,0.15823769702955684,0.510543281437005,0.25507988366172796,0.01626235980096891,0.2917431297273918,0.3013297540234161,0.33689864252048946,0.0020421808512953075,0,0,DATA
248,10.333333333333334,0.21633338832327803,0.12230882354024165,0.6361563281920424,0.1507032172286872,0.22608817572167755,0.7205798460003214,0.23156215958605664,0.8235086465141612,0.0,1.0,0.5,0.35,0.6556851165787956,0.2228621587048023,0.1577387253408513,0.510855363264672,0.25229296018405345,0.015994105261897595,0.28942147271916074,0.29810742726123374,0.3341593878571121,0.0016957082651507527,0,0,DATA
252,10.5,0.21562133400368694,0.1056380655635347,0.6391191163534573,0.14595820189969552,0.22608817572167755,0.7205798460003214,0.23156215958605664,0.8235086465141612,0.0,1.0,0.5,0.35,0.6597838980853863,0.2174158228707827,0.1574395024271255,0.5116889011635073,0.2457334266140135,0.015287251031877766,0.28320331629684276,0.29171104812215803,0.33137926270320234,0.0032814467514453625,0,0,DATA
256,10.666666666666666,0.2151139535675381,0.09204838478414984,0.6427179579604198,0.14473666132203522,0.22608817572167755,0.7205798460003214,0.23156215958605664,0.8235086465141612,0.0,1.0,0.5,0.35,0.6638673655010343,0.21197681150234904,0.1572431856614165,0.5123683852024765,0.24063996323709672,0.01472140006797593,0.2783857362192515,0.287131198147497,0.32994547482888825,0.0032395985165968957,0.02761451543524495,0,DATA
260,10.833333333333334,0.21452310625104742,0.07914008634928246,0.6463699235458249,0.1435184448885489,0.22608817572167755,0.7205798460003214,0.23156215958605664,0.8235086465141612,0.0,1.0,0.5,0.35,0.6678031483970508,0.20673078453005608,0.15706021269524076,0.5130138001242199,0.2358188832907397,0.014192540198806575,0.27383464049908746,0.28282347734252483,0.32861949344166314,0.0031215942781617303,0,0,DATA
264,11.0,0.21399664299480478,0.06691617782760514,0.6500849622343705,0.14252795541646798,0.22608817572167755,0.7205798460003214,0.23156215958605664,0.8235086465141612,0.0,1.0,0.5,0.35,0.6715509040554081,0.20173428205229854,0.15689476352157708,0.5136249955503038,0.2312933878853116,0.013699461937004853,0.26958279217687714,0.278844083941961,0.32746392261550744,0.0029699024365928326,0,0,DATA
268,11.166666666666666,0.21380051219205634,0.030931908322267252,0.6547784353079245,0.1399154944261693,0.22608817572167755,0.7205798460003214,0.23156215958605664,0.8235086465141612,0.0,1.0,0.5,0.35,0.6802319273490363,0.19015973584747667,0.1568039413009008,0.5154242090255707,0.21734270794817107,0.012291672554214482,0.2560885528289031,0.26555794580231246,0.3226975451797607,0.006782130573042111,0,0,DATA
272,11.333333333333334,0.21443076896891236,0.10489217027899242,0.6589374861006111,0.14090466259760231,0.22608817572167755,0.7205798460003214,0.23156215958605664,0.8235086465141612,0.0,1.0,0.5,0.35,0.6673045793262123,0.20739624533391318,0.15690904855783766,0.5117261959277344,0.24751588609498937,0.015255951814495598,0.2866305191255017,0.296614733995323,0.3350922064834133,0.01008965492206576,0,0,DATA
276,11.5,0.2143438979491369,0.10905725393546122,0.6639444199791881,0.17726947917558675,0.22608817572167755,0.7205798460003214,0.23156215958605664,0.8235086465141612,0.0,1.0,0.5,0.35,0.6625517073515068,0.21373342160365535,0.1569223378207659,0.5115179417449109,0.25123039460454344,0.015431085706850502,0.2892805651598495,0.30340195507532697,0.34423297871514724,0.0037011125024586458,0.032717176180638366,0,DATA
280,11.666666666666666,0.21564427921275342,0.11393353154912776,0.6689251035512319,0.1894203598883,0.20063334014161216,0.7443987952454301,0.2222885178376906,0.856817470043573,0.0,1.0,0.5,0.35,0.6667711332488556,0.21165441674459093,0.15460278497546137,0.5103285633522157,0.2497867830038414,0.014668778247394067,0.2924872891724482,0.30832183551640135,0.3487698055191125,0.002872661200572585,0,0,DATA
284,11.833333333333334,0.2171895621229261,0.12356431601738425,0.6761183843233651,0.18401101295877034,0.20063334014161216,0.7443987952454301,0.2222885178376906,0.856817470043573,0.0,1.0,0.5,0.35,0.6660144962797263,0.2137273349379834,0.15423142853300625,0.5098470241288029,0.2544095392394326,0.015067108613707674,0.29808731569621194,0.3141002554244255,0.3510854022874956,0.0010669705349923009,0,0,DATA
288,12.0,0.21746595205924252,0.13244739121294924,0.6705024722025296,0.17768339551972087,0.20063334014161216,0.7443987952454301,0.2222885178376906,0.856817470043573,0.0,1.0,0.5,0.35,0.6639220593979189,0.21683647145075935,0.15417806348689617,0.5094028703690247,0.25705786636050165,0.015438658029684353,0.30057264133753414,0.31539122810975917,0.3497760010424432,0.0017516461468978044,0,0,DATA
292,12.166666666666666,0.2168518322125859,0.13715372507171242,0.6711409076354878,0.17682964986582964,0.20063334014161216,0.7443987952454301,0.2222885178376906,0.856817470043573,0.0,1.0,0.5,0.35,0.6623059982230364,0.21908698588504583,0.15403308880526523,0.5091675536760865,0.25893373274207376,0.01563711998099899,0.30246003799829974,0.3172570937484315,0.3504093988640533,0.0013371834302666568,0,0,DATA
296,12.333333333333334,0.21706770047762694,0.14367528680451064,0.6739575873994466,0.17677051207587302,0.20063334014161216,0.7443987952454301,0.2222885178376906,0.856817470043573,0.0,1.0,0.5,0.35,0.6604516519066841,0.22158817750051527,0.1540349287364346,0.5088414755894466,0.2618952629564731,0.01591397372211038,0.30567517229721897,0.3207479822447509,0.35210156233347556,0.001452459287663697,0.14703724761818354,0,DATA
300,12.5,0.2167149792609351,0.14710717510516103,0.6749496287024251,0.1775408865754348,0.20063334014161216,0.7443987952454301,0.2222885178376906,0.856817470043573,0.0,1.0,0.5,0.35,0.6591746514686418,0.2232994637093382,0.15396140926028012,0.508669881174414,0.2633896605157378,0.01606052526606733,0.30717579163473646,0.32242484316252246,0.3529831586825609,0.0010206020410065502,0,0,DATA
304,12.666666666666666,0.21695726233869614,0.15201926717170813,0.6770824667215269,0.17542666309925153,0.20063334014161216,0.7443987952454301,0.2222885178376906,0.856817470043573,0.0,1.0,0.5,0.35,0.6577600120032542,0.22518823535061827,0.15399023286376357,0.5084242765710867,0.2655452516118224,0.016271318643890618,0.3096156526807279,0.3248665656628057,0.3538545656098579,0.0011107449033837258,0,0,DATA
308,12.833333333333334,0.21336802282344564,0.16349771348726266,0.6698373994727963,0.17187717377312836,0.20063334014161216,0.7443987952454301,0.2222885178376906,0.856817470043573,0.0,1.0,0.5,0.35,0.6549251464373714,0.22896883181135758,0.15324513964660602,0.507850354255309,0.2688381033339316,0.01676863608767139,0.31204016985415345,0.32621162717874597,0.3526962439282587,0.0024535184145931996,0,0,DATA
312,13.0,0.2097541687615217,0.16349839671033395,0.662405965548467,0.16989979685253612,0.20063334014161216,0.7443987952454301,0.2222885178376906,0.856817470043573,0.0,1.0,0.5,0.35,0.6540745432907618,0.23010320205203932,0.15226270232845474,0.5078503200941554,0.267578401150463,0.016768665886768522,0.3098313855461313,0.32306196178623164,0.3500816271403262,0.000989136901814236,0,0,DATA
316,13.166666666666666,0.20614584642617728,0.16397926433325682,0.6548989239585026,0.1716410355231669,0.20063334014161216,0.7443987952454301,0.2222885178376906,0.856817470043573,0.0,1.0,0.5,0.35,0.6537183801459651,0.23057815605866228,0.151210223442587,0.5078262767130093,0.2666508869688341,0.016789644990761035,0.30780065981023874,0.32045465575840565,0.3482644123868653,0.0006278653457624609,0.10492480576079233,0,DATA
320,13.333333333333334,0.20275898954667337,0.15877308923035027,0.6475906583264363,0.16149644769886573,0.20580380242374727,0.6138713392037374,0.20120668232570804,0.8316792619825708,0.0,1.0,0.5,0.35,0.6181571402824624,0.23034871031108367,0.14428032588877576,0.5334165073341729,0.2639453761992755,0.019200006056229634,0.30357916526676204,0.3144878758692922,0.3432888164606021,0.014240194388297508,0,0,DATA
324,13.5,0.1986581798852019,0.08256216482319421,0.6413704982548113,0.15485502864895284,0.20580380242374727,0.6138713392037374,0.20120668232570804,0.8316792619825708,0.0,1.0,0.5,0.35,0.6234930624489143,0.20894081775280637,0.14134018659372338,0.5372270535545307,0.2321208656929038,0.01569885612486051,0.2710306015572803,0.28065315424765674,0.3285637730054927,0.00989465133992721,0,0,DATA
328,13.666666666666666,0.19545239703787495,0.08428964953866934,0.6359606538462473,0.14768093219881995,0.20580380242374727,0.6138713392037374,0.20120668232570804,0.8316792619825708,0.0,1.0,0.5,0.35,0.6247310673086002,0.20300214570565622,0.139784930407269,0.537140679318757,0.2316192517642747,0.015774974768594262,0.2699984699922922,0.2783626285967989,0.3257150370359137,0.002910644364430124,0,0,DATA
332,13.833333333333334,0.19103572251550194,0.08189146186313073,0.6305102495251724,0.14068283299202175,0.20580380242374727,0.6138713392037374,0.20120668232570804,0.8316792619825708,0.0,1.0,0.5,0.35,0.6256060881783689,0.2005490515423604,0.13839085190163436,0.5372605887025339,0.22937267024546854,0.015669343285622004,0.2670657791533872,0.2741850874051066,0.32215142051071727,0.0015740645128997366,0,0,DATA
336,14.0,0.1863377482403218,0.0751450314950758,0.622933869952492,0.1339136358950287,0.20580380242374727,0.6138713392037374,0.20120668232570804,0.8316792619825708,0.0,1.0,0.5,0.35,0.6272853448165912,0.1979241227903163,0.1369860537521561,0.5375979102209366,0.22511832672363077,0.015373742134498469,0.2619123362365931,0.26759708682134514,0.31742172421542225,0.0019029945132481945,0.02254350944852274,0,DATA
340,14.166666666666666,0.1829349180911681,0.06887411014456626,0.6182417192071679,0.1277099315380977,0.20580380242374727,0.6138713392037374,0.20120668232570804,0.8316792619825708,0.0,1.0,0.5,0.35,0.6291060152916649,0.19538078618656035,0.1358500199759904,0.5379114562884622,0.22152652550777852,0.015101032951220665,0.2577849715174937,0.26238013659202025,0.3137270244402133,0.0018333469516651306,0,0,DATA
344,14.333333333333334,0.18416731476244344,0.13491647379849808,0.613504410076886,0.12258753363381994,0.20580380242374727,0.6138713392037374,0.20120668232570804,0.8316792619825708,0.0,1.0,0.5,0.35,0.6157833200668613,0.21310964702853447,0.13576801314410847,0.5346093381057655,0.24726868969124832,0.018072552147833508,0.28350093448726515,0.28711012885833576,0.32154781179200453,0.010377854299553199,0,0,DATA
348,14.5,0.18432982968828557,0.13485477436392046,0.6066689770160532,0.13043228153152475,0.20580380242374727,0.6138713392037374,0.20120668232570804,0.8316792619825708,0.0,1.0,0.5,0.35,0.6117994683806816,0.21841102943944496,0.13577753922897076,0.5346124230774943,0.24675054906009292,0.018069673446549455,0.28214167108643595,0.2858517969411937,0.3214148996837349,0.003098253393984183,0,0,DATA
352,14.666666666666666,0.18359168787707394,0.13909175273878802,0.6049630227443692,0.13786304176315153,0.20580380242374727,0.6138713392037374,0.20120668232570804,0.8316792619825708,0.0,1.0,0.5,0.35,0.6097145474161054,0.22118779810768102,0.13562538727407503,0.534400574158751,0.24847880496180597,0.018267803314682078,0.2833476432198038,0.2876302496705559,0.3230362957372482,0.0016712805292359763,0,0,DATA
356,14.833333333333334,0.18241215356334847,0.14276015645008425,0.6055745552400629,0.13265814405541754,0.20580380242374727,0.6138713392037374,0.20120668232570804,0.8316792619825708,0.0,1.0,0.5,0.35,0.6083187063473604,0.22304798174731483,0.13533203948172393,0.5342171539731861,0.24971699169240036,0.018440076259453594,0.284701404340716,0.288524674270264,0.32258050644494674,0.001183124166909975,0.09796239515319997,0,DATA
360,15.0,0.18665446413608178,0.13833123435541428,0.6171450636953811,0.12920803058318064,0.2476530160675381,0.6976489237652822,0.2517109204793029,0.8051239106753812,0.0,1.0,0.5,0.35,0.6322877513438501,0.23115427351789342,0.15027610704729916,0.511405701119042,0.2570681226319821,0.017611760889302358,0.2860923993084583,0.2907277087363145,0.32454300360740174,0.015673134777547826,0,0,DATA
364,15.166666666666666,0.1904260869679069,0.14565035592871703,0.6229856146525314,0.12725323558920765,0.2476530160675381,0.6976489237652822,0.2517109204793029,0.8051239106753812,0.0,1.0,0.5,0.35,0.6379414493124035,0.23563551508959177,0.155551368111655,0.511039745040377,0.2609201754029483,0.01794105529946861,0.2909424826955745,0.2959663677197484,0.32708721286707265,0.005136733534869199,0,0,DATA
368,15.333333333333334,0.19398766785025978,0.1524837229948665,0.6267991878759962,0.12683212189448395,0.2476530160675381,0.6976489237652822,0.2517109204793029,0.8051239106753812,0.0,1.0,0.5,0.35,0.6382025516190781,0.23889323033962315,0.15788187841625587,0.5106980766870695,0.26437923293902316,0.018250932211690694,0.2951508603431978,0.3005139913202458,0.3293375465821518,0.0019497759537689674,0,0,DATA
372,15.5,0.19903908344855037,0.15923802241797155,0.6321599518747653,0.12259293829477777,0.2476530160675381,0.6976489237652822,0.2517109204793029,0.8051239106753812,0.0,1.0,0.5,0.35,0.6368624794322284,0.24176174875310194,0.15964182878327715,0.5103603617159143,0.26795879029199243,0.01855953632895437,0.29993501603185174,0.305410305048806,0.33134818733519766,0.0019895136557832684,0,0,DATA
376,15.666666666666666,0.2042075163398693,0.165591668256496,0.6391487136052887,0.08487623343078911,0.2476530160675381,0.6976489237652822,0.2517109204793029,0.8051239106753812,0.0,1.0,0.5,0.35,0.6351261921500833,0.24440132511193247,0.1612551848005605,0.5100426794239881,0.27024370647181106,0.018851933311156588,0.30490791329163003,0.3073104079952378,0.3270219269599413,0.001996406552753007,0.10599659505999204,0,DATA
380,15.833333333333334,0.2088313851181498,0.16444767976314262,0.6430789084263165,0.07277154014274055,0.2476530160675381,0.6976489237652822,0.2517109204793029,0.8051239106753812,0.0,1.0,0.5,0.35,0.634845543549044,0.24487288124144263,0.16271020404918443,0.5100998788486557,0.2701434562237335,0.01879913637778995,0.3061611306141503,0.307746175471056,0.3258743256114136,0.0007357413263911206,0,0,DATA
384,16.0,0.21275184085386292,0.1660113528477374,0.6462637558264472,0.07778650255379031,0.2476530160675381,0.6976489237652822,0.2517109204793029,0.8051239106753812,0.0,1.0,0.5,0.35,0.6344329776209673,0.24545217654398221,0.16397000552827135,0.510021695194426,0.2716653421008861,0.018871318976504535,0.308207660475157,0.3106126863131808,0.3283001264799168,0.0007505542365677335,0,0,DATA
388,16.166666666666668,0.21790344944067372,0.16777986029441697,0.6500462583796328,0.08415041849113516,0.2476530160675381,0.6976489237652822,0.2517109204793029,0.8051239106753812,0.0,1.0,0.5,0.35,0.6339378212787417,0.24612114721981437,0.16542978377522768,0.509933269822092,0.27349333071037885,0.018953105684443215,0.3107018856818281,0.3141215533689049,0.3312989722813651,0.0008746350883380438,0,0,DATA
392,16.333333333333332,0.2224538673642534,0.16934753646196787,0.65348442365064,0.09032586427655653,0.2476530160675381,0.6976489237652822,0.2517109204793029,0.8051239106753812,0.0,1.0,0.5,0.35,0.6334600623808883,0.2467607877494783,0.1668233050132663,0.5098548860137144,0.2751440322752233,0.019025736510952806,0.3129266727877658,0.31730770158048544,0.3340837959736918,0.0008369735551853145,0,0,DATA
396,16.5,0.2235242728234456,0.1025606785904884,0.65682232934106,0.09116853379212289,0.2476530160675381,0.6976489237652822,0.2517109204793029,0.8051239106753812,0.0,1.0,0.5,0.35,0.6473419748645428,0.22825235970436322,0.16746614653110828,0.5131942289072884,0.24894917702683997,0.01604125054731476,0.2870935918690965,0.29189267818241477,0.32517581816460744,0.011011060682203866,0.03430904517886177,0,DATA
400,16.666666666666668,0.22522621161178152,0.17073505111246337,0.659378082413868,0.09704472756006469,0.20312623400054464,0.5150172389807715,0.23079333469498908,0.8596326933551198,0.0,1.0,0.5,0.35,0.5860530586403615,0.23243803136291305,0.16215948211240355,0.552990864548141,0.2688819984860926,0.021653534372353758,0.31521487925011527,0.3208571602475085,0.3373863449435276,0.02359375076714529,0,0,DATA
404,16.833333333333332,0.22815894319800573,0.1654075042986818,0.660141589664806,0.13452508406739205,0.20312623400054464,0.5150172389807715,0.23079333469498908,0.8596326933551198,0.0,1.0,0.5,0.35,0.5687851686040013,0.23220201975261917,0.1611833564198992,0.55325724188883,0.2685764334178836,0.021378631363883578,0.3138231082920351,0.3232897756652549,0.3445674341942827,0.006160009113052811,0,0,DATA
408,17.0,0.23125327321099384,0.15954696572061833,0.6574293625572095,0.1462215767153291,0.20312623400054464,0.5150172389807715,0.23079333469498908,0.8596326933551198,0.0,1.0,0.5,0.35,0.5648355146944866,0.23049026546767326,0.1615403280148754,0.553550268817733,0.26662215684070323,0.02107787813981021,0.311555313441888,0.3219204073691419,0.3456590281615603,0.0020061265964789465,0,0,DATA
412,17.166666666666668,0.23306280244469588,0.155176416504328,0.6548439902976549,0.14840954140948825,0.20312623400054464,0.5150172389807715,0.23079333469498908,0.8596326933551198,0.0,1.0,0.5,0.35,0.564568433857053,0.22875298540162817,0.16202742063244568,0.5537687962785476,0.264795973409503,0.020854715554977223,0.30965192515020135,0.3199772783209157,0.3449756485764302,0.0008304845070163103,0,0,DATA
416,17.333333333333332,0.23926085658622426,0.15731759480952368,0.6665229993719384,0.14922635243454013,0.20312623400054464,0.5150172389807715,0.23079333469498908,0.8596326933551198,0.0,1.0,0.5,0.35,0.5640386621617319,0.22883133130726946,0.16347513978743772,0.5536617373632877,0.2675824425928196,0.020963924974825368,0.314083809115442,0.3256587442960898,0.3489997452099436,0.0006852789186514718,0.06240984823800184,0,DATA
420,17.5,0.2438568376068376,0.15716373848998055,0.6676254306452805,0.14757433162799535,0.20312623400054464,0.5150172389807715,0.23079333469498908,0.8596326933551198,0.0,1.0,0.5,0.35,0.5639120404802396,0.22881175530948972,0.16487461154826416,0.553669430179265,0.26795478946719076,0.020956069927176517,0.3151619490464158,0.3266819252737434,0.3493814685211,0.0005152231466995135,0,0,DATA
424,17.666666666666668,0.24510733513490868,0.15477819378029933,0.6644553668419277,0.14716180642619614,0.20312623400054464,0.5150172389807715,0.23079333469498908,0.8596326933551198,0.0,1.0,0.5,0.35,0.564375018364825,0.2281379299914451,0.165557057557407,0.5537887074147491,0.2667037027210897,0.020834429944951143,0.31382381790748703,0.3249855352342994,0.34827366557625694,0.0006064164039242722,0,0,DATA
428,17.833333333333332,0.24572950708061,0.15065854717715282,0.6577020567046398,0.1468666193676173,0.20312623400054464,0.5150172389807715,0.23079333469498908,0.8596326933551198,0.0,1.0,0.5,0.35,0.5653790375168614,0.22678228134715067,0.16589244746874712,0.5539946897449064,0.2642834131366695,0.020625042675524983,0.31094973162791106,0.3214065992351368,0.3459705708343173,0.0008983525692236594,0,0,DATA
432,18.0,0.24705338999916204,0.14582913985020454,0.6534971186216053,0.14883348584918044,0.20312623400054464,0.5150172389807715,0.23079333469498908,0.8596326933551198,0.0,1.0,0.5,0.35,0.5666944188011314,0.22502335270231683,0.1662710798550451,0.5542361601112538,0.26203164292867265,0.020380669853214163,0.30844175766423526,0.3186748181113138,0.3447206868026843,0.00115098077180061,0,0,DATA
436,18.166666666666668,0.2489193166582873,0.14218511623099248,0.6483942060478651,0.15155758025980623,0.20312623400054464,0.5150172389807715,0.23079333469498908,0.8596326933551198,0.0,1.0,0.5,0.35,0.567854278146447,0.2234753474954873,0.1667765141693508,0.5544183612922143,0.26021992188129406,0.020197056737558724,0.3063367510336275,0.3163319296643946,0.34362976666440515,0.0010710996221502678,0.04265553486929774,0,DATA
440,18.333333333333332,0.24998199733953413,0.13767979406480296,0.6426007584742742,0.15421412172195118,0.1948007727396514,0.7171305487102888,0.23112098311546841,0.8732155501089325,0.0,1.0,0.5,0.35,0.6257400803292062,0.2200011088621178,0.16724304896443856,0.5154697846437544,0.2564152723920121,0.016035483699708857,0.30358846878868284,0.31326995680830544,0.34214318280663264,0.02060885853707219,0,0,DATA
444,18.5,0.25148826357466064,0.1361982088786481,0.6398888565498031,0.1558442706449712,0.1948007727396514,0.7171305487102888,0.23112098311546841,0.8732155501089325,0.0,1.0,0.5,0.35,0.6434169538731267,0.2185439934199836,0.16769932531234147,0.5155438639030621,0.2556829173423446,0.01597165275204714,0.30275470757635203,0.31232802029582946,0.34171962595570826,0.006530088444652517,0,0,DATA
448,18.666666666666668,0.2520050708584716,0.1365209171275348,0.6372045665130461,0.1440236447568032,0.1948007727396514,0.7171305487102888,0.23112098311546841,0.8732155501089325,0.0,1.0,0.5,0.35,0.6486522472040365,0.2181972170970316,0.16794473774631263,0.5155277284906178,0.25505840538466656,0.015985546526547285,0.3024502943253175,0.31057311545230243,0.33878451523459957,0.0019424940292776434,0,0,DATA
452,18.833333333333332,0.25060102700268144,0.07028196094142784,0.6328098795746573,0.1303344672068372,0.1948007727396514,0.7171305487102888,0.23112098311546841,0.8732155501089325,0.0,1.0,0.5,0.35,0.6641330160023919,0.19954627646803602,0.16772351226678806,0.5188396762999231,0.22737556986715524,0.013243745187431367,0.2747949656920389,0.28110940037018833,0.3248717601765141,0.011450978302291878,0,0,DATA
456,19.0,0.25126054628582206,0.11472160146231143,0.6290351466123247,0.13019191444542716,0.1948007727396514,0.7171305487102888,0.23112098311546841,0.8732155501089325,0.0,1.0,0.5,0.35,0.6594449221325129,0.2063940936251848,0.1677956436723902,0.5166176942738789,0.24474551755222368,0.01505880399922446,0.29194777916455394,0.29787048527032917,0.33063146439009555,0.0038693474775433057,0.03441648043869343,0,DATA
460,19.166666666666668,0.2533528154851684,0.120218367362626,0.6264675519907258,0.1375433817029358,0.1948007727396514,0.7171305487102888,0.23112098311546841,0.8732155501089325,0.0,1.0,0.5,0.35,0.6568841731324833,0.2099875332244175,0.16825665962593356,0.5163428559788632,0.24709755278400566,0.01529022683294247,0.29405142044022925,0.3004525138095954,0.33249360099117936,0.002205068184268577,0,0,DATA
464,19.333333333333332,0.25685213989441935,0.12716768591187566,0.6238167859828732,0.14450107247364208,0.1948007727396514,0.7171305487102888,0.23112098311546841,0.8732155501089325,0.0,1.0,0.5,0.35,0.654656591537132,0.2130113742979772,0.1691298225379393,0.5159953900514007,0.25011744186633156,0.015584984102159216,0.2970008595402088,0.3038326453858603,0.33461477786667,0.002041528526972249,0,0,DATA
468,19.5,0.25350662366976706,0.12767708195679958,0.6056026963154504,0.14390896185337465,0.1948007727396514,0.7171305487102888,0.23112098311546841,0.8732155501089325,0.0,1.0,0.5,0.35,0.6538813438890925,0.21406115751262383,0.168689213004364,0.5159699202491544,0.24784418380142748,0.015606686022240773,0.2928926967797633,0.2978438625966458,0.3296846911100342,0.000755213465420466,0,0,DATA
472,19.666666666666668,0.25179627272917715,0.13238469071711206,0.6111876025943145,0.1427910168456328,0.1948007727396514,0.7171305487102888,0.23112098311546841,0.8732155501089325,0.0,1.0,0.5,0.35,0.652660171755015,0.2156942229299053,0.16819785644676755,0.5157345398111388,0.2502158701834593,0.015807864293112556,0.2955506513515432,0.30094851329553785,0.3313924348981897,0.0011151980363184693,0,0,DATA
476,19.833333333333332,0.25066609843723814,0.14137945936374258,0.6121606096087303,0.14156882213356015,0.1948007727396514,0.7171305487102888,0.23112098311546841,0.8732155501089325,0.0,1.0,0.5,0.35,0.6504049186989993,0.21870267777614627,0.1678131128781814,0.5152848013788074,0.2537912367520034,0.01619535896913591,0.29911712535469076,0.30449006852891974,0.33262744557717977,0.0018828171569476027,0.0637837589440951,0,DATA
480,20.0,0.2444033329143623,0.15236425960589192,0.6013550079307431,0.1389915607271933,0.19060325605936818,0.5378731694266683,0.18810031998910676,0.8455150462962963,0.0,1.0,0.5,0.35,0.5972294685319296,0.2217994797949609,0.1543367233724204,0.5512166647254664,0.25552881994696897,0.019940296420337365,0.30009737201137787,0.30413202887717156,0.33043203636044444,0.02324954723054844,0,0,DATA
484,20.166666666666668,0.23717510107675552,0.16052105004101633,0.5980306824659076,0.1351479430434318,0.19060325605936818,0.5378731694266683,0.18810031998910676,0.8455150462962963,0.0,1.0,0.5,0.35,0.5795639074904326,0.22501242172244013,0.14877587783479468,0.5508088252037102,0.25766061381087946,0.02034821402582399,0.3012495767249392,0.3045674392758731,0.3293329268389913,0.00881311616886731,0,0,DATA
488,20.333333333333332,0.2363869446015586,0.17673581685955003,0.6135207161050735,0.13221863800832406,0.19060325605936818,0.5378731694266683,0.18810031998910676,0.8455150462962963,0.0,1.0,0.5,0.35,0.5708591381460915,0.23051643900987334,0.1469421113137156,0.5499980868627836,0.2658250998555728,0.02116906610204979,0.3106758588851464,0.3152497942964862,0.33497297361702155,0.005347517717617822,0,0,DATA
492,20.5,0.23525133677936988,0.18258826868511444,0.6246756243782146,0.12672758249501778,0.19060325605936818,0.5378731694266683,0.18810031998910676,0.8455150462962963,0.0,1.0,0.5,0.35,0.5670186924594205,0.23380633070726134,0.14615350371473224,0.5497054642715054,0.26919417873226803,0.021468593591580067,0.3150206997055627,0.32016102039288585,0.3374277965742613,0.002639648327680775,0,0,DATA
496,20.666666666666668,0.23460419023378581,0.18597859177089068,0.6337635248633217,0.129573477287189,0.19060325605936818,0.5378731694266683,0.18810031998910676,0.8455150462962963,0.0,1.0,0.5,0.35,0.5651545909054062,0.23574258868049508,0.14578102066046458,0.5495359481172166,0.2717029200928316,0.02164289941779128,0.31806497972777775,0.3243986799428289,0.34071278446228037,0.001390947527171893,0.13953785819139017,0,DATA
500,20.833333333333332,0.23506708773252888,0.18695094623278757,0.6435368643421066,0.12522991466227246,0.19060325605936818,0.5378731694266683,0.18810031998910676,0.8455150462962963,0.0,1.0,0.5,0.35,0.5643911660022036,0.23659572532179635,0.14576648421892033,0.5494873303941217,0.2731279519099473,0.021692997732777945,0.32050116890804214,0.32737784680848003,0.3424795497261522,0.0005436993286827008,0,0,DATA
504,21.0,0.23689576525054462,0.18376990014222797,0.6556833466834774,0.08869243401832229,0.19060325605936818,0.5378731694266683,0.18810031998910676,0.8455150462962963,0.0,1.0,0.5,0.35,0.5648301582102603,0.23596097340883002,0.14614614556524036,0.5496463826986497,0.27199790633037113,0.021529278743371537,0.3220237824436956,0.32646136051387553,0.33791438502092247,0.00048446848911433876,0,0,DATA
508,21.166666666666668,0.23603916593346735,0.14253624873256038,0.6628339756793518,0.08110424057962584,0.19060325605936818,0.5378731694266683,0.18810031998910676,0.8455150462962963,0.0,1.0,0.5,0.35,0.5736209226687076,0.22422512544023318,0.14608015811255012,0.5517080652691331,0.255990465563095,0.019453256016132913,0.306789127815588,0.3111829494414857,0.3319136959389939,0.006864199959911453,0,0,DATA
512,21.333333333333332,0.23265404385579014,0.16220999207930664,0.6658063118121793,0.08757361770256851,0.19060325605936818,0.5378731694266683,0.18810031998910676,0.8455150462962963,0.0,1.0,0.5,0.35,0.572126665903425,0.22621301918674314,0.14534948624043084,0.5507243781017956,0.26420460855643635,0.020433096343288205,0.31457606796531656,0.3199140609167913,0.3365632046910335,0.001404274127970608,0,0,DATA
516,21.5,0.22939497313348414,0.17256991368644584,0.6672938302068894,0.09287055705404235,0.19060325605936818,0.5378731694266683,0.18810031998910676,0.8455150462962963,0.0,1.0,0.5,0.35,0.569502805336341,0.22971016536069505,0.14444587982711082,0.5502063820214389,0.2684782313229317,0.020956907620364725,0.318365726142653,0.32438216486874616,0.3392225533288461,0.002341537718118634,0.05177097410593375,0,DATA
520,21.666666666666668,0.227624591503268,0.18192097706325833,0.6767770763872399,0.11141884973380761,0.23781356379357296,0.6926196624878389,0.25081180215141613,0.8201477396514161,0.0,1.0,0.5,0.35,0.6100809419142128,0.24329177158257115,0.16136223276621603,0.5117079840802334,0.28245480278422896,0.019488309358606133,0.3236487244034049,0.33246831701550966,0.346528644753387,0.023692031912951033,0,0,DATA
524,21.833333333333332,0.22657271241830068,0.18860844926856007,0.6765812015544639,0.11399947237318148,0.23781356379357296,0.6926196624878389,0.25081180215141613,0.8201477396514161,0.0,1.0,0.5,0.35,0.620850013724461,0.24923874566661847,0.16621624404010446,0.5113736104699682,0.2851253612651941,0.0198036570919875,0.32607416250197696,0.33513222989474145,0.34789373349536634,0.007190019056061324,0,0,DATA
528,22.0,0.2263161908727166,0.19512611621811035,0.6807166121698931,0.11509822654227593,0.23781356379357296,0.6926196624878389,0.25081180215141613,0.8201477396514161,0.0,1.0,0.5,0.35,0.62271202520813,0.25284778463770674,0.16761857789769832,0.5110477271224907,0.2882521057619828,0.020113166539818275,0.3294570070957661,0.339038490966983,0.35009933487091666,0.002291128104117024,0,0,DATA
532,22.166666666666668,0.2322438123219373,0.1992872388307232,0.698426897195612,0.11560425032462192,0.23781356379357296,0.6926196624878389,0.25081180215141613,0.8201477396514161,0.0,1.0,0.5,0.35,0.6223967929045819,0.2550956106605648,0.16928407855931285,0.51083967099186,0.2925362396773457,0.020311888740817685,0.33584903743579914,0.3472521521878225,0.35584504142062956,0.0014095196626735345,0,0,DATA
536,22.333333333333332,0.23876417955002516,0.205692666149263,0.707058088999055,0.11502062133882034,0.23781356379357296,0.6926196624878389,0.25081180215141613,0.8201477396514161,0.0,1.0,0.5,0.35,0.6209570834766243,0.2575634781166134,0.17115300587569565,0.5105193996259332,0.2966324378399897,0.02061949753327649,0.3414415201695213,0.35364939120330874,0.35949896439491974,0.001925501400129694,0.11074717850741353,0,DATA
540,22.5,0.23789042860734042,0.20309651897876874,0.6972728915114312,0.11370684394873115,0.23781356379357296,0.6926196624878389,0.25081180215141613,0.8201477396514161,0.0,1.0,0.5,0.35,0.6210703615540407,0.25757691714568953,0.1715301963726467,0.5106492069844579,0.29429730410225885,0.020494573155911588,0.3382712716152618,0.34936924516127804,0.3563131123751534,0.00016796920114787542,0,0,DATA
544,22.666666666666668,0.2366672951231775,0.2095166607667861,0.6937306710387497,0.11264864074462098,0.23781356379357296,0.6926196624878389,0.25081180215141613,0.8201477396514161,0.0,1.0,0.5,0.35,0.619756115201782,0.2593785885550573,0.1713864954900578,0.510328199895057,0.2963001155538466,0.020804123552533815,0.3398862575390999,0.35052418871743696,0.3560566245359473,0.0010865395480717983,0,0,DATA
548,22.833333333333332,0.2321728818397017,0.21854368114453818,0.6835393416509412,0.11141018129185229,0.23781356379357296,0.6926196624878389,0.25081180215141613,0.8201477396514161,0.0,1.0,0.5,0.35,0.6174661670167764,0.26244665568363823,0.1703995584357512,0.5098768488761694,0.2982788727376216,0.02124287985876078,0.34055991715594386,0.35005486945022324,0.3541657120267567,0.0021149841226310493,0,0,DATA
552,23.0,0.22562341576587902,0.23552960069679602,0.6617761713971679,0.11273047506102589,0.23781356379357296,0.6926196624878389,0.25081180215141613,0.8201477396514161,0.0,1.0,0.5,0.35,0.6132121394553005,0.2681231332968447,0.16872808944395645,0.5090275528985565,0.301990514592933,0.022079611392421743,0.3416917577113278,0.34914242235714715,0.35088191954260445,0.0038673247221590137,0,0,DATA
556,23.166666666666668,0.2210896912183677,0.24493673474771413,0.6436907281270833,0.11834983337227582,0.23781356379357296,0.6926196624878389,0.25081180215141613,0.8201477396514161,0.0,1.0,0.5,0.35,0.609960433036165,0.2724600741150636,0.16727456659144066,0.5085571961960106,0.3034451913895392,0.02254926639190338,0.3409307777681759,0.3471348339181118,0.3484421280402199,0.003014056696623422,0.1298761199461895,0,DATA
560,23.333333333333332,0.2182455654537456,0.25604779794440063,0.6337542736150931,0.11751642192997759,0.20710754527505443,0.5705412323864407,0.2159184368191721,0.8413626770152506,0.0,1.0,0.5,0.35,0.5724696374107288,0.27042399016671265,0.15647110103208695,0.5370232318342336,0.30090929227457996,0.02511020670781323,0.342819086991528,0.347946156546035,0.3471735790268034,0.016776781711046972,0,0,DATA
564,23.5,0.2220656645403888,0.2602339202089131,0.6404065090506207,0.112704012134699,0.20710754527505443,0.5705412323864407,0.2159184368191721,0.8413626770152506,0.0,1.0,0.5,0.35,0.5603433130475501,0.27098527921627086,0.15403228217247594,0.5368139257210081,0.30349512096776854,0.025337720135849787,0.34658800280176716,0.3518990549202991,0.3488840841749708,0.005042144090782612,0,0,DATA
568,23.666666666666668,0.22218516947377243,0.25762653181330175,0.6378551181924572,0.11576911360322732,0.20710754527505443,0.5705412323864407,0.2159184368191721,0.8413626770152506,0.0,1.0,0.5,0.35,0.5572529673016751,0.2704235971803672,0.15332573255060317,0.5369442951407886,0.30227816315995626,0.025195906287167173,0.3450586702585667,0.3504210934381351,0.34848009898813226,0.0014528591345505104,0,0,DATA
572,23.833333333333332,0.22349749795751636,0.2515011593422815,0.6334863507455389,0.12061902262079094,0.20710754527505443,0.5705412323864407,0.2159184368191721,0.8413626770152506,0.0,1.0,0.5,0.35,0.5576121917968268,0.26853998827771036,0.15338935664562756,0.5372505637643396,0.29960274471732,0.024864099975008373,0.3419972334775237,0.34740777081415664,0.34757031590763676,0.0007688191642776324,0,0,DATA
576,24.0,0.2226897676805765,0.2469875555658632,0.6240841590247649,0.12178835298518634,0.20710754527505443,0.5705412323864407,0.2159184368191721,0.8413626770152506,0.0,1.0,0.5,0.35,0.5586678159384202,0.2667110965495162,0.15323882051597754,0.5374762439531605,0.29665119499268044,0.024620811934341753,0.3381498075674136,0.34273705876840865,0.3446958204561656,0.0010116839998125422,0.13840577408582178,0,DATA
580,24.166666666666668,0.22121322220127365,0.2407548799961336,0.6159332981542818,0.12311178850867047,0.20710754527505443,0.5705412323864407,0.2159184368191721,0.8413626770152506,0.0,1.0,0.5,0.35,0.5602933650505414,0.26441727987153363,0.1528835851264289,0.5377878777316469,0.2931148352429257,0.024286551944396665,0.33373125606956455,0.3376357647358597,0.34184023645985195,0.001424867059884131,0,0,DATA
584,24.333333333333332,0.21821784135662808,0.2368950409648249,0.6063282509524407,0.12415137740739868,0.20710754527505443,0.5705412323864407,0.2159184368191721,0.8413626770152506,0.0,1.0,0.5,0.35,0.5615915959807526,0.26264837993937246,0.15214798453218878,0.5379808696832123,0.29022024705455884,0.02408052946495538,0.32966723484774374,0.3327151976837277,0.33876837849997643,0.0012675771522041672,0,0,DATA
588,24.5,0.2150245294431875,0.23283539876303444,0.5994708718973318,0.12337874409637109,0.20710754527505443,0.5705412323864407,0.2159184368191721,0.8413626770152506,0.0,1.0,0.5,0.35,0.5628335901221919,0.26098101014322284,0.1512567088520942,0.538183851793302,0.28748713440171325,0.023864652492988393,0.32603323977331766,0.3283182013726879,0.33597122955238107,0.0012668798725611792,0,0,DATA
592,24.666666666666668,0.21259341744176302,0.22926200136363056,0.5933130854960698,0.12494402218001588,0.20710754527505443,0.5705412323864407,0.2159184368191721,0.8413626770152506,0.0,1.0,0.5,0.35,0.5639566018184986,0.2594802479325448,0.1504787926277667,0.5383625216632721,0.2851869632370321,0.023675319599172538,0.3228861011330188,0.32471181190062737,0.3339657177587415,0.0011338967104373987,0,0,DATA
596,24.833333333333332,0.2119671539823194,0.22983346818407505,0.5870750186952961,0.12389974954016823,0.20710754527505443,0.5705412323864407,0.2159184368191721,0.8413626770152506,0.0,1.0,0.5,0.35,0.5641734972950972,0.2591900299790659,0.15011390243398526,0.5383339483222498,0.28457510996676766,0.023705554967453617,0.3217418218091532,0.3228392986326996,0.33222044020770086,0.0002906678746196767,0.06895004045522252,0,DATA
600,25.0,0.21573265590958607,0.22866273320735506,0.5891844074277356,0.12328148025914391,0.19988528050108928,0.49261900737664366,0.22464248025599126,0.8598975354030501,0.0,1.0,0.5,0.35,0.5426661972804449,0.25725848319700795,0.15323792294288618,0.55506026978914,0.28333644434759897,0.025123989373473377,0.32244850595040636,0.3236950947190943,0.3328250734808245,0.008854289101870416,0,0,DATA
604,25.166666666666668,0.22127132169641361,0.21859488488808582,0.6009758988208997,0.1206790915843172,0.19988528050108928,0.49261900737664366,0.22464248025599126,0.8598975354030501,0.0,1.0,0.5,0.35,0.5383282554230957,0.25386002163299515,0.15533824891079026,0.5555636622051034,0.28106328170302414,0.024569334241221485,0.321887398058697,0.3240528970992187,0.3342961579249426,0.003278909796422008,0,0,DATA
608,25.333333333333332,0.22533655155438245,0.21772477371977478,0.6092783747053312,0.1142327616686462,0.19988528050108928,0.49261900737664366,0.22464248025599126,0.8598975354030501,0.0,1.0,0.5,0.35,0.5372095962112362,0.2525968520366642,0.15682204497133492,0.555607167763519,0.28177889953384216,0.024521638150370537,0.3240128947398527,0.3263640083772504,0.3353585172234665,0.0012885416229116986,0,0,DATA
612,25.5,0.2280928898001508,0.2130470813214978,0.6112903909052856,0.10513335511581419,0.19988528050108928,0.49261900737664366,0.22464248025599126,0.8598975354030501,0.0,1.0,0.5,0.35,0.5378563138513165,0.25090814728624733,0.1578460148211097,0.555841052383433,0.28000579531607406,0.02426587931280241,0.3230954886696864,0.3247378632717964,0.333615619927724,0.0011197974134239768,0,0,DATA
616,25.666666666666668,0.2217644963968493,0.2060493959015987,0.5952980286694894,0.09750366928282654,0.19988528050108928,0.49261900737664366,0.22464248025599126,0.8598975354030501,0.0,1.0,0.5,0.35,0.5395198430815193,0.24844218394355058,0.1568242431613488,0.556190936654428,0.2744761787742353,0.02388533073378901,0.31583226337390724,0.31511243316913884,0.3264091000488624,0.001717088077553497,0.06181481877047961,0,DATA
620,25.833333333333332,0.2164372145760013,0.19804110114179682,0.5922117079877836,0.08040015525176501,0.19988528050108928,0.49261900737664366,0.22464248025599126,0.8598975354030501,0.0,1.0,0.5,0.35,0.5417006437501386,0.24546007240799703,0.15539898248104245,0.5565913513924179,0.2697921792815996,0.023452851474863808,0.3109462249694757,0.3082074112934306,0.32048284467616855,0.00219605762815972,0,0,DATA
624,26.0,0.21309693548893913,0.21540114680274267,0.6007731413898596,0.08005500816671886,0.19988528050108928,0.49261900737664366,0.22464248025599126,0.8598975354030501,0.0,1.0,0.5,0.35,0.5387092743619258,0.24942625173239577,0.1542699456686675,0.5557233491093707,0.2774825413438602,0.024394453022133784,0.3189344740968568,0.3170172890525147,0.324824152550114,0.002695528508328817,0,0,DATA
628,26.166666666666668,0.21202387872884196,0.21631587013432096,0.6058654961432853,0.08806972504769163,0.19988528050108928,0.49261900737664366,0.22464248025599126,0.8598975354030501,0.0,1.0,0.5,0.35,0.5376197716458305,0.2508722280625573,0.1537058927053346,0.5556776129427918,0.2786942573813337,0.024444488481654997,0.32010422302815383,0.3194977451472515,0.327730087438392,0.0010331773365299206,0,0,DATA
632,26.333333333333332,0.21287124759091672,0.2364531039616957,0.6127457764771799,0.0955583271233088,0.19988528050108928,0.49261900737664366,0.22464248025599126,0.8598975354030501,0.0,1.0,0.5,0.35,0.5330641017272533,0.25694444643327075,0.15371462427737043,0.5546707512514231,0.2879421181443416,0.025556680215848754,0.3297046463982976,0.3305350567583465,0.33405319989730275,0.0035455399537754986,0,0,DATA
636,26.5,0.2117128909523211,0.24948934337566753,0.6170167643527092,0.10088498820903334,0.19988528050108928,0.49261900737664366,0.22464248025599126,0.8598975354030501,0.0,1.0,0.5,0.35,0.5289597904747461,0.26241625898039683,0.15347398885487612,0.5540189392807244,0.29378953036733524,0.026287577612698513,0.33554166841127314,0.33733184366744734,0.3380258793315662,0.003272253074042534,0.0874954815638649,0,DATA
640,26.666666666666668,0.20041789084757833,0.26020235002195113,0.5830566153320645,0.11520571087108347,0.27281807427832244,0.42827387838760117,0.18344294662309368,0.710245438453159,0.0,1.0,0.5,0.35,0.5074621295863424,0.28237333129871306,0.1394939787889205,0.5536612420280889,0.30679664692137587,0.03065425396063745,0.33077584124470905,0.3306020738650238,0.3328774375952833,0.018478247757558502,0,0,DATA
644,26.833333333333332,0.19289271330861404,0.25618754142403855,0.5600250990567106,0.12661831170652996,0.27281807427832244,0.42827387838760117,0.18344294662309368,0.710245438453159,0.0,1.0,0.5,0.35,0.5018559411253829,0.2872363065867924,0.13371968848595134,0.5550664250373584,0.30228143135946905,0.030411862763915314,0.32305857904268037,0.3217229201190044,0.3280473396499508,0.005414484684002667,0,0,DATA
648,27.0,0.17952635982277526,0.2513381892011975,0.5215378768801698,0.14967883018491226,0.27281807427832244,0.42827387838760117,0.18344294662309368,0.710245438453159,0.0,1.0,0.5,0.35,0.5011924485538917,0.2873373805508207,0.12918046716303444,0.5558556037206714,0.29557633626941593,0.030120169825945717,0.310748123021068,0.3078697937275762,0.3209735996194821,0.0017679292861454792,0,0,DATA
652,27.166666666666668,0.19899875748910675,0.3103683893169247,0.5470897944110085,0.16552943804566872,0.27281807427832244,0.42827387838760117,0.18344294662309368,0.710245438453159,0.0,1.0,0.5,0.35,0.48859705875814163,0.3038961587724328,0.13190790427608895,0.5361031282748482,0.32444646254714415,0.03375148726332282,0.34336506610679296,0.3446269893524606,0.3413334703583352,0.010627201710138886,0,0,DATA
656,27.333333333333332,0.21912543730098877,0.3041044586098256,0.5611938535422828,0.17248780803015862,0.27281807427832244,0.42827387838760117,0.18344294662309368,0.710245438453159,0.0,1.0,0.5,0.35,0.4861338672679074,0.30710989164092867,0.13695273817050055,0.5382955040223328,0.32552184654438765,0.03335782443034073,0.34770564161258455,0.35107380776982866,0.34732423751317515,0.003573919417713891,0.19783148284603308,0,DATA
660,27.5,0.2227420735922574,0.30544577650755855,0.5485946307130359,0.18229156692832682,0.27281807427832244,0.42827387838760117,0.18344294662309368,0.710245438453159,0.0,1.0,0.5,0.35,0.4851132330623132,0.30844958051284266,0.13922568195999044,0.5378260427581263,0.32522794822319945,0.03344195447121188,0.34644565146408207,0.3495342712282184,0.34669804489928385,0.0015444222889993697,0,0,DATA
664,27.666666666666668,0.22282665336433716,0.301814082263787,0.5419787288354622,0.18617144611725006,0.27281807427832244,0.42827387838760117,0.18344294662309368,0.710245438453159,0.0,1.0,0.5,0.35,0.48556969859182697,0.30783461278616087,0.13992532684897416,0.5390971357434464,0.32314332384970523,0.033214377228704434,0.3436867093454747,0.34650172684074587,0.34528374910831733,0.0005903593817264315,0,0,DATA
668,27.833333333333332,0.23282997894670687,0.28522565378166675,0.553522619315034,0.18682762194693242,0.27281807427832244,0.42827387838760117,0.18344294662309368,0.710245438453159,0.0,1.0,0.5,0.35,0.4891902082319264,0.3030053624931627,0.14223591868796692,0.5449030857121885,0.3187197323941826,0.032183329085874166,0.3413607811650149,0.3453958052912115,0.3468130251800657,0.0035867839240301216,0,0,DATA
672,28.0,0.2488037395780962,0.2848818119281064,0.5629015611620292,0.18878843708896084,0.27281807427832244,0.42827387838760117,0.18344294662309368,0.710245438453159,0.0,1.0,0.5,0.35,0.4903485679132038,0.3014603116862663,0.14628358597225652,0.5450234303609345,0.3210640021305902,0.03216210442713794,0.34629378491926766,0.35146278474436665,0.351095723455325,0.0022503592574877975,0,0,DATA
676,28.166666666666668,0.2641603690087146,0.26256897532105433,0.5625253480486568,0.19524197805665217,0.27281807427832244,0.42827387838760117,0.18344294662309368,0.710245438453159,0.0,1.0,0.5,0.35,0.495381771505068,0.2947492021942228,0.15072277833797326,0.5528329231734028,0.31358039390732184,0.030797517851944536,0.34036473353989605,0.34614146615042696,0.3504811158225243,0.0053945018165414875,0.10186484108761061,0,DATA
680,28.333333333333332,0.2723846389517345,0.256733838853312,0.5625111549233586,0.20128636720702442,0.28767939814814814,0.8105519603666089,0.32456690836056645,0.7993664896514161,0.0,1.0,0.5,0.35,0.6051549741949753,0.2942229091483053,0.19329634202221482,0.47690100626179033,0.31481939160321426,0.0214729397638292,0.33967269431634345,0.3460524465293817,0.35163360189541476,0.05095768647335546,0,0,DATA
684,28.5,0.2847779977375566,0.23359557666794448,0.5613873832957074,0.2058297969313106,0.28767939814814814,0.8105519603666089,0.32456690836056645,0.7993664896514161,0.0,1.0,0.5,0.35,0.6429459700608747,0.2875863078226271,0.2086710164725099,0.47805791937105874,0.3066024400255863,0.020381880554475998,0.33267130687383056,0.3393930248965324,0.3500299414841363,0.019934090547290884,0,0,DATA
688,28.666666666666668,0.2884906045751634,0.21949575723564413,0.5478977878667038,0.20839627502865446,0.28767939814814814,0.8105519603666089,0.32456690836056645,0.7993664896514161,0.0,1.0,0.5,0.35,0.6572442309014276,0.28164737798387957,0.21406306624349586,0.4787629103426738,0.299743428472088,0.019730250400670033,0.3250759813826311,0.3307053876721669,0.3454271260152698,0.008543080150095453,0,0,DATA
692,28.833333333333332,0.29972377372423326,0.20731428784162345,0.5812996635741421,0.2082555546155836,0.28767939814814814,0.8105519603666089,0.32456690836056645,0.7993664896514161,0.0,1.0,0.5,0.35,0.6640918177263377,0.27645488760192954,0.21803964669609632,0.4793719838123748,0.2997720905147751,0.01917534539292651,0.3291304025963245,0.338085924415297,0.35304554736531907,0.005338885886486881,0,0,DATA
696,29.0,0.3077963303376906,0.20108636518792863,0.6046323274925297,0.2109651836553358,0.28767939814814814,0.8105519603666089,0.32456690836056645,0.7993664896514161,0.0,1.0,0.5,0.35,0.6674539575310867,0.27315332214431,0.2209278577207025,0.4796833799450595,0.3008350308141704,0.018894532774741856,0.3329202776412155,0.3444800287560021,0.35929370641615793,0.0031839720956582385,0.060325909556378586,0,DATA
700,29.166666666666668,0.32012664707977206,0.19331079244980376,0.6419169417959281,0.21536032253063425,0.28767939814814814,0.8105519603666089,0.32456690836056645,0.7993664896514161,0.0,1.0,0.5,0.35,0.6700954697475177,0.2699856921403492,0.22438368754392146,0.48007215858196584,0.30336118632970666,0.018546681618169053,0.33973303475506156,0.35546076118771774,0.36956058353055665,0.003088324014536903,0,0,DATA
704,29.333333333333332,0.29831940254734374,0.12016115966077183,0.6128307859072057,0.22034741677056377,0.28767939814814814,0.8105519603666089,0.32456690836056645,0.7993664896514161,0.0,1.0,0.5,0.35,0.6862493462981436,0.24855350595823195,0.22084091513907722,0.4837296402214174,0.26906589871445014,0.015423405313475172,0.30029450155521864,0.3136123218229956,0.35013329403476434,0.013709611712529138,0,0,DATA
708,29.5,0.2756572934996648,0.12412744809939481,0.603244013087958,0.22443929545093044,0.28767939814814814,0.8105519603666089,0.32456690836056645,0.7993664896514161,0.0,1.0,0.5,0.35,0.6902625886912206,0.24323441086641123,0.21501904051761137,0.4835313257994862,0.26785270777498993,0.015585839372082784,0.2954312405572825,0.3081995714111713,0.3468837089270513,0.005051404035454519,0,0,DATA
712,29.666666666666668,0.2692406870600804,0.11845136488037748,0.6240980963900555,0.2273600564855805,0.28767939814814814,0.8105519603666089,0.32456690836056645,0.7993664896514161,0.0,1.0,0.5,0.35,0.6926585388851374,0.24004937903754014,0.2119249907788589,0.48381512996043713,0.267688266409854,0.015353627510675188,0.2960483026421782,0.3111941179297418,0.35118830883269464,0.002891677253846786,0,0,DATA
716,29.833333333333332,0.2665932158119658,0.12240683408428812,0.639362321458026,0.22984551292898966,0.28767939814814814,0.8105519603666089,0.32456690836056645,0.7993664896514161,0.0,1.0,0.5,0.35,0.6925466754104912,0.2402014008659738,0.21044080689512906,0.4836173565002415,0.2709897816574619,0.015515276546255967,0.30015384108771365,0.31707462452641516,0.35583002964414423,0.0005826897289365659,0.036722050225286434,0,DATA
720,30.0,0.2570833595190213,0.12548135666883,0.6398879172005173,0.22984456328297598,0.24068670002723308,0.5167566750009718,0.23570686955337689,0.8034667755991285,0.0,1.0,0.5,0.35,0.6096047867229651,0.23123940713278346,0.1831176710424787,0.5492715921622792,0.2630631500293368,0.02034029224878707,0.2995867980114397,0.31656004605978905,0.35547143140895116,0.03974233942445559,0,0,DATA
724,30.166666666666668,0.24253727532679742,0.12645737009863353,0.6388934816548092,0.22962722638345265,0.24068670002723308,0.5167566750009718,0.23570686955337689,0.8034667755991285,0.0,1.0,0.5,0.35,0.5845172572964485,0.22882409277317137,0.17186605260631657,0.549222791490789,0.26216184292441436,0.02038921961683923,0.2968690994357747,0.3137211702396009,0.3538711487378676,0.012918154074096938,0,0,DATA
728,30.333333333333332,0.22553782129839117,0.17451751075527475,0.618730642400962,0.22337913324919292,0.24068670002723308,0.5167566750009718,0.23570686955337689,0.8034667755991285,0.0,1.0,0.5,0.35,0.5668983689305989,0.24155633784914726,0.16492068172950264,0.546819784457957,0.2773564784289663,0.022857853797725845,0.3086606970419805,0.32287167460699606,0.3530898959932094,0.01243216810621317,0,0,DATA
732,30.5,0.22507790242165243,0.18370115846059407,0.6282673008702709,0.22626376259757827,0.24068670002723308,0.5167566750009718,0.23570686955337689,0.8034667755991285,0.0,1.0,0.5,0.35,0.559684136402727,0.24794743272942943,0.16274048750234332,0.546360602072691,0.2822529281912074,0.02334282446098392,0.3141495040426223,0.3296026103894072,0.3573825417483377,0.005261840545104461,0,0,DATA
736,30.666666666666668,0.20531179953284734,0.192883426461242,0.6013419463656225,0.2339342318587367,0.24068670002723308,0.5167566750009718,0.23570686955337689,0.8034667755991285,0.0,1.0,0.5,0.35,0.5555915903642293,0.2524357962336955,0.15793554762754647,0.5459014886726585,0.2814203233902507,0.023831972011862535,0.3084841197641908,0.3220117375866267,0.351586026885624,0.004461949805853516,0.10769831724634797,0,DATA
740,30.833333333333332,0.2007378472222222,0.18579761294918282,0.595576310869791,0.22128469227396017,0.24068670002723308,0.5167566750009718,0.23570686955337689,0.8034667755991285,0.0,1.0,0.5,0.35,0.5558518473902125,0.2517982775015988,0.15553353567987613,0.5462557793482615,0.27702222395768616,0.023454130100664505,0.3035818767980758,0.31526797711245086,0.34609444283683943,0.0010999292352500873,0,0,DATA
744,31.0,0.2012028068438914,0.18207557308571304,0.5894641493243724,0.2222584670561278,0.24068670002723308,0.5167566750009718,0.23570686955337689,0.8034667755991285,0.0,1.0,0.5,0.35,0.556711552869336,0.2505648507201982,0.15491057361612554,0.546441881341435,0.27487609638786825,0.02325667082900055,0.30096362046793795,0.312135882105988,0.34424934738956475,0.0009053647747582309,0,0,DATA
748,31.166666666666668,0.20661725427350427,0.195913054740009,0.6101890550778193,0.20759876743471936,0.24068670002723308,0.5167566750009718,0.23570686955337689,0.8034667755991285,0.0,1.0,0.5,0.35,0.554063593365671,0.25406931754898093,0.1558607189572191,0.5457500072587202,0.28274484554951296,0.023994295331350307,0.3117264837662683,0.3235052660175222,0.34911570089475047,0.0023675238911804453,0,0,DATA
752,31.333333333333332,0.21303733031674207,0.2115049275444459,0.6158536861422358,0.19345843514841313,0.24068670002723308,0.5167566750009718,0.23570686955337689,0.8034667755991285,0.0,1.0,0.5,0.35,0.5499949122256397,0.25948638198285806,0.1574939785286271,0.5449704136184984,0.2896093431910245,0.02483700311866197,0.32038017430957394,0.33131138643863883,0.35068458072858266,0.0037063350484388227,0,0,DATA
756,31.5,0.21268261244134407,0.22276092638922412,0.6057851134979109,0.18935260706420654,0.24068670002723308,0.5167566750009718,0.23570686955337689,0.8034667755991285,0.0,1.0,0.5,0.35,0.5464105481262269,0.2642631809895591,0.1579094656462159,0.5444076136762594,0.2927109034582167,0.025452981508199423,0.3227979157435406,0.3323116877997524,0.34899919998983703,0.0029255500745675365,0.14483278682236736,0,DATA
760,31.666666666666668,0.1988283868568795,0.2282807805222518,0.5569584774833903,0.1735081652142328,0.45632582720588233,0.3295485304063205,0.28026679942810456,0.4940921160130719,0.0,1.0,0.5,0.35,0.4917577890419649,0.3125259965563335,0.16760150477367874,0.5175625588175936,0.3261325759610861,0.03720277416106207,0.3124696850769547,0.3155163493467171,0.33306620817771987,0.03753587125949976,0,0,DATA
764,31.833333333333332,0.18644537141779785,0.2187017348775825,0.5072483035856675,0.18664678025253667,0.45632582720588233,0.3295485304063205,0.28026679942810456,0.4940921160130719,0.0,1.0,0.5,0.35,0.47737356090206684,0.3243227084458584,0.16790868326971042,0.5209152247932278,0.31587064020189726,0.036576202205591914,0.2962194289517261,0.2956089373355465,0.3205912293203414,0.00882937284181821,0,0,DATA
768,32.0,0.17398730125062845,0.2056510486710269,0.45751896565794337,0.20303588571081513,0.45632582720588233,0.3295485304063205,0.28026679942810456,0.4940921160130719,0.0,1.0,0.5,0.35,0.4757989365634741,0.32420752987488033,0.16538464208341436,0.5254829649655223,0.30434176377290567,0.03572999026123582,0.2785616728501251,0.274617157987001,0.30823330598236576,0.0014046146986222974,0,0,DATA
772,32.166666666666664,0.1727365418656779,0.2078093166277002,0.4439670144868945,0.21522242605082958,0.45632582720588233,0.3295485304063205,0.28026679942810456,0.4940921160130719,0.0,1.0,0.5,0.35,0.4748733129909949,0.3247772913314554,0.16436477025668594,0.5247275711806866,0.30396623767785363,0.03586934083628088,0.2764644379215946,0.272383381975367,0.30748129051261236,0.0008384189519275628,0,0,DATA
776,32.333333333333336,0.17145710915242166,0.20102073723066377,0.4302717469107479,0.2137262419047782,0.45632582720588233,0.3295485304063205,0.28026679942810456,0.4940921160130719,0.0,1.0,0.5,0.35,0.47602122759262877,0.32304741753725774,0.1637901278388836,0.5271035739696492,0.2994451718269989,0.0354318220204034,0.27075406610489944,0.265153864986452,0.30261200660848436,0.001150810271211287,0.0856708304574593,0,DATA
780,32.5,0.1715749447481984,0.148703701174482,0.43492248621977886,0.21017668820573807,0.45632582720588233,0.3295485304063205,0.28026679942810456,0.4940921160130719,0.0,1.0,0.5,0.35,0.48735217954491716,0.30787968530326754,0.16364248058865602,0.545414536589313,0.2789438908213105,0.03213795276425065,0.2507809666633883,0.24529088410593997,0.2952290088470845,0.008882110478835395,0,0,DATA
784,32.666666666666664,0.1615729611823362,0.14341033155396563,0.41678944925742617,0.2098377395620677,0.45632582720588233,0.3295485304063205,0.28026679942810456,0.4940921160130719,0.0,1.0,0.5,0.35,0.4918630727509121,0.3018472221393259,0.16149776986475667,0.5472672159564937,0.2738368619066058,0.031812368179611805,0.24303661470953875,0.23569933359148812,0.2888337560780985,0.004229355697945312,0,0,DATA
788,32.833333333333336,0.1660208621375901,0.13636033390088267,0.43655395485078863,0.21026833623870364,0.45632582720588233,0.3295485304063205,0.28026679942810456,0.4940921160130719,0.0,1.0,0.5,0.35,0.49469684021985794,0.2980634838472802,0.1617884158481902,0.5497347151350728,0.27376165946006187,0.03138092983784787,0.2450590969580288,0.23974132606697804,0.2932482922593293,0.0023027172481416835,0,0,DATA
792,33.0,0.16686541603821017,0.1448290250491503,0.45148541120717123,0.212709124181511,0.45632582720588233,0.3295485304063205,0.28026679942810456,0.4940921160130719,0.0,1.0,0.5,0.35,0.4937685453194055,0.2992995958811814,0.16205296596235047,0.5467706732331791,0.2791061065118967,0.031899490656886166,0.2516017754687364,0.24802122900760462,0.2988240729992886,0.000809652349504623,0,0,DATA
796,33.166666666666664,0.16566617699430203,0.15154907739384568,0.45652990174594643,0.21177224951330129,0.45632582720588233,0.3295485304063205,0.28026679942810456,0.4940921160130719,0.0,1.0,0.5,0.35,0.4920788458568838,0.3015520441478665,0.16188049079737782,0.5444186549125357,0.2822660522041869,0.032313549744392794,0.255058846705588,0.2518890618315127,0.3007859046476539,0.0013715409647265069,0.0454647232181537,0,DATA
800,33.333333333333336,0.1522772056204961,0.1800249497100488,0.41138347187651875,0.21319815269666495,0.2157220179738562,0.5315473444658441,0.17001633986928105,0.7908578431372549,0.0,1.0,0.5,0.35,0.5421516707683912,0.2596742229376834,0.12814693558291623,0.5473309809252502,0.24391606230200216,0.022152209803618306,0.2547421153834225,0.24720027784074086,0.2927169615270196,0.041894733778717386,0,0,DATA
804,33.5,0.1352609272875817,0.17095896808662656,0.3865203586888682,0.22243690758609447,0.2157220179738562,0.5315473444658441,0.17001633986928105,0.7908578431372549,0.0,1.0,0.5,0.35,0.5590773743827622,0.24457240172007022,0.11445345056866572,0.5477842800064213,0.23631434399905926,0.02168388884334289,0.24273984442994062,0.23363557105743687,0.2852874091311881,0.015240336615411543,0,0,DATA
808,33.666666666666664,0.13809015994218202,0.18267567069120239,0.4268171800041308,0.22813592831868937,0.2157220179738562,0.5315473444658441,0.17001633986928105,0.7908578431372549,0.0,1.0,0.5,0.35,0.5616945779201125,0.24332253208406754,0.11093954392185663,0.5471984448761926,0.24629094304039292,0.022289920619332708,0.2560517362657435,0.25154704709802556,0.29854184726266914,0.0024603266067206864,0,0,DATA
812,33.833333333333336,0.1491377707600134,0.19517578365459903,0.4613927207930376,0.2356422570311018,0.2157220179738562,0.5315473444658441,0.17001633986928105,0.7908578431372549,0.0,1.0,0.5,0.35,0.5598547152590042,0.24644760282301775,0.1122053701995585,0.5465734392280228,0.25662411513434336,0.02294410168135006,0.27017641177244983,0.26987990955486374,0.31166677622867095,0.002076919892586774,0,0,DATA
816,34.0,0.16812789351851853,0.22924369595815347,0.5048358624245908,0.24470133682785764,0.2157220179738562,0.5315473444658441,0.17001633986928105,0.7908578431372549,0.0,1.0,0.5,0.35,0.5521484948769253,0.2569241394896981,0.11657304386215514,0.5448700436128451,0.2773460300641022,0.024766991393279755,0.2962902295718833,0.3012439494971281,0.33134857671729406,0.007516810237118639,0.16206374839876758,0,DATA
820,34.166666666666664,0.194439927413273,0.2503910848910213,0.5499086357872474,0.2512877767099912,0.2157220179738562,0.5315473444658441,0.17001633986928105,0.7908578431372549,0.0,1.0,0.5,0.35,0.5453956770863995,0.2659883693909052,0.12340887307883258,0.5438126741662017,0.29358213874763384,0.025927960879911567,0.31902614659651257,0.32914578784623644,0.34973736976379055,0.007550958969470121,0,0,DATA
824,34.333333333333336,0.20544623030836265,0.2513055872886538,0.5457523620760079,0.2561322188186433,0.2157220179738562,0.5315473444658441,0.17001633986928105,0.7908578431372549,0.0,1.0,0.5,0.35,0.5431777862457389,0.2689636990326044,0.12777094545180462,0.5437669490463201,0.2945234687772913,0.02597867452944301,0.32076195339233565,0.3309504114818007,0.35090499540686493,0.0031850976184439514,0,0,DATA
828,34.5,0.1999099212334506,0.2748696659104406,0.521668455216815,0.2596468646514431,0.2157220179738562,0.5315473444658441,0.17001633986928105,0.7908578431372549,0.0,1.0,0.5,0.35,0.5375639624829655,0.2764542399392145,0.1279169422579647,0.5425887451152307,0.30075671251022196,0.02729995416733501,0.3242635416542294,0.33239507364105525,0.34856792874440357,0.004416787158514522,0,0,DATA
832,34.666666666666664,0.2186681042609351,0.312244370910643,0.5344204433901502,0.2568772063831346,0.2157220179738562,0.5315473444658441,0.17001633986928105,0.7908578431372549,0.0,1.0,0.5,0.35,0.5280311273040909,0.28916631961125416,0.1318999597355845,0.5407200098652205,0.31862670140256955,0.029453014835526328,0.3455154578944743,0.3546452228718028,0.3586840181868544,0.008742644109511357,0,0,DATA
836,34.833333333333336,0.22734113143120493,0.3189496008575856,0.532976465206095,0.24816695001354663,0.2157220179738562,0.5315473444658441,0.17001633986928105,0.7908578431372549,0.0,1.0,0.5,0.35,0.5237631784615706,0.29485740789801,0.1349162006846271,0.5403847483678734,0.321480947918098,0.029846734159967386,0.34964335967049426,0.3577577011924584,0.3584540595759914,0.004325092692772897,0.27555737696036137,0,DATA
840,35.0,0.2287273362870789,0.3197412708057889,0.5160835615372819,0.2524471375707275,0.16403105426198256,0.7648703959851251,0.18676351443355121,0.8869611247276689,0.0,1.0,0.5,0.35,0.5876469975450904,0.2859312995900402,0.140801384867069,0.5014341991233882,0.3107481978797416,0.022806728823173663,0.3468586878871877,0.35371175779798864,0.35534424214804217,0.026231703857977174,0,0,DATA
844,35.166666666666664,0.2222158067286744,0.31867691786788666,0.4871200039030611,0.24301597258684057,0.16403105426198256,0.7648703959851251,0.18676351443355121,0.8869611247276689,0.0,1.0,0.5,0.35,0.6070356573871059,0.2829554482750366,0.14119951891453664,0.5014874167702833,0.3059486608244464,0.022753422111251285,0.33933792927350176,0.34235152692249193,0.3454063138461838,0.0075875484014955585,0,0,DATA
848,35.333333333333336,0.2125070046715267,0.3090767200645417,0.4526285596428557,0.24440141025626388,0.16403105426198256,0.7648703959851251,0.18676351443355121,0.8869611247276689,0.0,1.0,0.5,0.35,0.6148682968784129,0.27937463749559893,0.13928011069677593,0.5019674266604506,0.2972483217340889,0.0222751888980459,0.3266578008886932,0.32636079787860506,0.33464963043880064,0.004444286162835154,0,0,DATA
852,35.5,0.21736909774593596,0.27672459721859644,0.45777606629606465,0.25783955685908316,0.16403105426198256,0.7648703959851251,0.18676351443355121,0.8869611247276689,0.0,1.0,0.5,0.35,0.6240120345234536,0.26924179986490304,0.13972532777707367,0.5035850328027478,0.2858516667041614,0.020697772671589097,0.31571887169583873,0.3172804340113535,0.33425752730321584,0.006573930785344749,0,0,DATA
856,35.666666666666664,0.2235824050506955,0.2867667389252647,0.4674299457489568,0.26282136419301627,0.16403105426198256,0.7648703959851251,0.18676351443355121,0.8869611247276689,0.0,1.0,0.5,0.35,0.6246463060585654,0.2690137482535614,0.1411636874351625,0.5030829257174143,0.29172332579891386,0.02118175894610713,0.32290916573003636,0.32593429672423363,0.3397950106197017,0.0007668942681807825,0.12732039568707293,0,DATA
860,35.833333333333336,0.21791467655438249,0.2699118693584823,0.43026514878798877,0.2644541132409513,0.16403105426198256,0.7648703959851251,0.18676351443355121,0.8869611247276689,0.0,1.0,0.5,0.35,0.6283761101281233,0.26422596929145975,0.1404049723483634,0.5039256691957534,0.2801334940190971,0.020372323343844635,0.3076007128118672,0.3070726390147612,0.32773535790439806,0.003092099372819549,0,0,DATA
864,36.0,0.2170087172155187,0.24774856873649487,0.43919863693620376,0.24645592436264688,0.16403105426198256,0.7648703959851251,0.18676351443355121,0.8869611247276689,0.0,1.0,0.5,0.35,0.634149344479608,0.2565839114286728,0.1399871063611623,0.5050338342268528,0.27154778804584667,0.019329748724581146,0.3003408983249425,0.29890635445482755,0.3229540011386064,0.004611052733824246,0,0,DATA
868,36.166666666666664,0.21535604025263952,0.24361478826715136,0.4506648736295712,0.2323378346816754,0.16403105426198256,0.7648703959851251,0.18676351443355121,0.8869611247276689,0.0,1.0,0.5,0.35,0.6367494086836156,0.25313383553842056,0.13951468440279732,0.5052405232503201,0.2705732865170441,0.01913803267472275,0.3006500980833027,0.2989503689144273,0.32221160760906453,0.0021741873508749434,0,0,DATA
872,36.333333333333336,0.20589672233743928,0.22741524187837653,0.4526549681989015,0.23030418956799356,0.16403105426198256,0.7648703959851251,0.18676351443355121,0.8869611247276689,0.0,1.0,0.5,0.35,0.6409313326864605,0.24756293978248795,0.13738650105309577,0.5060505005697586,0.2634941880720905,0.018395032406069742,0.2926764348586188,0.29097235063530824,0.3189265384788245,0.00396033436949302,0,0,DATA
876,36.5,0.20077584920186023,0.2199424824825377,0.46690700710152144,0.24296882352987356,0.16403105426198256,0.7648703959851251,0.18676351443355121,0.8869611247276689,0.0,1.0,0.5,0.35,0.6437551893604402,0.24379929842487325,0.13567266268971373,0.5064241385395507,0.26231224448969825,0.0180567483877308,0.2915135642536914,0.29250114731683097,0.32338947377392174,0.002767112131658802,0.0659827447447613,0,DATA
880,36.666666666666664,0.21824451802622757,0.2179301727827777,0.511562103769388,0.2477252446323307,0.1701272722630719,0.704561045902615,0.25063163807189537,0.9283016748366013,0.0,1.0,0.5,0.35,0.628138313376481,0.24338696508188484,0.1567100062525526,0.5176721913408773,0.26955100180018204,0.019334357142585617,0.3031333934722342,0.3090621283124061,0.33694955258885256,0.012355517629928833,0,0,DATA
884,36.833333333333336,0.21031447701944025,0.1915494926609339,0.5208016063696064,0.2539318304121208,0.1701272722630719,0.704561045902615,0.25063163807189537,0.9283016748366013,0.0,1.0,0.5,0.35,0.6289931934068803,0.23587667464487203,0.1613559007099789,0.5189912253469695,0.2597213302141193,0.018108815162216896,0.2928430137421829,0.30031635742035556,0.33575063927590987,0.0043370216416128244,0,0,DATA
888,37.0,0.20666638517052122,0.21334604708815139,0.5263505287040938,0.265623430258004,0.1701272722630719,0.704561045902615,0.25063163807189537,0.9283016748366013,0.0,1.0,0.5,0.35,0.6246723809862845,0.23972662275338907,0.16198356975893383,0.5179013976256086,0.26928163931106663,0.019118878870107537,0.3019418016101836,0.31113919750639335,0.34238086380789906,0.002932809859355919,0,0,DATA
892,37.166666666666664,0.21146677821769738,0.212653551177062,0.5508141381953926,0.27208993834722933,0.1701272722630719,0.704561045902615,0.25063163807189537,0.9283016748366013,0.0,1.0,0.5,0.35,0.6235215614014346,0.24068770833083916,0.16317995301352728,0.5179360224211631,0.27258296585292985,0.019086419963419896,0.30751760375344284,0.319808011407705,0.35016623271662306,0.0011027628056311707,0,0,DATA
896,37.333333333333336,0.22374917515082954,0.21409359862009397,0.5875675734717448,0.2759450503966752,0.1701272722630719,0.704561045902615,0.25063163807189537,0.9283016748366013,0.0,1.0,0.5,0.35,0.6228739055629428,0.24137924728812316,0.16611817134586307,0.5178640200490116,0.2787061932999333,0.019153945490848572,0.3179007891725525,0.3342520515593945,0.36156986075536823,0.0014258043760371948,0.06422807958602819,0,DATA
900,37.5,0.23838743296463882,0.22341732430877792,0.6283530082097725,0.27031705410254464,0.1701272722630719,0.704561045902615,0.25063163807189537,0.9283016748366013,0.0,1.0,0.5,0.35,0.6207216264167716,0.24419735216813987,0.17007367098646375,0.5173978337645773,0.2882758765173097,0.01959367504688956,0.3327150179583935,0.3525820241896251,0.37350300481573256,0.0029752945555961696,0,0,DATA
904,37.666666666666664,0.24523803444989106,0.22395617075352325,0.6520536229880457,0.2577247411274401,0.1701272722630719,0.704561045902615,0.25063163807189537,0.9283016748366013,0.0,1.0,0.5,0.35,0.6199627849195238,0.24519366063667358,0.17269894719054696,0.51737089144234,0.29137984446841664,0.01961922227756483,0.33904079978899665,0.36001863620054525,0.37767558303051707,0.0014601420566215755,0,0,DATA
908,37.833333333333336,0.25337706997863246,0.21605240128486142,0.6651524452192071,0.2500386237838578,0.1701272722630719,0.704561045902615,0.25063163807189537,0.9283016748366013,0.0,1.0,0.5,0.35,0.6213949240587684,0.24327949772600838,0.17519572751280763,0.5177660799157731,0.2901338734972473,0.019245963837492757,0.3401268635535125,0.36164597045381897,0.3790414032521658,0.0019476941240568109,0,0,DATA
912,38.0,0.259059887977627,0.21934732160871098,0.6751910317495728,0.2429502124226232,0.1701272722630719,0.704561045902615,0.25063163807189537,0.9283016748366013,0.0,1.0,0.5,0.35,0.6211326325325335,0.2436278265434867,0.17713815338927463,0.5176013338995806,0.2928275609959011,0.019401184988031468,0.3445891125889244,0.36640323700614397,0.3811958874609872,0.0008510154067267461,0,0,DATA
916,38.166666666666664,0.2651538540095526,0.22435527919490614,0.6774744882185563,0.2349787500066021,0.1701272722630719,0.704561045902615,0.25063163807189537,0.9283016748366013,0.0,1.0,0.5,0.35,0.6200022739815619,0.2451345533128648,0.17900061401891912,0.5173509360202708,0.2952734175925704,0.019638153827972772,0.3482677801235842,0.3695131039461001,0.3815330493361506,0.0014998486499980441,0.09032883768717612,0,DATA
920,38.333333333333336,0.26268863514957264,0.20576177420602076,0.6673777094553659,0.22723905167902347,0.20741442844498909,0.7636848772379432,0.22916368804466228,0.8514678649237473,0.0,1.0,0.5,0.35,0.6401224752378283,0.24821069274499297,0.17303063023959142,0.500862771575362,0.292829284816277,0.018406125750042506,0.338317978603396,0.357779654716835,0.3744253673455066,0.009722108155907405,0,0,DATA
924,38.5,0.2610318012087313,0.21406106407231634,0.6658544678975431,0.2208153442302468,0.20741442844498909,0.7636848772379432,0.22916368804466228,0.8514678649237473,0.0,1.0,0.5,0.35,0.6444156847427861,0.25145733573719414,0.17089169997821643,0.5004478070820471,0.2955767167626381,0.0187832027929,0.34100167945018145,0.3596686606629604,0.3738390255521557,0.0032262609195113276,0,0,DATA
928,38.666666666666664,0.25968654422238985,0.2242778758032528,0.6622431148507519,0.21510950882113686,0.20741442844498909,0.7636848772379432,0.22916368804466228,0.8514678649237473,0.0,1.0,0.5,0.35,0.6435581171307768,0.2552920359195167,0.16996751693267223,0.49993696649550023,0.29889422511412606,0.019252169389424794,0.34409708213592954,0.36183234450311835,0.3731930162696423,0.0018721502799586842,0,0,DATA
932,38.833333333333336,0.25129586423244515,0.21606551269516952,0.6466265519390102,0.2045922867342293,0.20741442844498909,0.7636848772379432,0.22916368804466228,0.8514678649237473,0.0,1.0,0.5,0.35,0.6450254430998715,0.25414298430395016,0.16792821922112058,0.5003475846509045,0.29264334903881184,0.01887479509165784,0.33601068831235886,0.3511325721796828,0.3651145086591184,0.0015518917654043045,0,0,DATA
936,39.0,0.24436739305765043,0.21714854080595403,0.6322296726883055,0.19871920694489043,0.20741442844498909,0.7636848772379432,0.22916368804466228,0.8514678649237473,0.0,1.0,0.5,0.35,0.6452382049873352,0.25410151669029984,0.16586145096094818,0.5002934332453652,0.2905597338874839,0.018924367795466735,0.33217882947157285,0.3452737174348924,0.3598102799877126,0.0007736659204287955,0.0651445622417862,0,DATA
940,39.166666666666664,0.2444500089031339,0.19007459004326893,0.6513878696266476,0.1929332313353758,0.20741442844498909,0.7636848772379432,0.22916368804466228,0.8514678649237473,0.0,1.0,0.5,0.35,0.6509875632137382,0.24650837019265293,0.165258769810448,0.5016471307834994,0.2818043074582691,0.017702863053053297,0.32519741172326394,0.33962952181946626,0.3593898030705408,0.004648395291516699,0,0,DATA
944,39.333333333333336,0.242981941040305,0.20954627720339636,0.6501718173414921,0.19476583340815615,0.20741442844498909,0.7636848772379432,0.22916368804466228,0.8514678649237473,0.0,1.0,0.5,0.35,0.6486233163780323,0.24968249864819456,0.16476967121410385,0.500673546425493,0.2894029147019863,0.01857764352721733,0.33244926255771795,0.3469430276326828,0.3622262567015442,0.0020091579625305576,0,0,DATA
948,39.5,0.2396481756431205,0.2159152241819836,0.6404525800521494,0.19095522309472085,0.20741442844498909,0.7636848772379432,0.22916368804466228,0.8514678649237473,0.0,1.0,0.5,0.35,0.6465765634618171,0.25241804233886145,0.1639228509017919,0.5003550990765637,0.2903650593743879,0.01886792070939954,0.3323862408118475,0.34552702112653444,0.3596562908235911,0.001876372306397996,0,0,DATA
952,39.666666666666664,0.2382213829709234,0.21357455040447398,0.6325785305204731,0.1828724272601609,0.20741442844498909,0.7636848772379432,0.22916368804466228,0.8514678649237473,0.0,1.0,0.5,0.35,0.6464540790802297,0.2525833167883588,0.1633691783469369,0.5004721327654393,0.2880464486724247,0.018761002328526125,0.32958980286006895,0.3411348986381323,0.3555774389399139,0.00028047712864661306,0,0,DATA
956,39.833333333333336,0.23841754650578179,0.21500580468757832,0.6265883156009948,0.17557244107976655,0.20741442844498909,0.7636848772379432,0.22916368804466228,0.8514678649237473,0.0,1.0,0.5,0.35,0.6461167703663016,0.25303365032247727,0.16324427092280067,0.500400570051284,0.28762381823090194,0.018826347023957964,0.3290034942963867,0.3392195699644628,0.35285419246991695,0.0003041832240609314,0.06450174140627349,0,DATA
960,40.0,0.2369115748596447,0.23184818906989246,0.6213211966557037,0.17688013704099764,0.20077376089324617,0.5989889506220871,0.2208217592592593,0.8554193899782135,0.0,1.0,0.5,0.35,0.5963638175793974,0.25649007782389477,0.1605548045899582,0.5334937362881009,0.2924652276578372,0.02302171997192625,0.33438582993102667,0.34420596330069686,0.3541747124185738,0.018632948873721383,0,0,DATA
964,40.166666666666664,0.23614577441553541,0.23693944406571749,0.61466810512056,0.17726769082154106,0.20077376089324617,0.5989889506220871,0.2208217592592593,0.8554193899782135,0.0,1.0,0.5,0.35,0.5803687681942029,0.258952557473151,0.15958714659684248,0.5332391735383097,0.29365759678764297,0.023286857480806198,0.3349385535335061,0.3441321331277162,0.35327605849585936,0.006475062342522135,0,0,DATA
968,40.333333333333336,0.2349633596761354,0.23799253713454518,0.6046541121630377,0.1747393765336105,0.20077376089324617,0.5989889506220871,0.2208217592592593,0.8554193899782135,0.0,1.0,0.5,0.35,0.5753491038341908,0.25998616742719965,0.15904854210363378,0.5331865188848683,0.29268142910960215,0.023341862512939494,0.3331205092216527,0.3410598580913175,0.35030661988527684,0.0021972929357564897,0,0,DATA
972,40.5,0.2341508505111446,0.23683985787519649,0.5944494735138844,0.16205980466638184,0.20077376089324617,0.5989889506220871,0.2208217592592593,0.8554193899782135,0.0,1.0,0.5,0.35,0.5740852671706503,0.2599735002207966,0.1587163338310231,0.5332441528478358,0.2904236171600759,0.02328165879945875,0.3304560079550844,0.33610693577311107,0.3449653930441414,0.0005362373808513917,0,0,DATA
976,40.666666666666664,0.2333588971111949,0.24068625633096463,0.5868016141701626,0.14732717756834876,0.20077376089324617,0.5989889506220871,0.2208217592592593,0.8554193899782135,0.0,1.0,0.5,0.35,0.5728983724958769,0.26104669162649075,0.15845036113525046,0.5330518329250473,0.2903917720652192,0.023482814874246565,0.33030660478865737,0.3337194839625085,0.3406046672169746,0.0008420195920800511,0.12828181208153533,0,DATA
980,40.833333333333336,0.2324850152400704,0.242852456380558,0.5859192890112394,0.1398729168702878,0.20077376089324617,0.5989889506220871,0.2208217592592593,0.8554193899782135,0.0,1.0,0.5,0.35,0.5720874020830302,0.2619751850620851,0.1581870541335825,0.5329435229225677,0.29078429208837336,0.023596429404371927,0.33082184340248516,0.33340106399063785,0.3391307756079581,0.0006675902833696845,0,0,DATA
984,41.0,0.23359473196329816,0.24939072697884546,0.5893486292241632,0.12684896910086146,0.20077376089324617,0.5989889506220871,0.2208217592592593,0.8554193899782135,0.0,1.0,0.5,0.35,0.5704710741335359,0.2640844488602839,0.15834110254495995,0.5326166093926534,0.2933789405803204,0.023940787848115416,0.3343449630290305,0.3359647228615329,0.3384750333693697,0.0012932133863568507,0,0,DATA
988,41.166666666666664,0.23383236708144797,0.26299867737042476,0.5865637754250914,0.11245226720961009,0.20077376089324617,0.5989889506220871,0.2208217592592593,0.8554193899782135,0.0,1.0,0.5,0.35,0.5671285061664559,0.2685274541093858,0.15843722044318465,0.5319362118730744,0.29793108101486543,0.024664401609896486,0.3392786994494778,0.33918030371294794,0.33696443561190337,0.002627230371468845,0,0,DATA
992,41.333333333333336,0.2321665645424837,0.269706619515957,0.5643191858549049,0.11054812455592199,0.20077376089324617,0.5989889506220871,0.2208217592592593,0.8554193899782135,0.0,1.0,0.5,0.35,0.5647170679257703,0.27173857948486535,0.15811623727946955,0.5316008147657978,0.2977354772153913,0.025024536057073936,0.3371797978858605,0.3346665289269432,0.33186207075655255,0.001981182259960116,0,0,DATA
996,41.5,0.23035356570512824,0.25977337852069426,0.5671028002687449,0.11197984820682345,0.20077376089324617,0.5989889506220871,0.2208217592592593,0.8554193899782135,0.0,1.0,0.5,0.35,0.5660796170625697,0.2699206096188357,0.1576392125745104,0.5320974768155609,0.29400844358599465,0.02449204986017491,0.33340062460305236,0.3313088894506092,0.3311730330571679,0.0012191812359294192,0.1180982432722736,0,DATA
1000,41.666666666666664,0.23037693643162396,0.2581258254260626,0.5757679344286022,0.11481981986600126,0.22083163126361655,0.7046739913981431,0.23180998093681918,0.8321173747276689,0.0,1.0,0.5,0.35,0.5964261793707778,0.2731260565703077,0.16057771508530352,0.5080341657595258,0.29811512363847825,0.02251428626792224,0.33447930434247025,0.3335380797719306,0.33366251503742256,0.012163503923491073,0,0,DATA
1004,41.833333333333336,0.23136066726370036,0.2738894015234233,0.5920649941757735,0.12063738740096439,0.22083163126361655,0.7046739913981431,0.23180998093681918,0.8321173747276689,0.0,1.0,0.5,0.35,0.6022197970827945,0.2785014919630103,0.1616658493132775,0.5072459869546577,0.3066876024150477,0.023310322513034595,0.3442408928972641,0.34551113105493786,0.3413632029790198,0.004085729110897746,0,0,DATA
1008,42.0,0.23042243406443777,0.2907132477424905,0.6056363195869852,0.12891931883198315,0.22083163126361655,0.7046739913981431,0.23180998093681918,0.8321173747276689,0.0,1.0,0.5,0.35,0.6004248746903953,0.2848247995221599,0.16179526060982452,0.5064047946437042,0.3153019185533198,0.024173716555340813,0.3534970498272808,0.35695261366917763,0.34884217423096026,0.0027492137493652833,0,0,DATA
1012,42.166666666666664,0.2309716134049774,0.2996559247628821,0.6185321575185847,0.13919408952907972,0.22083163126361655,0.7046739913981431,0.23180998093681918,0.8321173747276689,0.0,1.0,0.5,0.35,0.5980084357983934,0.2892257413556144,0.16194941166030197,0.5059576607926848,0.3208814150883954,0.024638458312657603,0.35976312408986527,0.36553574879463174,0.35551740734039217,0.002323843925311301,0,0,DATA
1016,42.333333333333336,0.23082516994511482,0.2994983940828009,0.6308759553513512,0.14834388065686094,0.22083163126361655,0.7046739913981431,0.23180998093681918,0.8321173747276689,0.0,1.0,0.5,0.35,0.5973165855736098,0.290501915315228,0.16196490384887405,0.5059655373266889,0.3226539347246171,0.024630236729665717,0.3621395826924136,0.3700615662932348,0.36039504107614156,0.0006611721243230858,0.14471389213331226,0,DATA
1020,42.5,0.229392943742668,0.3029926708166738,0.637909152347264,0.15164849829524926,0.22083163126361655,0.7046739913981431,0.23180998093681918,0.8321173747276689,0.0,1.0,0.5,0.35,0.5963752323920615,0.29186316498859655,0.16166878400293186,0.5057908234899952,0.3249132356670156,0.02481289811204023,0.36465748754465593,0.37361325260890726,0.3631951827426337,0.000866240900286345,0,0,DATA
1024,42.666666666666664,0.22668874774803083,0.3109417539865899,0.6408408177662307,0.15688204817094356,0.22083163126361655,0.7046739913981431,0.23180998093681918,0.8321173747276689,0.0,1.0,0.5,0.35,0.5944235189719146,0.29449728317818363,0.1610120668902754,0.5053933693314994,0.32843767510071487,0.025230724333704605,0.3678826146974883,0.3776549012912057,0.36589675194853793,0.001747516240796813,0,0,DATA
1028,42.833333333333336,0.22466096080526227,0.3145318016288137,0.6478105348757034,0.16070871580404472,0.22083163126361655,0.7046739913981431,0.23180998093681918,0.8321173747276689,0.0,1.0,0.5,0.35,0.5930840949410036,0.2962927319748824,0.16038921649849705,0.5052138669493882,0.33070090396064367,0.025420471294871773,0.3703070197877186,0.3811589448556935,0.36874024320458304,0.0012525744064627031,0,0,DATA
1032,43.0,0.2229754535361153,0.30990217850201535,0.6535389327559243,0.1638256672743261,0.22083163126361655,0.7046739913981431,0.23180998093681918,0.8321173747276689,0.0,1.0,0.5,0.35,0.5936544885883579,0.2955350721383885,0.15984840485444268,0.5054453481057282,0.32952629993283034,0.02517590030497726,0.3692637486592141,0.3810002086622391,0.3699327387727601,0.0006229550426342009,0,0,DATA
1036,43.166666666666664,0.2209020380320932,0.2978792634229174,0.6563659030217601,0.1664454866469454,0.22083163126361655,0.7046739913981431,0.23180998093681918,0.8321173747276689,0.0,1.0,0.5,0.35,0.5963504188491748,0.29194135796529286,0.15925074410538176,0.5060464938596829,0.32499528986767445,0.0245458062082416,0.3646052935799376,0.3768864325468082,0.369152666401476,0.0022957683943244933,0.13510972895461548,0,DATA
1040,43.333333333333336,0.21979025918593936,0.27592537906213893,0.6633746354411948,0.17228054449471156,0.19994042755991287,0.7374860409197691,0.21846064814814814,0.8548638344226579,0.0,1.0,0.5,0.35,0.6109568875092386,0.28032900331456845,0.15510015914214326,0.5037154587289523,0.3134388273532469,0.022134047479990215,0.35700313055028243,0.37056864854387306,0.36866760053715575,0.010123136091342225,0,0,DATA
1044,43.5,0.21980845823906486,0.2632326052472751,0.6746394836185272,0.17787573216019748,0.19994042755991287,0.7374860409197691,0.21846064814814814,0.8548638344226579,0.0,1.0,0.5,0.35,0.618004310608379,0.2732913202511893,0.15385880545432806,0.5043500974196955,0.3099387630394507,0.021509802593155384,0.3541826304704285,0.36943415204830093,0.37070075394766905,0.005108819950111587,0,0,DATA
1048,43.666666666666664,0.2202938099652254,0.24862161626794974,0.6775735792525001,0.18338461344106982,0.19994042755991287,0.7374860409197691,0.21846064814814814,0.8548638344226579,0.0,1.0,0.5,0.35,0.6231868452237795,0.2670889384179644,0.15358832321047722,0.5050806468686617,0.304705642313125,0.020801270889290187,0.349022124350725,0.365117943620082,0.37039294093805397,0.003885132897492094,0,0,DATA
1052,43.833333333333336,0.22093987635118154,0.2378780037159499,0.6822555514821349,0.1858600605560924,0.19994042755991287,0.7374860409197691,0.21846064814814814,0.8548638344226579,0.0,1.0,0.5,0.35,0.6269977642443196,0.26222001235343695,0.15364285247837278,0.5056178274962617,0.3011207371553587,0.020287144619636797,0.34579028705304327,0.362601848256866,0.37051158817426283,0.002911458117654364,0,0,DATA
1056,44.0,0.21929289477543154,0.21888605052005594,0.6782754141016324,0.18827212253430026,0.19994042755991287,0.7374860409197691,0.21846064814814814,0.8548638344226579,0.0,1.0,0.5,0.35,0.6321293501216194,0.2554415876392284,0.15331334512783393,0.5065674251560564,0.2930110633444091,0.01939253251453112,0.3370680819834352,0.35372283564702844,0.3669854750878197,0.004079839314015722,0.06566581515601679,0,DATA
1060,44.166666666666664,0.2182502788775767,0.1994461007608017,0.6766006777362717,0.19030759642388348,0.19994042755991287,0.7374860409197691,0.21846064814814814,0.8548638344226579,0.0,1.0,0.5,0.35,0.6377512153342527,0.24796487429237468,0.15299554358412276,0.5075394226440192,0.2850321247606191,0.01849564490154702,0.3287486316270904,0.3454394590431059,0.36395363172072254,0.004472126701066069,0,0,DATA
1064,44.333333333333336,0.21713293557273336,0.1784982408846181,0.6721991596080901,0.18930729322527778,0.19994042755991287,0.7374860409197691,0.21846064814814814,0.8548638344226579,0.0,1.0,0.5,0.35,0.6438368254720412,0.23985645952298715,0.1526655610269923,0.5085868156378284,0.2759953990424321,0.01755050803701161,0.3192657153900119,0.3354163606733487,0.3593992782370441,0.004841335821435505,0,0,DATA
1068,44.5,0.21726785732989778,0.18603889752567074,0.6686553388304642,0.18535277979519107,0.19994042755991287,0.7374860409197691,0.21846064814814814,0.8548638344226579,0.0,1.0,0.5,0.35,0.6440789706187569,0.2395353189516656,0.1525948998288577,0.5082097828057757,0.2784390164089078,0.017888183761457937,0.3216001982423407,0.3370010101049062,0.3588670110284946,0.00021131563872391532,0,0,DATA
1072,44.666666666666664,0.21766974217571639,0.1889951322766235,0.6672056619898489,0.1878329813774015,0.19994042755991287,0.7374860409197691,0.21846064814814814,0.8548638344226579,0.0,1.0,0.5,0.35,0.6435308048650714,0.24026672251053596,0.15265809728703922,0.508061971068228,0.279578907939369,0.018021347949003792,0.32257313374376245,0.3380769980804875,0.35948425583200766,0.00044758892357910085,0,0,DATA
1076,44.833333333333336,0.21843096012443436,0.20232496993576582,0.6780027568224022,0.19194622485473573,0.19994042755991287,0.7374860409197691,0.21846064814814814,0.8548638344226579,0.0,1.0,0.5,0.35,0.640567089230546,0.24421849812275692,0.15283691229372445,0.507395479185271,0.2864319215579231,0.0186272638467586,0.33021673136367363,0.3472116295313874,0.36508177567935596,0.0023647687511438864,0.06069749098072974,0,DATA
1080,45.0,0.2175164577048768,0.19431582330502037,0.6794474869468297,0.20281437573214248,0.25706320635893243,0.49368626918202874,0.23876344635076252,0.7797096269063181,0.0,1.0,0.5,0.35,0.5730959592460776,0.2551572532976086,0.15838329478435495,0.5479874740445034,0.2940452965459114,0.024872975995171964,0.32711911825234946,0.3453453045202467,0.3663237661493766,0.027985422549983503,0,0,DATA
1084,45.166666666666664,0.21614259285444948,0.192118538862809,0.6807294641754942,0.21283257006574977,0.25706320635893243,0.49368626918202874,0.23876344635076252,0.7797096269063181,0.0,1.0,0.5,0.35,0.5533160499836014,0.2578236402062449,0.15975869791295438,0.5480973382666139,0.2936110386217767,0.024752995954756093,0.32622182695111235,0.3455780303752367,0.36818092017188975,0.007940566433237308,0,0,DATA
1088,45.333333333333336,0.21361897991034018,0.19729457551079754,0.6845101619545209,0.21147653850014453,0.25706320635893243,0.49368626918202874,0.23876344635076252,0.7797096269063181,0.0,1.0,0.5,0.35,0.546295109508781,0.2600728465402726,0.15964136013327127,0.5478385364342144,0.29587900671630235,0.02503601566778831,0.32854365857729123,0.34814232862275774,0.36937893250631276,0.003129161529510399,0,0,DATA
1092,45.5,0.2175973714806435,0.21573736610655636,0.6950055593677387,0.20439785013447026,0.25706320635893243,0.49368626918202874,0.23876344635076252,0.7797096269063181,0.0,1.0,0.5,0.35,0.5403158413412255,0.26591158980729335,0.16044162102913,0.5469163969044265,0.3045506944351893,0.02605542322920117,0.338815532612299,0.3587558735625198,0.3737513019328765,0.004206090776811694,0,0,DATA
1096,45.666666666666664,0.22221809797637,0.2308203906575064,0.7009710387352186,0.20188409816616432,0.25706320635893243,0.49368626918202874,0.23876344635076252,0.7797096269063181,0.0,1.0,0.5,0.35,0.5353546257352593,0.2718864596616656,0.1616520518619902,0.5461622456768791,0.31156886982059284,0.026901865846353467,0.34696598360532027,0.3672514972954586,0.37746444771330045,0.004048838764399533,0.09923945842093577,0,DATA
1100,45.833333333333336,0.23015268874643874,0.2449871329832521,0.7048762384644685,0.2061591695357755,0.25706320635893243,0.49368626918202874,0.23876344635076252,0.7797096269063181,0.0,1.0,0.5,0.35,0.5308912451650629,0.27764560846918607,0.16368144517356267,0.5454539085605917,0.318509960834791,0.02770732994333668,0.3550006386354823,0.37610417943550667,0.3822142323454039,0.004083974229763106,0,0,DATA
1104,46.0,0.23080186468283895,0.2636737647162458,0.7033699985785105,0.20593275618534118,0.25706320635893243,0.49368626918202874,0.23876344635076252,0.7797096269063181,0.0,1.0,0.5,0.35,0.5256280383300752,0.28460560999668044,0.16442659011367847,0.5445195769739422,0.3258467422825682,0.028785247563488377,0.3623038785387683,0.38323415401515337,0.38466030205741664,0.004322784434199293,0,0,DATA
1108,46.166666666666664,0.2343110741892911,0.27890970382511515,0.7004954334810963,0.1999019461523645,0.25706320635893243,0.49368626918202874,0.23876344635076252,0.7797096269063181,0.0,1.0,0.5,0.35,0.5208495290667163,0.2909596734054122,0.16538706759206817,0.5437577800184985,0.3316356744736233,0.029677140231931645,0.3685251830641236,0.38856492102746965,0.3853718105934434,0.0040310167168267725,0,0,DATA
1112,46.333333333333336,0.23740802277107423,0.28703841358834725,0.6968194441387102,0.18983162727206282,0.25706320635893243,0.49368626918202874,0.23876344635076252,0.7797096269063181,0.0,1.0,0.5,0.35,0.51770894723743,0.2951419311617367,0.16632557003775952,0.543351344530337,0.3342909827891604,0.03015777075024314,0.3716608588172958,0.3903259659583731,0.3839677508044496,0.0027537806771007387,0,0,DATA
1116,46.5,0.24070846688034184,0.2830059706024415,0.6971809416063821,0.17973356864156032,0.25706320635893243,0.49368626918202874,0.23876344635076252,0.7797096269063181,0.0,1.0,0.5,0.35,0.5176135857156843,0.2952675244525804,0.16730021403441311,0.5435529666796324,0.33258149847444,0.029918926109962635,0.3707802699383214,0.3884717209631156,0.38176369140830796,0.00039853293641434195,0.21583310768981734,0,DATA
1120,46.666666666666664,0.24381526782721633,0.26838879510369923,0.6993475303879971,0.1780948913123637,0.20504787071078429,0.7000133939388136,0.23766927083333333,0.8620588235294118,0.0,1.0,0.5,0.35,0.5784261790457963,0.2802891728140746,0.1679386662873727,0.5108207008504346,0.3178148554946523,0.022746911619428534,0.3659880776845224,0.3837323198545584,0.3800957069077485,0.0254764657405258,0,0,DATA
1124,46.833333333333336,0.24925691564018762,0.25932509097156103,0.706677336930141,0.17988771916342142,0.20504787071078429,0.7000133939388136,0.23766927083333333,0.8620588235294118,0.0,1.0,0.5,0.35,0.5985733349125788,0.2732578301655242,0.16927294800398454,0.5112738860570415,0.3155759955659344,0.02229147549039861,0.36491688690269014,0.3835733925120464,0.38147133327497246,0.009504260077314928,0,0,DATA
1128,47.0,0.24666613640648563,0.25462368405791974,0.690764572663878,0.1828297042664495,0.20504787071078429,0.7000133939388136,0.23766927083333333,0.8620588235294118,0.0,1.0,0.5,0.35,0.6056047771244782,0.2698320334351395,0.16912916887989066,0.5115089564027235,0.31169631815395127,0.022056868403249486,0.35933561543724063,0.3766950431302734,0.3771172502685959,0.003533672688792668,0,0,DATA
1132,47.166666666666664,0.24503247679948045,0.25467538668161155,0.6776490513589835,0.18686366282201855,0.20504787071078429,0.7000133939388136,0.23766927083333333,0.8620588235294118,0.0,1.0,0.5,0.35,0.6077033522370727,0.2688187711506578,0.16874296662519142,0.5115063712715391,0.310173802220503,0.022059442381728474,0.3564064603043374,0.37285773172243764,0.3744895510863393,0.0011660132172584825,0,0,DATA
1136,47.333333333333336,0.24393837329269316,0.2559427962761586,0.6650813394866184,0.19674032598369906,0.20504787071078429,0.7000133939388136,0.23766927083333333,0.8620588235294118,0.0,1.0,0.5,0.35,0.6080667687559962,0.2688696671517864,0.1683973442123563,0.5114430007918117,0.3094801788795622,0.02212258160094141,0.3541810610663258,0.3703632276133575,0.3734036568390875,0.00025331164429573394,0.07678283888284758,0,DATA
1140,47.5,0.24505123229847497,0.25737642667430893,0.6557518767379429,0.19987165918372674,0.20504787071078429,0.7000133939388136,0.23766927083333333,0.8620588235294118,0.0,1.0,0.5,0.35,0.6078747313280617,0.2692863524636071,0.16852735787971995,0.5113713192719042,0.30914837755744495,0.022194099112296226,0.3531111924770071,0.36867354606917413,0.3720238882522249,0.00024624546903961875,0,0,DATA
1144,47.666666666666664,0.23649561520655268,0.251914446983136,0.6302999441599592,0.19218861303432203,0.20504787071078429,0.7000133939388136,0.23766927083333333,0.8620588235294118,0.0,1.0,0.5,0.35,0.6089641358348277,0.26788200374362486,0.16676968239062537,0.5116444182564628,0.3029175825582877,0.021922179452523147,0.34412489066655677,0.35637374638598485,0.36244943721497985,0.0014171429052809343,0,0,DATA
1148,47.833333333333336,0.2283676758630803,0.24519222754117156,0.6168448131626647,0.18451574622201433,0.20504787071078429,0.7000133939388136,0.23766927083333333,0.8620588235294118,0.0,1.0,0.5,0.35,0.61070262326967,0.2655784776838802,0.1645355124817678,0.511980529228561,0.2976569292418566,0.021589583912688178,0.3371193888216176,0.3472554447600856,0.35572995425255277,0.0020920611344815063,0,0,DATA
1152,48.0,0.21513699697293448,0.24516901898419785,0.6020601446525233,0.17762015663733086,0.20504787071078429,0.7000133939388136,0.23766927083333333,0.8620588235294118,0.0,1.0,0.5,0.35,0.6112290432970873,0.26488092147000414,0.16108681894217988,0.5119816896564098,0.2945392077032511,0.021588439567020303,0.33150703591877073,0.3394750660477561,0.3493281200355201,0.001557556593627098,0,0,DATA
1156,48.166666666666664,0.20781024148441427,0.23931205964285168,0.5884921990546405,0.17125760871789444,0.20504787071078429,0.7000133939388136,0.23766927083333333,0.8620588235294118,0.0,1.0,0.5,0.35,0.6126169307669951,0.2630317059902644,0.15851359222771427,0.512274537623477,0.2897276281391077,0.02130051801788507,0.3249853119649516,0.3309602927422052,0.3430524046021082,0.0019367765547043947,0.0717936178928555,0,DATA
1160,48.333333333333336,0.19938715670563095,0.23583175591216546,0.5801612341020324,0.1692871310326344,0.2108326525054466,0.5799833970348212,0.19761420887799563,0.8207591230936819,0.0,1.0,0.5,0.35,0.5801557616582937,0.2627172604786294,0.14475735906233556,0.5355868349216104,0.2876243856858463,0.023918323412823798,0.32024238052639886,0.32518721703986553,0.33921121378942287,0.01551061592857167,0,0,DATA
1164,48.5,0.19458329405480143,0.2412672987921382,0.5812328322769035,0.1711462976841428,0.2108326525054466,0.5799833970348212,0.19761420887799563,0.8207591230936819,0.0,1.0,0.5,0.35,0.569275946920889,0.26414487883153126,0.13962167795604774,0.5353150577776118,0.28961725227281393,0.02420703331200917,0.3216701447831963,0.3269080577793009,0.3401858918303553,0.005814371398864797,0,0,DATA
1168,48.666666666666664,0.18893860896388473,0.2532314007783488,0.5755155293396907,0.17455016775553667,0.2108326525054466,0.5799833970348212,0.19761420887799563,0.8207591230936819,0.0,1.0,0.5,0.35,0.5634995410825633,0.2679231128935408,0.13689558975506888,0.5347168526783013,0.29340139671041504,0.024847754788558194,0.32418338797205465,0.3291899576815774,0.3406674868991708,0.0040935760337713805,0,0,DATA
1172,48.833333333333336,0.18871714350804425,0.27677695951662334,0.5879354691485822,0.17198513820926092,0.2108326525054466,0.5799833970348212,0.19761420887799563,0.8207591230936819,0.0,1.0,0.5,0.35,0.556822051996028,0.2756493395588605,0.1360312555490487,0.5335395747413876,0.30418969456447353,0.0261297752770558,0.33604130633797463,0.3420333670737589,0.3467691532072957,0.005089349985958391,0,0,DATA
1176,49.0,0.1850772346866097,0.2912130772860755,0.579123859799596,0.17407149324416393,0.2108326525054466,0.5799833970348212,0.19761420887799563,0.8207591230936819,0.0,1.0,0.5,0.35,0.5517872205384824,0.28200932053390304,0.13500757443474143,0.532817768852915,0.30869901004605743,0.02692961767776874,0.33932544981167134,0.3446449851160473,0.34678494866030407,0.004139497848965131,0.11110644816969684,0,DATA
1180,49.166666666666664,0.18871586695575668,0.2887565914025345,0.5870672892807611,0.17023701095429666,0.2108326525054466,0.5799833970348212,0.19761420887799563,0.8207591230936819,0.0,1.0,0.5,0.35,0.5507926331367623,0.28322949877902437,0.1354645828769701,0.5329405931470921,0.30880733852031794,0.02679277291513745,0.3406592678083174,0.34638969783182316,0.34799929991700546,0.0008905913630233667,0,0,DATA
1184,49.333333333333336,0.19341305566029834,0.2939778858646887,0.5945890328284184,0.16400674532475615,0.2108326525054466,0.5799833970348212,0.19761420887799563,0.8207591230936819,0.0,1.0,0.5,0.35,0.549397785079194,0.2850575147019639,0.13658809503759245,0.5326795284239842,0.31192503000208016,0.027084002120552644,0.34519157204361883,0.35105114985893626,0.34988659571778896,0.0014487920470433828,0,0,DATA
1188,49.5,0.19301742264747782,0.3027007629960426,0.5879239317544008,0.16445820792860516,0.2108326525054466,0.5799833970348212,0.19761420887799563,0.8207591230936819,0.0,1.0,0.5,0.35,0.5471475264643391,0.28804832507562483,0.13684206575308686,0.5322433845674166,0.314600776588868,0.02757360497524411,0.3472685760787928,0.35250679004709334,0.34957948123847543,0.0018316799013367673,0,0,DATA
1192,49.666666666666664,0.19742211721761355,0.3149501414801294,0.5870607172715224,0.16719053877353654,0.2108326525054466,0.5799833970348212,0.19761420887799563,0.8207591230936819,0.0,1.0,0.5,0.35,0.5439000793982245,0.29237539416326747,0.13784324282746369,0.5316309156432123,0.3198586110439654,0.02826761920981983,0.35287662348987897,0.3583017490943849,0.3521880200163687,0.0028585644093780116,0,0,DATA
1196,49.833333333333336,0.20831179560499413,0.3183847450396942,0.6017447432142606,0.16617276998769345,0.2108326525054466,0.5799833970348212,0.19761420887799563,0.8207591230936819,0.0,1.0,0.5,0.35,0.5422045785308814,0.2946352038862384,0.14043042841112663,0.531459185465234,0.3238249991004766,0.028463571359712045,0.35936520577972864,0.366156957099924,0.3572596311175574,0.002180832057992299,0.1836952773110035,0,DATA
1200,50.0,0.22998706427015245,0.33151103331374543,0.6229187843650952,0.16128110652380795,0.28057359749455335,0.813408566144239,0.38199159177559916,0.8566755174291939,0.0,1.0,0.5,0.35,0.6042984550837648,0.3136341059675764,0.19738405771723777,0.47365669548128186,0.3457081244008937,0.024940534115458043,0.37318558305254773,0.38160557214143803,0.3657112788201124,0.04601546931344417,0,0,DATA
1204,50.166666666666664,0.25116339738352605,0.3184669707867346,0.6367543957929755,0.16894790287914735,0.28057359749455335,0.813408566144239,0.38199159177559916,0.8566755174291939,0.0,1.0,0.5,0.35,0.625665871180302,0.31568143908441476,0.21891717646287956,0.4743088986076325,0.3441515512647185,0.024275981407163135,0.37497034694999415,0.3855405768172065,0.3708645648804361,0.014982622653005798,0,0,DATA
1208,50.333333333333336,0.2699645249392492,0.31324299729937377,0.6561094352141192,0.1803128083045873,0.28057359749455335,0.813408566144239,0.38199159177559916,0.8566755174291939,0.0,1.0,0.5,0.35,0.6331731304416091,0.3148329264430053,0.22932534887327397,0.47457009728200045,0.3463432530217869,0.02401224176928313,0.38051199095042326,0.3941542153022939,0.37907282255327823,0.006254648104370292,0,0,DATA
1212,50.5,0.27110645005865586,0.3339309621152332,0.6578044870521722,0.18960182543457443,0.28057359749455335,0.813408566144239,0.38199159177559916,0.8566755174291939,0.0,1.0,0.5,0.35,0.6310808356086706,0.3203710027990231,0.23268760487146767,0.4735356990412075,0.355284759863449,0.0250647646729002,0.3893545722682589,0.4040952035169335,0.38457177617310845,0.0036642090623833223,0,0,DATA
1216,50.666666666666664,0.2637359972033685,0.32755180835911657,0.629821716688781,0.18943756090785333,0.28057359749455335,0.813408566144239,0.38199159177559916,0.8566755174291939,0.0,1.0,0.5,0.35,0.6317927694475736,0.32024626265411577,0.23214848657131545,0.47385465672901333,0.3487789591079036,0.024737918019694737,0.37973226612207656,0.39165819388174,0.3758493123279702,0.0004585974279875116,0.1406390005441806,0,DATA
1220,50.833333333333336,0.2599973028741411,0.3143344662058771,0.6122419435026721,0.19808726827380746,0.28057359749455335,0.813408566144239,0.38199159177559916,0.8566755174291939,0.0,1.0,0.5,0.35,0.6347819914514248,0.3165079848077365,0.23120162527213203,0.4745155238366753,0.3414293422125747,0.024067232445243288,0.3701816357577135,0.38121455693536144,0.3708278397487252,0.002558120383137963,0,0,DATA
1224,51.0,0.2521312858743925,0.2912718560250395,0.5786831599151887,0.20650546365508668,0.28057359749455335,0.813408566144239,0.38199159177559916,0.8566755174291939,0.0,1.0,0.5,0.35,0.6405219061905559,0.3089289706031882,0.2292657033124298,0.47566865434571726,0.3278846905650129,0.02291805504077693,0.3526716315679321,0.3611904939249596,0.35987578970100964,0.005084950301127239,0,0,DATA
1228,51.166666666666664,0.24757739834715936,0.27207181292771276,0.5667203198536547,0.21033792255911124,0.28057359749455335,0.813408566144239,0.38199159177559916,0.8566755174291939,0.0,1.0,0.5,0.35,0.6462758896627341,0.3012792542745722,0.22772861034380015,0.4766286565005835,0.31855811987268046,0.021981792325543304,0.3416882688112479,0.3493940930525245,0.35431617624910877,0.004980264256474594,0,0,DATA
1232,51.333333333333336,0.24444833956552706,0.25544486624772705,0.5500102473136553,0.21421413833350272,0.28057359749455335,0.813408566144239,0.38199159177559916,0.8566755174291939,0.0,1.0,0.5,0.35,0.6514937435071844,0.29432879430559145,0.2266103801090685,0.4774600038345828,0.30980685642433137,0.0211860144618162,0.3310696638749273,0.3374921024396431,0.34810695338882613,0.0044288480160542265,0,0,DATA
1236,51.5,0.24167537340791018,0.24639232636067213,0.5355623411919637,0.21147865849197958,0.28057359749455335,0.813408566144239,0.38199159177559916,0.8566755174291939,0.0,1.0,0.5,0.35,0.6549601330368011,0.2897089451465218,0.2256925881455495,0.47791263082893554,0.3041208352486361,0.02075861137024167,0.3240044734642436,0.328708573432638,0.34231270329127866,0.0030013435507351416,0.07391769790820163,0,DATA
1240,51.666666666666664,0.24498609539969834,0.2309698808297021,0.5352980530905852,0.2098558604121412,0.17122651143790849,0.5348037345406366,0.19844260620915033,0.8847916666666666,0.0,1.0,0.5,0.35,0.5812294106081811,0.2610418175782339,0.17471878621616355,0.5508067823347013,0.2784376128100361,0.02352673376457434,0.3184447820299376,0.3229601733802102,0.3399397770194997,0.05112388397543127,0,0,DATA
1244,51.833333333333336,0.24281602197502933,0.21161718520987757,0.5251896493766957,0.21203353273692505,0.17122651143790849,0.5348037345406366,0.19844260620915033,0.8847916666666666,0.0,1.0,0.5,0.35,0.5631742599597582,0.24702292453419664,0.1589709302181673,0.5517744171156924,0.2693970271354574,0.022500751193647358,0.30824800835429605,0.3119703265656581,0.3347282988705435,0.01594063323015214,0,0,DATA
1248,52.0,0.2390106196057483,0.20348206803745084,0.5133088253063145,0.21178131562517868,0.17122651143790849,0.5348037345406366,0.19844260620915033,0.8847916666666666,0.0,1.0,0.5,0.35,0.559466089371441,0.240539423812706,0.15344743892121943,0.5521811729743138,0.2644027605040286,0.022075103341416064,0.3018567161973929,0.3043657302905422,0.33010684161780685,0.005238387535585236,0,0,DATA
1252,52.166666666666664,0.21189530700100553,0.19641417997678237,0.4673261183087145,0.20995661044027256,0.17122651143790849,0.5348037345406366,0.19844260620915033,0.8847916666666666,0.0,1.0,0.5,0.35,0.5598378946876862,0.23661536493927166,0.1460961758851391,0.5525345673773472,0.2538154672242736,0.021708003165251625,0.284409957052657,0.2821382299275557,0.314474509361851,0.0038823757419199356,0,0,DATA
1256,52.333333333333336,0.1942726990635998,0.20739675735286459,0.45329257330657496,0.21066144136039677,0.17122651143790849,0.5348037345406366,0.19844260620915033,0.8847916666666666,0.0,1.0,0.5,0.35,0.5576430950335824,0.23851326894254432,0.14019004930745976,0.5519854385085432,0.2551428573762622,0.022279512453306973,0.2824717574151808,0.27886715888187796,0.3109922151080128,0.0033329434116852463,0.062219027205859374,0,DATA
1260,52.5,0.17905979632771912,0.2088923472581127,0.43696316753135367,0.21023852543153138,0.17122651143790849,0.5348037345406366,0.19844260620915033,0.8847916666666666,0.0,1.0,0.5,0.35,0.5566705812572492,0.2395014053169956,0.13522350175962103,0.5519106590132807,0.25254761578930984,0.022357809966408106,0.2767615316750597,0.27148170097134816,0.3055283286906335,0.0023090658995410795,0,0,DATA
1264,52.666666666666664,0.1790826106083459,0.18260892242019192,0.4476197907053286,0.21223986641506606,0.17122651143790849,0.5348037345406366,0.19844260620915033,0.8847916666666666,0.0,1.0,0.5,0.35,0.5618983463403127,0.23243848727471317,0.13373832849420103,0.5532248302551768,0.24339491941681005,0.02099823128049417,0.26838404923081166,0.2643700149428511,0.3046525203832087,0.004591952130255289,0,0,DATA
1268,52.833333333333336,0.18419647907239822,0.1903644810387561,0.46811960714638556,0.21975398410458077,0.17122651143790849,0.5348037345406366,0.19844260620915033,0.8847916666666666,0.0,1.0,0.5,0.35,0.5618380085553332,0.23249116827522645,0.13436668889202602,0.5528370523242486,0.24966679502186734,0.02139578668568658,0.2766090096592592,0.27539636878435586,0.3129550186705658,0.0002471263944392547,0,0,DATA
1272,53.0,0.18702607178020786,0.2019598575701963,0.4851802738610202,0.22579501804457078,0.17122651143790849,0.5348037345406366,0.19844260620915033,0.8847916666666666,0.0,1.0,0.5,0.35,0.5593848781482369,0.23575367800418368,0.13514941148001355,0.5522572834976767,0.2568202344144239,0.02199582827627759,0.2852252121563241,0.2863227413468832,0.3204506578877194,0.0021661209080136765,0,0,DATA
1276,53.166666666666664,0.18831322927140942,0.2141805733429641,0.4988930936468709,0.2228073012739781,0.17122651143790849,0.5348037345406366,0.19844260620915033,0.8847916666666666,0.0,1.0,0.5,0.35,0.5560825887138268,0.2401542313392458,0.13565453132956212,0.5516462477090383,0.26333752302630553,0.022635564592431948,0.29311349392084174,0.2952835334129267,0.3252431425950989,0.0027359875396736066,0.06425417200288923,0,DATA
1280,53.333333333333336,0.18797137511521708,0.227880287559908,0.5083516134518126,0.21813509358956965,0.20063989311002178,0.7214909819671661,0.19242987472766887,0.8329200708061002,0.0,1.0,0.5,0.35,0.6044873911773738,0.2514871274716525,0.1340507130968115,0.5092118052620681,0.27503260315078476,0.020174590948535687,0.30041671273736914,0.30306538344150735,0.328694102726375,0.02044717227623481,0,0,DATA
1284,53.5,0.18712187866599633,0.23799697434760497,0.5165428629339044,0.21709330518009134,0.20063989311002178,0.7214909819671661,0.19242987472766887,0.8329200708061002,0.0,1.0,0.5,0.35,0.6168843276910215,0.2577196686119297,0.13339117337264994,0.5087059709226832,0.2799525965513978,0.020659029547355844,0.30593173805902213,0.3092953548704217,0.33196611078823474,0.006429672459362139,0,0,DATA
1288,53.666666666666664,0.1845254040451651,0.24522490332115865,0.5220292844808662,0.21629013967606742,0.20063989311002178,0.7214909819671661,0.19242987472766887,0.8329200708061002,0.0,1.0,0.5,0.35,0.6190855435606696,0.2616132510666079,0.13264805178502692,0.5083445744740055,0.28326229413662724,0.02100829889225615,0.30940089903366974,0.3132328414493631,0.33400162495812036,0.0022793066373164215,0,0,DATA
1292,53.833333333333336,0.1803798823215184,0.25487741870370884,0.5278974016864737,0.2132708944239125,0.20063989311002178,0.7214909819671661,0.19242987472766887,0.8329200708061002,0.0,1.0,0.5,0.35,0.6177188800912284,0.2654840301101254,0.13155455574677422,0.5078619487048781,0.2873750628063423,0.021478835614638776,0.31360642428308194,0.31772325389412054,0.3358981303441091,0.0021103128504037874,0,0,DATA
1296,54.0,0.17496206348458188,0.26346498578242594,0.5319450078764922,0.20882269141254015,0.20063989311002178,0.7214909819671661,0.19242987472766887,0.8329200708061002,0.0,1.0,0.5,0.35,0.6155054919638656,0.26904978260522144,0.13008876497954175,0.5074325703509421,0.2906844487532215,0.021901405965053706,0.3167674085851852,0.3208441785140885,0.3367667444674532,0.0024149771298971148,0.17161485096856194,0,DATA
1300,54.166666666666664,0.16747364410507792,0.26641790107359703,0.5317611070499427,0.2051487376882981,0.20063989311002178,0.7214909819671661,0.19242987472766887,0.8329200708061002,0.0,1.0,0.5,0.35,0.6142213633145108,0.2709463246352781,0.12807645967967618,0.5072849245863835,0.291097515071174,0.022047569501186064,0.31641411066044295,0.32010509513426705,0.33568007387169263,0.0017309919930923456,0,0,DATA
1304,54.333333333333336,0.17098128247025307,0.2606246039298132,0.5508014754254968,0.19141107274510955,0.20063989311002178,0.7214909819671661,0.19242987472766887,0.8329200708061002,0.0,1.0,0.5,0.35,0.615052717119899,0.2698931640440357,0.1282093721464033,0.5075745894435728,0.29079614489021344,0.021761227284646828,0.3186063931510753,0.3228276479681359,0.33717440224189343,0.0006724756211192265,0,0,DATA
1308,54.5,0.16747380776562765,0.25852107671214963,0.5484535794413605,0.1764338543147392,0.20063989311002178,0.7214909819671661,0.19242987472766887,0.8329200708061002,0.0,1.0,0.5,0.35,0.6157438639772248,0.26898822824571716,0.12751267619845008,0.507679765804456,0.28879329977146684,0.021657675965562177,0.3165939081262575,0.3190826515018675,0.3329257080066732,0.0007642595345325279,0,0,DATA
1312,54.666666666666664,0.16618210051114463,0.25889702909167434,0.5500915368564159,0.16473373863721164,0.20063989311002178,0.7214909819671661,0.19242987472766887,0.8329200708061002,0.0,1.0,0.5,0.35,0.6158722580347223,0.2688220141724885,0.12703240889062267,0.5076609681854798,0.2885688944056236,0.021676166782302626,0.31681353911018184,0.3182960666595446,0.3309223963564119,0.00025829181285119684,0,0,DATA
1316,54.833333333333336,0.16706318344645552,0.26441328974021616,0.5442537281327788,0.16303007198084146,0.20063989311002178,0.7214909819671661,0.19242987472766887,0.8329200708061002,0.0,1.0,0.5,0.35,0.6147523615157777,0.27031670293211163,0.12707335611468973,0.5073851551530526,0.29007720158677397,0.02194829725300887,0.31802869821193336,0.31875707822329535,0.33003775823504095,0.0008851775008782611,0.11109571925512231,0,DATA
1320,55.0,0.16878191380718954,0.25828348031891213,0.559455436194539,0.15206945412320427,0.2297389025054466,0.7418675163670259,0.22512876157407408,0.8125207652505446,0.0,1.0,0.5,0.35,0.621409082170529,0.27515955489507266,0.13660226197465747,0.49925148733483216,0.2943863781913932,0.02187522927785283,0.3189608621279106,0.3201133511596848,0.33089846330183137,0.00700949282589336,0,0,DATA
1324,55.166666666666664,0.17081372679948045,0.26282598753080294,0.5657820438593268,0.1442265285617567,0.2297389025054466,0.7418675163670259,0.22512876157407408,0.8125207652505446,0.0,1.0,0.5,0.35,0.6224521718524573,0.2778843125032904,0.13988761446102888,0.4990243619742376,0.2968114020128495,0.02209845841779924,0.3224495491440827,0.32345040638619105,0.33179608748675155,0.0023510665921724536,0,0,DATA
1328,55.333333333333336,0.17325855355496897,0.2641690748000211,0.5745482806436606,0.1436315748444426,0.2297389025054466,0.7418675163670259,0.22512876157407408,0.8125207652505446,0.0,1.0,0.5,0.35,0.6224830504304999,0.2790778042211368,0.14138663382559286,0.4989572076107768,0.2985723733264033,0.022164659984780257,0.3252289967597344,0.3270469823085447,0.33431460170530375,0.0009077965534843487,0,0,DATA
1332,55.5,0.1606579677811295,0.28774987067405305,0.5341750369979512,0.14457062959752842,0.2297389025054466,0.7418675163670259,0.22512876157407408,0.8125207652505446,0.0,1.0,0.5,0.35,0.6175403468703661,0.28603847458121967,0.1391902166224558,0.4977781678170752,0.30218941776674724,0.023341782049821513,0.3240665492254374,0.3219411158849853,0.3266861625482144,0.004699930374451248,0,0,DATA
1336,55.666666666666664,0.14822611603402044,0.2678248683854251,0.4961438929353112,0.15257986733541554,0.2297389025054466,0.7418675163670259,0.22512876157407408,0.8125207652505446,0.0,1.0,0.5,0.35,0.6202417862829377,0.2825476750484287,0.13592060259462177,0.49877441793150656,0.28898150093352604,0.02234531674274089,0.30600394914803636,0.30087632517510904,0.3145482885621267,0.003153950991065533,0.09313921298033317,0,DATA
1340,55.833333333333336,0.13604224275180157,0.2505065723547401,0.4585700482046212,0.17339976568222443,0.2297389025054466,0.7418675163670259,0.22512876157407408,0.8125207652505446,0.0,1.0,0.5,0.35,0.6246890602731531,0.2766513122999996,0.1323811049970056,0.4996403327330408,0.2774034072248641,0.021495468661057764,0.2891250871331806,0.2823220685218652,0.30550267531599135,0.004627711445420217,0,0,DATA
1344,56.0,0.12361147116432043,0.23206448396144153,0.41808279572182216,0.18274431303459587,0.2297389025054466,0.7418675163670259,0.22512876157407408,0.8125207652505446,0.0,1.0,0.5,0.35,0.6298960810328104,0.2697186187253473,0.1287087936843497,0.5005624371527058,0.2645474217367051,0.020607092841737742,0.27116464696180514,0.2612473578374469,0.293240381248023,0.005270675215655163,0,0,DATA
1348,56.166666666666664,0.11139244359602815,0.2117242213890398,0.37762535058672764,0.1926907114013533,0.2297389025054466,0.7418675163670259,0.22512876157407408,0.8125207652505446,0.0,1.0,0.5,0.35,0.6357296424009119,0.2619435371326791,0.12504110450121153,0.5015794502813258,0.25097675702073996,0.01964715871899738,0.2524932473921671,0.23952485359097514,0.2808423574949114,0.005758777381302639,0,0,DATA
1352,56.333333333333336,0.09907459778783309,0.19213087241391133,0.3363649793592011,0.2032344130516706,0.2297389025054466,0.7418675163670259,0.22512876157407408,0.8125207652505446,0.0,1.0,0.5,0.35,0.6415943140961193,0.25412487494184266,0.12135405012654914,0.5025591177300823,0.2376244932847425,0.01874219159757972,0.2339402643949714,0.21790020363605853,0.2684652180910044,0.005790129420235421,0,0,DATA
1356,56.5,0.08678421421987598,0.17487463421182597,0.2953337395294816,0.21122966487799366,0.2297389025054466,0.7418675163670259,0.22512876157407408,0.8125207652505446,0.0,1.0,0.5,0.35,0.6469775256271196,0.2469475295880078,0.11766695326487944,0.5034219296401865,0.22513482861195838,0.017961194006759894,0.21637344443460188,0.19702978487534945,0.2559889844117306,0.005415884582168282,0.05246239026354779,0,DATA
1360,56.666666666666664,0.0742948194234959,0.15634163248691277,0.2544112593745363,0.21633824579567876,0,0.589591487075041,0,1.0,0.0,1.0,0.5,0.35,0.6098471312468956,0.1913599159727379,0.05090199805839797,0.5692646209606462,0.1706631195054163,0.014286493395207657,0.19827786875437153,0.17535281927139307,0.24275119081815633,0.053160987733991805,0,0,DATA
1364,56.833333333333336,0.061262464387464396,0.1379593822681357,0.21129617068159692,0.21760520275498127,0,0.589591487075041,0,1.0,0.0,1.0,0.5,0.35,0.6025682854787717,0.16953660182689936,0.02813571693888691,0.5701837334715849,0.15714449865024233,0.013473977501716127,0.17969547992106655,0.15258561726472436,0.2281652370003623,0.01728948034449116,0,0,DATA
1368,57.0,0.04685058184598626,0.11732344327541665,0.16283294885525834,0.21246467938070773,0,0.589591487075041,0,1.0,0.0,1.0,0.5,0.35,0.6047181789368055,0.15721154466518644,0.01827933726932319,0.571215530421221,0.14171596489570487,0.012582136518900963,0.15886608345041558,0.12639584627401218,0.21048474776586723,0.008110443429770126,0,0,DATA
1372,57.166666666666664,0.03169031234288587,0.09622896074440128,0.10363244842776555,0.20633683041126333,0,0.589591487075041,0,1.0,0.0,1.0,0.5,0.35,0.6097929883057288,0.14760757240798827,0.012138766772802989,0.5722702545477718,0.12471617631297378,0.011692661366270169,0.1355561364518908,0.09655306433579368,0.18977885353514284,0.0069397840408805716,0,0,DATA
1376,57.333333333333336,0.015874844195156695,0.06871432862261417,0.05250418709768024,0.20097269520195407,0,0.589591487075041,0,1.0,0.0,1.0,0.5,0.35,0.617093503861981,0.13702228373672842,0.006975347312823802,0.573645986153861,0.10609512924445799,0.010566176642753417,0.11116153770761306,0.0665092259375765,0.17021521952771868,0.007683074562497085,0.020614298586784253,0,DATA
1380,57.5,0.0,0.04438154418204829,0.0,0.19752676265327154,0,0.589591487075041,0,1.0,0.0,1.0,0.5,0.35,0.6243935432613756,0.12703351749199204,0.0020926041938471407,0.5748626253758893,0.08865368817895017,0.009601753008605388,0.0877526176728193,0.03750529393814647,0.15116258415796155,0.007390516254369217,0,0,DATA
1384,57.666666666666664,0.0,0.0,0.0,0.19431562954249731,0,0.589591487075041,0,1.0,0.0,1.0,0.5,0.35,0.6359036793594242,0.11161005524759761,0.0006277812581541422,0.5770817025849917,0.0707726251816999,0.007919553083998138,0.06999999999999999,0.019431562954249734,0.14386312590849948,0.009466140426045317,0,0,DATA
1388,57.833333333333336,0.0,0.0,0.0,0.1926372195284835,0,0.589591487075041,0,1.0,0.0,1.0,0.5,0.35,0.6393567201888387,0.10698301657427928,0.00018833437744624265,0.5770817025849917,0.07070548878113934,0.007919553083998138,0.06999999999999999,0.019263721952848353,0.14352744390569672,0.0028398421278135956,0,0,DATA
1392,58.0,0.0,0.0,0.0,0.19019004654402774,0,0.589591487075041,0,1.0,0.0,1.0,0.5,0.35,0.6403926324376631,0.10559490497228377,5.650031323387279e-05,0.5770817025849917,0.07060760186176111,0.007919553083998138,0.06999999999999999,0.019019004654402774,0.14303800930880556,0.0008519526383440846,0,0,DATA
1396,58.166666666666664,0.0,0.0,0.0,0.18792554053713661,0,0.589591487075041,0,1.0,0.0,1.0,0.5,0.35,0.6407034061123104,0.10517847149168513,1.6950093970161837e-05,0.5770817025849917,0.07051702162148546,0.007919553083998138,0.06999999999999999,0.01879255405371366,0.1425851081074273,0.000255585791503206,0,0,DATA
1400,58.333333333333336,0.0,0.0,0.0,0.1869750978886177,0,0.589591487075041,0,1.0,0.0,1.0,0.5,0.35,0.6407966382147046,0.10505354144750553,5.085028191048551e-06,0.5770817025849917,0.07047900391554471,0.007919553083998138,0.06999999999999999,0.01869750978886177,0.14239501957772355,7.667573745097197e-05,0,0,DATA
1404,58.5,0.0,0.0,0.0,0.18553599277232535,0,0.589591487075041,0,1.0,0.0,1.0,0.5,0.35,0.6408246078454228,0.10501606243425166,1.5255084573145653e-06,0.5770817025849917,0.07042143971089301,0.007919553083998138,0.06999999999999999,0.018553599277232536,0.14210719855446508,2.3002721235294365e-05,0,0,DATA
1408,58.666666666666664,0.0,0.0,0.0,0.18419632400639976,0,0.589591487075041,0,1.0,0.0,1.0,0.5,0.35,0.6408329987346383,0.10500481873027549,4.5765253719436957e-07,0.5770817025849917,0.070367852960256,0.007919553083998138,0.06999999999999999,0.018419632400639978,0.14183926480127995,6.900816370577207e-06,0,0,DATA
1412,58.833333333333336,0.0,0.0,0.0,0.18233164005659813,0,0.589591487075041,0,1.0,0.0,1.0,0.5,0.35,0.640835516001403,0.10500144561908265,1.3729576115831088e-07,0.5770817025849917,0.07029326560226393,0.007919553083998138,0.06999999999999999,0.018233164005659813,0.14146632801131961,2.070244911194904e-06,0,0,DATA
1416,59.0,0.0,0.0,0.0,0.18038012764826042,0,0.589591487075041,0,1.0,0.0,1.0,0.5,0.35,0.6408362711814324,0.10500043368572479,4.118872834749326e-08,0.5770817025849917,0.07021520510593042,0.007919553083998138,0.06999999999999999,0.018038012764826042,0.1410760255296521,6.210734733561583e-07,0,0,DATA

Összegző statisztikák,Átlag,Minimum,Maximum,Szórás,Medián,Parameter
intensity,0.20506285753668932,0.0,0.32012664707977206,0.05627515756758414,0.2182502788775767,SUMMARY
motion,0.1894166052649964,0.0,0.3339309621152332,0.07333081133858328,0.19517578365459903,SUMMARY
contrast,0.5611513661193613,0.0,0.707058088999055,0.14467828439425667,0.6046541121630377,SUMMARY
dynamics,0.1697023064651293,0.0,0.2759450503966752,0.04703715502419193,0.17125760871789444,SUMMARY
color_arousal,0.20754087124873422,0.0,0.45632582720588233,0.07528977716591882,0.20580380242374727,SUMMARY
color_valence,0.6402496735448574,0.3295485304063205,0.813408566144239,0.112248714575,0.6926196624878389,SUMMARY
color_dominance,0.2139320902950382,0.0,0.38199159177559916,0.06999814909850187,0.22512876157407408,SUMMARY
color_harmony,0.8390802782380558,0.4940921160130719,1.0,0.08105532632912349,0.8455150462962963,SUMMARY
audio_volume,0.0,0.0,0.0,0.0,0.0,SUMMARY
audio_brightness,1.0,1.0,1.0,0.0,1.0,SUMMARY
audio_tempo,0.5,0.5,0.5,0.0,0.5,SUMMARY
audio_energy,0.3500000000000001,0.35,0.35,1.1102230246251565e-16,0.35,SUMMARY
pleasure,0.6041048641710218,0.4748733129909949,0.6926585388851374,0.04836481369538806,0.618004310608379,SUMMARY
arousal,0.24350576412405658,0.10500043368572479,0.3247772913314554,0.041196858403426434,0.24644760282301775,SUMMARY
dominance,0.1476953150596795,4.118872834749326e-08,0.23268760487146767,0.040983893621727815,0.15647110103208695,SUMMARY
boredom,0.5256378101037578,0.4735356990412075,0.5770817025849917,0.024014375463385623,0.5179013976256086,SUMMARY
engagement,0.2666552837266344,0.063,0.355284759863449,0.05160584657574509,0.27487609638786825,SUMMARY
stress_level,0.02039891384057276,0.007919553083998138,0.03720277416106207,0.005342356420715993,0.020372323343844635,SUMMARY
neural_activity,0.2990094868372087,0.06999999999999999,0.3893545722682589,0.05803704705455613,0.3106758588851464,SUMMARY
visual_engagement,0.3020948540956578,0.0,0.4040952035169335,0.07124173499159761,0.3186748181113138,SUMMARY
cognitive_load,0.32814707936628457,0.105,0.3853718105934434,0.04722752504860132,0.33717440224189343,SUMMARY
emotional_variability,0.005432260411428811,0.0,0.07250856163810114,0.008722963914920286,0.002627230371468845,SUMMARY
narrative_tension,0.017503362542517983,0.0,0.27555737696036137,0.042294741684597216,0.0,SUMMARY
narrative_payoff,0.0,0,0,0.0,0.0,SUMMARY
