frame,time,intensity,motion,contrast,dynamics,color_arousal,color_valence,color_dominance,color_harmony,audio_volume,audio_brightness,audio_tempo,audio_energy,pleasure,arousal,dominance,boredom,engagement,stress_level,neural_activity,visual_engagement,cognitive_load,emotional_variability,narrative_tension,narrative_payoff,parameter
0,0.0,0.16361102600762525,0.0,0.4108307043202376,0.0,0.3267823648556645,0.10940125228904282,0.27235643041939,0.6950333605664487,0.31580343551731205,0.6202880120701986,0.44187402313937657,0.407148808483178,0.4761336004223993,0.30412554640115685,0.326936837437666,0.5360040270106212,0.24486389443973267,0.03345744255267636,0.1963181077622082,0.15597141649759633,0.24121342122577533,0,0,0,DATA
20,0.8,0.2999070244417211,0.5,0.6764311623487553,0.0,0.3267823648556645,0.10940125228904282,0.27235643041939,0.6950333605664487,0.19238583167590995,0.5229242516258993,0.44187402313937657,0.2915473576609067,0.3396973758764422,0.361086905648827,0.2777223515334315,0.43930523511380754,0.40181644482648454,0.05006959258068095,0.4535771088902767,0.46291075359297085,0.361562700329633,0.08087068989928724,0,0,DATA
40,1.6,0.2790031261347132,0.41182342728758164,0.6305053344816643,0.3333333333333333,0.3267823648556645,0.10940125228904282,0.27235643041939,0.6950333605664487,0.3976455009889973,0.3486983964788481,0.44187402313937657,0.38296136963595256,0.33648053129702254,0.37268281557841054,0.30167271767343784,0.43189885785930593,0.4008156612749695,0.0519292837953365,0.42322333696549874,0.44301492981980795,0.4288552378844771,0.012921040216336518,0,0,DATA
60,2.4,0.2643311078771787,0.3169258067810457,0.6087607747457775,0.30598568847118085,0.3267823648556645,0.10940125228904282,0.27235643041939,0.6950333605664487,0.26191476727395846,0.40883609580024277,0.44187402313937657,0.3059911658318437,0.33928023543070635,0.3334265120165927,0.2772732496011993,0.45292686170705676,0.3572012454334378,0.046263312169360415,0.36258693240337825,0.3928633455587054,0.3791566629351084,0.022151825255913398,0,0,DATA
80,3.2,0.2544980596405229,0.2567656420206971,0.5937615100856122,0.26321102458725787,0.3267823648556645,0.10940125228904282,0.27235643041939,0.6950333605664487,0.13420627049783623,0.5443253031678821,0.44187402313937657,0.25724198029885,0.342516452308556,0.29456744585322103,0.24106968472684437,0.47397450322766743,0.31996263720024976,0.04067138236013645,0.3238065668132759,0.3580554242207929,0.3422198287956665,0.026099615971858742,0,0,DATA
100,4.0,0.2537498014251997,0.25120208673747274,0.5664533624809764,0.25006354871317443,0.3267823648556645,0.10940125228904282,0.27235643041939,0.6950333605664487,0.24746926699852909,0.5905000202355744,0.44187402313937657,0.35037849296964263,0.3642143316422544,0.30091059818577315,0.25383671030446553,0.48165186672824056,0.31901562234971964,0.040176075614528864,0.3345971660701529,0.34617315859563935,0.3597948914069127,0.013602685747957236,0,0,DATA
120,4.8,0.2569420737044818,0.23762941808667912,0.5487523704952232,0.22729443723949402,0.3267823648556645,0.10940125228904282,0.27235643041939,0.6950333605664487,0.36907405478305433,0.6503527956805981,0.44187402313937657,0.45345767705231743,0.3952205845163923,0.32065982532067827,0.2838742005911514,0.48728037959785697,0.32591402993164076,0.04072497696256826,0.34688219148507615,0.33379533684808443,0.38002290327084987,0.026930990098576302,0,0,DATA
140,5.6,0.26214011863425923,0.2289863004663671,0.5358109836526749,0.20913181421300764,0.3267823648556645,0.10940125228904282,0.27235643041939,0.6950333605664487,0.33114663460638427,0.49085731956318057,0.44187402313937657,0.37905984009342314,0.39071396931753144,0.30854097476609466,0.2860122788753097,0.4910864972757183,0.3153961930318576,0.03947783822180803,0.3269967086626183,0.32567902043050195,0.3500590177171782,0.006254514679200925,0,0,DATA
160,6.4,0.26795409328854997,0.22244651718712177,0.5240413509606441,0.1931432053519531,0.3267823648556645,0.10940125228904282,0.27235643041939,0.6950333605664487,0.3261406431486319,0.48785473251596556,0.44187402313937657,0.37465486995883196,0.3898102955182505,0.30214913655326675,0.2868233788318303,0.49383057948249187,0.30892794247433897,0.03871734139199925,0.3223086697164539,0.31909615135594727,0.3421978267051245,0.0027022039895431282,0,0,DATA
180,7.2,0.27826856958060997,0.23053164147603486,0.5376453873206504,0.18151245580572534,0.3267823648556645,0.10940125228904282,0.27235643041939,0.6950333605664487,0.30058714085172544,0.4716060294087102,0.44187402313937657,0.35189280741882084,0.38306128414439217,0.29771538675691167,0.2838665133577687,0.49267294869374023,0.30955372496746847,0.03857115116321559,0.32577400945443025,0.3273112322833036,0.3386882833964201,0.004713208881425013,0.06915949244281046,0,DATA
200,8.0,0.2879119782382649,0.24120942884729651,0.55133054748103,0.16926011008642713,0.3937054483251634,0.24392368381117674,0.41767539828431377,0.7042116013071895,0.15675688812136432,0.5398127089326478,0.44187402313937657,0.27167363436474934,0.3996144998691122,0.29658286346919815,0.2954895274624606,0.5015158181999569,0.3125062550573282,0.03739345067098312,0.31866700355572747,0.33639134243952334,0.31815936134788875,0.009769584372375148,0,0,DATA
220,8.8,0.2945802554239288,0.2507042313453159,0.5635186219997931,0.16283536682862063,0.3937054483251634,0.24392368381117674,0.41767539828431377,0.7042116013071895,0.29039417192114364,0.5483416373851873,0.44187402313937657,0.36777841156035673,0.42276855927302176,0.3190836543934071,0.3284405995008112,0.5018424524398073,0.3292649393983291,0.03867887468296647,0.34545715033494206,0.3445368669057121,0.35084391257796965,0.026201974122156375,0,0,DATA
240,9.6,0.3014352048244511,0.2566331948110441,0.5709392138724837,0.15808246941832313,0.3937054483251634,0.24392368381117674,0.41767539828431377,0.7042116013071895,0.23298210198310795,0.5710007452385741,0.44187402313937657,0.3343876949597478,0.4214576442802638,0.3204819509549458,0.3277089257994386,0.5004878466626589,0.3323013025701216,0.038936600402937574,0.3440057006557542,0.35003032999288525,0.3433061055438116,0.0011469617518897746,0,0,DATA
260,10.4,0.3085771875523714,0.28179800098458185,0.5758705775137256,0.15259434986634232,0.3937054483251634,0.24392368381117674,0.41767539828431377,0.7042116013071895,0.23298210198310795,0.5710007452385741,0.44187402313937657,0.3343876949597478,0.4157797604859934,0.327947585651998,0.3289892400618901,0.49391608741699766,0.3417506498492223,0.04023465957790659,0.35648629239900176,0.3624552461450589,0.3479302417425486,0.004807944251258023,0,0,DATA
280,11.2,0.29473111226328136,0.22021397634908663,0.5399289387042849,0.14779321369272516,0.3937054483251634,0.24392368381117674,0.41767539828431377,0.7042116013071895,0.23298210198310795,0.5710007452385741,0.44187402313937657,0.3343876949597478,0.42700904052116634,0.31294374916317497,0.3264656585299166,0.5070326456789956,0.31728217588704455,0.03765592721014132,0.32189513972509753,0.32378981597284895,0.32736239358123176,0.009585566018656492,0.09796934025818588,0,DATA
300,12.0,0.29629992956049944,0.24858620434734033,0.549087261818617,0.14210706188906397,0.3937054483251634,0.24392368381117674,0.41767539828431377,0.7042116013071895,0.23298210198310795,0.5710007452385741,0.44187402313937657,0.3343876949597478,0.4244196566520849,0.31638682205603913,0.32603803570274037,0.5040164172980228,0.3248846341878345,0.03824226749065185,0.335389459006709,0.33763135238552755,0.33292745992854234,0.0021533598630406048,0,0,DATA
320,12.8,0.30124876272624435,0.2745576813273838,0.5597815518929462,0.13976300410312978,0.3937054483251634,0.24392368381117674,0.41767539828431377,0.7042116013071895,0.23298210198310795,0.5710007452385741,0.44187402313937657,0.3343876949597478,0.41818883132555135,0.3246917574783105,0.32694900381939396,0.4967485369236203,0.335608490908746,0.039670951084257465,0.34890667444674117,0.3519835910543993,0.33952282575351883,0.00514890962181952,0,0,DATA
340,13.6,0.3082774268895592,0.3025334142625145,0.5736633226502588,0.13981134732798758,0.3937054483251634,0.24392368381117674,0.41767539828431377,0.7042116013071895,0.23298210198310795,0.5710007452385741,0.44187402313937657,0.3343876949597478,0.4104446798112139,0.33501644332682856,0.3286983137286862,0.48771411824219263,0.34850945904041475,0.04147725256795191,0.36427905460491905,0.3687489826107941,0.34790216344441965,0.0066060490907159,0,0,DATA
360,14.4,0.3122388632269147,0.3143107905505114,0.5961423725069502,0.13667556635782727,0.3937054483251634,0.24392368381117674,0.41767539828431377,0.7042116013071895,0.23298210198310795,0.5710007452385741,0.44187402313937657,0.3343876949597478,0.4056481853364333,0.3414115144420231,0.3300550083323185,0.48211833544720506,0.357119851566596,0.04261289616268712,0.3742781023589271,0.3806823572534553,0.3550575197914955,0.004182753397869147,0,0,DATA
380,15.2,0.31924864096279537,0.34377893520209885,0.6390234172315115,0.1328239763222652,0.3937054483251634,0.24392368381117674,0.41767539828431377,0.7042116013071895,0.23298210198310795,0.5710007452385741,0.44187402313937657,0.3343876949597478,0.39802092661716576,0.35158111627902594,0.3319340700379431,0.47321990516906987,0.373488959797447,0.04444533966527561,0.3960435247116505,0.4063507250750785,0.3701286624368496,0.006558640753965006,0.19641695790163916,0,DATA
400,16.0,0.32460279584590246,0.3351848455564308,0.6648126667821178,0.13427342706197856,0.4199682563997821,0.13797443005910384,0.421982655909586,0.6656369144880174,0.23298210198310795,0.5710007452385741,0.44187402313937657,0.3343876949597478,0.36787171677639535,0.35774084142500967,0.33482819321015916,0.45506543767569285,0.3793907609080402,0.04748900182508141,0.398834569740126,0.411865640132586,0.3761121670139044,0.01306768605299006,0,0,DATA
420,16.8,0.32869499696246013,0.32634200832237775,0.6920049827517312,0.13529437961642968,0.4199682563997821,0.13797443005910384,0.421982655909586,0.6656369144880174,0.23298210198310795,0.5710007452385741,0.44187402313937657,0.3343876949597478,0.3606839496433154,0.3571127645432699,0.33655579239630107,0.4517855925500227,0.3812303529294041,0.04794466365354959,0.401554338263739,0.4174067355086054,0.38219723104374576,0.003181147733653874,0,0,DATA
440,17.6,0.32859172715560586,0.306131070106199,0.7016785567431406,0.1377105598653369,0.4199682563997821,0.13797443005910384,0.421982655909586,0.6656369144880174,0.23298210198310795,0.5710007452385741,0.44187402313937657,0.3343876949597478,0.36277191652878893,0.35126527877821795,0.3370523854927043,0.4557533188752854,0.3757373258601614,0.047005581081023144,0.3953840238141785,0.4124453964830766,0.3820568928782673,0.002810681915642895,0,0,DATA
460,18.4,0.32713773410005026,0.28205360024141685,0.7091515903327278,0.139359612168658,0.4199682563997821,0.13797443005910384,0.421982655909586,0.6656369144880174,0.23298210198310795,0.5710007452385741,0.44187402313937657,0.3343876949597478,0.3684545752660352,0.34276934148656335,0.33689602487995857,0.4628426168897359,0.3676337749852424,0.04545962596453174,0.3869568439750719,0.40493042523326095,0.3804979419510554,0.00477831888054886,0,0,DATA
480,19.2,0.3266679628582203,0.2651192850474668,0.7140781155379448,0.14066915627546883,0.4199682563997821,0.13797443005910384,0.421982655909586,0.6656369144880174,0.23298210198310795,0.5710007452385741,0.44187402313937657,0.3343876949597478,0.3737155790779386,0.33547895204476097,0.3367504647353506,0.4691183135165888,0.361156033978681,0.04412210065470755,0.38107446869016937,0.399671656879561,0.37940435767044633,0.0042323177994379275,0.09196129894785701,0,DATA
500,20.0,0.32461444847704046,0.24434492003003339,0.7215030324896254,0.1398090182205064,0.4199682563997821,0.13797443005910384,0.421982655909586,0.6656369144880174,0.23298210198310795,0.5710007452385741,0.44187402313937657,0.3343876949597478,0.3796564968751706,0.3274750130073389,0.3362755586719204,0.47609074193391576,0.3537220755149473,0.042660869318512554,0.3738390031972961,0.3930926692763597,0.377767053106641,0.004806587632694759,0,0,DATA
520,20.8,0.3321989038671024,0.2212038621807715,0.74303172942772,0.14360358956664251,0.4199682563997821,0.13797443005910384,0.421982655909586,0.6656369144880174,0.23298210198310795,0.5710007452385741,0.44187402313937657,0.3343876949597478,0.3862983943626852,0.31859433509831897,0.3377258224848043,0.4838520296321831,0.3480330824312752,0.04105958954932613,0.3704052105232226,0.3921912034307094,0.38119542847200877,0.005657613069806148,0,0,DATA
540,21.6,0.3399358908894755,0.20993646391006385,0.7645771709064214,0.14929256237280109,0.4199682563997821,0.13797443005910384,0.421982655909586,0.6656369144880174,0.23298210198310795,0.5710007452385741,0.44187402313937657,0.3343876949597478,0.3906571172457882,0.3127752602098148,0.33978566890336787,0.48894092851798665,0.34617082462633975,0.04002334952919391,0.3717547369151545,0.3962641712511272,0.38680317236454703,0.00407921473005692,0,0,DATA
560,22.4,0.34764266617437567,0.1671661722363371,0.7722660955001727,0.11500738647743976,0.4199682563997821,0.13797443005910384,0.421982655909586,0.6656369144880174,0.23298210198310795,0.5710007452385741,0.44187402313937657,0.3343876949597478,0.4009464953622018,0.2990538560746201,0.342022045638766,0.5009463196437908,0.33126254141565437,0.037621344716959264,0.35772576022139413,0.3795755694272057,0.3762235021113436,0.008749052995668785,0,0,DATA
580,23.2,0.3530690935562259,0.1432347854626297,0.7781414753365841,0.11952420421166773,0.4199682563997821,0.13797443005910384,0.421982655909586,0.6656369144880174,0.23298210198310795,0.5710007452385741,0.44187402313937657,0.3343876949597478,0.40905890001960443,0.2882366465374236,0.34383250840957397,0.5104111267410905,0.3222630262898298,0.03576948500149197,0.35041356695556347,0.37330259591843906,0.37554864533942095,0.006913358988469047,0.042970435638788905,0,DATA
600,24.0,0.35653490028490026,0.11944471191309954,0.7816419555214618,0.12215046514333323,0.39117230051742913,0.17768483119375206,0.39316678581154685,0.6886577478213507,0.23298210198310795,0.5710007452385741,0.44187402313937657,0.3343876949597478,0.427607449179928,0.27228311234710206,0.33703502302638705,0.5276621684164129,0.3096868666054579,0.032729093296533056,0.3422907949184618,0.3657924979929917,0.3737270872124114,0.013766522911277335,0,0,DATA
620,24.8,0.3605797053062678,0.09570554561289131,0.7845484922843741,0.11799410038420081,0.39117230051742913,0.17768483119375206,0.39316678581154685,0.6886577478213507,0.23298210198310795,0.5710007452385741,0.44187402313937657,0.3343876949597478,0.43815723885106883,0.26085008552594735,0.3358451864659181,0.5386535766625608,0.29953489812762535,0.03077691378254495,0.3341853967552345,0.3575621170301424,0.37046605400841853,0.0077242176842548345,0,0,DATA
640,25.6,0.3591520943313223,0.06051372741782955,0.7655624214176217,0.1153120899694723,0.39117230051742913,0.17768483119375206,0.39316678581154685,0.6886577478213507,0.23298210198310795,0.5710007452385741,0.44187402313937657,0.3343876949597478,0.44871245757337397,0.24756646838498358,0.33518843719303887,0.5505729945941951,0.2834342191332422,0.028660865088071284,0.31602593310887017,0.33723584525563,0.35976160038203087,0.008165195045382712,0,0,DATA
660,26.4,0.3558204892533937,0.08961060390652206,0.7787277315958677,0.11414483708122426,0.39117230051742913,0.17768483119375206,0.39316678581154685,0.6886577478213507,0.23298210198310795,0.5710007452385741,0.44187402313937657,0.3343876949597478,0.4457686791274401,0.2517285086595284,0.33429177534481014,0.5470200852339557,0.2918535622357852,0.02929832300968651,0.32963142472441076,0.3520411426001703,0.3668508483144538,0.0026674935229024643,0,0,DATA
680,27.2,0.3545151654411765,0.09479560981949645,0.7795338551081775,0.1259901391720729,0.39117230051742913,0.17768483119375206,0.39316678581154685,0.6886577478213507,0.23298210198310795,0.5710007452385741,0.44187402313937657,0.3343876949597478,0.44379669435193536,0.2544289223975246,0.3337486587897759,0.5446838859772053,0.29476953242479254,0.029717983614895402,0.33160558702961895,0.3552804474656944,0.3700686581164254,0.001738505022845079,0.028438682945848934,0,DATA
700,28.0,0.3521772090246355,0.0991300897764322,0.7791003647863444,0.13781206929804982,0.39117230051742913,0.17768483119375206,0.39316678581154685,0.6886577478213507,0.23298210198310795,0.5710007452385741,0.44187402313937657,0.3343876949597478,0.44229485812832736,0.25645270090686556,0.33309475297579205,0.5429210786107308,0.29691113817660264,0.030035247887953784,0.3327850896647184,0.3575987940812083,0.3727410479130488,0.0013931735156442564,0,0,DATA
720,28.8,0.3522819845085471,0.10470877360350062,0.7797808278427772,0.13668328290037646,0.39117230051742913,0.17768483119375206,0.39316678581154685,0.6886577478213507,0.23298210198310795,0.5710007452385741,0.44187402313937657,0.3343876949597478,0.4406727836575607,0.258621865931247,0.3329205840832183,0.5410254588631569,0.2991501127531404,0.0303773921548885,0.33517361090361475,0.35994248298598047,0.3735326865200737,0.001321802795907286,0,0,DATA
740,29.6,0.3524688193920731,0.09732446011131028,0.7824864203579724,0.1335931063822219,0.39117230051742913,0.17768483119375206,0.39316678581154685,0.6886577478213507,0.23298210198310795,0.5710007452385741,0.44187402313937657,0.3343876949597478,0.4417368671496906,0.2572050076607481,0.33290756874098665,0.5422659297444712,0.29733451846386993,0.030153495405910183,0.3327983709864828,0.35752878466855265,0.3725020858097657,0.0008313190349534816,0,0,DATA
760,30.4,0.3527293669871795,0.09736712534226323,0.7857003944490881,0.13150959280701915,0.39117230051742913,0.17768483119375206,0.39316678581154685,0.6886577478213507,0.23298210198310795,0.5710007452385741,0.44187402313937657,0.3343876949597478,0.44204713249882943,0.25679189644426526,0.33295837913328946,0.542627618027282,0.297416658326467,0.0300883327441497,0.33351034141610836,0.35835380114976956,0.37292133116165765,0.0002580623193081573,0,0,DATA
780,31.2,0.38288840576294625,0.1722664539410643,0.7818275386277456,0.13837187359790065,0.39117230051742913,0.17768483119375206,0.39316678581154685,0.6886577478213507,0.23298210198310795,0.5710007452385741,0.44187402313937657,0.3343876949597478,0.42641135309782285,0.27763977508698473,0.33930702039389127,0.524385789005419,0.32413174972304226,0.03344271481285735,0.36872730944651366,0.39386971167712864,0.3875763765318951,0.014277433101442619,0.09597061782421196,0,DATA
800,32.0,0.4129621119281046,0.17230755680578902,0.7775720811715879,0.1635254812398027,0.3439429296023965,0.6438313973270187,0.5311541734749455,0.8746146514161219,0.23298210198310795,0.5710007452385741,0.44187402313937657,0.3343876949597478,0.5522330261932434,0.27398747958976666,0.38616355961250676,0.536889747108495,0.32484833478721725,0.02576333436533856,0.37390740033420367,0.40113961758339317,0.3945567697424607,0.058776835937084715,0,0,DATA
820,32.8,0.4427872504503938,0.17690608501536637,0.7729308437071695,0.1772357074802861,0.3439429296023965,0.6438313973270187,0.5311541734749455,0.8746146514161219,0.23298210198310795,0.5710007452385741,0.44187402313937657,0.3343876949597478,0.5890138371978584,0.27417937883928284,0.4064838004677721,0.5184033919814294,0.32807671048613163,0.02366362547401263,0.38078359182960886,0.40892270795640473,0.39981079870811825,0.019097650369798824,0,0,DATA
840,33.6,0.47173389187405734,0.18030230728808172,0.769374291513353,0.18394288786311966,0.3439429296023965,0.6438313973270187,0.5311541734749455,0.8746146514161219,0.23298210198310795,0.5710007452385741,0.44187402313937657,0.3343876949597478,0.5993348738219726,0.275187890850498,0.4186586674233211,0.5127386176637646,0.3313824455224436,0.0231542201121588,0.38722009858466433,0.415674277530362,0.40366719421950453,0.007834805196959449,0,0,DATA
860,34.4,0.5001171482214681,0.18104119384265213,0.7669580309635153,0.1877794507080432,0.3439429296023965,0.6438313973270187,0.5311541734749455,0.8746146514161219,0.23298210198310795,0.5710007452385741,0.44187402313937657,0.3343876949597478,0.602276018632747,0.27569733268914226,0.428271611342942,0.5110133243390553,0.3339405042299707,0.02302680256998613,0.39270905236600717,0.4213052615412134,0.40677960026895643,0.004354510189679879,0,0,DATA
880,35.2,0.5295878307252389,0.1839509188515117,0.7624007048515622,0.19243274449898384,0.3439429296023965,0.6438313973270187,0.5311541734749455,0.8746146514161219,0.23298210198310795,0.5710007452385741,0.44187402313937657,0.3343876949597478,0.6025473198241189,0.2766648882432162,0.4373443378446201,0.5103938959663324,0.3369835007823375,0.023091852281993643,0.39885561364791455,0.42746141959101946,0.40995445450086226,0.0034371944157079817,0.18466973926698566,0,DATA
900,36.0,0.5588957037141781,0.18444112080122033,0.7591245183614631,0.19685438562386298,0.3439429296023965,0.6438313973270187,0.5311541734749455,0.8746146514161219,0.23298210198310795,0.5710007452385741,0.44187402313937657,0.3343876949597478,0.6025257677720917,0.27709241145535685,0.4462208091228008,0.5101909103862757,0.3394468001268737,0.0231287896348735,0.4042580317275659,0.432978383134149,0.4130240536946636,0.003108515514116191,0,0,DATA
920,36.8,0.5871971952509636,0.15891886489920462,0.7442377368483288,0.19624281565849036,0.3439429296023965,0.6438313973270187,0.5311541734749455,0.8746146514161219,0.23298210198310795,0.5710007452385741,0.44187402313937657,0.3343876949597478,0.6078789758959067,0.2700744367664346,0.4548270637289801,0.5110232936688293,0.33160569711194965,0.02223939159313001,0.3967320713714899,0.42390258763022226,0.40818185509168164,0.006992479139638834,0,0,DATA
940,37.6,0.6141122855392157,0.1584512392800286,0.7525487230855069,0.1942422417575774,0.3439429296023965,0.6438313973270187,0.5311541734749455,0.8746146514161219,0.23298210198310795,0.5710007452385741,0.44187402313937657,0.3343876949597478,0.6095831397130782,0.2678381091863887,0.46306110907136666,0.5112893755502665,0.333259583080339,0.021959387867284474,0.40359023642890557,0.43139179392126437,0.4124808520567424,0.004058178913201353,0,0,DATA
960,38.4,0.649118982528909,0.16150662827288986,0.7448938306177649,0.1903591036718766,0.3439429296023965,0.6438313973270187,0.5311541734749455,0.8746146514161219,0.23298210198310795,0.5710007452385741,0.44187402313937657,0.3343876949597478,0.6094527571697288,0.26802271983037607,0.4728827290419183,0.5112622614999476,0.3355858348452076,0.02198186219158096,0.41028275293044025,0.43693050736745487,0.4137494793705653,0.0033788710526294805,0,0,DATA
980,39.2,0.6820582867228088,0.15999185667066726,0.73633215083071,0.18640714769337902,0.3439429296023965,0.6438313973270187,0.5311541734749455,0.8746146514161219,0.23298210198310795,0.5710007452385741,0.44187402313937657,0.3343876949597478,0.6097317444431908,0.2676539669749499,0.4827464689138027,0.5113071442909296,0.3365718841975218,0.02193593782467644,0.4145523691709203,0.4399487600313796,0.4138853829071586,0.0035038266669241702,0.047997557001200175,0,DATA
1000,40.0,0.714678518309033,0.16842447951216205,0.7277563445130131,0.18314429916437253,0.35001463779956427,0.6772402601706959,0.5517887901688453,0.8814076116557734,0.23298210198310795,0.5710007452385741,0.44187402313937657,0.3343876949597478,0.617399071424745,0.27117953423534585,0.4983335321827671,0.5057106971699545,0.3414864520360126,0.021788243737900177,0.42273430336122364,0.44694682873701264,0.41561577820677975,0.008926652503638203,0,0,DATA
1020,40.8,0.7473520050381264,0.17413358104994134,0.7189472431052023,0.18103789274845022,0.35001463779956427,0.6772402601706959,0.5517887901688453,0.8814076116557734,0.23298210198310795,0.5710007452385741,0.44187402313937657,0.3343876949597478,0.6185003581962778,0.2738357528440428,0.509871083376566,0.5038319444798397,0.3454661699600287,0.021938330740841533,0.42979082104059185,0.4529117956340075,0.4171159354752188,0.005098352191342859,0,0,DATA
1040,41.6,0.7503745208019106,0.10066547652714933,0.7172625654548759,0.1791574296414392,0.35001463779956427,0.6772402601706959,0.5517887901688453,0.8814076116557734,0.23298210198310795,0.5710007452385741,0.44187402313937657,0.3343876949597478,0.6342590461775238,0.25406154916027013,0.5139670770451004,0.505839702331103,0.32181117244490154,0.01951334979709355,0.4006711468541666,0.42343560737184854,0.4056007093391946,0.01320962844451771,0,0,DATA
1060,42.4,0.7532934394377407,0.10968397271496388,0.7161109251461208,0.17503222826741965,0.35001463779956427,0.6772402601706959,0.5517887901688453,0.8814076116557734,0.23298210198310795,0.5710007452385741,0.44187402313937657,0.3343876949597478,0.6370927683724565,0.2506544669877264,0.515808848059185,0.5061263823199085,0.3211401911302806,0.01910250692901459,0.4046320009947074,0.4268687773441119,0.4061324252789571,0.002694191793853699,0,0,DATA
1080,43.2,0.7563319284711748,0.12049334908864752,0.7152206229416443,0.1723022517499138,0.35001463779956427,0.6772402601706959,0.5517887901688453,0.8814076116557734,0.23298210198310795,0.5710007452385741,0.44187402313937657,0.3343876949597478,0.6356729159924629,0.25265896772059476,0.5169994620604316,0.505834058143471,0.32409943558722837,0.01933060604117973,0.40938538890997245,0.4312601373871787,0.4072891097837328,0.0015383223713695087,0.036148004726594254,0,DATA
1100,44.0,0.7607851647603486,0.12814203322879478,0.7122398495835286,0.16231045135995745,0.35001463779956427,0.6772402601706959,0.5517887901688453,0.8814076116557734,0.23298210198310795,0.5710007452385741,0.44187402313937657,0.3343876949597478,0.6336407366090339,0.2554019494996965,0.518291825881532,0.5054786569456347,0.3265679082016747,0.019649462718338364,0.4127393551522429,0.433316846254642,0.40613818261615203,0.002022508327877074,0,0,DATA
1120,44.8,0.7680651133316575,0.16240931856530577,0.7049520423628647,0.15856801485417782,0.35001463779956427,0.6772402601706959,0.5517887901688453,0.8814076116557734,0.23298210198310795,0.5710007452385741,0.44187402313937657,0.3343876949597478,0.6258349528733378,0.2658196839276501,0.520208324227837,0.504172681599506,0.33785947607128247,0.020886691258436563,0.42644469755697634,0.44591916428673106,0.4094358311674377,0.006713338836651557,0,0,DATA
1140,45.6,0.7749491997653764,0.16752298331438323,0.6985919166517724,0.1636947769187667,0.35001463779956427,0.6772402601706959,0.5517887901688453,0.8814076116557734,0.23298210198310795,0.5710007452385741,0.44187402313937657,0.3343876949597478,0.6224193481553226,0.27037683038577787,0.5222289318828095,0.5036019107294497,0.34140453261796155,0.02143870257075955,0.4285949556011327,0.447946085966237,0.41032661050831587,0.003331119610371802,0,0,DATA
1160,46.4,0.7799539066427852,0.17551533734402167,0.6960757582016678,0.16963627403395298,0.35001463779956427,0.6772402601706959,0.5517887901688453,0.8814076116557734,0.23298210198310795,0.5710007452385741,0.44187402313937657,0.3343876949597478,0.6197162723936941,0.27398183345151494,0.5238861026235571,0.5031509470773954,0.34518240852293347,0.021880074913483955,0.43228960689844886,0.4519832711300613,0.41258519411101363,0.0026550831893710583,0,0,DATA
1180,47.2,0.7844185991704374,0.18569180940458516,0.6941472236197281,0.1696041918740221,0.35001463779956427,0.6772402601706959,0.5517887901688453,0.8814076116557734,0.23298210198310795,0.5710007452385741,0.44187402313937657,0.3343876949597478,0.6167682905324872,0.27791274654819387,0.5253208392765883,0.5026594814596594,0.3492936598766132,0.022366045157919952,0.4368674273118168,0.4563650298692422,0.41406958409539235,0.0027712105369723794,0.1140597920070662,0,DATA
1200,48.0,0.7878123297930284,0.18262397746002162,0.6816801028823162,0.15656891288336197,0.34213196997549017,0.6526765694370058,0.528781147875817,0.8756137663398693,0.23298210198310795,0.5710007452385741,0.44187402313937657,0.3343876949597478,0.6096503072770504,0.27657766728966415,0.5200218038611939,0.5068860127166428,0.34625579201205664,0.022672021562515625,0.43382561651102713,0.45077297909564534,0.40822494638348183,0.004584032643120313,0,0,DATA
1220,48.8,0.7837737766046591,0.17884266314174055,0.6992034390748061,0.14353797550957917,0.34213196997549017,0.6526765694370058,0.528781147875817,0.8756137663398693,0.23298210198310795,0.5710007452385741,0.44187402313937657,0.3343876949597478,0.6083089883072583,0.27511837550298657,0.517583997067018,0.5082863180948776,0.346033685242203,0.022629892915565965,0.43501004738453886,0.45240664985102774,0.4090285404902687,0.0017461391835485267,0,0,DATA
1240,49.6,0.7804593558844478,0.17895884862015152,0.7022512919595809,0.14811294298200223,0.34213196997549017,0.6526765694370058,0.528781147875817,0.8756137663398693,0.23298210198310795,0.5710007452385741,0.44187402313937657,0.3343876949597478,0.6078821936658544,0.27471311990093833,0.5161566266775208,0.5087023432166036,0.3460927089449729,0.02262118024882066,0.435003208008816,0.45316209251102463,0.4103914829556875,0.0007531402109831054,0,0,DATA
1260,50.4,0.7785482589136081,0.17783827556303586,0.7042724215310078,0.15247554017244178,0.34213196997549017,0.6526765694370058,0.528781147875817,0.8756137663398693,0.23298210198310795,0.5710007452385741,0.44187402313937657,0.3343876949597478,0.6079894756154275,0.2742777827643315,0.5153270851967953,0.5088663708101204,0.3459163666523919,0.022579153264181525,0.4345769853060871,0.45337424248448255,0.4114100891309808,0.0004573868556351594,0,0,DATA
1280,51.2,0.7459189932650412,0.24001192643425717,0.7162075551628824,0.15684156691807993,0.34213196997549017,0.6526765694370058,0.528781147875817,0.8756137663398693,0.23298210198310795,0.5710007452385741,0.44187402313937657,0.3343876949597478,0.5949651935173428,0.2915558038672914,0.5082260769663787,0.5067395013076829,0.36522747930732835,0.024798952205639622,0.4553076192512372,0.4757349924673838,0.4213301989539036,0.012467770477153731,0.12760126167512356,0,DATA
1300,52.0,0.7130518633735546,0.23880985506347543,0.7283472520694504,0.15889179384981134,0.34213196997549017,0.6526765694370058,0.528781147875817,0.8756137663398693,0.23298210198310795,0.5710007452385741,0.44187402313937657,0.3343876949597478,0.5913103438757816,0.29640263021436053,0.4991936772200415,0.5061435129549289,0.3668526460109833,0.02543870469349038,0.45068130410594076,0.47252766970591736,0.421308144872126,0.005844691911655819,0,0,DATA
1320,52.8,0.6800923307357132,0.22798198888292906,0.7402464993448462,0.14444509057533345,0.34213196997549017,0.6526765694370058,0.528781147875817,0.8756137663398693,0.23298210198310795,0.5710007452385741,0.44187402313937657,0.3343876949597478,0.592487740881228,0.29482487558792825,0.48956245544219357,0.5063436917654218,0.36238681357727753,0.02523039773000198,0.44213810056123304,0.46372972056130146,0.41647348284521324,0.004128791136575531,0,0,DATA
1340,53.6,0.646873919840372,0.21104027509293316,0.751802380621142,0.14922654892347467,0.34213196997549017,0.6526765694370058,0.528781147875817,0.8756137663398693,0.23298210198310795,0.5710007452385741,0.44187402313937657,0.3343876949597478,0.596398719878761,0.28960786933879973,0.4796972226208176,0.5069967053912195,0.3554664268368549,0.024546082427648053,0.43102890912142566,0.4542542630839377,0.4144556466758819,0.006331072689345833,0,0,DATA
1360,54.4,0.6131433496208313,0.19804284094754826,0.763782483396239,0.1529491951495241,0.34213196997549017,0.6526765694370058,0.528781147875817,0.8756137663398693,0.23298210198310795,0.5710007452385741,0.44187402313937657,0.3343876949597478,0.6003014747485518,0.2844034859033534,0.4696542330283012,0.5076475196740474,0.34915227987681596,0.023871887317307692,0.42147984197438293,0.4462754708370097,0.4128725294711043,0.006383375965917815,0,0,DATA
1380,55.2,0.5775022061442099,0.15933744455927173,0.7787207677740824,0.15602401617378414,0.34213196997549017,0.6526765694370058,0.528781147875817,0.8756137663398693,0.23298210198310795,0.5710007452385741,0.44187402313937657,0.3343876949597478,0.6096004344510272,0.2720046598840021,0.45915669602045583,0.5091974528324854,0.3345844163312628,0.022300005219662206,0.4018571115993168,0.4284540510021538,0.4078521409645135,0.010731774243224043,0.07857591869856195,0,DATA
1400,56.0,0.5413411785654433,0.14738050422091312,0.7951989067798869,0.15902395487276985,0.3818523624727669,0.19583290422711042,0.3897097971132898,0.7008040577342047,0.23298210198310795,0.5710007452385741,0.44187402313937657,0.3343876949597478,0.48698485357405435,0.27327835120788435,0.4094736409130536,0.5568532511830849,0.3326400126938094,0.02944114600559029,0.39313775774938087,0.421682504922697,0.40716201964713133,0.05785744243608578,0,0,DATA
1420,56.8,0.5078872274069884,0.13427524810795713,0.8073825983497431,0.16147297316864975,0.3818523624727669,0.19583290422711042,0.3897097971132898,0.7008040577342047,0.23298210198310795,0.5710007452385741,0.44187402313937657,0.3343876949597478,0.4529522830946833,0.2699909868934214,0.38754339463755744,0.5414806481006309,0.32745444075460023,0.031016570122662485,0.3836416033864788,0.4136496215463685,0.4053865626659825,0.019750060356443406,0,0,DATA
1440,57.6,0.4773041114148651,0.11908514112168599,0.8151495516524427,0.16317445418019258,0.3818523624727669,0.19583290422711042,0.3897097971132898,0.7008040577342047,0.23298210198310795,0.5710007452385741,0.44187402313937657,0.3343876949597478,0.44593243441798885,0.2647515476429266,0.37454186639656273,0.5405904433875311,0.3204338044439158,0.03080495155218309,0.3730023280540856,0.4039571896453995,0.402331769546813,0.00842027205606131,0,0,DATA
1460,58.4,0.4467077061861069,0.11591443328730253,0.8221771096622683,0.16508603767753377,0.3818523624727669,0.19583290422711042,0.3897097971132898,0.7008040577342047,0.23298210198310795,0.5710007452385741,0.44187402313937657,0.3343876949597478,0.44449232846020104,0.2622919176741508,0.3642161628262251,0.5411002053930252,0.31692277109192096,0.03059808621468399,0.3670202754765456,0.39886905121857624,0.40093572905070424,0.00474181316563375,0,0,DATA
1480,59.2,0.4165554429570974,0.11080740404446948,0.8165189046527932,0.16627136911453652,0.3818523624727669,0.19583290422711042,0.3897097971132898,0.7008040577342047,0.23298210198310795,0.5710007452385741,0.44187402313937657,0.3343876949597478,0.44513277281385966,0.2601240604955247,0.35478647647703176,0.5425043561591674,0.3117611797039144,0.030310206396025836,0.3578153701317155,0.38921685851649895,0.3959769633764101,0.004079329293826002,0.03324222121334084,0,DATA
1500,60.0,0.3857048074304507,0.10568790480726545,0.8305191013273489,0.16791556729968707,0.3818523624727669,0.19583290422711042,0.3897097971132898,0.7008040577342047,0.23298210198310795,0.5710007452385741,0.44187402313937657,0.3343876949597478,0.44640000095977006,0.2580402435555198,0.345478937111678,0.544179878702125,0.30896951034817977,0.029998726502782055,0.3523974826664157,0.3853634105371697,0.3959528637438338,0.004219528150423035,0,0,DATA
1520,60.8,0.3541916085344394,0.0971953708960805,0.840348867208255,0.16887695993803853,0.3818523624727669,0.19583290422711042,0.3897097971132898,0.7008040577342047,0.23298210198310795,0.5710007452385741,0.44187402313937657,0.3343876949597478,0.44856360152489205,0.25503718897838656,0.3360689035339095,0.5467632062732528,0.3045058438756721,0.029533725683165958,0.3446637824989206,0.37870882622160035,0.3941773837654518,0.004858896240007904,0,0,DATA
1540,61.6,0.3541987114022959,0.025971547449626993,0.8405677601757353,0.1684115350031911,0.3818523624727669,0.19583290422711042,0.3897097971132898,0.7008040577342047,0.23298210198310795,0.5710007452385741,0.44187402313937657,0.3343876949597478,0.46416968461818386,0.2341936020402396,0.3332473850628288,0.5649880412889721,0.28061209834948364,0.026352486644741272,0.31621945228740667,0.3502398428133497,0.38345615879017003,0.013090396167506494,0,0,DATA
1560,62.4,0.35434446748784987,0.05690824632141818,0.8406525238565693,0.16900016921891123,0.3818523624727669,0.19583290422711042,0.3897097971132898,0.7008040577342047,0.23298210198310795,0.5710007452385741,0.44187402313937657,0.3343876949597478,0.4623548027830952,0.23660280164289704,0.3324315382994709,0.5628760005700991,0.2870528674277379,0.026713755589787187,0.3286402357894007,0.3627279661049992,0.38825015699284665,0.0016799760670346646,0,0,DATA
1580,63.2,0.3545565388281381,0.05638361353717006,0.840906463235252,0.17889040668825645,0.3818523624727669,0.19583290422711042,0.3897097971132898,0.7008040577342047,0.23298210198310795,0.5710007452385741,0.44187402313937657,0.3343876949597478,0.4619205111172608,0.23717866434410478,0.33223131925192406,0.562370923386578,0.28775749173442167,0.02680040464167499,0.3285235848194956,0.3636257328198969,0.390234201547778,0.00040345780486300553,0.016915084061151015,0,DATA
1600,64.0,0.35517481565275677,0.05552710330799861,0.8414653578450664,0.18933659876450654,0.3923129850898692,0.17968371893988702,0.39836805555555554,0.6909936683006536,0.23298210198310795,0.5710007452385741,0.44187402313937657,0.3343876949597478,0.45744831888521387,0.23930833103989058,0.33472540403466433,0.5590699939226617,0.28943262729742286,0.02726579883519794,0.32841641501471364,0.3646190716837213,0.3923965147635677,0.0030319812368576615,0,0,DATA
1620,64.8,0.3559455586454667,0.05403414844488977,0.8425046184701673,0.18834634799032518,0.3923129850898692,0.17968371893988702,0.39836805555555554,0.6909936683006536,0.23298210198310795,0.5710007452385741,0.44187402313937657,0.3343876949597478,0.4564201817368526,0.23952920368695585,0.3356354854979555,0.5584454890249484,0.28947303879102626,0.02734268061186309,0.3281812337930323,0.36438879144713193,0.39231141083481136,0.0007196970862392386,0,0,DATA
1640,65.6,0.3566155849358974,0.05392813809126706,0.8437245711940715,0.18838221840410935,0.3923129850898692,0.17968371893988702,0.39836805555555554,0.6909936683006536,0.23298210198310795,0.5710007452385741,0.44187402313937657,0.3343876949597478,0.45613400276660504,0.23956578258206107,0.3360492154579333,0.5582841100922719,0.2896794557181641,0.027361253481868176,0.32851682545445016,0.3648499654223187,0.3926746741745439,0.0002454959417768632,0,0,DATA
1660,66.4,0.35691868427392326,0.05420633271497756,0.8445574333765713,0.18266141491218899,0.3923129850898692,0.17968371893988702,0.39836805555555554,0.6909936683006536,0.23298210198310795,0.5710007452385741,0.44187402313937657,0.3343876949597478,0.4559897282045516,0.23965465074523162,0.3362369853069121,0.5581675387296599,0.2896726470251254,0.027378664254680912,0.3288552956080395,0.364699641444966,0.3918107681491439,0.00014030419140093064,0,0,DATA
1680,67.2,0.35701161073403714,0.05366871513827005,0.845023740069096,0.1779772428197201,0.3923129850898692,0.17968371893988702,0.39836805555555554,0.6909936683006536,0.23298210198310795,0.5710007452385741,0.44187402313937657,0.3343876949597478,0.4560593455270441,0.23953077827270464,0.33631283081822966,0.5582642836271696,0.2893883287655493,0.027361010943015004,0.3287520952078842,0.36417465450481623,0.39091916041328656,8.977843544568283e-05,0.016100614541481012,0,DATA
1700,68.0,0.3575074367353779,0.052212150170100044,0.8457372637750227,0.1781559684277181,0.3923129850898692,0.17968371893988702,0.39836805555555554,0.6909936683006536,0.23298210198310795,0.5710007452385741,0.44187402313937657,0.3343876949597478,0.45638610936710755,0.23908577833985895,0.3364397079319065,0.5586501655136242,0.28902071636007304,0.02729377353324805,0.32841133916206966,0.3639231233903942,0.3909643843162764,0.0002995469621953258,0,0,DATA
1720,68.8,0.3584552931749622,0.05087848133007678,0.8466610972799817,0.17894896976148086,0.3923129850898692,0.17968371893988702,0.39836805555555554,0.6909936683006536,0.23298210198310795,0.5710007452385741,0.44187402313937657,0.3343876949597478,0.4567642089755315,0.23857885108479873,0.3366768209183222,0.5590926789453663,0.28872158158174555,0.027216959887059494,0.32825220961496915,0.3639356773271658,0.3912486782772237,0.000374046616633289,0,0,DATA
1740,69.6,0.35949731989483824,0.05209130230758467,0.8475771521507158,0.17935847068647465,0.3923129850898692,0.17968371893988702,0.39836805555555554,0.6909936683006536,0.23298210198310795,0.5710007452385741,0.44187402313937657,0.3343876949597478,0.456622946452782,0.23876636278198288,0.3369667804254209,0.5589282918353995,0.2892378087155352,0.02724543416587859,0.3291289543240943,0.36494497761586375,0.3918457179985197,0.00020624457567744447,0,0,DATA
1760,70.4,0.36060301056854366,0.05167624215878105,0.843031011525851,0.1756813073227115,0.3923129850898692,0.17968371893988702,0.39836805555555554,0.6909936683006536,0.23298210198310795,0.5710007452385741,0.44187402313937657,0.3343876949597478,0.456667730327206,0.2387063994494731,0.3372859633190286,0.5589806654388664,0.2885312529365829,0.02723634685764359,0.32827484027434095,0.3632685331672476,0.3900220602146009,0.00014131003351381768,0,0,DATA
1780,71.2,0.38546258981690973,0.12677942736991724,0.8458553585365085,0.17699986200778753,0.3923129850898692,0.17968371893988702,0.39836805555555554,0.6909936683006536,0.23298210198310795,0.5710007452385741,0.44187402313937657,0.3343876949597478,0.4409094965951945,0.2597173023088383,0.34260222982926786,0.540596097143178,0.31553473445453506,0.030493150231065153,0.3638528996106002,0.39926088267308013,0.40474329361078754,0.014028467700538644,0.06294309446659788,0,DATA
1800,72.0,0.41060333788964304,0.12963085842931232,0.8454221144757624,0.1929545949839409,0.32720056338507625,0.6421485575332626,0.49492613017429193,0.8724200027233115,0.23298210198310795,0.5710007452385741,0.44187402313937657,0.3343876949597478,0.5650733807592633,0.253145365305272,0.37651292777085976,0.5408906269677323,0.31464526109947377,0.023120928160823475,0.3699349728367556,0.4068951047907764,0.4107677186570143,0.054882173036409,0,0,DATA
1820,72.8,0.435764347138428,0.09795292556128432,0.8450946773040017,0.20472504107854098,0.32720056338507625,0.6421485575332626,0.49492613017429193,0.8724200027233115,0.23298210198310795,0.5710007452385741,0.44187402313937657,0.3343876949597478,0.6089749119107698,0.24230396300115425,0.3919699490955822,0.524360562544038,0.30551635658119414,0.019896854980148142,0.3622305141049492,0.400334946951254,0.41080435957766837,0.02339998492678223,0,0,DATA
1840,73.6,0.4610698031883694,0.09696013488049654,0.8446754685446055,0.20252445960061838,0.32720056338507625,0.6421485575332626,0.49492613017429193,0.8724200027233115,0.23298210198310795,0.5710007452385741,0.44187402313937657,0.3343876949597478,0.6223538572991872,0.23877356091929836,0.4019212012634866,0.5194362908907573,0.30512537699690545,0.018936101994623217,0.3668106472907432,0.404653101113316,0.4126410680951108,0.008953533212725925,0,0,DATA
1860,74.4,0.48665361310122335,0.09818400693104137,0.8437287054067484,0.19201505804994207,0.32720056338507625,0.6421485575332626,0.49492613017429193,0.8724200027233115,0.23298210198310795,0.5710007452385741,0.44187402313937657,0.3343876949597478,0.626110527785098,0.2380571244688941,0.41027917699555727,0.5179161738730039,0.3064040518092084,0.018691481051181128,0.37222760546596045,0.4089244428196799,0.4130444587993784,0.004277027556128558,0,0,DATA
1880,75.2,0.5121376555429864,0.09817844898934933,0.8428570417988829,0.18658977268107957,0.32720056338507625,0.6421485575332626,0.49492613017429193,0.8724200027233115,0.23298210198310795,0.5710007452385741,0.44187402313937657,0.3343876949597478,0.6272386960986266,0.23784063731009908,0.41813821862794875,0.5174603332956371,0.3079903825909034,0.018618135077733695,0.3771478580560632,0.4132150005121098,0.414289056376562,0.003067899034905027,0.10436104327881447,0,DATA
1900,76.0,0.5369183831385118,0.1000353623651582,0.8424128905029786,0.18200735698266549,0.32720056338507625,0.6421485575332626,0.49492613017429193,0.8724200027233115,0.23298210198310795,0.5710007452385741,0.44187402313937657,0.3343876949597478,0.6271871947837653,0.23829562690768702,0.4256998839127265,0.5172585891542738,0.3103063459137825,0.01865632883902537,0.382757938666311,0.4183224244229257,0.416018145178827,0.0026893853990756686,0,0,DATA
1920,76.8,0.561623204971091,0.10344716278774244,0.84201903948349,0.1776799965666217,0.32720056338507625,0.6421485575332626,0.49492613017429193,0.8724200027233115,0.23298210198310795,0.5710007452385741,0.44187402313937657,0.3343876949597478,0.6264552663005641,0.23938742790528703,0.43315639608300144,0.5170786528970743,0.3132633437875819,0.0187786017316534,0.3889848529979627,0.4240772176110243,0.41803646258739163,0.0030934138836920255,0,0,DATA
1940,77.6,0.5863257682880845,0.103249665489916,0.8416101885353225,0.17336423560729475,0.32720056338507625,0.6421485575332626,0.49492613017429193,0.8724200027233115,0.23298210198310795,0.5710007452385741,0.44187402313937657,0.3343876949597478,0.6262771621881474,0.2396596689611756,0.44058088803065254,0.5170315844253384,0.31514960136666914,0.018808921234576136,0.39376459655259743,0.4283844999749095,0.41951172939550974,0.002624945705318793,0,0,DATA
1960,78.4,0.6107102082285907,0.10438541523086921,0.8416914265644018,0.17014376605869622,0.32720056338507625,0.6421485575332626,0.49492613017429193,0.8724200027233115,0.23298210198310795,0.5710007452385741,0.44187402313937657,0.3343876949597478,0.6259852235088224,0.2400593512054091,0.4479289680024542,0.5169777126428842,0.3174028156485479,0.01885500636299872,0.3991120320428958,0.43341801231325594,0.4214967514482535,0.0026799002984534137,0,0,DATA
1980,79.2,0.6351343849505615,0.10484523094930322,0.8416398916994254,0.16843801487811952,0.32720056338507625,0.6421485575332626,0.49492613017429193,0.8724200027233115,0.23298210198310795,0.5710007452385741,0.44187402313937657,0.3343876949597478,0.6258010806041535,0.24030800427984067,0.4552624691056086,0.5169454575580028,0.3195050979148937,0.01888382905997465,0.40417048670166833,0.4383007383674732,0.4236541075258562,0.0025887656940849304,0.03145356928479096,0,DATA
2000,80.0,0.6591531417588403,0.10360583607019784,0.8413183935050785,0.16767139811680215,0.32495017190904135,0.6288760669193013,0.4888254016884531,0.8711400462962963,0.23298210198310795,0.5710007452385741,0.44187402313937657,0.3343876949597478,0.622289813285456,0.2395629874260533,0.46079825439025857,0.5190735996442454,0.3207120407128524,0.019001929949223596,0.4084141804728125,0.442435620643051,0.4256363760739681,0.0032640231523783,0,0,DATA
2020,80.8,0.6837065775829564,0.1050901704164572,0.8405315356460795,0.16781009835825206,0.32495017190904135,0.6288760669193013,0.4888254016884531,0.8711400462962963,0.23298210198310795,0.5710007452385741,0.44187402313937657,0.3343876949597478,0.6209247228771322,0.23975509598686973,0.46761521149871793,0.519660090567999,0.32294019927725115,0.019085898185096907,0.4137612298043396,0.4477178542128232,0.4281453953918588,0.002791385359199853,0,0,DATA
2040,81.6,0.6843868817559075,0.029226762820512817,0.8373041700383287,0.16369789758246195,0.32495017190904135,0.6288760669193013,0.4888254016884531,0.8711400462962963,0.23298210198310795,0.5710007452385741,0.44187402313937657,0.3343876949597478,0.6364465113497834,0.2185709744282502,0.4698031625075755,0.5224912571109832,0.2975942335566027,0.016687070456924205,0.38290645447900196,0.41612912224913146,0.41520463311266653,0.012964620346709421,0,0,DATA
2060,82.4,0.6841861684577678,0.045786976171906205,0.8395737145027486,0.16277286593993923,0.32495017190904135,0.6288760669193013,0.4888254016884531,0.8711400462962963,0.23298210198310795,0.5710007452385741,0.44187402313937657,0.3343876949597478,0.6376254030877861,0.21685259769905452,0.47041739801762344,0.5227609996065796,0.2994321286614865,0.01650219326291788,0.3899443060528154,0.4233014251051345,0.418050973573162,0.0011705013257488073,0,0,DATA
2080,83.2,0.6840532760914194,0.048820678137282345,0.8400565778471069,0.1653985168130538,0.32495017190904135,0.6288760669193013,0.4888254016884531,0.8711400462962963,0.23298210198310795,0.5710007452385741,0.44187402313937657,0.3343876949597478,0.6373419931964579,0.21718652123060112,0.47057376127370465,0.5227357427864704,0.30027021334181436,0.016540530487757842,0.3912277810345678,0.42489575150863423,0.4191385856420461,0.00025789889298534946,0.014646203441184703,0,DATA
2100,84.0,0.6834748997088151,0.07406421994530726,0.8410174218424474,0.1587519031764718,0.32495017190904135,0.6288760669193013,0.4888254016884531,0.8711400462962963,0.23298210198310795,0.5710007452385741,0.44187402313937657,0.3343876949597478,0.6319558264493743,0.2243548899963121,0.4704992112101821,0.5218446417771567,0.30841336791389423,0.017340227114854185,0.401401691280325,0.4345010847902674,0.4217781675465081,0.004209695192105696,0,0,DATA
2120,84.8,0.6818063149405061,0.0870870648216632,0.842781219285369,0.15345901354413682,0.32495017190904135,0.6288760669193013,0.4888254016884531,0.8711400462962963,0.23298210198310795,0.5710007452385741,0.44187402313937657,0.3343876949597478,0.6276051790012144,0.23015179719140505,0.47012644338978044,0.5211215119036903,0.3138416207375594,0.017998540836704838,0.4066298717657899,0.4393763560567909,0.4229471072353941,0.0035067741545515285,0,0,DATA
2140,85.6,0.6801956660067874,0.0912832278144102,0.8446180463011184,0.16184157482041706,0.32495017190904135,0.6288760669193013,0.4888254016884531,0.8711400462962963,0.23298210198310795,0.5710007452385741,0.44187402313937657,0.3343876949597478,0.6254187905382895,0.2330657949879021,0.469676376767579,0.5207577072369042,0.31668827527254073,0.018333434147851914,0.40835357257929483,0.4421219956994987,0.42555118580012763,0.0018501509605411044,0,0,DATA
2160,86.4,0.6805801373701189,0.10159941401662935,0.8449256277168822,0.16093987715721386,0.32495017190904135,0.6288760669193013,0.4888254016884531,0.8711400462962963,0.23298210198310795,0.5710007452385741,0.44187402313937657,0.3343876949597478,0.622596474896946,0.23682852646347255,0.4696220957672182,0.5202874993197906,0.32062810352266813,0.01876978335377805,0.4126184576160016,0.44632746911146154,0.4270336166880939,0.0022131093724249242,0,0,DATA
2180,87.2,0.6817912254378247,0.117502530034872,0.8443281625739106,0.1589126286866687,0.32495017190904135,0.6288760669193013,0.4888254016884531,0.8711400462962963,0.23298210198310795,0.5710007452385741,0.44187402313937657,0.3343876949597478,0.6184101258407121,0.24241021839125165,0.46986013996132814,0.5195898278840181,0.3264657185316925,0.019425269793477074,0.4191024286082454,0.4525489687423538,0.428985376917749,0.0033353617260409953,0.09085317221707184,0,DATA
2200,88.0,0.6793621100951064,0.13678993904107892,0.8472325975402791,0.16132916025724514,0.3156404037309368,0.5910563828294063,0.4722560083061002,0.8727801606753812,0.23298210198310795,0.5710007452385741,0.44187402313937657,0.3343876949597478,0.6025143536873678,0.24753014917392135,0.46478200885053156,0.5249777485693553,0.33287452667365725,0.020661833078514255,0.42691245613545825,0.46089109292326114,0.4328449917901156,0.008697944682270179,0,0,DATA
2220,88.8,0.677393928324535,0.1429189813329648,0.8487134221999757,0.1665094890537762,0.3156404037309368,0.5910563828294063,0.4722560083061002,0.8727801606753812,0.23298210198310795,0.5710007452385741,0.44187402313937657,0.3343876949597478,0.5964585231600685,0.2507822602504503,0.4628452513454725,0.5263796082947405,0.3360338976556555,0.02125221917001178,0.4292666016300377,0.46391135376346326,0.43497380188107176,0.0037482330362957708,0,0,DATA
2240,89.6,0.6756191278594771,0.17155349368253206,0.8501315303200452,0.1656865272215306,0.3156404037309368,0.5910563828294063,0.4722560083061002,0.8727801606753812,0.23298210198310795,0.5710007452385741,0.44187402313937657,0.3343876949597478,0.5886285264084696,0.25977555703128785,0.46189151599629263,0.5257979582801212,0.3460066681640027,0.022441493276794518,0.4406490681008669,0.4753533348630749,0.43928143335056924,0.005925676293872102,0,0,DATA
2260,90.4,0.6743221834674039,0.18668502756751362,0.85092618383441,0.16675397096150252,0.3156404037309368,0.5910563828294063,0.4722560083061002,0.8727801606753812,0.23298210198310795,0.5710007452385741,0.44187402313937657,0.3343876949597478,0.5831019052671438,0.26671037555333393,0.46133303706920337,0.5250938595897611,0.35262290531878415,0.02335011995687059,0.44660122347931785,0.48149169996695945,0.4418336211206948,0.004339972863487067,0,0,DATA
2280,91.2,0.6493732128267974,0.260787447648794,0.8536239273795384,0.16759286441903257,0.3156404037309368,0.5910563828294063,0.4722560083061002,0.8727801606753812,0.23298210198310795,0.5710007452385741,0.44187402313937657,0.3343876949597478,0.5658824107076772,0.2895394987327063,0.45592620955654917,0.5222890452798082,0.37653813375188055,0.0263957797308975,0.47179194609273434,0.5070360862806419,0.4512963016466143,0.015151815083831047,0.2491156073506387,0,DATA
2300,92.0,0.624042422123764,0.26194763728554615,0.856199182435269,0.17921619312993162,0.3156404037309368,0.5910563828294063,0.4722560083061002,0.8727801606753812,0.23298210198310795,0.5710007452385741,0.44187402313937657,0.3343876949597478,0.5604729225161192,0.29671308878480857,0.4489846952551159,0.5214069943495361,0.3797754186239032,0.02738682172060845,0.4677049148179747,0.5043689133825452,0.45190573052793626,0.0065081975150311595,0,0,DATA
2320,92.8,0.5987074089785487,0.24196754035572135,0.8563215358809283,0.17272280182336397,0.3156404037309368,0.5910563828294063,0.4722560083061002,0.8727801606753812,0.23298210198310795,0.5710007452385741,0.44187402313937657,0.3343876949597478,0.5630458964139151,0.2932707386600883,0.44158188820419075,0.5218416824629982,0.37224133874989823,0.02691062907104205,0.4546703441061335,0.49069723888461314,0.44510712477404224,0.0044727103578137695,0,0,DATA
2340,93.6,0.5733497452132562,0.23811219696668176,0.8580086136712617,0.16222052257578382,0.3156404037309368,0.5910563828294063,0.4722560083061002,0.8727801606753812,0.23298210198310795,0.5710007452385741,0.44187402313937657,0.3343876949597478,0.5646274106949521,0.2911585374737411,0.43403593669820173,0.5221070259156533,0.36811090815955705,0.026620113735224823,0.44839408955552584,0.48353946418828087,0.44031437048722444,0.003746555657791084,0,0,DATA
2360,94.4,0.5484257491725322,0.21251891256396938,0.8592263693936862,0.16685971060937982,0.3156404037309368,0.5910563828294063,0.4722560083061002,0.8727801606753812,0.23298210198310795,0.5710007452385741,0.44187402313937657,0.3343876949597478,0.5704764547038329,0.2833587574850775,0.42653811207785297,0.5230823939055447,0.35767389318670173,0.025558944202198532,0.43341552773078107,0.46914659673913806,0.43521525476007045,0.007048882872631039,0,0,DATA
2380,95.2,0.5243790064102565,0.1976796319787145,0.859962778308465,0.17143129383159758,0.3156404037309368,0.5910563828294063,0.4722560083061002,0.8727801606753812,0.23298210198310795,0.5710007452385741,0.44187402313937657,0.3343876949597478,0.5753474168294006,0.27686382492460704,0.41923894871167044,0.5238943791229962,0.3497501417344588,0.024689897072552657,0.4228177487271797,0.4590796169492364,0.4316831072691929,0.006221686017406895,0.16070030154471424,0,DATA
2400,96.0,0.5003408067286744,0.19302963828167724,0.8608255174698533,0.17621912084130134,0.38587073631535945,0.18265731328833254,0.393555198120915,0.6974509803921569,0.23298210198310795,0.5710007452385741,0.44187402313937657,0.3343876949597478,0.46343346467194807,0.2883617167640242,0.38996495091683164,0.5375358739539619,0.35427686365181127,0.03249230192991751,0.416322659144326,0.4531495839834918,0.42975503843876695,0.05089528059723617,0,0,DATA
2420,96.8,0.47493859456175636,0.1795305489769778,0.8627561016658146,0.18075311075216358,0.38587073631535945,0.18265731328833254,0.393555198120915,0.6974509803921569,0.23298210198310795,0.5710007452385741,0.44187402313937657,0.3343876949597478,0.4326940877786992,0.2880313393105336,0.3758482870233272,0.5223313742340827,0.3502996356175614,0.03431439515613591,0.4062286978282549,0.44370208007810313,0.426579397857533,0.015062139413414647,0,0,DATA
2440,97.6,0.448816996082621,0.15894903248529785,0.8655996023942437,0.1850969537498418,0.38587073631535945,0.18265731328833254,0.393555198120915,0.6974509803921569,0.23298210198310795,0.5710007452385741,0.44187402313937657,0.3343876949597478,0.4277943931739774,0.28216940145681596,0.36612775217465743,0.5228124958585807,0.34191467619564986,0.03390637185354992,0.3933404716814417,0.4315325883039006,0.42245965431751037,0.006827389102369741,0,0,DATA
2460,98.4,0.4262287306749623,0.13909905670558673,0.8649598900685991,0.18955099814417647,0.38587073631535945,0.18265731328833254,0.393555198120915,0.6974509803921569,0.23298210198310795,0.5710007452385741,0.44187402313937657,0.3343876949597478,0.43049297970630007,0.2748528268823816,0.35846805598444814,0.5278200764119592,0.3326430703903188,0.03287142903598791,0.3807548858228965,0.41932843565222455,0.41795421220724366,0.005891619098988776,0,0,DATA
2480,99.2,0.40356845462543994,0.1309069095243092,0.8654525758361102,0.1940874543092634,0.38587073631535945,0.18265731328833254,0.393555198120915,0.6974509803921569,0.23298210198310795,0.5710007452385741,0.44187402313937657,0.3343876949597478,0.4330229065740652,0.2703640532992936,0.35141148915698567,0.5313294266373857,0.3270668211462046,0.03219094727236248,0.37304450889398333,0.4121209729165711,0.41548982519999494,0.00469175575943855,0.039272072857292756,0,DATA
2500,100.0,0.38073846258588906,0.10074488780026564,0.8661315174429753,0.19644573350231911,0.38587073631535945,0.18265731328833254,0.393555198120915,0.6974509803921569,0.23298210198310795,0.5710007452385741,0.44187402313937657,0.3343876949597478,0.4401159091964439,0.26057205514163495,0.3445002207804413,0.5397719270274044,0.3147151035731444,0.030636931118175552,0.35654949011782877,0.3959296762204086,0.40932391397776074,0.007932089718860558,0,0,DATA
2520,100.8,0.35753794306184017,0.08451103464890232,0.8674131065330132,0.1988824809587422,0.38587073631535945,0.18265731328833254,0.393555198120915,0.6974509803921569,0.23298210198310795,0.5710007452385741,0.44187402313937657,0.3343876949597478,0.4456529191449438,0.25308897681195563,0.3375547311674277,0.546281971166494,0.3060230590982562,0.029462818453383124,0.3456721627704812,0.38542418252770716,0.4053765308164454,0.006655192630397618,0,0,DATA
2540,101.6,0.35734858780584894,0.007826280218283894,0.8673423252590708,0.19442937147057188,0.38587073631535945,0.18265731328833254,0.393555198120915,0.6974509803921569,0.23298210198310795,0.5710007452385741,0.44187402313937657,0.3343876949597478,0.46341782055992364,0.2293723220724787,0.3354313196797654,0.5670227492437225,0.27932173899279195,0.025846191100985166,0.31494623369224706,0.35424586437326183,0.3929465649101339,0.014534989214039673,0,0,DATA
2560,102.4,0.3573426305618401,0.027878373634433386,0.8673894359814192,0.1959960085881597,0.38587073631535945,0.18265731328833254,0.393555198120915,0.6974509803921569,0.23298210198310795,0.5710007452385741,0.44187402313937657,0.3343876949597478,0.4645363513670262,0.22787191180715746,0.3347930452122249,0.5683322197799343,0.2816976699720477,0.025623596316618667,0.32297530175437483,0.3624363072193831,0.39627888830226005,0.0010857385133214343,0,0,DATA
2580,103.2,0.35736649226998485,0.02843337104417063,0.8674194271455742,0.20462524152489492,0.38587073631535945,0.18265731328833254,0.393555198120915,0.6974509803921569,0.23298210198310795,0.5710007452385741,0.44187402313937657,0.3343876949597478,0.4647553611531121,0.2275771880022875,0.33460657383067316,0.5685890865754123,0.2819603124685033,0.02557998865843568,0.32320807129272966,0.36353499916782694,0.39809786846292095,0.0002334016575025466,0.00853001131325119,0,DATA
2600,104.0,0.3573433506682587,0.0288961210433849,0.867630767050458,0.20965218339003494,0.3911072389025054,0.1797863504198226,0.3955650871459695,0.6906804874727668,0.23298210198310795,0.5710007452385741,0.44187402313937657,0.3343876949597478,0.4639200169859201,0.22871800640390716,0.33510854160686043,0.5676010052910064,0.28294343064440297,0.02574834044748436,0.32343081095304693,0.36428156700514663,0.39922319015187946,0.0008260434483329804,0,0,DATA
2620,104.8,0.35736439741494885,0.029693393856273564,0.8678235218351426,0.20600326148929357,0.3911072389025054,0.1797863504198226,0.3955650871459695,0.6906804874727668,0.23298210198310795,0.5710007452385741,0.44187402313937657,0.3343876949597478,0.4635019864450559,0.2292834883120019,0.3352635517565215,0.567109249066527,0.2832891408771897,0.02583212856427082,0.3237924803844773,0.3642976197249713,0.39866329006450457,0.0003795075328733392,0,0,DATA
2640,105.6,0.3572995878372716,0.030236790436820756,0.8681720940825838,0.2006034507177789,0.3911072389025054,0.1797863504198226,0.3955650871459695,0.6906804874727668,0.23298210198310795,0.5710007452385741,0.44187402313937657,0.3343876949597478,0.4632624640008817,0.22960528392698354,0.3352964447901076,0.5668285900369491,0.28338981317168443,0.02587993261294289,0.324066591550649,0.36406660703873567,0.39774549950137633,0.00019807036424731214,0,0,DATA
2660,106.4,0.35726279694570134,0.03086035590592838,0.8682615479114748,0.19119750472251107,0.3911072389025054,0.1797863504198226,0.3955650871459695,0.6906804874727668,0.23298210198310795,0.5710007452385741,0.44187402313937657,0.3343876949597478,0.4630596585191169,0.22987642094282815,0.3352985866129537,0.5665916187881443,0.28328381920457896,0.025920284031483526,0.3243265503257562,0.36339491659720513,0.3959765294907547,0.00015869477348517033,0,0,DATA
2680,107.2,0.35736695051952405,0.036347277809539,0.8685313498447393,0.1911865067200587,0.3911072389025054,0.1797863504198226,0.3955650871459695,0.6906804874727668,0.23298210198310795,0.5710007452385741,0.44187402313937657,0.3343876949597478,0.4618465632748292,0.23149410018059252,0.3353211014103103,0.5651762315471183,0.28517260284961476,0.026161662574695235,0.3265961101886179,0.36569035685314805,0.3968752340165042,0.0009510964264695573,0.0109041833428617,0,DATA
2700,108.0,0.3576262542944528,0.041648022412311324,0.8690514122678686,0.19114525407809838,0.3911072389025054,0.1797863504198226,0.3955650871459695,0.6906804874727668,0.23298210198310795,0.5710007452385741,0.44187402313937657,0.3343876949597478,0.4603694783349607,0.23346361244069808,0.3353823096422523,0.5634529329471313,0.287283931029213,0.026456659103947473,0.32887228126933843,0.3680144089119855,0.39781804116180314,0.0011692684773053446,0,0,DATA
2720,108.8,0.35787878252262445,0.04490838132884094,0.8693216458135071,0.18876199707754937,0.3911072389025054,0.1797863504198226,0.3955650871459695,0.6906804874727668,0.23298210198310795,0.5710007452385741,0.44187402313937657,0.3343876949597478,0.4592416774805289,0.23496736661535805,0.335453703039751,0.5621371554325854,0.28866514096436213,0.026682717393725106,0.33028097719071225,0.36921180248786833,0.3979232548083996,0.0009009828088634894,0,0,DATA
2740,109.6,0.3583035798453996,0.05064297955209577,0.8695972146118126,0.18203254970199015,0.3911072389025054,0.1797863504198226,0.3955650871459695,0.6906804874727668,0.23298210198310795,0.5710007452385741,0.44187402313937657,0.3343876949597478,0.45769907159731593,0.2370241803702674,0.33556432849678336,0.5603374456135242,0.2906146390796248,0.026993070944423058,0.33271488970423035,0.371000327143661,0.3975489269986298,0.0012366816983849043,0,0,DATA
2760,110.4,0.358814920866851,0.05285365458538151,0.869933798953282,0.1814983778631352,0.3911072389025054,0.1797863504198226,0.3955650871459695,0.6906804874727668,0.23298210198310795,0.5710007452385741,0.44187402313937657,0.3343876949597478,0.456772048075362,0.2382602135060602,0.33570489774839785,0.5592559172846507,0.2917698974955645,0.02718021763968505,0.33376874479012886,0.37203442347982096,0.39790897407336423,0.0007678753031204096,0,0,DATA
2780,111.2,0.3848158687887548,0.12928444057499103,0.866524819185754,0.18297928621693643,0.3911072389025054,0.1797863504198226,0.3955650871459695,0.6906804874727668,0.23298210198310795,0.5710007452385741,0.44187402313937657,0.3343876949597478,0.4404434759609578,0.26003164352388874,0.341207267587482,0.5402059162185344,0.3187919158604001,0.030555504543981163,0.36885945281684773,0.4069323243651672,0.41141762349287425,0.014534123990438963,0.10410674793316688,0,DATA
2800,112.0,0.4106387540325959,0.13051837565543348,0.8632207932663694,0.20681414869916528,0.3290694359340959,0.6293289194681753,0.49893067470043573,0.8726334422657952,0.23298210198310795,0.5710007452385741,0.44187402313937657,0.3343876949597478,0.5611576972932824,0.25388063572839514,0.3772231489556644,0.5424808334891612,0.31792148300444506,0.023396848187095802,0.37385679871391597,0.4139827539185199,0.41812596829592436,0.054293703498666857,0,0,DATA
2820,112.8,0.43656693847410755,0.11050752469780586,0.8597096089331397,0.20756998699778714,0.3290694359340959,0.6293289194681753,0.49893067470043573,0.8726334422657952,0.23298210198310795,0.5710007452385741,0.44187402313937657,0.3343876949597478,0.6015742423940816,0.24643229512161133,0.3934728320988365,0.5259967312421534,0.3119338886544326,0.020618844515302583,0.37033585835252136,0.41018627895366444,0.41699053067284836,0.021371522950251732,0,0,DATA
2840,113.6,0.4623381724484665,0.11167678937538218,0.8565999384642444,0.2019201703765985,0.3290694359340959,0.6293289194681753,0.49893067470043573,0.8726334422657952,0.23298210198310795,0.5710007452385741,0.44187402313937657,0.3343876949597478,0.6134536603420304,0.24452518704929754,0.4037596961764036,0.521010576304336,0.3124392517562903,0.019849266361698124,0.37533587692464465,0.4143103488167793,0.41783566283045914,0.00802446336594323,0,0,DATA
2860,114.4,0.48920819062133397,0.11777240858389372,0.8524134836685945,0.19742093354341475,0.3290694359340959,0.6293289194681753,0.49893067470043573,0.8726334422657952,0.23298210198310795,0.5710007452385741,0.44187402313937657,0.3343876949597478,0.6157374056926275,0.24565982800598668,0.4124884592159759,0.5193013831506929,0.3155625928086896,0.019823555393603504,0.3823108372834928,0.42041674001274404,0.41949054646347333,0.0040490497822861515,0,0,DATA
2880,115.2,0.5162725720630131,0.12444925121846609,0.8474793366955438,0.18902800252169027,0.3290694359340959,0.6293289194681753,0.49893067470043573,0.8726334422657952,0.23298210198310795,0.5710007452385741,0.44187402313937657,0.3343876949597478,0.6150203923445465,0.24786973623067365,0.42079060823060016,0.5185549357123899,0.3191941682027327,0.02003920669878655,0.38940762123104744,0.4261808161608212,0.4202863880552196,0.0037430235291307326,0.1475695237964841,0,DATA
2900,116.0,0.5422199047888385,0.13411794561747314,0.8432381612897891,0.18142804313541344,0.3290694359340959,0.6293289194681753,0.49893067470043573,0.8726334422657952,0.23298210198310795,0.5710007452385741,0.44187402313937657,0.3343876949597478,0.6127748625163307,0.25123994312980175,0.42873019280741076,0.5179925971769337,0.3240261306399751,0.02043014851916361,0.3976163304546644,0.4332054119052351,0.4217511397589591,0.004518440434718163,0,0,DATA
2920,116.8,0.5710311334736886,0.1482063834058651,0.8356262822713934,0.17342722811225483,0.3290694359340959,0.6293289194681753,0.49893067470043573,0.8726334422657952,0.23298210198310795,0.5710007452385741,0.44187402313937657,0.3343876949597478,0.6091426316323036,0.2561957677802899,0.4371624262042725,0.5173308002937032,0.33032521568806483,0.021028560752124566,0.40749157550331205,0.4415193875497273,0.42324239553647225,0.005673429643792323,0,0,DATA
2940,117.6,0.6050345912937825,0.16317853589055678,0.820506823392628,0.1661168377655265,0.3290694359340959,0.6293289194681753,0.49893067470043573,0.8726334422657952,0.23298210198310795,0.5710007452385741,0.44187402313937657,0.3343876949597478,0.6049088103453103,0.26187471787115,0.44683282236555066,0.5166082358917699,0.33674165608641815,0.021727522703081766,0.4172572362854544,0.44904206340932024,0.4236466214021484,0.0065277225130438805,0,0,DATA
2960,118.4,0.6395968516947377,0.1664730469648416,0.804437123582267,0.16097437604026765,0.3290694359340959,0.6293289194681753,0.49893067470043573,0.8726334422657952,0.23298210198310795,0.5710007452385741,0.44187402313937657,0.3343876949597478,0.6029468166336125,0.2645008659992078,0.45699201589813476,0.5162761586835898,0.3394753851209611,0.022054391278111863,0.42227355283328716,0.451937163803591,0.42255110680574465,0.004915778457446562,0,0,DATA
2980,119.2,0.6719734254545836,0.17331309706875775,0.7921504020038809,0.15848143295517964,0.3290694359340959,0.6293289194681753,0.49893067470043573,0.8726334422657952,0.23298210198310795,0.5710007452385741,0.44187402313937657,0.3343876949597478,0.6009218079982808,0.2672039244667217,0.46683885444747764,0.5159371337674987,0.34320762980607383,0.02239340440510808,0.42902754331114556,0.45721318781510206,0.42324450268570246,0.004858301884062832,0.1281397928872326,0,DATA
3000,120.0,0.702797155186861,0.17387033048200368,0.7811888512171309,0.15453396860468546,0.3523775786356209,0.6774667936710137,0.5428806678921568,0.870500408496732,0.23298210198310795,0.5710007452385741,0.44187402313937657,0.3343876949597478,0.6136758911676943,0.27306557733000497,0.48857188734974066,0.5066292657511503,0.3478063925803156,0.022153281321106576,0.43322287246554947,0.45991761545578147,0.42288058010413077,0.013449589644986604,0,0,DATA
3020,120.8,0.7275648226705212,0.18607949189291098,0.7780670361045392,0.15137515917935174,0.3523775786356209,0.6774667936710137,0.5428806678921568,0.870500408496732,0.23298210198310795,0.5710007452385741,0.44187402313937657,0.3343876949597478,0.6149381922222279,0.27824263838404395,0.5002930073919882,0.503409584696864,0.35434653824665263,0.022499528800773546,0.4424357075041261,0.4685023880405656,0.4257765054009182,0.006053494050273389,0,0,DATA
3040,121.6,0.7208954261458858,0.12288953174752806,0.7868278269852264,0.1458076933747978,0.3523775786356209,0.6774667936710137,0.5428806678921568,0.870500408496732,0.23298210198310795,0.5710007452385741,0.44187402313937657,0.3343876949597478,0.6285867741691183,0.26210256785954844,0.502408770134489,0.5046553289856666,0.3348471468602235,0.020443155647727213,0.41757800231718323,0.44396401536123603,0.41670777628590827,0.010634805071295586,0,0,DATA
3060,122.4,0.7143208545437406,0.15009869112484814,0.786966172585928,0.1499814452769363,0.3523775786356209,0.6774667936710137,0.5428806678921568,0.870500408496732,0.23298210198310795,0.5710007452385741,0.44187402313937657,0.3343876949597478,0.6269674252839483,0.26487911132784947,0.5016628389207888,0.504076731694101,0.3405241242615735,0.020749792746296746,0.42717442086782254,0.4539916436621595,0.4210010298128949,0.0017139411890571,0,0,DATA
3080,123.2,0.70574330693816,0.17908904774921963,0.78849729867985,0.1536464891740964,0.3523775786356209,0.6774667936710137,0.5428806678921568,0.870500408496732,0.23298210198310795,0.5710007452385741,0.44187402313937657,0.3343876949597478,0.6203936457272793,0.2738293742231638,0.49963777455950675,0.5028884900247785,0.3501768721373721,0.0218289477927435,0.4373612792152395,0.4646981190086845,0.425607618848905,0.00584970227108846,0.06442194794437228,0,DATA
3100,124.0,0.6974570751110274,0.18856850793611088,0.7892653221950189,0.15251597777617787,0.3523775786356209,0.6774667936710137,0.5428806678921568,0.870500408496732,0.23298210198310795,0.5710007452385741,0.44187402313937657,0.3343876949597478,0.6164308252210313,0.2791687019440876,0.4972901465674243,0.5022002364174405,0.3542812262195619,0.02248690681205,0.43964942162760323,0.4669500126327733,0.426166818293434,0.0038832587397514087,0,0,DATA
3120,124.8,0.6880140250544664,0.1887811552154927,0.791465189367399,0.1473589596126288,0.3523775786356209,0.6774667936710137,0.5428806678921568,0.870500408496732,0.23298210198310795,0.5710007452385741,0.44187402313937657,0.3343876949597478,0.6151973231404868,0.2808300414985917,0.4946028176579218,0.5019863176804608,0.3546143128465842,0.022693471859357512,0.4382858439625198,0.46529071986857296,0.4247729735400704,0.0018607235148503747,0,0,DATA
3140,125.6,0.6785490117521368,0.1839858841790152,0.7942195049204547,0.1503282615214361,0.3523775786356209,0.6774667936710137,0.5428806678921568,0.870500408496732,0.23298210198310795,0.5710007452385741,0.44187402313937657,0.3343876949597478,0.6158342794339837,0.2799857674747292,0.4918089661915819,0.5020899765456435,0.3530325939449629,0.022587796163133268,0.435025595998074,0.4626028336503135,0.42438962082439113,0.0014250272612331139,0,0,DATA
3160,126.4,0.6701437005090498,0.1780249884132399,0.7962176883986138,0.15412899233035157,0.3523775786356209,0.6774667936710137,0.5428806678921568,0.870500408496732,0.23298210198310795,0.5710007452385741,0.44187402313937657,0.3343876949597478,0.6172771544328456,0.27806343445315335,0.48920569539063163,0.5023297055570004,0.3506448371597821,0.022348458065238216,0.4313598121387783,0.45951694121972525,0.42391464736653905,0.0019894929404626525,0,0,DATA
3180,127.2,0.6590538980015082,0.16969205894687084,0.8017429624876422,0.1580601565753749,0.3523775786356209,0.6774667936710137,0.5428806678921568,0.870500408496732,0.23298210198310795,0.5710007452385741,0.44187402313937657,0.3343876949597478,0.6194599321204416,0.27515351429609725,0.4860958556237628,0.5026932767917305,0.34749871161081036,0.021988456771582534,0.426913734668528,0.4560165075828801,0.42372327906709134,0.002734179203840318,0.08971781836174889,0,DATA
3200,128.0,0.6422757785005028,0.1602001456617348,0.8148407450716454,0.16012581307728568,0.3076692282815904,0.5829098558100291,0.4382529956427015,0.8583316312636166,0.23298210198310795,0.5710007452385741,0.44187402313937657,0.3343876949597478,0.5956321246155234,0.2622340489547959,0.4523437503686435,0.5210669132148403,0.3385404368904842,0.022268195298157125,0.42238090197107314,0.4530000187940167,0.4243092570706033,0.023499792700446276,0,0,DATA
3220,128.8,0.6248068805513659,0.15621525806157077,0.8285802380960221,0.1618041007996485,0.3076692282815904,0.5829098558100291,0.4382529956427015,0.8583316312636166,0.23298210198310795,0.5710007452385741,0.44187402313937657,0.3343876949597478,0.5893206087600823,0.2572424408243596,0.4385496502227889,0.5267184752077789,0.33522624883208496,0.022185275489751893,0.4200410659460555,0.452201960843673,0.4257351649362318,0.008365741377243996,0,0,DATA
3240,129.6,0.6093996145466735,0.14981188450886496,0.838867460565355,0.1617206262150422,0.3076692282815904,0.5829098558100291,0.4382529956427015,0.8583316312636166,0.23298210198310795,0.5710007452385741,0.44187402313937657,0.3343876949597478,0.5887718624495182,0.25395201379047105,0.4311758943180472,0.5286380618800054,0.3322259992758792,0.021930764868232432,0.4164557078179013,0.4496369775039914,0.42578904300326864,0.00373764308306479,0,0,DATA
3260,130.4,0.5954949160486845,0.1465550614532622,0.8475778608773097,0.16540269025922602,0.3076692282815904,0.5829098558100291,0.4382529956427015,0.8583316312636166,0.23298210198310795,0.5710007452385741,0.44187402313937657,0.3343876949597478,0.5892911713980256,0.25205297522473574,0.426043780862047,0.5293279266886193,0.33064563916690437,0.021739280262040677,0.4141141189584533,0.4485346350801573,0.4268240625819547,0.0025168203234143074,0,0,DATA
3280,131.2,0.5709341154998324,0.20873687261255497,0.8460040209967056,0.17300626473594058,0.3076692282815904,0.5829098558100291,0.4382529956427015,0.8583316312636166,0.23298210198310795,0.5710007452385741,0.44187402313937657,0.3343876949597478,0.5763887837391264,0.26889417077961714,0.4193463787099879,0.5273585227406282,0.348849864434808,0.023920383213176657,0.4337599153362792,0.4687834049175942,0.43482250912615533,0.012146995121946539,0.06262106178376649,0,DATA
3300,132.0,0.5522141963088654,0.19594807720657206,0.8362563159905013,0.18376788094200266,0.3076692282815904,0.5829098558100291,0.4382529956427015,0.8583316312636166,0.23298210198310795,0.5710007452385741,0.44187402313937657,0.3343876949597478,0.5752037144767129,0.2703656667324063,0.4134059750342672,0.5272153093954404,0.3454497012537448,0.02411856950180016,0.4229508723344517,0.45807575303575254,0.43074759488582254,0.002865656296974458,0,0,DATA
3320,132.8,0.5335774494092509,0.16821749531793984,0.8421792232405957,0.1726158050823672,0.3076692282815904,0.5829098558100291,0.4382529956427015,0.8583316312636166,0.23298210198310795,0.5710007452385741,0.44187402313937657,0.3343876949597478,0.5806716158946017,0.26304255258942605,0.40771013708263193,0.5281429157579861,0.3353926657494323,0.02316325379093949,0.4093158716490949,0.4439178354894415,0.42397464455316275,0.006162284504168096,0,0,DATA
3340,133.6,0.5171618707579185,0.13768584910080814,0.842403280537141,0.16471956622426567,0.3076692282815904,0.5829098558100291,0.4382529956427015,0.8583316312636166,0.23298210198310795,0.5710007452385741,0.44187402313937657,0.3343876949597478,0.5887236320255659,0.2522967574057351,0.4025541141803615,0.5294898052843495,0.3224579162736314,0.021790375747887104,0.3938649088912848,0.4276996545754758,0.4162301063079758,0.007984611405641847,0,0,DATA
3360,134.4,0.5005950370265627,0.12696397621700048,0.8429941962725304,0.16571415437392495,0.3076692282815904,0.5829098558100291,0.4382529956427015,0.8583316312636166,0.23298210198310795,0.5710007452385741,0.44187402313937657,0.3343876949597478,0.5933908301704548,0.24607089444316166,0.39752827222609577,0.5302691376931916,0.31579224555040275,0.021011483242836998,0.38638097613856837,0.42037427221126433,0.4133117885660483,0.005306301020576036,0,0,DATA
3380,135.2,0.4839229040975364,0.12086619376709742,0.8431100741704232,0.16757619096122237,0.3076692282815904,0.5829098558100291,0.4382529956427015,0.8583316312636166,0.23298210198310795,0.5710007452385741,0.44187402313937657,0.3343876949597478,0.5960715239284011,0.24249575646841678,0.3925193717247204,0.530716359801591,0.3114261337504882,0.020569697686464602,0.3806306121523805,0.41482169967359545,0.4111312846975928,0.003754910744688857,0.036259858130129226,0,DATA
3400,136.0,0.46653681838654254,0.11950399847836962,0.8430759694400815,0.16938237554285168,0.3879473039215686,0.18463847997718658,0.3954960682189542,0.6956811683006536,0.23298210198310795,0.5710007452385741,0.44187402313937657,0.3343876949597478,0.485645807833222,0.25790019627954497,0.3753936838963499,0.5638728057768385,0.31912811434971333,0.027856929894573952,0.37660169594862225,0.41096999145496593,0.4095410575669247,0.04765194791155927,0,0,DATA
3420,136.8,0.44901080290556394,0.11630841381009097,0.8429253330784051,0.1708957952160272,0.3879473039215686,0.18463847997718658,0.3954960682189542,0.6956811683006536,0.23298210198310795,0.5710007452385741,0.44187402313937657,0.3343876949597478,0.4531891657850068,0.2616267645157654,0.36657551429683327,0.5457812006346205,0.3194931409295686,0.030042673365145402,0.3717881317127798,0.40629270555027347,0.40757414316280105,0.015000459961317417,0,0,DATA
3440,137.6,0.43129719970253055,0.10978852648200722,0.8425914807295781,0.17261422771382146,0.3879473039215686,0.18463847997718658,0.3954960682189542,0.6956811683006536,0.23298210198310795,0.5710007452385741,0.44187402313937657,0.3343876949597478,0.4448213495094398,0.2609191665347681,0.36021020674434123,0.5419510914873358,0.3166369869302867,0.0304199176604178,0.36557068567117423,0.4002137175235646,0.40508502315563727,0.005146907269685437,0,0,DATA
3460,138.4,0.4141873402673035,0.10023391958321505,0.8421734999941669,0.17446350386589288,0.3879473039215686,0.18463847997718658,0.3954960682189542,0.6956811683006536,0.23298210198310795,0.5710007452385741,0.44187402313937657,0.3343876949597478,0.44431747207551603,0.2580315972088071,0.35470754399719595,0.5431429374333544,0.3120307328339187,0.030110566546490247,0.3582432748775297,0.39302943627158604,0.4022062062238572,0.0029647031690100225,0,0,DATA
3480,139.2,0.39706913414404227,0.09621236943199643,0.8418056016970454,0.17515910792478276,0.3879473039215686,0.18463847997718658,0.3954960682189542,0.6956811683006536,0.23298210198310795,0.5710007452385741,0.44187402313937657,0.3343876949597478,0.44501083437709477,0.25603929236867756,0.3494619218871675,0.5444857710042086,0.3088061217824861,0.029840796980058,0.3531374339329657,0.38795636590319893,0.39993829932634595,0.0026437630839122317,0.02886371082959893,0,DATA
3500,140.0,0.3801961897205463,0.09338037816569772,0.8413558018635079,0.1744023901525793,0.3879473039215686,0.18463847997718658,0.3954960682189542,0.6956811683006536,0.23298210198310795,0.5710007452385741,0.44187402313937657,0.3343876949597478,0.4458135612334912,0.25464864336207504,0.34434491692522484,0.545582458935708,0.3060845335311245,0.029635793208325732,0.3485400885750395,0.3832383687846987,0.39756241268122644,0.0024367936083138733,0,0,DATA
3520,140.8,0.36325025269188865,0.09069674878498406,0.8408084779520711,0.17663302958603813,0.3879473039215686,0.18463847997718658,0.3954960682189542,0.6956811683006536,0.23298210198310795,0.5710007452385741,0.44187402313937657,0.3343876949597478,0.44661794146035994,0.2534800324334945,0.33925116866062394,0.5465689545134327,0.3036218580187353,0.0294569734508158,0.3439679846347352,0.37883459639659656,0.39577457148008627,0.002355579806683402,0,0,DATA
3540,141.6,0.36300580929487175,0.01533820125272331,0.8427706570905357,0.17356176772228482,0.3879473039215686,0.18463847997718658,0.3954960682189542,0.6956811683006536,0.23298210198310795,0.5710007452385741,0.44187402313937657,0.3343876949597478,0.46268455051019536,0.2320290558458873,0.3376717110678701,0.565327747332154,0.27878696001131353,0.026181287251670862,0.31416811277012036,0.34892381625945285,0.3843226374224109,0.013032347743398823,0,0,DATA
3560,142.4,0.3628857151835093,0.04641629007545363,0.8448327627421446,0.17527656453937415,0.3879473039215686,0.18463847997718658,0.3954960682189542,0.6956811683006536,0.23298210198310795,0.5710007452385741,0.44187402313937657,0.3343876949597478,0.4609781345723726,0.23429562773996965,0.33717265402665786,0.5633412534162014,0.2854258343813674,0.02652099792844644,0.3269877506072618,0.3621211443434641,0.3898308271110043,0.0014906816243724548,0,0,DATA
3580,143.2,0.3626122711370873,0.0477533694155231,0.8397672191620507,0.18707273817836495,0.3879473039215686,0.18463847997718658,0.3954960682189542,0.6956811683006536,0.23298210198310795,0.5710007452385741,0.44187402313937657,0.3343876949597478,0.46018542312961114,0.2353499815234138,0.3369655136645455,0.5624177208030986,0.2861144855380796,0.026679523645428242,0.3264547848179864,0.36226124156007844,0.3910968934401472,0.0006847351961059752,0.01432601082465693,0,DATA
3600,144.0,0.3622025960491034,0.051319013584006395,0.8440523686740533,0.1968797477824076,0.3883239719498911,0.18788965080872766,0.39706427015250545,0.6963330610021786,0.23298210198310795,0.5710007452385741,0.44187402313937657,0.3343876949597478,0.46010915225423277,0.23674376831157007,0.3372564363288295,0.5616826919713314,0.288394984996494,0.026841316692174825,0.3286561373701835,0.36587181002388,0.39462346185543046,0.0005869934426062096,0,0,DATA
3620,144.8,0.3619750424208145,0.052133075051711913,0.8442059347091397,0.19026788928585206,0.3883239719498911,0.18788965080872766,0.39706427015250545,0.6963330610021786,0.23298210198310795,0.5710007452385741,0.44187402313937657,0.3343876949597478,0.4599153180834011,0.23738984155897452,0.33729592686617405,0.5612627382622132,0.2886486280738546,0.02692422958440822,0.32896696443862516,0.3655368078461748,0.3934388355222179,0.0002931326518602247,0,0,DATA
3640,145.6,0.36218331683634997,0.05231799859854837,0.8444968273486212,0.18740921515656708,0.3883239719498911,0.18788965080872766,0.39706427015250545,0.6963330610021786,0.23298210198310795,0.5710007452385741,0.44187402313937657,0.3343876949597478,0.45981833388731597,0.23763544212631005,0.33735151165463995,0.561091445880503,0.288762798286559,0.026956924901595035,0.32914076726836317,0.3654538325269324,0.3929883898298103,0.00013272318396218008,0,0,DATA
3660,146.4,0.36266307137171105,0.052340860960264995,0.8450575609588099,0.18560254149670274,0.3883239719498911,0.18788965080872766,0.39706427015250545,0.6963330610021786,0.23298210198310795,0.5710007452385741,0.44187402313937657,0.3343876949597478,0.4597844375325299,0.23771552375779134,0.3374689355436055,0.5610344568873693,0.2888479066929794,0.02696770132855354,0.3293580098421598,0.3655464810957615,0.39281864330817823,7.713395841097796e-05,0,0,DATA
3680,147.2,0.3632423642533936,0.05342545410262783,0.8458010227607402,0.1831167230498254,0.3883239719498911,0.18788965080872766,0.39706427015250545,0.6963330610021786,0.23298210198310795,0.5710007452385741,0.44187402313937657,0.3343876949597478,0.4595465040661979,0.23804323432709731,0.3376258142154485,0.5607516348695503,0.2892541940462322,0.027016772616848487,0.33005639803582754,0.36607063362493447,0.392727963328808,0.0002408409024936553,0.016027636230788348,0,DATA
3700,148.0,0.36372974537037034,0.05561558295618954,0.8464273118890259,0.18017431149514562,0.3883239719498911,0.18788965080872766,0.39706427015250545,0.6963330610021786,0.23298210198310795,0.5710007452385741,0.44187402313937657,0.3343876949597478,0.4590151969670503,0.2387547835768864,0.33777522785156655,0.560130206695082,0.29002799293524073,0.027124169008968448,0.3311551836263046,0.3669378069727722,0.3926733107396754,0.0004640899950182446,0,0,DATA
3720,148.8,0.3638763197586727,0.05733418514819067,0.8467207034191087,0.17830492434673734,0.3883239719498911,0.18788965080872766,0.39706427015250545,0.6963330610021786,0.23298210198310795,0.5710007452385741,0.44187402313937657,0.3343876949597478,0.4584948983769858,0.23944945696558345,0.3378508325639454,0.5595227207057012,0.2906919307679169,0.027229251530821997,0.3319306176867821,0.3675556414714171,0.39264522896014487,0.0004301922303801183,0,0,DATA
3740,149.6,0.3637898415242165,0.057984138091068685,0.8469146589545059,0.17781322725359,0.3883239719498911,0.18788965080872766,0.39706427015250545,0.6963330610021786,0.23298210198310795,0.5710007452385741,0.44187402313937657,0.3343876949597478,0.45820231868196204,0.2398398458061984,0.3378553535484232,0.5591812364378819,0.29102684506491167,0.02728838119254955,0.3322120943241216,0.36780734395298154,0.3926842235433508,0.00022916317337219141,0,0,DATA
3760,150.4,0.36387569784858387,0.060990403845773006,0.847343971081046,0.17793484516334926,0.3883239719498911,0.18788965080872766,0.39706427015250545,0.6963330610021786,0.23298210198310795,0.5710007452385741,0.44187402313937657,0.3343876949597478,0.45748322896496707,0.2407987168697001,0.33787473967188375,0.5583422560476334,0.29214642090128995,0.027433841892561053,0.33351763431618475,0.3691679769486747,0.39327540065258,0.0005657823013190677,0,0,DATA
3780,151.2,0.3862823327781968,0.13701878127580483,0.8468335521173841,0.18115219066838906,0.3883239719498911,0.18788965080872766,0.39706427015250545,0.6963330610021786,0.23298210198310795,0.5710007452385741,0.44187402313937657,0.3343876949597478,0.4413015427895619,0.26237432386915954,0.3425859488441406,0.5394636094602011,0.3191162998287019,0.03078350729103956,0.36830822848138767,0.4042292637680154,0.40743618512013857,0.014156167449040488,0.08406830999068837,0,DATA
3800,152.0,0.4067783289865092,0.1447428391147524,0.8468217674880982,0.201876379960986,0.3179647926879085,0.5873962193390617,0.4651805044934641,0.8634007352941176,0.23298210198310795,0.5710007452385741,0.44187402313937657,0.3343876949597478,0.5466868239792548,0.25623431451888634,0.3673760164150317,0.5485394307509294,0.3191353765856242,0.02439242209321153,0.375494693932772,0.41348696968573095,0.41478628511800986,0.04543845270361907,0,0,DATA
3820,152.8,0.42843906459485503,0.11619157098290527,0.8460486403201176,0.20487815655913358,0.3179647926879085,0.5873962193390617,0.4651805044934641,0.8634007352941176,0.23298210198310795,0.5710007452385741,0.44187402313937657,0.3343876949597478,0.5842981746438507,0.24639795663688718,0.37936179116405166,0.534651934359631,0.31042551360776505,0.021509896870975653,0.3682517083681063,0.40646684906408176,0.4130767419867018,0.019811161098538328,0,0,DATA
3840,153.6,0.45143680869783803,0.12076165552334527,0.845062003346613,0.19761294127586046,0.3179647926879085,0.5873962193390617,0.4651805044934641,0.8634007352941176,0.23298210198310795,0.5710007452385741,0.44187402313937657,0.3343876949597478,0.5946218620897371,0.2447266729436106,0.3877870498503841,0.5303257324833262,0.3115847713983566,0.020833437024719504,0.37448196361017794,0.41187191908047566,0.41436232677803525,0.006806743275165135,0,0,DATA
3860,154.4,0.4746332367081448,0.11830746287991643,0.8391413393184551,0.19430081002425265,0.3179647926879085,0.5873962193390617,0.4651805044934641,0.8634007352941176,0.23298210198310795,0.5710007452385741,0.44187402313937657,0.3343876949597478,0.5982343487786229,0.2435381138954676,0.39518587733844823,0.5291137686629548,0.3114917144539035,0.020547502274552074,0.37695543934923614,0.41342211529155737,0.4141712484251906,0.004066624408364324,0,0,DATA
3880,155.2,0.4976824356879504,0.1187850104703641,0.841506201969859,0.1898883953011835,0.3179647926879085,0.5873962193390617,0.4651805044934641,0.8634007352941176,0.23298210198310795,0.5710007452385741,0.44187402313937657,0.3343876949597478,0.5992178097912948,0.24331525950635002,0.4022458573706267,0.5287334653511775,0.3133856322825348,0.02047844874939243,0.38222927071165713,0.41849119144681185,0.4162565331799754,0.002755431811322632,0.1355736822028119,0,DATA
3900,156.0,0.5192335841922239,0.12077323716653081,0.8420722213800871,0.1853810012259228,0.3179647926879085,0.5873962193390617,0.4651805044934641,0.8634007352941176,0.23298210198310795,0.5710007452385741,0.44187402313937657,0.3343876949597478,0.5990953204889012,0.24380510666454147,0.4088895925661776,0.5285497864232787,0.31560937529539507,0.02052594771160862,0.38744799497302407,0.4233157782416755,0.4179499080723327,0.0024186905520452995,0,0,DATA
3920,156.8,0.5395473934766214,0.12973501166169368,0.8428403448373698,0.18069470585503739,0.3179647926879085,0.5873962193390617,0.4651805044934641,0.8634007352941176,0.23298210198310795,0.5710007452385741,0.44187402313937657,0.3343876949597478,0.597176601054199,0.24646135767064448,0.4151486130745664,0.5281810206375782,0.3201668375610733,0.020848884379194008,0.3952490913194253,0.43072505739671646,0.42058032696519043,0.003611330316398024,0,0,DATA
3940,157.6,0.5600643382352941,0.13220437282006822,0.8434178464604428,0.17516788934425412,0.3179647926879085,0.5873962193390617,0.4651805044934641,0.8634007352941176,0.23298210198310795,0.5710007452385741,0.44187402313937657,0.3343876949597478,0.5960824193805296,0.24794965409682024,0.4213348776264043,0.527983963261325,0.3229444963171499,0.021031757123626652,0.4004557250591243,0.4354367596476444,0.4220414377184255,0.002922914217227679,0,0,DATA
3960,158.4,0.5808924671631472,0.13464030579615294,0.8441590562489616,0.16972980945625984,0.3179647926879085,0.5873962193390617,0.4651805044934641,0.8634007352941176,0.23298210198310795,0.5710007452385741,0.44187402313937657,0.3343876949597478,0.5952426189534511,0.2490782042579767,0.4275646640668048,0.5278395883942861,0.32554904798334805,0.02117141074255956,0.4057439659928326,0.44025531357140507,0.42358732702715435,0.0027327123428785016,0,0,DATA
3980,159.2,0.6052613920835428,0.1404685170677851,0.8421937564510802,0.16571945732380952,0.3179647926879085,0.5873962193390617,0.4651805044934641,0.8634007352941176,0.23298210198310795,0.5710007452385741,0.44187402313937657,0.3343876949597478,0.5937667544582848,0.2510486684623806,0.434551074232208,0.5275922885396673,0.3292171042420394,0.02141670622946377,0.4125559755259882,0.4464697579115276,0.4256050558339784,0.003477579621657817,0.05775371733671443,0,DATA
4000,160.0,0.6306527699220713,0.14619631754999507,0.8396424327671781,0.16155796984890192,0.33591767088779956,0.6073258993513173,0.5022432427832243,0.8643263208061002,0.23298210198310795,0.5710007452385741,0.44187402313937657,0.3343876949597478,0.5977014674119023,0.2570136962806977,0.45235675334905284,0.5226424181536999,0.33527126089620096,0.021713208902441213,0.4194151065497975,0.4526576078194559,0.42753323527420567,0.0092351399629265,0,0,DATA
4020,160.8,0.6558363315946036,0.14775618113164068,0.836669258657338,0.15716031903209965,0.33591767088779956,0.6073258993513173,0.5022432427832243,0.8643263208061002,0.23298210198310795,0.5710007452385741,0.44187402313937657,0.3343876949597478,0.598554309945842,0.2592399664290536,0.4629870050353381,0.5211028618125522,0.33833859916622755,0.021854861114672913,0.42448112949499417,0.45698654827198837,0.4286627472878852,0.004569788122860278,0,0,DATA
4040,161.6,0.6603765043677726,0.08147018890355287,0.8332440254179171,0.15155173643525569,0.33591767088779956,0.6073258993513173,0.5022432427832243,0.8643263208061002,0.23298210198310795,0.5710007452385741,0.44187402313937657,0.3343876949597478,0.6127302210739224,0.2413477696496958,0.46712951682358916,0.522961004638191,0.31672536487136804,0.019628006453273315,0.3981897205105087,0.42979175770387634,0.4171958409017649,0.01207020656522976,0,0,DATA
4060,162.4,0.6675272920332662,0.10992465802726735,0.8285661091315364,0.1528126379511795,0.33591767088779956,0.6073258993513173,0.5022432427832243,0.8643263208061002,0.23298210198310795,0.5710007452385741,0.44187402313937657,0.3343876949597478,0.6110075558963664,0.24394736197052852,0.46987393576981806,0.5225225410665525,0.3228989844431727,0.019927672918765436,0.4100660824358171,0.441326418152139,0.4212617912684611,0.002355558814872557,0,0,DATA
4080,163.2,0.6733202535822022,0.11123451733731132,0.8247915251299877,0.15825596267556402,0.33591767088779956,0.6073258993513173,0.5022432427832243,0.8643263208061002,0.23298210198310795,0.5710007452385741,0.44187402313937657,0.3343876949597478,0.6102156858879905,0.24509400027359068,0.47191378337896334,0.5223451569192095,0.3240247647473215,0.020062097325818144,0.41099370166931204,0.4424209114579177,0.42218258526435093,0.0013261186401944403,0.03337035520119339,0,DATA
4100,164.0,0.6780767528699514,0.1071213847578655,0.8211871483816306,0.1485386422947178,0.33591767088779956,0.6073258993513173,0.5022432427832243,0.8643263208061002,0.23298210198310795,0.5710007452385741,0.44187402313937657,0.3343876949597478,0.6108418827271612,0.24428631464226447,0.47352460251213424,0.522435901315287,0.3224413540737977,0.019963860479157824,0.4095788731454122,0.4396739132210975,0.41919670704295053,0.0010149005345559587,0,0,DATA
4120,164.8,0.6819924951818334,0.10997819518033371,0.8182792517876538,0.1357721220121071,0.33591767088779956,0.6073258993513173,0.5022432427832243,0.8643263208061002,0.23298210198310795,0.5710007452385741,0.44187402313937657,0.3343876949597478,0.6104298115901942,0.24484391587115772,0.4748301541375808,0.522363136269324,0.3226866554610974,0.020030616991753524,0.41092316645798055,0.43945076484600704,0.4167365246324926,0.0007584079971022876,0,0,DATA
4140,165.6,0.6864599044746102,0.11188010767592185,0.8107561074700657,0.136244581337967,0.33591767088779956,0.6073258993513173,0.5022432427832243,0.8643263208061002,0.23298210198310795,0.5710007452385741,0.44187402313937657,0.3343876949597478,0.6099067886250304,0.24554373173859034,0.47615997557669787,0.5222747398181896,0.32288436477919713,0.020114837997849154,0.4110727844512535,0.4388953143401072,0.4156822582218835,0.0008508867572378046,0,0,DATA
4160,166.4,0.6919681293991956,0.1124543262894962,0.806611240064552,0.13616269074510304,0.33591767088779956,0.6073258993513173,0.5022432427832243,0.8643263208061002,0.23298210198310795,0.5710007452385741,0.44187402313937657,0.3343876949597478,0.6096292958266308,0.24591445771062098,0.4777156492425959,0.5222281232313741,0.32313867362217796,0.020159538004810535,0.4115751434004976,0.4389749974895135,0.41526661853642693,0.0007346308121094306,0,0,DATA
4180,167.2,0.6992067373156527,0.11208835300253003,0.8017769673083771,0.13604700274760917,0.33591767088779956,0.6073258993513173,0.5022432427832243,0.8643263208061002,0.23298210198310795,0.5710007452385741,0.44187402313937657,0.3343876949597478,0.6096229023773738,0.24592320298187964,0.47970245900482134,0.5222269473203732,0.3230797134416944,0.020160585105806487,0.41190962111776763,0.4388144791314166,0.4147038775464852,0.0006673161609137002,0.03362650590075901,0,DATA
4200,168.0,0.7090516394859225,0.12303464903459095,0.7935084162062768,0.13466885310356563,0.35411926402505445,0.6831651170525708,0.5430594703159042,0.8678567538126362,0.23298210198310795,0.5710007452385741,0.44187402313937657,0.3343876949597478,0.6285572431322148,0.2528131240110578,0.4937944750983959,0.5093148164283636,0.3287053134799389,0.019720176788555158,0.4166034097442258,0.44254359768326046,0.4149875444639875,0.013305425959197925,0,0,DATA
4220,168.8,0.722528562039132,0.14534349525314635,0.7801560003889377,0.13368705223227748,0.35411926402505445,0.6831651170525708,0.5430594703159042,0.8678567538126362,0.23298210198310795,0.5710007452385741,0.44187402313937657,0.3343876949597478,0.6295526876527706,0.2611265772610068,0.5008522336626423,0.5046603675431113,0.33669939269620164,0.02031406413304193,0.4255518495788221,0.450058615848994,0.4161470995234994,0.005455552111583717,0,0,DATA
4240,169.6,0.7303342537602647,0.15576961303658263,0.7755577388848732,0.13677825525562165,0.35411926402505445,0.6831651170525708,0.5430594703159042,0.8678567538126362,0.23298210198310795,0.5710007452385741,0.44187402313937657,0.3343876949597478,0.6276618362744156,0.2665399262153536,0.504608756493354,0.5028991187551153,0.3418118929922962,0.020841027204181274,0.43036378273561027,0.45471984315771014,0.4179602615917808,0.003686907721137833,0,0,DATA
4260,170.4,0.7380758232780292,0.15752009110649143,0.7711538416594158,0.14085579821005023,0.35411926402505445,0.6831651170525708,0.5430594703159042,0.8678567538126362,0.23298210198310795,0.5710007452385741,0.44187402313937657,0.3343876949597478,0.6267269804662283,0.2686540647612321,0.5073614429412983,0.5023094773862697,0.34361441222355216,0.021059075932323774,0.4317315084220352,0.4560549334170322,0.41871152453856497,0.0019338936006700151,0,0,DATA
4280,171.2,0.7128446036534272,0.22751886160675677,0.781605438969148,0.14150283330562424,0.35411926402505445,0.6831651170525708,0.5430594703159042,0.8678567538126362,0.23298210198310795,0.5710007452385741,0.44187402313937657,0.3343876949597478,0.6117467819187165,0.28888796206506995,0.502888692754515,0.49968262800810676,0.36621612939691994,0.023553952996708503,0.45677509215916734,0.48220838039469494,0.4294305244976925,0.013228948679377664,0.1705213957345954,0,DATA
4300,172.0,0.6859973997611865,0.21773923393037833,0.7831101194523177,0.14680903331607478,0.35411926402505445,0.6831651170525708,0.5430594703159042,0.8678567538126362,0.23298210198310795,0.5710007452385741,0.44187402313937657,0.3343876949597478,0.6093064441665024,0.2922198355068354,0.4959089548811094,0.499236860163331,0.3648955463807778,0.023975365390041508,0.4477947364068018,0.47390911269169145,0.42671627007989416,0.004250649689128361,0,0,DATA
4320,172.8,0.6582103260641864,0.18091883906314593,0.7851330591936473,0.1319400172095024,0.35411926402505445,0.6831651170525708,0.5430594703159042,0.8678567538126362,0.23298210198310795,0.5710007452385741,0.44187402313937657,0.3343876949597478,0.6163066257629569,0.2829096869765399,0.4879797480427178,0.5003918436302515,0.35084322031278,0.02279562020407859,0.42791375166877466,0.4527435203171401,0.41594643519412716,0.008079845655047213,0,0,DATA
4340,173.6,0.6306538500816994,0.1781458230562796,0.7870551407972142,0.13119313632871388,0.35411926402505445,0.6831651170525708,0.5430594703159042,0.8678567538126362,0.23298210198310795,0.5710007452385741,0.44187402313937657,0.3343876949597478,0.6189890136033352,0.27934019793552867,0.47981412603487805,0.5008353942305679,0.34625410080567215,0.022350653714687623,0.4216776663902442,0.44662495511088735,0.41310597941958255,0.004805832963076444,0,0,DATA
4360,174.4,0.6029097209129378,0.1766951142400009,0.7891185402836425,0.14014257335532074,0.35411926402505445,0.6831651170525708,0.5430594703159042,0.8678567538126362,0.23298210198310795,0.5710007452385741,0.44187402313937657,0.3343876949597478,0.6200983788068672,0.27786315275466733,0.47153817230708617,0.5010192342192327,0.3435218153724855,0.022167739062279968,0.41596123692726605,0.4420098092992127,0.41241969745719304,0.003620788037395073,0,0,DATA
4380,175.2,0.5756986996187364,0.17245486859969208,0.7906771143921619,0.1479196805135506,0.35411926402505445,0.6831651170525708,0.5430594703159042,0.8678567538126362,0.23298210198310795,0.5710007452385741,0.44187402313937657,0.3343876949597478,0.6213216399523918,0.27623277042112243,0.46334107171696626,0.5012227948132428,0.3401863781457246,0.0219667082238404,0.4091346492340061,0.4361167897326278,0.4110076234405024,0.0036835813563964406,0.09844332812067905,0,DATA
4400,176.0,0.5480130299983241,0.16903444504295997,0.7926453042610937,0.15528165106886502,0.39392331324891067,0.18317668734279782,0.40068150871459696,0.6902679057734205,0.23298210198310795,0.5710007452385741,0.44187402313937657,0.3343876949597478,0.48241014692422635,0.28314478746218374,0.4152021216712778,0.5496326797310213,0.3421021286381356,0.030776102477761795,0.40262298386101714,0.4305381404020634,0.4096904345232472,0.06465415337163839,0,0,DATA
4420,176.8,0.5204185520361991,0.16650981639498694,0.792910138927211,0.16183499299290266,0.39392331324891067,0.18317668734279782,0.40068150871459696,0.6902679057734205,0.23298210198310795,0.5710007452385741,0.44187402313937657,0.3343876949597478,0.441266871031851,0.28451149655306973,0.39496559628552497,0.5283776872393906,0.3406045691089171,0.03338285972626655,0.39614720374262635,0.42474417794268815,0.4079291694811756,0.020915503456338042,0,0,DATA
4440,177.6,0.49251793064982397,0.15721942144351,0.7938761705133484,0.1678079786882013,0.39392331324891067,0.18317668734279782,0.40068150871459696,0.6902679057734205,0.23298210198310795,0.5710007452385741,0.44187402313937657,0.3343876949597478,0.43087487120394863,0.282320198693922,0.38303550817866033,0.5242773362550133,0.3359261207084306,0.03374185908311508,0.38704412780198805,0.41633500373019344,0.4051816531354106,0.008171128597971589,0,0,DATA
4460,178.4,0.4620074144775431,0.14254557638408086,0.7986825579693685,0.17393928023229702,0.39392331324891067,0.18317668734279782,0.40068150871459696,0.6902679057734205,0.23298210198310795,0.5710007452385741,0.44187402313937657,0.3343876949597478,0.430838778718058,0.2775541327195375,0.373049273350422,0.5266423229992603,0.32909984317699503,0.033174340321605454,0.37603376403496425,0.40641840886318126,0.4023573819320923,0.0049294644295045,0,0,DATA
4480,179.2,0.42785577839576,0.11618466097308167,0.8085842009195354,0.1790019627359978,0.39392331324891067,0.18317668734279782,0.40068150871459696,0.6902679057734205,0.23298210198310795,0.5710007452385741,0.44187402313937657,0.3343876949597478,0.4363637432086006,0.2687432566121424,0.36288155932477606,0.533810243298229,0.3182541446144235,0.031809423070907665,0.3606393992442414,0.3925204766178451,0.398476028250546,0.008167851541194556,0.0348553982919245,0,DATA
4500,180.0,0.3957892759133568,0.09806129261221153,0.81251928678532,0.18164425070359852,0.39392331324891067,0.18317668734279782,0.40068150871459696,0.6902679057734205,0.23298210198310795,0.5710007452385741,0.44187402313937657,0.3343876949597478,0.44182713991154615,0.26102545063888016,0.3530972795957776,0.540400844636333,0.3087363037167329,0.030596437691186064,0.34776376857656954,0.38030258333351186,0.3940631018081414,0.007655160801735413,0,0,DATA
4520,180.8,0.36310498758798393,0.09067213472668051,0.8170368802706113,0.18497715567137837,0.39392331324891067,0.18317668734279782,0.40068150871459696,0.6902679057734205,0.23298210198310795,0.5710007452385741,0.44187402313937657,0.3343876949597478,0.4450178820783913,0.2566411446389528,0.3432982951287497,0.5441883687197191,0.30298413920600775,0.029910561659485902,0.33917476645434086,0.3724986310565902,0.3914822786576533,0.005791344211266795,0,0,DATA
4540,181.6,0.36361315359477125,0.015687769738690103,0.8071681767113847,0.18363444603750093,0.39392331324891067,0.18317668734279782,0.40068150871459696,0.6902679057734205,0.23298210198310795,0.5710007452385741,0.44187402313937657,0.3343876949597478,0.4617218213759229,0.23433023064233732,0.3404653146500667,0.5636957953667927,0.2764027928780407,0.026488318446810617,0.3073089129486568,0.3395116362315958,0.37754972269355136,0.013949277924276693,0,0,DATA
4560,182.4,0.364082008337523,0.03263473411952383,0.8176008222539933,0.18332924730467676,0.39392331324891067,0.18317668734279782,0.40068150871459696,0.6902679057734205,0.23298210198310795,0.5710007452385741,0.44187402313937657,0.3343876949597478,0.46317414064520723,0.23238210646998614,0.3397138800024396,0.5653960170876106,0.2792226505707836,0.026197232040929722,0.3162679987580624,0.34948346672197983,0.3826857744640389,0.0013839593630875318,0,0,DATA
4580,183.2,0.3645793400159209,0.034324758712060685,0.8182559097275234,0.18783253659396565,0.39392331324891067,0.18317668734279782,0.40068150871459696,0.6902679057734205,0.23298210198310795,0.5710007452385741,0.44187402313937657,0.3343876949597478,0.46325493126155987,0.2322708761041911,0.3395928892606151,0.5654920275786843,0.27972484488877947,0.026180751945701165,0.3171744924254627,0.350905798065662,0.3840534410469995,0.00010433724132407247,0.010297427613618204,0,DATA
4600,184.0,0.36493526897938666,0.036024595608784224,0.8188537497856736,0.18664547376883808,0.3942320261437908,0.18138770889055533,0.40219209558823527,0.6909824346405229,0.23298210198310795,0.5710007452385741,0.44187402313937657,0.3343876949597478,0.46242128873152577,0.23277829103345998,0.34005430144501425,0.5648214988490329,0.2803540003608668,0.026278697278059503,0.31804518098847534,0.35171756435197693,0.38425605692736664,0.0006008232145673827,0,0,DATA
4620,184.8,0.3652269775431541,0.036929902559477173,0.8193334318912703,0.18062046947084998,0.3942320261437908,0.18138770889055533,0.40219209558823527,0.6909824346405229,0.23298210198310795,0.5710007452385741,0.44187402313937657,0.3343876949597478,0.46198108151287,0.2331840014584347,0.3402539838987252,0.5643985400272176,0.2805821740938159,0.02634605489736536,0.3185615819026253,0.35167943304688776,0.38333594349314887,0.0003485333657804827,0,0,DATA
4640,185.6,0.36547528332914364,0.041858763175814065,0.8197310149670766,0.17858867170837006,0.3942320261437908,0.18138770889055533,0.40219209558823527,0.6909824346405229,0.23298210198310795,0.5710007452385741,0.44187402313937657,0.3343876949597478,0.4608139586178426,0.23468579555850144,0.34036603284989625,0.5630640815296705,0.28225817077394655,0.026573254065920243,0.3206623039215193,0.3536167335971143,0.38379313938065396,0.0009269886487550671,0,0,DATA
4660,186.4,0.3656910533978548,0.044024940708376585,0.8202839090173637,0.1767508518307172,0.3942320261437908,0.18138770889055533,0.40219209558823527,0.6909824346405229,0.23298210198310795,0.5710007452385741,0.44187402313937657,0.3343876949597478,0.4600089244674962,0.23574286349763895,0.3404449592496769,0.5621330304849286,0.28324909603906434,0.026732798905932473,0.32168250775834395,0.35450844485120236,0.3839103025544507,0.0006470094964215097,0,0,DATA
4680,187.2,0.3659583110754986,0.04367323173770698,0.8208836076565742,0.1754959437248167,0.3942320261437908,0.18138770889055533,0.40219209558823527,0.6909824346405229,0.23298210198310795,0.5710007452385741,0.44187402313937657,0.3343876949597478,0.4598412731062329,0.23596150536759272,0.3405247612819163,0.56193988386932,0.28336715585241024,0.02676589993041209,0.32171521543344694,0.3544756315796364,0.3837832150152371,0.00015536508781881694,0.013101969521312094,0,DATA
4700,188.0,0.366219415116474,0.04325081531969636,0.8213687456342154,0.17437609345634686,0.3942320261437908,0.18138770889055533,0.40219209558823527,0.6909824346405229,0.23298210198310795,0.5710007452385741,0.44187402313937657,0.3343876949597478,0.45987968514563615,0.2359088213315359,0.3406035337401929,0.5619854319070501,0.2833022696737506,0.026758020839447314,0.32169549726996605,0.35439244218707266,0.38364327739734944,5.662284457890373e-05,0,0,DATA
4720,188.8,0.36624265491453,0.042806452225608894,0.821636407407797,0.175336593687012,0.3942320261437908,0.18138770889055533,0.40219209558823527,0.6909824346405229,0.23298210198310795,0.5710007452385741,0.44187402313937657,0.3343876949597478,0.45998452500721554,0.23576859445437434,0.34063204583526774,0.5621079652764205,0.2832194340583005,0.026736924799758626,0.3215759323466585,0.35439569346418986,0.3838379624025703,9.119294460525433e-05,0,0,DATA
4740,189.6,0.3660767685813641,0.04323103458397251,0.8218874946628894,0.1763525866822578,0.3942320261437908,0.18138770889055533,0.40219209558823527,0.6909824346405229,0.23298210198310795,0.5710007452385741,0.44187402313937657,0.3343876949597478,0.45992681467043295,0.23584540945156768,0.3406057633338253,0.5620407026094326,0.2833909555177224,0.026748494120851465,0.3217628054743893,0.35470927461695445,0.3841510315358306,5.360261180611947e-05,0,0,DATA
4760,190.4,0.3661564385369533,0.04304641362592672,0.8221743949965833,0.17324048145520848,0.3942320261437908,0.18138770889055533,0.40219209558823527,0.6909824346405229,0.23298210198310795,0.5710007452385741,0.44187402313937657,0.3343876949597478,0.45994827197058774,0.23581676008247288,0.3406146092740663,0.5620657559440574,0.2832605439703866,0.026744182243975727,0.32176227114902756,0.3544262198022572,0.3835806094256962,1.9650869830190043e-05,0,0,DATA
4780,191.2,0.3661705788084465,0.04597589324826579,0.8223272420867238,0.16954181905911167,0.3942320261437908,0.18138770889055533,0.40219209558823527,0.6909824346405229,0.23298210198310795,0.5710007452385741,0.44187402313937657,0.3343876949597478,0.459339518439943,0.23662841956599936,0.3406202325131522,0.5613555494369717,0.2840877827767692,0.026866483407403174,0.32296746047029,0.35527682759292395,0.38331992468951215,0.00047534541775239486,0.02011243805980422,0,DATA
4800,192.0,0.36613571911136245,0.04932692086926672,0.8222961801453093,0.16761370025209693,0.3961245574618736,0.18348908105634254,0.4039253131808279,0.6893409586056645,0.23298210198310795,0.5710007452385741,0.44187402313937657,0.3343876949597478,0.45904156078675984,0.23820763672173498,0.34109989987441625,0.5604169620325123,0.28548783652855364,0.027060690587629496,0.32429468719099064,0.35640813623878165,0.38342570361619727,0.0007856140567275941,0,0,DATA
4820,192.8,0.3660570311190715,0.03328738836092962,0.8123657491034014,0.15667627018990757,0.3961245574618736,0.18348908105634254,0.4039253131808279,0.6893409586056645,0.23298210198310795,0.5710007452385741,0.44187402313937657,0.3343876949597478,0.46232047531755566,0.23419033276612125,0.34122727560441435,0.5640650712757171,0.2788756849869517,0.026443062829451424,0.31587705038081604,0.3459037133181973,0.3763418111678028,0.002474531405469216,0,0,DATA
4840,193.6,0.3659618788754818,0.04101831248390731,0.8221578664987166,0.1430945857090874,0.3961245574618736,0.18348908105634254,0.4039253131808279,0.6893409586056645,0.23298210198310795,0.5710007452385741,0.44187402313937657,0.3343876949597478,0.4616806556109691,0.2351498003338709,0.34124550635226,0.563265427638549,0.2813124879159957,0.026582994133277586,0.32090881306035224,0.35055651928918297,0.37722362701455525,0.0005391726740606081,0,0,DATA
4860,194.4,0.36575998722138425,0.04615544506278143,0.822075194283389,0.12913798983976363,0.3961245574618736,0.18348908105634254,0.4039253131808279,0.6893409586056645,0.23298210198310795,0.5710007452385741,0.44187402313937657,0.3343876949597478,0.4604099118574296,0.23687603772628055,0.3412085783292531,0.5617669370655745,0.28258583573112134,0.026841352035873175,0.32290675331801677,0.3511505327383825,0.37516202050827996,0.0010113030563186816,0,0,DATA
4880,195.2,0.3671775821706888,0.06816081680543344,0.8242963262249159,0.11706897650619442,0.3961245574618736,0.18348908105634254,0.4039253131808279,0.6893409586056645,0.23298210198310795,0.5710007452385741,0.44187402313937657,0.3343876949597478,0.45540756066541077,0.243555413031946,0.34149519486170504,0.5559260738167324,0.2900115032889298,0.02785407166420428,0.33243664739324386,0.35969563867440535,0.3767460660832761,0.003989447676712064,0.028303554873169347,0,DATA
4900,196.0,0.3685652927036199,0.06464062279529537,0.8265061641392326,0.11616763308551824,0.3961245574618736,0.18348908105634254,0.4039253131808279,0.6893409586056645,0.23298210198310795,0.5710007452385741,0.44187402313937657,0.3343876949597478,0.4546460960499341,0.24457357130080695,0.34187259903335615,0.5550362623745635,0.29039931086414966,0.02800962190150002,0.33174807947863827,0.3591379202091637,0.3767289988294924,0.0007190090186629065,0,0,DATA
4920,196.8,0.36991549223856207,0.06620780015458466,0.8286259041027045,0.1110992019092559,0.3961245574618736,0.18348908105634254,0.4039253131808279,0.6893409586056645,0.23298210198310795,0.5710007452385741,0.44187402313937657,0.3343876949597478,0.45408854941984034,0.24531782844206623,0.34226936218718934,0.554385360488887,0.29125626103775304,0.028123580431376458,0.33306893832203677,0.3601639099312832,0.3766153441424956,0.0005661889750620819,0,0,DATA
4940,197.6,0.3712168554654768,0.0661495909398723,0.830750004797931,0.10027400656197093,0.3961245574618736,0.18348908105634254,0.4039253131808279,0.6893409586056645,0.23298210198310795,0.5710007452385741,0.44187402313937657,0.3343876949597478,0.4539335093659018,0.24552480700432458,0.3426616774109914,0.5542043511807886,0.29129712802844304,0.02815530264213781,0.33373074742058007,0.3599556095646207,0.3751027351873298,0.0002514446133329758,0,0,DATA
4960,198.4,0.3724122975846322,0.07022661035091514,0.8327554434875741,0.09189595765446068,0.3961245574618736,0.18348908105634254,0.4039253131808279,0.6893409586056645,0.23298210198310795,0.5710007452385741,0.44187402313937657,0.3343876949597478,0.4530308232734013,0.2467284660080941,0.34303041482315466,0.5531511786326535,0.2926728125924608,0.0283401018447674,0.3360017313467569,0.3615893324690108,0.3746595822018105,0.0008250275028111043,0,0,DATA
4980,199.2,0.37383823922197085,0.07096291940519459,0.8348955253184117,0.08529298908935962,0.3961245574618736,0.18348908105634254,0.4039253131808279,0.6893409586056645,0.23298210198310795,0.5710007452385741,0.44187402313937657,0.3343876949597478,0.45260539254425247,0.2472957302444232,0.34344048379064473,0.5526548311499146,0.2932377469910265,0.028427353328351977,0.33700945966210394,0.36215077211093144,0.3741270494683755,0.00046758797765599397,0.06138433984697576,0,DATA
5000,200.0,0.37540715471551867,0.07226851429865366,0.8370722852705281,0.08067504442196691,0.415823971949891,0.16639560259390374,0.426971081835512,0.6762585103485839,0.23298210198310795,0.5710007452385741,0.44187402313937657,0.3343876949597478,0.4474174144283985,0.2519683531279741,0.3503457919578484,0.5477245306502121,0.29645222255115256,0.02923899805127159,0.3382808327086204,0.3631780266859203,0.3741003813062997,0.00558863638886951,0,0,DATA
5020,200.8,0.37718594849798887,0.07516300687495446,0.8393934123201519,0.0792659612465257,0.415823971949891,0.16639560259390374,0.426971081835512,0.6762585103485839,0.23298210198310795,0.5710007452385741,0.44187402313937657,0.3343876949597478,0.4452531775526192,0.2541805979144036,0.35279093110232823,0.5455362898191077,0.2986071636567532,0.029611234594366053,0.34025861390555956,0.3652470122702777,0.37501089969830953,0.0022738736022295627,0,0,DATA
5040,201.6,0.4028769888029998,0.1475290501740697,0.8354438198713521,0.08271867293330724,0.415823971949891,0.16639560259390374,0.426971081835512,0.6762585103485839,0.23298210198310795,0.5710007452385741,0.44187402313937657,0.3343876949597478,0.4294070373970712,0.2751067634740847,0.35891959130972445,0.5271501369614933,0.32446087051843653,0.032964536472584044,0.3735533207964479,0.3984920310849642,0.38813805444883426,0.014300321974208422,0,0,DATA
5060,202.4,0.42870079054591914,0.14753532549981846,0.831189790396546,0.11392233065748013,0.415823971949891,0.16639560259390374,0.426971081835512,0.6762585103485839,0.23298210198310795,0.5710007452385741,0.44187402313937657,0.3343876949597478,0.42465187753199957,0.28138637023319873,0.36618118773795644,0.5216327536494004,0.3310332055374484,0.033997975158368866,0.37786978538036997,0.405503458493823,0.3958986000981215,0.0060987876841392214,0,0,DATA
5080,203.2,0.45424938070848,0.1490135995255873,0.8273015467174497,0.1269938288159532,0.415823971949891,0.16639560259390374,0.426971081835512,0.6762585103485839,0.23298210198310795,0.5710007452385741,0.44187402313937657,0.3343876949597478,0.42291489202706656,0.2836841689881482,0.3737248706005637,0.5196153615194592,0.3347485665323934,0.03437908095105485,0.3827931642873704,0.41134516284876116,0.4003174389301635,0.0038594890408299074,0.14603286094856482,0,DATA
5100,204.0,0.4793580840455841,0.14186716362624024,0.8141385084296847,0.1286258108775304,0.415823971949891,0.16639560259390374,0.426971081835512,0.6762585103485839,0.23298210198310795,0.5710007452385741,0.44187402313937657,0.3343876949597478,0.4238945479144496,0.2823725065628159,0.3812608031601378,0.5207610206758169,0.33331255028819806,0.034162031515479224,0.3823237229374995,0.40972261587627135,0.398791980719346,0.003275750290763139,0,0,DATA
5120,204.8,0.5040299446434556,0.1369220432913229,0.8183417298822935,0.12864733090943103,0.415823971949891,0.16639560259390374,0.426971081835512,0.6762585103485839,0.23298210198310795,0.5710007452385741,0.44187402313937657,0.3343876949597478,0.4252269199509971,0.2805943741414393,0.38870267365356304,0.5223162729047788,0.3339334478052042,0.03386839946063644,0.3861206912136286,0.4139420583008514,0.4015725080984279,0.0035174583171164544,0,0,DATA
5140,205.6,0.5265611907156024,0.11578211089775807,0.8190985352914636,0.13450003290150622,0.415823971949891,0.16639560259390374,0.426971081835512,0.6762585103485839,0.23298210198310795,0.5710007452385741,0.44187402313937657,0.3343876949597478,0.43006601736461,0.2741417533448282,0.3956667964767414,0.5279621320098908,0.3288069105588223,0.032810967270998,0.38232232855246606,0.41080464637981334,0.4020143845973154,0.0060852803444674435,0,0,DATA
5160,206.4,0.5488684836915536,0.11997087680703689,0.8204053531504901,0.13875124150016743,0.415823971949891,0.16639560259390374,0.426971081835512,0.6762585103485839,0.23298210198310795,0.5710007452385741,0.44187402313937657,0.3343876949597478,0.4306381057477453,0.2733788215604429,0.40244056484864477,0.5286296420936512,0.33113080395878147,0.032686811575341604,0.38872065708317305,0.41775877755628926,0.40605037496579127,0.002702929513141328,0,0,DATA
5180,207.2,0.5711410806309704,0.12065069711869537,0.821499736493117,0.14188926471815103,0.415823971949891,0.16639560259390374,0.426971081835512,0.6762585103485839,0.23298210198310795,0.5710007452385741,0.44187402313937657,0.3343876949597478,0.43066696999723764,0.2733402917123917,0.4091499407174932,0.5286633391424229,0.33325511198480395,0.03268054786551553,0.39366598126424523,0.42312734239342237,0.40928080818573515,0.0022589233221306606,0.053668567282796564,0,DATA
5200,208.0,0.5931280899111783,0.12693495067784255,0.8230956598034086,0.14400391688240854,0.3238336567265795,0.6178274648759715,0.4850022126906318,0.8698679193899782,0.23298210198310795,0.5710007452385741,0.44187402313937657,0.3343876949597478,0.5557568574636434,0.25577035755764216,0.43202874206642494,0.5442363924893572,0.32575368968763974,0.023861087755901445,0.40089626920600396,0.4307286878826361,0.4132440584080524,0.05517954099002903,0,0,DATA
5220,208.8,0.6153260903720462,0.12574200176622308,0.8245428307372781,0.14506330016770635,0.3238336567265795,0.6178274648759715,0.4850022126906318,0.8698679193899782,0.23298210198310795,0.5710007452385741,0.44187402313937657,0.3343876949597478,0.5935343429750052,0.2501653516159638,0.4435539625678867,0.5281501527045154,0.3241916901771193,0.021353561041989034,0.40514812392030364,0.4352311980188525,0.4158585855079232,0.01830257065150061,0,0,DATA
5240,209.6,0.6376520733827719,0.12725573899839013,0.8257576987535593,0.14499233705255282,0.3238336567265795,0.6178274648759715,0.4850022126906318,0.8698679193899782,0.23298210198310795,0.5710007452385741,0.44187402313937657,0.3343876949597478,0.6045497038096587,0.2489076962584671,0.45169998515057763,0.523271299965937,0.3256083191979736,0.020670430663987927,0.4104617890185719,0.44065925360723346,0.4186077687748604,0.006806346258280378,0,0,DATA
5260,210.4,0.6601397857487012,0.12799238212260428,0.827071213201463,0.14582193956828832,0.3238336567265795,0.6178274648759715,0.4850022126906318,0.8698679193899782,0.23298210198310795,0.5710007452385741,0.44187402313937657,0.3343876949597478,0.6076996170039697,0.24873665972599807,0.4588662115222301,0.521781861635016,0.3276133830020187,0.020491692243889085,0.4155166916310241,0.4459284679160497,0.42146133559520854,0.0034957253661441756,0,0,DATA
5280,211.2,0.6822315705128206,0.12759293955295797,0.8282851957006814,0.1471501045748816,0.3238336567265795,0.6178274648759715,0.4850022126906318,0.8698679193899782,0.23298210198310795,0.5710007452385741,0.44187402313937657,0.3343876949597478,0.6087284739018888,0.2485735048467564,0.46565535423419097,0.5213490106256774,0.32941772654462975,0.020424544263678786,0.4200180680558332,0.4506840590914398,0.4241797263122968,0.0026603848297072075,0.03840793041667319,0,DATA
5300,212.0,0.6802644689018769,0.05307095928649237,0.8355639920286423,0.14613067343718772,0.3238336567265795,0.6178274648759715,0.4850022126906318,0.8698679193899782,0.23298210198310795,0.5710007452385741,0.44187402313937657,0.3343876949597478,0.6246867468272224,0.2276584039083735,0.467279005709481,0.523827424632202,0.3056204593239376,0.017943075398424508,0.3912716148926504,0.4225635424472838,0.414420531965684,0.012832341779668835,0,0,DATA
5320,212.8,0.6778938131075078,0.07489681714267302,0.8432942708700518,0.14653032945854727,0.3238336567265795,0.6178274648759715,0.4850022126906318,0.8698679193899782,0.23298210198310795,0.5710007452385741,0.44187402313937657,0.3343876949597478,0.6248907985550245,0.2274951138265892,0.4672682634352505,0.5238070438091931,0.30976858977012994,0.017920457200826394,0.4010738826445307,0.43317880368544104,0.4194698459792985,0.0001260280279389662,0,0,DATA
5340,213.6,0.6758558464785486,0.09006645418677493,0.8505609662887521,0.14879258587943986,0.3238336567265795,0.6178274648759715,0.4850022126906318,0.8698679193899782,0.23298210198310795,0.5710007452385741,0.44187402313937657,0.3343876949597478,0.6217663902941037,0.23169362517440245,0.46683706776089995,0.5232699922657469,0.31551429488263716,0.01840320640106742,0.40818748322011966,0.44124529944498925,0.4238106200118714,0.0025847050943615204,0,0,DATA
5360,214.4,0.6743970090707223,0.100117679342957,0.8573499135963647,0.15693328624315891,0.3238336567265795,0.6178274648759715,0.4850022126906318,0.8698679193899782,0.23298210198310795,0.5710007452385741,0.44187402313937657,0.3343876949597478,0.6187183105330292,0.23576752162247738,0.4664013532029513,0.5227570839222467,0.3205904234753074,0.018877706182788338,0.4132739952625498,0.4478247762545526,0.42849779694416307,0.0025192302556993895,0,0,DATA
5380,215.2,0.6738992191427854,0.11283954842612887,0.8565529513239099,0.15752413622425315,0.3238336567265795,0.6178274648759715,0.4850022126906318,0.8698679193899782,0.23298210198310795,0.5710007452385741,0.44187402313937657,0.3343876949597478,0.6151322940972407,0.24055181390018804,0.4661661029506998,0.5221579460012855,0.3253846732275556,0.0194419312009677,0.41810379245574025,0.45263396221860697,0.4302752277419503,0.0028685196552502013,0.03385186452783866,0,DATA
5400,216.0,0.6736589654558404,0.12705284140027812,0.8573522785195824,0.15582206840080304,0.32677810968137255,0.6329795364702895,0.4891452205882353,0.8684712009803921,0.23298210198310795,0.5710007452385741,0.44187402313937657,0.3343876949597478,0.6153142776883419,0.24658515873676956,0.467205116812095,0.5190502817874443,0.3312874232609555,0.019920135878997703,0.42390092434714544,0.45834082004723437,0.4322426145536063,0.0024181140963592993,0,0,DATA
5420,216.8,0.6735567758086141,0.12620481075396667,0.8575224406439366,0.14587082844574814,0.32677810968137255,0.6329795364702895,0.4891452205882353,0.8684712009803921,0.23298210198310795,0.5710007452385741,0.44187402313937657,0.3343876949597478,0.6155469592013976,0.2481577136067768,0.467495361144596,0.5181476635959128,0.3317094659644922,0.020035047394688348,0.4235753065840464,0.4570370945010653,0.4301574835320145,0.0006984935718546414,0,0,DATA
5440,217.6,0.6730561054550025,0.13292401808199636,0.8583714364908974,0.13755486588704469,0.32677810968137255,0.6329795364702895,0.4891452205882353,0.8684712009803921,0.23298210198310795,0.5710007452385741,0.44187402313937657,0.3343876949597478,0.6142057301164281,0.25051085811962726,0.46747729367008783,0.5176417058819723,0.3339256132156855,0.020295587257295418,0.4263326546139281,0.45904774585977276,0.42966435404585734,0.0012374803574426996,0,0,DATA
5460,218.4,0.6720004294452824,0.1395612915074353,0.8586612403643675,0.13675836260707055,0.32677810968137255,0.6329795364702895,0.4891452205882353,0.8684712009803921,0.23298210198310795,0.5710007452385741,0.44187402313937657,0.3343876949597478,0.612409533971595,0.25307523803260534,0.4672501814656942,0.5172576139978997,0.33644466716438237,0.020598805384354473,0.4288343895568537,0.46149881086204786,0.43046752777107383,0.0015292294207349306,0,0,DATA
5480,219.2,0.6696988711349925,0.16425719831036284,0.8593278312693519,0.13452812905051284,0.32677810968137255,0.6329795364702895,0.4891452205882353,0.8684712009803921,0.23298210198310795,0.5710007452385741,0.44187402313937657,0.3343876949597478,0.6066845346995304,0.26075940591131846,0.46669872055921524,0.5162780296945755,0.3448131698815913,0.021537748484171688,0.4383857587969636,0.4708938158370005,0.43366235897541855,0.004653542685752225,0.15288064016071407,0,DATA
5500,220.0,0.6668203439228256,0.17112384572626357,0.8601351379696562,0.13596904406508473,0.32677810968137255,0.6329795364702895,0.4891452205882353,0.8684712009803921,0.23298210198310795,0.5710007452385741,0.44187402313937657,0.3343876949597478,0.6035250389605717,0.26498731755138455,0.4659287915727165,0.5157438217440218,0.3483728116798211,0.022062775644446836,0.44071817366095145,0.4734510528724759,0.43489451304457744,0.002719112121841172,0,0,DATA
5520,220.8,0.6631320570429027,0.17447795115249498,0.8612702181359018,0.13636029760475277,0.32677810968137255,0.6329795364702895,0.4891452205882353,0.8684712009803921,0.23298210198310795,0.5710007452385741,0.44187402313937657,0.3343876949597478,0.6018728280993756,0.2671948405627492,0.4649232726319831,0.5154661656689377,0.3500907791659793,0.02233928050613397,0.44154917448870845,0.47443468707082437,0.43539082092001485,0.0016217509377647505,0,0,DATA
5540,221.6,0.640417020173454,0.24753366382217823,0.8648800971650031,0.13819646623557333,0.32677810968137255,0.6329795364702895,0.4891452205882353,0.8684712009803921,0.23298210198310795,0.5710007452385741,0.44187402313937657,0.3343876949597478,0.5860354651803833,0.2883126970136699,0.45985145920717885,0.5128259189029734,0.3731398363428501,0.025063758615389117,0.4669504279885124,0.5003805453366204,0.4453473776169619,0.0140090109315724,0,0,DATA
5560,222.4,0.6178105229805598,0.2462377995897331,0.866347028505061,0.14032896176622828,0.32677810968137255,0.6329795364702895,0.4891452205882353,0.8684712009803921,0.23298210198310795,0.5710007452385741,0.44187402313937657,0.3343876949597478,0.5815563877934992,0.2942852119638615,0.4535825507692298,0.5120792001213197,0.37496881884237543,0.02585977109375393,0.462204169124967,0.49599422916014635,0.44368558020395116,0.005573500258341579,0,0,DATA
5580,223.2,0.595305135275264,0.22141112735865723,0.8674808687514091,0.12034271230427906,0.32677810968137255,0.6329795364702895,0.4891452205882353,0.8684712009803921,0.23298210198310795,0.5710007452385741,0.44187402313937657,0.3343876949597478,0.5854262657459598,0.2891254982242177,0.4469757468197329,0.5127241180149111,0.3654369028762771,0.025171405868043496,0.4479991907407471,0.47990400985436626,0.4339972507679574,0.005212131880533784,0.21473702924571236,0,DATA
5600,224.0,0.5729305123491705,0.20433500857121695,0.8687776004589727,0.12600548651431276,0.41532896752450976,0.16970263624077514,0.4256449142156863,0.6759895833333334,0.23298210198310795,0.5710007452385741,0.44187402313937657,0.3343876949597478,0.4604556820127964,0.30139195098890015,0.4225149490360905,0.5295318655119481,0.36865674446831764,0.03414900607505915,0.43695316498206505,0.46955393468744394,0.4306551084261297,0.05389927809382942,0,0,DATA
5620,224.8,0.550352623020362,0.19197371475616107,0.8699917137588659,0.13103256026577628,0.41532896752450976,0.16970263624077514,0.4256449142156863,0.6759895833333334,0.23298210198310795,0.5710007452385741,0.44187402313937657,0.3343876949597478,0.42556037859400914,0.3016107245500892,0.410435352941948,0.51197482702196,0.3653507469943632,0.03638400158873336,0.42773589225025954,0.4609607806607742,0.4278520684962564,0.015731224358039603,0,0,DATA
5640,225.6,0.5271033326525054,0.1767399508242377,0.8709115617127261,0.13576285523608794,0.41532896752450976,0.16970263624077514,0.4256449142156863,0.6759895833333334,0.23298210198310795,0.5710007452385741,0.44187402313937657,0.3343876949597478,0.4182908779940769,0.29741090271750736,0.40192912313645535,0.5104399876382847,0.35883310198955354,0.03633139336990594,0.41717649819469094,0.4509664008976228,0.42441809585220963,0.006658517412668911,0,0,DATA
5660,226.4,0.5040783881661638,0.16106130675238448,0.8711929167699476,0.13967976292440876,0.41532896752450976,0.16970263624077514,0.4256449142156863,0.6759895833333334,0.23298210198310795,0.5710007452385741,0.44187402313937657,0.3343876949597478,0.41940254306918634,0.2917609358276139,0.3945420158526758,0.5138208036207862,0.35128298215961307,0.035573088048386055,0.40635632268012567,0.4405660516576117,0.420617525094767,0.00471624641626082,0,0,DATA
5680,227.2,0.4813308155794368,0.15706714544712894,0.8717902342257935,0.1440567276313833,0.41532896752450976,0.16970263624077514,0.4256449142156863,0.6759895833333334,0.23298210198310795,0.5710007452385741,0.44187402313937657,0.3343876949597478,0.42057481646582284,0.28894758059517434,0.38754889342432924,0.5158136179353241,0.3473828540873507,0.03515893603280422,0.40032860713184726,0.4350357643256153,0.41876836594566236,0.0036595836858075437,0.04712014363413868,0,DATA
5700,228.0,0.459371268539467,0.14654790381584806,0.8723381556510346,0.14841155168059547,0.41532896752450976,0.16970263624077514,0.4256449142156863,0.6759895833333334,0.23298210198310795,0.5710007452385741,0.44187402313937657,0.3343876949597478,0.4231355392273828,0.28515818636868384,0.38083945181743173,0.5189886764293494,0.3419093186602513,0.03454450091703834,0.39183858535638916,0.4270360170976026,0.4160024701631259,0.004353186198315984,0,0,DATA
5720,228.8,0.43809182927978874,0.13318568747520884,0.872791675814518,0.15262356402017863,0.41532896752450976,0.16970263624077514,0.4256449142156863,0.6759895833333334,0.23298210198310795,0.5710007452385741,0.44187402313937657,0.3343876949597478,0.426709821487385,0.2802799475253577,0.37435793709082993,0.5232149369810136,0.33536496851218045,0.033743165641566916,0.3823285150008945,0.41799249999241456,0.41282597629484974,0.004978011943310064,0,0,DATA
5740,229.6,0.4178635489986593,0.10590391125506998,0.8730187858750479,0.1560950481008002,0.41532896752450976,0.16970263624077514,0.4256449142156863,0.6759895833333334,0.23298210198310795,0.5710007452385741,0.44187402313937657,0.3343876949597478,0.4335112791716148,0.271177578530721,0.3681655438138122,0.531166850320447,0.32408631306817426,0.03225999831163349,0.367415570468719,0.4034494148743542,0.40746195616497277,0.0073654066519613925,0,0,DATA
5760,230.4,0.3980776104512317,0.09747270171624313,0.8733157447733201,0.15941039793924403,0.41532896752450976,0.16970263624077514,0.4256449142156863,0.6759895833333334,0.23298210198310795,0.5710007452385741,0.44187402313937657,0.3343876949597478,0.43732227048003736,0.26608612916145846,0.36215277873574714,0.5356180706592895,0.3182678238979407,0.03144135519279824,0.3601452907233572,0.39654036600266407,0.4049559905716628,0.004971735251916724,0,0,DATA
5780,231.2,0.3790199286178146,0.09147259798684433,0.8733093788194396,0.16158410770304113,0.41532896752450976,0.16970263624077514,0.4256449142156863,0.6759895833333334,0.23298210198310795,0.5710007452385741,0.44187402313937657,0.3343876949597478,0.43972558965573794,0.262878665306448,0.35634683602731,0.538423462174645,0.31394489891764343,0.03092967973129792,0.3539324396741381,0.39054424933443666,0.40258335729320055,0.0038055752463827344,0.027441779396053297,0,DATA
5800,232.0,0.3790733474212334,0.015227763113792526,0.8708541955708047,0.15866773822392696,0.41550819546568624,0.16708802622181607,0.42461958741830064,0.6748825571895425,0.23298210198310795,0.5710007452385741,0.44187402313937657,0.3343876949597478,0.45572590992648043,0.24060551025313742,0.35432917966022887,0.5575601998366715,0.2879748290412416,0.027500622483537258,0.32295415283587425,0.35902880722339786,0.38995490423460305,0.013430377230378062,0,0,DATA
5820,232.8,0.37901433142701524,0.06333858870933985,0.8731432965294398,0.16168477865643596,0.41550819546568624,0.16708802622181607,0.42461958741830064,0.6748825571895425,0.23298210198310795,0.5710007452385741,0.44187402313937657,0.3343876949597478,0.45042273263263827,0.24739459490389754,0.3537114893913187,0.5515140688643703,0.30013666437978437,0.028552113540035284,0.34264450006697655,0.37924976859361453,0.398341309800674,0.0042366507378374845,0,0,DATA
5840,233.6,0.37846407192684767,0.0647841808208956,0.8727208343266479,0.1786918719358414,0.41550819546568624,0.16708802622181607,0.42461958741830064,0.6748825571895425,0.23298210198310795,0.5710007452385741,0.44187402313937657,0.3343876949597478,0.4485282051010589,0.24983608609036112,0.35341062781561045,0.5493460595053488,0.3024184213363392,0.02893328651362334,0.3430281925710069,0.3812919242053063,0.4017989257725737,0.0015456267645837334,0,0,DATA
5860,234.4,0.37780772765837106,0.06524707599188159,0.8722043993840565,0.19391073563752442,0.41550819546568624,0.16708802622181607,0.42461958741830064,0.6748825571895425,0.23298210198310795,0.5710007452385741,0.44187402313937657,0.3343876949597478,0.447862638855678,0.25069814409417635,0.35318253704651786,0.5485822473807507,0.30350399417946433,0.029068160462026878,0.34297879479718774,0.3827127693073963,0.4047173896260627,0.0005852383394295649,0,0,DATA
5880,235.2,0.37742387820512824,0.06540305546570893,0.8718251343028882,0.18740718140306273,0.41550819546568624,0.16708802622181607,0.42461958741830064,0.6748825571895425,0.23298210198310795,0.5710007452385741,0.44187402313937657,0.3343876949597478,0.44763021329256003,0.2510004357479926,0.35303350143060913,0.5483148887722836,0.3033739639521883,0.029115462003094558,0.34288856367983644,0.38193425625848193,0.4033068744846281,0.00022791761094764773,0.019620916639712677,0,DATA
5900,236.0,0.37719612818417975,0.06528836620778389,0.8716429356071049,0.18613328267197188,0.41550819546568624,0.16708802622181607,0.42461958741830064,0.6748825571895425,0.23298210198310795,0.5710007452385741,0.44187402313937657,0.3343876949597478,0.44758457036778887,0.2510590102519184,0.3529409632414373,0.5482627800579352,0.3032997185788623,0.029124662912383747,0.3427606982333201,0.38166078106927814,0.40296656667368047,6.55852059562682e-05,0,0,DATA
5920,236.8,0.41719614127702365,0.13867675455470233,0.8437988888769469,0.19009532102404653,0.41550819546568624,0.16708802622181607,0.42461958741830064,0.6748825571895425,0.23298210198310795,0.5710007452385741,0.44187402313937657,0.3343876949597478,0.4321593159375047,0.27162533134023326,0.361313204534183,0.5302669922986356,0.3273988503412497,0.0323903819309574,0.3745472468446246,0.4110591288427744,0.4118062222228781,0.014787938937114905,0,0,DATA
5940,237.6,0.4570922953850344,0.1374742902362138,0.8157995776422676,0.20570399982441562,0.41550819546568624,0.16708802622181607,0.42461958741830064,0.6748825571895425,0.23298210198310795,0.5710007452385741,0.44187402313937657,0.3343876949597478,0.427784257115302,0.27745853765755096,0.37220306928468894,0.5251628597288756,0.33116250197317626,0.033340890081537664,0.37644562969189554,0.4117184484466142,0.41173737593730986,0.007032709963342117,0,0,DATA
5960,238.4,0.49662522126906317,0.1360337895674209,0.787411202211037,0.23132795581705906,0.41550819546568624,0.16708802622181607,0.42461958741830064,0.6748825571895425,0.23298210198310795,0.5710007452385741,0.44187402313937657,0.3343876949597478,0.4267742446090877,0.2788051593654842,0.3837719431454868,0.5239845426218017,0.33252098214960973,0.03356184259767431,0.378098339514938,0.413094716325798,0.4135022907661149,0.004641836024981805,0,0,DATA
5980,239.2,0.5363923453996984,0.13529839725344403,0.7591877341557984,0.24624242488450612,0.41550819546568624,0.16708802622181607,0.42461958741830064,0.6748825571895425,0.23298210198310795,0.5710007452385741,0.44187402313937657,0.3343876949597478,0.4266256732431586,0.2790032360299507,0.39559370137115957,0.523811218606604,0.3329132979045734,0.03359439145054714,0.3801129138044266,0.41377839071650746,0.4132957211317616,0.004056135418689451,0.17609789266321177,0,DATA
6000,240.0,0.5762713478821017,0.13456123413264315,0.7310854671740468,0.26014211734198384,0.29558878846677555,0.9549800591290261,0.5594841877723311,0.974645288671024,0.23298210198310795,0.5710007452385741,0.44187402313937657,0.3343876949597478,0.6473456753027669,0.25367317788569516,0.44527690745929455,0.49949057340576897,0.3179713527777731,0.01878637808062699,0.38217339565623654,0.41441861511589,0.4129274186579394,0.09857775543066627,0,0,DATA
6020,240.8,0.6159882936882018,0.1327059454092478,0.7028678901390906,0.2685511456973543,0.29558878846677555,0.9549800591290261,0.5594841877723311,0.974645288671024,0.23298210198310795,0.5710007452385741,0.44187402313937657,0.3343876949597478,0.7139512865525625,0.24555467959986782,0.46852242790501614,0.47024701692378484,0.3129310151650415,0.014750526037913384,0.38373115392110724,0.4139955185128021,0.4112482313423752,0.03265654332711484,0,0,DATA
6040,241.6,0.6554967032218871,0.13183726794360343,0.6744645741948955,0.27654367724320633,0.29558878846677555,0.9549800591290261,0.5594841877723311,0.974645288671024,0.23298210198310795,0.5710007452385741,0.44187402313937657,0.3343876949597478,0.7341153921952863,0.2428759004237392,0.4837928500408065,0.46150435369048715,0.3112567353760867,0.013561162341170342,0.3856047016527475,0.41382798780460806,0.4095664479990187,0.012704435651547627,0,0,DATA
6060,242.4,0.6950958134322106,0.13115902589357828,0.646045438420065,0.27992774744281645,0.29558878846677555,0.9549800591290261,0.5594841877723311,0.974645288671024,0.23298210198310795,0.5710007452385741,0.44187402313937657,0.3343876949597478,0.7403070547186087,0.24188235889689355,0.49668978982571155,0.4589052931922489,0.3104450870638059,0.013191179860644412,0.38756939971983606,0.4132891793141745,0.4069966528087617,0.006694047945024345,0,0,DATA
6080,243.2,0.7347606169871794,0.08194296787386471,0.6152694167002632,0.2760364528940683,0.29558878846677555,0.9549800591290261,0.5594841877723311,0.974645288671024,0.23298210198310795,0.5710007452385741,0.44187402313937657,0.3343876949597478,0.7524999256597452,0.22780380019332006,0.5088884805077265,0.45984813707346733,0.2934477924545791,0.011840106071396244,0.36966073287898404,0.39191378084646755,0.3951084601216015,0.012823373442241659,0.024582890362159413,0,DATA
6100,244.0,0.7749085137527234,0.07932448606690087,0.5889497815714997,0.27007064347872106,0.29558878846677555,0.9549800591290261,0.5594841877723311,0.974645288671024,0.23298210198310795,0.5710007452385741,0.44187402313937657,0.3343876949597478,0.7567076681215488,0.22284705767629814,0.5209791460330953,0.46022263710107647,0.2898696330044297,0.011385565866006841,0.37137899248355455,0.390403495996627,0.39095740686185093,0.007085050168064738,0,0,DATA
6120,244.8,0.8149830251277863,0.0775249097223771,0.562667864113985,0.25433922195214964,0.29558878846677555,0.9549800591290261,0.5594841877723311,0.974645288671024,0.23298210198310795,0.5710007452385741,0.44187402313937657,0.3343876949597478,0.7583479018924396,0.22085615354472493,0.5330219930794691,0.4603979722814177,0.2878100322644024,0.01120777410565014,0.37341768072925474,0.3882408503439186,0.3849781578779857,0.0052246616496126235,0,0,DATA
6140,245.6,0.8549658538629128,0.07648182460501028,0.5362637488536117,0.2449020552082075,0.29558878846677555,0.9549800591290261,0.5594841877723311,0.974645288671024,0.23298210198310795,0.5710007452385741,0.44187402313937657,0.3343876949597478,0.759059019898354,0.21996681847239025,0.5450312412277578,0.46048708081462786,0.28676218340003057,0.011129794374841495,0.3757161893772586,0.38695523079149097,0.3803315158200116,0.004536567075512606,0,0,DATA
6160,246.4,0.8951049129587734,0.0752834168778708,0.5101023612157606,0.23713209065556298,0.29558878846677555,0.9549800591290261,0.5594841877723311,0.974645288671024,0.23298210198310795,0.5710007452385741,0.44187402313937657,0.3343876949597478,0.7595240209228276,0.2193644637870908,0.5570632180823751,0.46055575764504075,0.2859699849815295,0.011077895682827315,0.3780323605780047,0.3858782667731875,0.37607132075053507,0.00436644418813011,0,0,DATA
6180,247.2,0.8951333244301996,0.00029547578250256476,0.5379694151680525,0.2276517024956432,0.29558878846677555,0.9549800591290261,0.5594841877723311,0.974645288671024,0.23298210198310795,0.5710007452385741,0.44187402313937657,0.3343876949597478,0.775410988860197,0.19818713387479786,0.5606787775477597,0.46320093863250256,0.26423262032448713,0.009347237007690247,0.353616277224601,0.363300849999021,0.36989665658946147,0.013559952438348991,8.864273475076943e-05,0,DATA
6200,248.0,0.8951614740447463,0.0002948714002201731,0.5396756284488997,0.2273852347452891,0.2955612574891068,0.9552245470676599,0.5594682734204793,0.9746766067538126,0.23298210198310795,0.5710007452385741,0.44187402313937657,0.3343876949597478,0.7802456627845047,0.19182798416876046,0.5617649007879115,0.4639631765233674,0.2606133726525507,0.008852556619282,0.3539629080507669,0.36379145537823615,0.37027264066371474,0.004093315623498961,0,0,DATA
6220,248.8,0.8951893618024135,0.00029460278587244355,0.5413815958099623,0.22802445118967812,0.2955612574891068,0.9552245470676599,0.5594682734204793,0.9746766067538126,0.23298210198310795,0.5710007452385741,0.44187402313937657,0.3343876949597478,0.78169612137081,0.18992016404493187,0.5620965941890671,0.464191857292129,0.2597011533616744,0.008706664772589138,0.35430957162877375,0.36437263733678815,0.3708297242764727,0.0012299907037631637,0,0,DATA
6240,249.6,0.8952172495600806,0.00029460278587244355,0.5430875631710248,0.22186447824855635,0.2955612574891068,0.9552245470676599,0.5594682734204793,0.9746766067538126,0.23298210198310795,0.5710007452385741,0.44187402313937657,0.3343876949597478,0.7821312589467015,0.18934781800778328,0.5622019586385238,0.4642604615227576,0.2593182939256813,0.00866312385341441,0.35465634265251966,0.3642740078025282,0.37002701030428076,0.0003709493541656228,0,0,DATA
6260,250.4,0.8952173477564105,7.484267263616102e-05,0.5447806027453925,0.21732521434280863,0.2955612574891068,0.9552245470676599,0.5594682734204793,0.9746766067538126,0.23298210198310795,0.5710007452385741,0.44187402313937657,0.3343876949597478,0.7823079498432487,0.18911458136493256,0.5622335885945903,0.4642887343959093,0.25916479237025364,0.008645435595692263,0.3549070661613647,0.3642401088782352,0.36950946321937067,0.00014718583182142994,0,0,DATA
6280,251.2,0.8834344755530418,0.07699791959571309,0.5653857059840381,0.21534756870507038,0.2955612574891068,0.9552245470676599,0.5594682734204793,0.9746766067538126,0.23298210198310795,0.5710007452385741,0.44187402313937657,0.3343876949597478,0.7662071109583666,0.21058307191053888,0.5597686744187027,0.46160490856554726,0.2858044557921682,0.010338893200697653,0.38744074313765076,0.39863653161461204,0.38462538421960907,0.013344747868792,0.023099375878713926,0,DATA
6300,252.0,0.8715349133777442,0.07998881614129713,0.5863218707619186,0.2295386952920972,0.2955612574891068,0.9552245470676599,0.5594682734204793,0.9746766067538126,0.23298210198310795,0.5710007452385741,0.44187402313937657,0.3343876949597478,0.7607487710183293,0.2178610701069843,0.556530292109124,0.46069507943734317,0.2927778180201318,0.010945941041775162,0.39044442227640097,0.405152939889853,0.3919563289957924,0.005324906815353821,0,0,DATA
6320,252.8,0.8588780283748114,0.08660420468453493,0.6074912054583533,0.24745278960115083,0.2955612574891068,0.9552245470676599,0.5594682734204793,0.9746766067538126,0.23298210198310795,0.5710007452385741,0.44187402313937657,0.3343876949597478,0.7577220374422383,0.22189677835802452,0.5529008315656344,0.4601905920998685,0.2985020382733736,0.011289746865329813,0.3947930676323965,0.4134099281463974,0.4005581013129042,0.003563967456873577,0,0,DATA
6340,253.6,0.8475833228590581,0.0947343370793732,0.6270665840690323,0.2505607036694552,0.2955612574891068,0.9552245470676599,0.5594682734204793,0.9746766067538126,0.23298210198310795,0.5710007452385741,0.44187402313937657,0.3343876949597478,0.7551066895664951,0.22538392790389128,0.5494401052442794,0.4597546912648067,0.3034649347388212,0.011590953406806971,0.399701255209317,0.4205864449912161,0.40616357808688525,0.0031877412476549924,0,0,DATA
6360,254.4,0.8357033017533936,0.09930380509093681,0.6456957702676889,0.23848736404086338,0.2955612574891068,0.9552245470676599,0.5594682734204793,0.9746766067538126,0.23298210198310795,0.5710007452385741,0.44187402313937657,0.3343876949597478,0.7533624969213437,0.22770952381088916,0.5459070829156834,0.45946398963388346,0.30639357423511204,0.01179395875978898,0.40287887543254086,0.4244196498714464,0.4079036248019991,0.002534270293581775,0,0,DATA
6380,255.2,0.8236244003477461,0.10799005603362156,0.66488278431609,0.22374605894701813,0.2955612574891068,0.9552245470676599,0.5594682734204793,0.9746766067538126,0.23298210198310795,0.5710007452385741,0.44187402313937657,0.3343876949597478,0.7510151264298344,0.23083935284694024,0.5423106069219186,0.4590727603616127,0.31040774917717484,0.012069856487558995,0.40777499833816544,0.42976034367252663,0.4098471647961683,0.0030245585071084027,0.18866276872586618,0,DATA
6400,256.0,0.8105403285780125,0.11894644246105579,0.6853628599071787,0.2254723547944034,0.34037364685457516,0.6442757989267849,0.5194944852941177,0.8709977532679738,0.23298210198310795,0.5710007452385741,0.44187402313937657,0.3343876949597478,0.6609444246531754,0.2442566915241855,0.5272913483767638,0.4973994419113195,0.32169110937515877,0.017391484546179357,0.41363675367341013,0.4378427361516188,0.4156474936505593,0.03950243299968633,0,0,DATA
6420,256.8,0.7956295104847494,0.127762360953997,0.7078846904882032,0.22632510968818412,0.34037364685457516,0.6442757989267849,0.5194944852941177,0.8709977532679738,0.23298210198310795,0.5710007452385741,0.44187402313937657,0.3343876949597478,0.6320718712366601,0.2507503503053826,0.5196542990136321,0.5085888892289787,0.32854171602076077,0.019374202506668395,0.4186853235681389,0.44522876459382804,0.4212798082391864,0.014334420520281369,0,0,DATA
6440,257.6,0.7832692111299646,0.1349745213256243,0.7009368689451657,0.224297672096579,0.34037364685457516,0.6442757989267849,0.5194944852941177,0.8709977532679738,0.23298210198310795,0.5710007452385741,0.44187402313937657,0.3343876949597478,0.6218955515336638,0.2547178528437974,0.5147675213401878,0.5116932978112694,0.33017250316605856,0.02022509018544701,0.4177085635372254,0.44335447864945027,0.4189831594553717,0.006343533304951798,0,0,DATA
6460,258.4,0.7719698249224903,0.14405525965728175,0.722562679314245,0.20782789918177846,0.34037364685457516,0.6442757989267849,0.5194944852941177,0.8709977532679738,0.23298210198310795,0.5710007452385741,0.44187402313937657,0.3343876949597478,0.6169357005731168,0.2584507103381859,0.5109286169345848,0.5123067945443487,0.3348974912268564,0.020790680461336277,0.4234061437022094,0.44956766255986214,0.4213278295936826,0.004177204286846185,0,0,DATA
6480,259.2,0.7618338688306519,0.14959844247528073,0.7430640197334031,0.1839999502998091,0.34037364685457516,0.6442757989267849,0.5194944852941177,0.8709977532679738,0.23298210198310795,0.5710007452385741,0.44187402313937657,0.3343876949597478,0.6142836768931729,0.2611226587755422,0.5076483948336179,0.5122968321656425,0.33808373594782315,0.021151047082783966,0.42769649369487284,0.45352535170624453,0.4215054567355942,0.00286806473942236,0.12756585587997463,0,DATA
6500,260.0,0.7523844360126529,0.152410785361153,0.7623134274191574,0.17164674954155412,0.34037364685457516,0.6442757989267849,0.5194944852941177,0.8709977532679738,0.23298210198310795,0.5710007452385741,0.44187402313937657,0.3343876949597478,0.6128974777831564,0.2627116993147933,0.5046799473115481,0.5121954114510251,0.3405469813996338,0.021356235898332195,0.4307814258227729,0.45729990452689445,0.42332407665646277,0.0019812290571124733,0,0,DATA
6520,260.8,0.7424887990719793,0.1562385437615217,0.7824445516321066,0.16395800465183516,0.34037364685457516,0.6442757989267849,0.5194944852941177,0.8709977532679738,0.23298210198310795,0.5710007452385741,0.44187402313937657,0.3343876949597478,0.6116777887860742,0.2642601838286719,0.5017113292973857,0.5120310136926269,0.3434050476067312,0.021549800773231157,0.4343596266373755,0.46212234327382007,0.4264037087977442,0.0019122638417077287,0,0,DATA
6540,261.6,0.7441257646220881,0.08669861975238814,0.7838934886359006,0.1541877329083922,0.34037364685457516,0.6442757989267849,0.5194944852941177,0.8709977532679738,0.23298210198310795,0.5710007452385741,0.44187402313937657,0.3343876949597478,0.6259152661288675,0.24525355046027802,0.5011645066586599,0.5144155917054272,0.32078869855895975,0.019266577922525525,0.4071608375445026,0.4340914207069823,0.41454459665364496,0.011263644449971022,0,0,DATA
6560,262.4,0.7444366542022791,0.1270088827900904,0.7869091493316352,0.1467048131536282,0.34037364685457516,0.6442757989267849,0.5194944852941177,0.8709977532679738,0.23298210198310795,0.5710007452385741,0.44187402313937657,0.3343876949597478,0.621721354093788,0.25083843410031653,0.5010657466788822,0.5137201059029477,0.33067670448872805,0.019926232870467485,0.4239502528147686,0.4504341100713453,0.41987955629030027,0.003292518551631892,0,0,DATA
6580,263.2,0.7436437515711412,0.13379818158355058,0.7910350900255747,0.15099020596748403,0.34037364685457516,0.6442757989267849,0.5194944852941177,0.8709977532679738,0.23298210198310795,0.5710007452385741,0.44187402313937657,0.3343876949597478,0.6190374277366376,0.2544149028544969,0.5008696091324099,0.5132738347044328,0.3345119699335259,0.020353736720852344,0.42733257994471296,0.45465757055206935,0.4227072245824615,0.0021521775526010347,0.04013945447506517,0,DATA
6600,264.0,0.7416277154558404,0.13505433655066879,0.7958390504095545,0.1594740649061648,0.344676947167756,0.6199776511536066,0.5213987608932462,0.8656358932461874,0.23298210198310795,0.5710007452385741,0.44187402313937657,0.3343876949597478,0.6111649759099076,0.2567432599373121,0.5009205974520111,0.5160458820763901,0.33686451569235465,0.020964462049165657,0.4283926267852961,0.4570463993249184,0.4255918060997303,0.0034172657430488287,0,0,DATA
6620,264.8,0.7410911379776268,0.1474125972127103,0.7990216101284109,0.15573976058452482,0.344676947167756,0.6199776511536066,0.5213987608932462,0.8656358932461874,0.23298210198310795,0.5710007452385741,0.44187402313937657,0.3343876949597478,0.6062080056228599,0.2609020800475283,0.5008232126774665,0.5164449571648058,0.34152673825955104,0.021575641592202686,0.43386512749824124,0.4624637255775852,0.42744066651660123,0.0030710583906028064,0,0,DATA
6640,265.6,0.7414584249832412,0.1454701781867716,0.801153963633124,0.15315995159249546,0.344676947167756,0.6199776511536066,0.5213987608932462,0.8656358932461874,0.23298210198310795,0.5710007452385741,0.44187402313937657,0.3343876949597478,0.6051288225321929,0.2616058487533303,0.5008711275162823,0.5166326643572383,0.3418202854602156,0.021693128001235445,0.4335880879899313,0.4621419405205436,0.4272031589410443,0.000610288878428252,0,0,DATA
6660,266.4,0.742380750377074,0.14790493072620145,0.8019005222180032,0.15016903009512622,0.344676947167756,0.6199776511536066,0.5213987608932462,0.8656358932461874,0.23298210198310795,0.5710007452385741,0.44187402313937657,0.3343876949597478,0.6042937695717124,0.26249871007611125,0.5010791903006317,0.5166037601760882,0.34278929886199033,0.021813198761866243,0.4348957658014456,0.463225182040809,0.42724905970808796,0.0006453256892036315,0,0,DATA
6680,267.2,0.7449173907009385,0.15297125824248317,0.8005481252681796,0.1478953111314474,0.344676947167756,0.6199776511536066,0.5213987608932462,0.8656358932461874,0.23298210198310795,0.5710007452385741,0.44187402313937657,0.3343876949597478,0.6029793249051492,0.26418514017750444,0.5016743036039482,0.5164177674586732,0.3445614641588145,0.022026262167693128,0.43715914548276646,0.4651259501307796,0.4274698298377251,0.0011986626904242903,0.0749546925407975,0,DATA
6700,268.0,0.7447021116138763,0.14832729894577462,0.8028569047181288,0.14897468629542626,0.344676947167756,0.6199776511536066,0.5213987608932462,0.8656358932461874,0.23298210198310795,0.5710007452385741,0.44187402313937657,0.3343876949597478,0.6035602229574889,0.263390760604844,0.5018076289866601,0.5165245082188334,0.34364480914133294,0.02192790062594077,0.43572026183666046,0.46402588194606637,0.4275447779297956,0.0005028676692373687,0,0,DATA
6720,268.8,0.742556489075331,0.14469254010728488,0.8040001874669637,0.14254447127799133,0.344676947167756,0.6199776511536066,0.5213987608932462,0.8656358932461874,0.23298210198310795,0.5710007452385741,0.44187402313937657,0.3343876949597478,0.6044977917292736,0.26213471425826873,0.5013970458683791,0.5166837470062289,0.3420179554453086,0.021771720254247836,0.43406589034332244,0.4618428172258684,0.4257847795338893,0.0008680660788803474,0,0,DATA
6740,269.6,0.7391641004692476,0.14155387312350692,0.8062567255521373,0.13956677581864968,0.344676947167756,0.6199776511536066,0.5213987608932462,0.8656358932461874,0.23298210198310795,0.5710007452385741,0.44187402313937657,0.3343876949597478,0.6054381824274025,0.26087907359883833,0.5005614693256173,0.5168413719868796,0.34064266999560644,0.021615913503620743,0.4325832534456294,0.4602880645907585,0.42494333605513945,0.0010105359667736957,0,0,DATA
6760,270.4,0.7367415970127367,0.15532851450254037,0.8079207471365042,0.1450358646580719,0.344676947167756,0.6199776511536066,0.5213987608932462,0.8656358932461874,0.23298210198310795,0.5710007452385741,0.44187402313937657,0.3343876949597478,0.6028276249472442,0.26435928098713857,0.4998020706369215,0.5164065470328085,0.3451593829164119,0.022049202734349137,0.4379414136228139,0.4663595358103219,0.42827710508031946,0.0022833878523847995,0,0,DATA
6780,271.2,0.7063427955316742,0.22066088118874458,0.8197066044885547,0.14985892421018795,0.344676947167756,0.6199776511536066,0.5213987608932462,0.8656358932461874,0.23298210198310795,0.5710007452385741,0.44187402313937657,0.3343876949597478,0.5883246606990937,0.28369640587576583,0.49319050271928966,0.5139894667125702,0.36639015766522665,0.024526070970944235,0.4603517714714932,0.49043078534941786,0.4389481561835797,0.013483885684803187,0.0988981871362298,0,DATA
6800,272.0,0.6761608770110608,0.21403566812920102,0.8229678186528856,0.16667240343654294,0.41571035879629625,0.15492390286575003,0.42045172930283226,0.6712248093681916,0.23298210198310795,0.5710007452385741,0.44187402313937657,0.3343876949597478,0.45515001664655297,0.3025595001276753,0.4566036606093553,0.5262952582594388,0.37529731151397017,0.034618403107678136,0.4523175453764193,0.48440402859341253,0.43911418175894057,0.0628748601381282,0,0,DATA
6820,272.8,0.6474187130781799,0.17130178933804002,0.8243024662051106,0.16624164543056355,0.41571035879629625,0.15492390286575003,0.42045172930283226,0.6712248093681916,0.23298210198310795,0.5710007452385741,0.44187402313937657,0.3343876949597478,0.4241717379769345,0.296252942341723,0.4395917535504701,0.5139593978176057,0.36251951050721043,0.03582407155064929,0.42974249058382374,0.46191936275544154,0.4300773938338387,0.018098914504818653,0,0,DATA
6840,273.6,0.620519956112787,0.15971912111336214,0.8241398825425384,0.16345828829199263,0.41571035879629625,0.15492390286575003,0.42045172930283226,0.6712248093681916,0.23298210198310795,0.5710007452385741,0.44187402313937657,0.3343876949597478,0.4173106147032314,0.29111782790302754,0.42883944247007194,0.5130963934001018,0.35530247004576176,0.03562256631984657,0.4196971551683596,0.45157943325986305,0.4250528005602405,0.007582849597598917,0,0,DATA
6860,274.4,0.5934262139684934,0.15146073300829413,0.8248402026502758,0.17018855458391682,0.41571035879629625,0.15492390286575003,0.42045172930283226,0.6712248093681916,0.23298210198310795,0.5710007452385741,0.44187402313937657,0.3343876949597478,0.4169865392231846,0.28726494490199983,0.4199240632956509,0.5148607971605924,0.34985514784139615,0.035170659234306983,0.41111511551902113,0.4437404522504907,0.4226258014153701,0.0043641125518318336,0,0,DATA
6880,275.2,0.5654350228339198,0.13496554592699048,0.8264982557122801,0.17600729289402917,0.41571035879629625,0.15492390286575003,0.42045172930283226,0.6712248093681916,0.23298210198310795,0.5710007452385741,0.44187402313937657,0.3343876949597478,0.4203533058662444,0.2814904276189265,0.4113712994050641,0.519431439123659,0.34194362814762275,0.03426464911791767,0.3992504130719857,0.4326234289406671,0.41893066516724076,0.005898015938906635,0.048857563637311745,0,DATA
6900,276.0,0.5367254928146472,0.12982278413449602,0.8287735798491972,0.18216776093950823,0.41571035879629625,0.15492390286575003,0.42045172930283226,0.6712248093681916,0.23298210198310795,0.5710007452385741,0.44187402313937657,0.3343876949597478,0.42244331583558614,0.2783180991321061,0.40277646893384084,0.5220626083517399,0.3374400843854388,0.03375634048031318,0.39190646717851685,0.42612306226543784,0.4170892225397644,0.0046190563091284735,0,0,DATA
6920,276.8,0.5083706806707725,0.11750755642739842,0.8311599683173221,0.18722412745509345,0.41571035879629625,0.15492390286575003,0.42045172930283226,0.6712248093681916,0.23298210198310795,0.5710007452385741,0.44187402313937657,0.3343876949597478,0.4256565166448792,0.27391813682807264,0.39424350924226015,0.5258691899084033,0.33104990687517155,0.03303785034059577,0.3817866913605279,0.4167475619458198,0.41401432758946055,0.005382040934969061,0,0,DATA
6940,277.6,0.4805463578326629,0.10437149947599832,0.8337223509708408,0.1905889469500151,0.41571035879629625,0.15492390286575003,0.42045172930283226,0.6712248093681916,0.23298210198310795,0.5710007452385741,0.44187402313937657,0.3343876949597478,0.42937904884746114,0.26892005219047055,0.38584051353878296,0.5302294983284952,0.32416541985155656,0.032224797352632506,0.3714798805430497,0.4070334713431856,0.4105750463253036,0.005707870847887079,0,0,DATA
6960,278.4,0.4530454937049606,0.10232714664378859,0.8359662045098323,0.1918782089933425,0.41571035879629625,0.15492390286575003,0.42045172930283226,0.6712248093681916,0.23298210198310795,0.5710007452385741,0.44187402313937657,0.3343876949597478,0.43092512260299976,0.2668482080061712,0.37754443336092236,0.5320384572984143,0.3207159806640193,0.03188988836349142,0.36561073729242366,0.40151763965079146,0.4083371227811152,0.003971332705899518,0,0,DATA
6980,279.2,0.42613822639098375,0.09752763134172406,0.8368413632421051,0.19394125788397426,0.41571035879629625,0.15492390286575003,0.42045172930283226,0.6712248093681916,0.23298210198310795,0.5710007452385741,0.44187402313937657,0.3343876949597478,0.4323968429430949,0.26488279046630336,0.369405083171629,0.5337570262383957,0.31680376731014814,0.03157314470493046,0.358484509455257,0.39468523257591537,0.4055578682156024,0.003858829356418773,0.029258289402517214,0,DATA
7000,280.0,0.3993970090707223,0.09595707142492159,0.8378009135497382,0.19685874286615423,0.4135127314814815,0.1610528016462308,0.4193133850762527,0.6738303376906318,0.23298210198310795,0.5710007452385741,0.44187402313937657,0.3343876949597478,0.43488426828618654,0.2633919066915272,0.36102888609414385,0.5357461807973296,0.31375049550917633,0.03125785111627056,0.35269995208601035,0.38928837873565,0.4034715470694002,0.004118168731784333,0,0,DATA
7020,280.8,0.37094720834380757,0.08030689048070441,0.8404850880420344,0.1979532481671179,0.4135127314814815,0.1610528016462308,0.4193133850762527,0.6738303376906318,0.23298210198310795,0.5710007452385741,0.44187402313937657,0.3343876949597478,0.43891703388739967,0.25856259089471356,0.35254156881824616,0.540177221496343,0.30643877417297427,0.03046576373924259,0.3412867544613998,0.3782530490903654,0.39916898453834293,0.005783132891308144,0,0,DATA
7040,281.6,0.3708157234581867,0.012456768265588716,0.8320475239716063,0.19147603098290863,0.4135127314814815,0.1610528016462308,0.4193133850762527,0.6738303376906318,0.23298210198310795,0.5710007452385741,0.44187402313937657,0.3343876949597478,0.45437538923293785,0.23811576193543704,0.3499677618094965,0.5581298136487504,0.28203254207632045,0.0272835821839403,0.3124328957841437,0.3479077122876456,0.3855734832630646,0.012826330437854786,0,0,DATA
7060,282.4,0.3706755318313222,0.04819628207797169,0.8399677961770087,0.19082187887002616,0.4135127314814815,0.1610528016462308,0.4193133850762527,0.6738303376906318,0.23298210198310795,0.5710007452385741,0.44187402313937657,0.3343876949597478,0.45150759793599893,0.2419887771151213,0.34916617946523,0.5547594104104387,0.2909877246440961,0.02787309118280464,0.3282847174248045,0.3644861459375583,0.3927696288010097,0.0025141296069632335,0,0,DATA
7080,283.2,0.37064908428649235,0.05054750185507929,0.8403374640272343,0.19970576034209897,0.4135127314814815,0.1610528016462308,0.4193133850762527,0.6738303376906318,0.23298210198310795,0.5710007452385741,0.44187402313937657,0.3343876949597478,0.45015350439372465,0.24380902320661668,0.3489201507775358,0.5531722405935539,0.2928536670606542,0.02815208277154292,0.32929384939672657,0.36642063284171034,0.39498886027006386,0.0011401227738212876,0.015164250556523786,0,DATA
7100,284.0,0.3706787395780963,0.05009853360771921,0.8408528018711279,0.19910314543017943,0.4135127314814815,0.1610528016462308,0.4193133850762527,0.6738303376906318,0.23298210198310795,0.5710007452385741,0.44187402313937657,0.3343876949597478,0.449841559662988,0.24422938592480453,0.3488525697824644,0.5528060868690916,0.29307415814010807,0.028216620189419894,0.32922326072488206,0.3663413164630633,0.3949327920407097,0.000266629481331974,0,0,DATA
7120,284.8,0.37076279563641695,0.0506722019324436,0.8414395197320634,0.18489634530583438,0.4135127314814815,0.1610528016462308,0.4193133850762527,0.6738303376906318,0.23298210198310795,0.5710007452385741,0.44187402313937657,0.3343876949597478,0.4496275058955749,0.2445161218711837,0.3488499472561903,0.5525556920121955,0.29284684526289556,0.028260739047026834,0.32958688283862314,0.36534293035046334,0.39233256733561533,0.00016780408002213068,0,0,DATA
7140,285.6,0.3708587661827551,0.05179290559049742,0.8419911425651514,0.18512705492623963,0.4135127314814815,0.1610528016462308,0.4193133850762527,0.6738303376906318,0.23298210198310795,0.5710007452385741,0.44187402313937657,0.3343876949597478,0.44932794199715964,0.24491593967935252,0.3488693143130391,0.5522060011589035,0.2933491493015793,0.028322356553594993,0.33016468297772983,0.36599896373491936,0.39269431757131024,0.00023958292114427868,0,0,DATA
7160,286.4,0.371024096070052,0.05134674902326101,0.8424129518345456,0.1855837579633592,0.4135127314814815,0.1610528016462308,0.4193133850762527,0.6738303376906318,0.23298210198310795,0.5710007452385741,0.44187402313937657,0.3343876949597478,0.4493317657067547,0.24491096118297695,0.348909843706426,0.5522104022618888,0.2933568887777919,0.028321584176275203,0.3301036481821735,0.36602578017001436,0.3928407199997269,1.6443866452525713e-05,0,0,DATA
7180,287.2,0.3711920445261438,0.05180255902903479,0.8427563438351477,0.18740787033391754,0.4135127314814815,0.1610528016462308,0.4193133850762527,0.6738303376906318,0.23298210198310795,0.5710007452385741,0.44187402313937657,0.3343876949597478,0.4492371927184207,0.24503709443568097,0.34895727170022145,0.5521000491413698,0.2936331057417201,0.02834103678409859,0.3303882402758218,0.36652712270077875,0.39337655682046435,8.937807827781123e-05,0.015540767708710438,0,DATA
7200,288.0,0.37102988965351097,0.05285225132495313,0.8429310402297829,0.18823215045951674,0.415872566040305,0.15974407702427326,0.4203310525599128,0.6708687363834422,0.23298210198310795,0.5710007452385741,0.44187402313937657,0.3343876949597478,0.4486219425456296,0.24586441351170224,0.349222394470532,0.5513787645169637,0.2943384103372494,0.02846849097104049,0.33081062549858964,0.36704940557557003,0.3937263253013675,0.0005692306730409787,0,0,DATA
7220,288.8,0.3706842058404559,0.05402865990837142,0.8430223134305656,0.1884508962631269,0.415872566040305,0.15974407702427326,0.4203310525599128,0.6708687363834422,0.23298210198310795,0.5710007452385741,0.44187402313937657,0.3343876949597478,0.4481903216912744,0.24644200363786573,0.3492293377008836,0.5508741590267043,0.2948652376974883,0.028557707377325374,0.3312303068095025,0.3675000887869221,0.39393478566849244,0.0003387180702901042,0,0,DATA
7240,289.6,0.3707231570512821,0.05459016037788208,0.8432658236234053,0.1880152658088871,0.415872566040305,0.15974407702427326,0.4203310525599128,0.6708687363834422,0.23298210198310795,0.5710007452385741,0.44187402313937657,0.3343876949597478,0.44794292033637056,0.24677250080717777,0.34923960042426255,0.5505852097645964,0.29516828817603447,0.028608826288749254,0.33151139927803985,0.3677619692293196,0.3939966573173636,0.00019605374919826982,0,0,DATA
7260,290.4,0.3707124536513324,0.05652231245772072,0.8435628292478833,0.1846608188064311,0.415872566040305,0.15974407702427326,0.4203310525599128,0.6708687363834422,0.23298210198310795,0.5710007452385741,0.44187402313937657,0.3343876949597478,0.4474629479931333,0.2474126525403262,0.3492404315272868,0.5500251477264035,0.2957621300715409,0.02870797810940452,0.332341520554881,0.3682863463683629,0.3936887717949727,0.0003736517264699794,0,0,DATA
7280,291.2,0.39974999214429363,0.13250858606010907,0.8336994536744624,0.18468395208010174,0.415872566040305,0.15974407702427326,0.4203310525599128,0.6708687363834422,0.23298210198310795,0.5710007452385741,0.44187402313937657,0.3343876949597478,0.43136183883366064,0.26888085466893946,0.3553385639417159,0.5312404920823606,0.3219411784666642,0.03210814210207369,0.36657086257974447,0.4015316641632513,0.405529249446006,0.014555814567505015,0.07766818419646487,0,DATA
7300,292.0,0.42810254577258244,0.13963305874169357,0.8245098771104151,0.2000345045144622,0.415872566040305,0.15974407702427326,0.4203310525599128,0.6708687363834422,0.23298210198310795,0.5710007452385741,0.44187402313937657,0.3343876949597478,0.42503536682268606,0.2773161676583671,0.36312203992798536,0.5238595995821594,0.3299217590893261,0.03348386760848462,0.37325324706522656,0.40883014623576464,0.4102058920569328,0.007515086995557215,0,0,DATA
7320,292.8,0.456724517397771,0.10759961022825415,0.8075077579223847,0.20425206364924234,0.415872566040305,0.15974407702427326,0.4203310525599128,0.6708687363834422,0.23298210198310795,0.5710007452385741,0.44187402313937657,0.3343876949597478,0.42986444940721596,0.27087739597143234,0.37146769676515573,0.5294935267178917,0.3213513501078576,0.03243173499201555,0.3627638381472824,0.3970622813124955,0.4048560539723842,0.006537837036211673,0,0,DATA
7340,293.6,0.4868146550821184,0.10914626043621242,0.8027506693700399,0.19731574538344354,0.415872566040305,0.15974407702427326,0.4203310525599128,0.6708687363834422,0.23298210198310795,0.5710007452385741,0.44187402313937657,0.3343876949597478,0.43098837763890374,0.26937882652358025,0.38029032273001984,0.5308047755576617,0.3222585801302541,0.03218873345308125,0.36844910805686626,0.40157821054026493,0.4055205294807667,0.0038150412148013255,0,0,DATA
7360,294.4,0.5166620514391654,0.10928134153694537,0.7983821672339183,0.1928766618094243,0.415872566040305,0.15974407702427326,0.4203310525599128,0.6708687363834422,0.23298210198310795,0.5710007452385741,0.44187402313937657,0.3343876949597478,0.4312971890772561,0.26896707839742984,0.38920506375445896,0.5311650553399131,0.3237191523399495,0.03212209004136223,0.3735989193413445,0.4058472632537291,0.4065455890327471,0.003211766862980636,0,0,DATA
7380,295.2,0.5464185834590246,0.10983085935209809,0.7940053799294943,0.18949227534557805,0.415872566040305,0.15974407702427326,0.4203310525599128,0.6708687363834422,0.23298210198310795,0.5710007452385741,0.44187402313937657,0.3343876949597478,0.4312744337675798,0.26899741894782747,0.3981283577859611,0.5311385074098761,0.3255452121471166,0.03212699897529417,0.3788946754104926,0.41036690194605024,0.40783259578813064,0.0029921299638587064,0.1229449218720963,0,DATA
7400,296.0,0.5760864441930618,0.11039688729178807,0.7897135335960823,0.18638340539310344,0.3486975337009804,0.6590640906457244,0.5383060151143791,0.8727287581699346,0.23298210198310795,0.5710007452385741,0.44187402313937657,0.3343876949597478,0.5709583451213484,0.2550582521448018,0.4400685862648101,0.5369917013669248,0.31900632903626613,0.022980429064039055,0.38419628946649365,0.41492844437346266,0.40918955047864003,0.06518776887854773,0,0,DATA
7420,296.8,0.6065913631745433,0.1129763801575984,0.7843650305647377,0.18321676773924395,0.3486975337009804,0.6590640906457244,0.5383060151143791,0.8727287581699346,0.23298210198310795,0.5710007452385741,0.44187402313937657,0.3343876949597478,0.6123218250256587,0.251598760106321,0.459056687794576,0.5180397074340102,0.31901526032031013,0.020483263110203383,0.39025936980284515,0.42014001064129375,0.41065651301805167,0.02127035782418568,0,0,DATA
7440,297.6,0.6372097316490699,0.11481518244870305,0.7791461791788077,0.18050061925789843,0.3486975337009804,0.6590640906457244,0.5383060151143791,0.8727287581699346,0.23298210198310795,0.5710007452385741,0.44187402313937657,0.3343876949597478,0.6243447205158198,0.25107577713628604,0.47118297563315625,0.512289751173947,0.3207102402772626,0.019806767658686244,0.3960747941370063,0.42516193498872734,0.4121462276664184,0.008224055432925445,0,0,DATA
7460,298.4,0.6658782483345903,0.11661048746749085,0.7769694914734049,0.17838561395713443,0.3486975337009804,0.6590640906457244,0.5383060151143791,0.8727287581699346,0.23298210198310795,0.5710007452385741,0.44187402313937657,0.3343876949597478,0.6275745751089227,0.25142156765053614,0.48084125048868964,0.5105019286202706,0.3231526419869814,0.019663514673396644,0.402091281940545,0.43074925349164933,0.4143152021012851,0.004411306654295455,0,0,DATA
7480,299.2,0.6935545893036702,0.12487106994503375,0.7755644829258009,0.17621940756946147,0.3486975337009804,0.6590640906457244,0.5383060151143791,0.8727287581699346,0.23298210198310795,0.5710007452385741,0.44187402313937657,0.3343876949597478,0.6268088091665696,0.25383826789852315,0.48955076454885643,0.5096764614674536,0.32788321332848747,0.019893343149990486,0.4106497814158573,0.43895063147343394,0.4175374301553889,0.003963993416835639,0.03913287178967433,0,DATA
7500,300.0,0.722483097138428,0.13254748368855934,0.7714028464330316,0.17313354285858354,0.3486975337009804,0.6590640906457244,0.5383060151143791,0.8727287581699346,0.23298210198310795,0.5710007452385741,0.44187402313937657,0.3343876949597478,0.6249670324977232,0.25671267382110646,0.49823860541220555,0.5091601468405851,0.33252753274021474,0.020217900330300454,0.41867372118166524,0.4462498211188772,0.41992416093502566,0.0044680078182595855,0,0,DATA
7520,300.8,0.7498534256116977,0.1340861063976873,0.7688449028305696,0.1692546894238765,0.3486975337009804,0.6590640906457244,0.5383060151143791,0.8727287581699346,0.23298210198310795,0.5710007452385741,0.44187402313937657,0.3343876949597478,0.6240913887281525,0.2580058099564373,0.506592726650597,0.508951400657705,0.3352771129630516,0.020367187201366436,0.42425164723947795,0.451184067472973,0.42147673060116486,0.0035076337144309875,0,0,DATA
7540,301.6,0.7494013951734539,0.0667742243799229,0.7772337752446024,0.1654900187669052,0.3486975337009804,0.6590640906457244,0.5383060151143791,0.8727287581699346,0.23298210198310795,0.5710007452385741,0.44187402313937657,0.3343876949597478,0.6379641908210117,0.23954642383206248,0.5090040366300832,0.5112446926734628,0.31425149559392995,0.01821212051147446,0.39891426282752995,0.4263091032367312,0.41267902922678984,0.01158116606557343,0,0,DATA
7560,302.4,0.7495428306204961,0.08967858356286491,0.7852021480412845,0.16662311947365807,0.3486975337009804,0.6590640906457244,0.5383060151143791,0.8727287581699346,0.23298210198310795,0.5710007452385741,0.44187402313937657,0.3343876949597478,0.6373161160204518,0.24042182856597383,0.509757131067808,0.5111310277067871,0.31945427950318284,0.018311395741332216,0.4096979681494517,0.4380029559089963,0.4183475399894564,0.0007588579907320167,0,0,DATA
7580,303.2,0.745617072282973,0.10958556956009867,0.7972006279891843,0.17301195589314014,0.3486975337009804,0.6590640906457244,0.5383060151143791,0.8727287581699346,0.23298210198310795,0.5710007452385741,0.44187402313937657,0.3343876949597478,0.6329412265208647,0.2462584060653727,0.5091586501482456,0.5104001837068812,0.327522654145905,0.01898217478274933,0.4192753068704206,0.4494190262667034,0.4252183993261605,0.003603315972849445,0.0328756708680296,0,DATA
7600,304.0,0.7405330227710742,0.12886015533061684,0.8010524198429378,0.17224185491880833,0.3298830678104575,0.6215228738640765,0.5003528390522876,0.872469362745098,0.23298210198310795,0.5710007452385741,0.44187402313937657,0.3343876949597478,0.6170695559603183,0.24945522549392762,0.49728456617749245,0.5167376092728769,0.33254936654884604,0.020060040055945808,0.4267386896469988,0.4571905781312237,0.42841011000912044,0.010314191319951482,0,0,DATA
7620,304.8,0.7370227331049942,0.14101860115720644,0.8034187772701544,0.16708636494499493,0.3298830678104575,0.6215228738640765,0.5003528390522876,0.872469362745098,0.23298210198310795,0.5710007452385741,0.44187402313937657,0.3343876949597478,0.6097547811685705,0.2538186361539392,0.4929851801563897,0.5182132913387452,0.33690968439613445,0.02080081693397168,0.4313732815298619,0.4615462567594273,0.42944333927854234,0.005325857157620702,0,0,DATA
7640,305.6,0.7332528778071057,0.14525609320503802,0.8059891576643777,0.17024587628251228,0.3298830678104575,0.6215228738640765,0.5003528390522876,0.872469362745098,0.23298210198310795,0.5710007452385741,0.44187402313937657,0.3343876949597478,0.6066704754010015,0.25631415712533545,0.4909036947375023,0.5185076837368314,0.33921823338360163,0.02117134436972125,0.43282838336826146,0.46357434777100087,0.43097647492198754,0.0025537707192842354,0,0,DATA
7660,306.4,0.7292355022938664,0.16163000087013918,0.8092498544391646,0.16967461091340216,0.3298830678104575,0.6215228738640765,0.5003528390522876,0.872469362745098,0.23298210198310795,0.5710007452385741,0.44187402313937657,0.3343876949597478,0.6023066630610596,0.2616475075629827,0.4894356002540558,0.5180229146879788,0.3450851118297571,0.021851648780740637,0.4392266106866114,0.4702415182299186,0.43373174464030345,0.003721752420345207,0,0,DATA
7680,307.2,0.7245602113708732,0.16963402164565713,0.813006442542492,0.1685336534138857,0.3298830678104575,0.6215228738640765,0.5003528390522876,0.872469362745098,0.23298210198310795,0.5710007452385741,0.44187402313937657,0.3343876949597478,0.5993166749962182,0.2654886385114219,0.4880133608151933,0.5175973432461799,0.3487015627214826,0.022339142790191554,0.4422444784328855,0.47352094903657366,0.4351757741902603,0.0027511194840476962,0.1363809683415069,0,DATA
7700,308.0,0.718826069423496,0.18136877718856162,0.8171526000252347,0.1671440387700389,0.3298830678104575,0.6215228738640765,0.5003528390522876,0.872469362745098,0.23298210198310795,0.5710007452385741,0.44187402313937657,0.3343876949597478,0.5959553799127559,0.2699267093479669,0.4863825191745853,0.5170589553696385,0.3532251890666594,0.02290311129327884,0.44662078375712044,0.47817290864469814,0.43712118976887465,0.0031434025202051,0,0,DATA
7720,308.8,0.7136592404055639,0.18841029487726307,0.8192314573359544,0.1656982998529516,0.3298830678104575,0.6215228738640765,0.5003528390522876,0.872469362745098,0.23298210198310795,0.5710007452385741,0.44187402313937657,0.3343876949597478,0.59346827267309,0.2732297555517669,0.48480823258863714,0.5166509858875715,0.3561119466182999,0.023326078541129523,0.44881979649115844,0.4804352332180995,0.4378913010646491,0.002454813343138018,0,0,DATA
7740,309.6,0.7095834708081951,0.1994642000931154,0.8210954428580202,0.16526704246978674,0.3298830678104575,0.6215228738640765,0.5003528390522876,0.872469362745098,0.23298210198310795,0.5710007452385741,0.44187402313937657,0.3343876949597478,0.5904008204058613,0.2773157628733455,0.4834800349974053,0.5161417083603965,0.36021254224531524,0.02385354488190345,0.4527990017624388,0.48455771130326986,0.4395215547911735,0.0028272190600130607,0,0,DATA
7760,310.4,0.7044607646744596,0.2064269876413802,0.825012239878421,0.16473709995440197,0.3298830678104575,0.6215228738640765,0.5003528390522876,0.872469362745098,0.23298210198310795,0.5710007452385741,0.44187402313937657,0.3343876949597478,0.5880183993405569,0.2804911455833332,0.4820058074319512,0.515745227538055,0.36327081933016414,0.024267010136926722,0.45534293495907774,0.4874403299504105,0.440926913062063,0.002344010446915401,0,0,DATA
7780,311.2,0.6768266153950897,0.27904533385807195,0.8319424200065353,0.16442748957080802,0.3298830678104575,0.6215228738640765,0.5003528390522876,0.872469362745098,0.23298210198310795,0.5710007452385741,0.44187402313937657,0.3343876949597478,0.5720538203154604,0.3017768973370032,0.4757603678136474,0.5130846411737682,0.3862697110347172,0.027120296769809045,0.48024947961550335,0.5130089315812881,0.45072687302193953,0.01449859013235677,0.20704028873731545,0,DATA
7800,312.0,0.6483106303418804,0.27118894009864514,0.8367369349521497,0.17381403905159498,0.4139375680827886,0.16366730685560743,0.4200200844226579,0.6737159586056645,0.23298210198310795,0.5710007452385741,0.44187402313937657,0.3343876949597478,0.44071473053503973,0.3236142776676542,0.445405207770686,0.5085502264336927,0.39678464120004797,0.038008466682493115,0.4723626280902137,0.5065401864986386,0.44977275408526557,0.061177210051344355,0,0,DATA
7820,312.8,0.6202268073361823,0.2404002012022793,0.8414080464605329,0.1673709729071541,0.4139375680827886,0.16366730685560743,0.4200200844226579,0.6737159586056645,0.23298210198310795,0.5710007452385741,0.44187402313937657,0.3343876949597478,0.4077786387691503,0.3215446448758671,0.4304010569266009,0.4931169969466415,0.3886727681963297,0.03998937752982399,0.4553645902322043,0.4893649531770235,0.44222522559844846,0.01666995846725387,0,0,DATA
7840,313.6,0.5959766999748617,0.2167115763475795,0.8418186036023935,0.15506848165564835,0.4139375680827886,0.16366730685560743,0.4200200844226579,0.6737159586056645,0.23298210198310795,0.5710007452385741,0.44187402313937657,0.3343876949597478,0.40287242245887045,0.31429094007901504,0.4208072891274981,0.49429074118992766,0.37814752395952383,0.03941107541542637,0.44112123024643246,0.473932399780287,0.4338890621692754,0.007251229635411582,0,0,DATA
7860,314.4,0.5712080177957936,0.1940105278445324,0.8456505153509941,0.15984424590657145,0.4139375680827886,0.16366730685560743,0.4200200844226579,0.6737159586056645,0.23298210198310795,0.5710007452385741,0.44187402313937657,0.3343876949597478,0.40616777775142643,0.3057585350591062,0.41272773553016295,0.50020462134616,0.36806527859263455,0.03812954677257966,0.4278534567591201,0.46152539389292707,0.4299201674632464,0.0066357713032666465,0,0,DATA
7880,315.2,0.5451728975511145,0.18098209526790093,0.8506547222575613,0.1631823749956416,0.4139375680827886,0.16366730685560743,0.4200200844226579,0.6737159586056645,0.23298210198310795,0.5710007452385741,0.44187402313937657,0.3343876949597478,0.40989235518028583,0.29955085243167673,0.4048364941995798,0.5051707513743044,0.3609073401766924,0.03712112208676085,0.41843590106084516,0.45294207179421586,0.42728106809673955,0.0059411671289573515,0.07372572742138829,0,DATA
7900,316.0,0.519474787110357,0.17548899948284796,0.8554835341863879,0.16589494123880963,0.4139375680827886,0.16366730685560743,0.4200200844226579,0.6737159586056645,0.23298210198310795,0.5710007452385741,0.44187402313937657,0.3343876949597478,0.41216327852380474,0.29615048082363304,0.39707251860784576,0.5080063988500858,0.356620333132183,0.03655850681930228,0.4120648030444378,0.4473251115950079,0.42563700891574613,0.00447842351443221,0,0,DATA
7920,316.8,0.49421587612074747,0.15794151474803006,0.8595434294888395,0.1682842819657583,0.4139375680827886,0.16366730685560743,0.4200200844226579,0.6737159586056645,0.23298210198310795,0.5710007452385741,0.44187402313937657,0.3343876949597478,0.4165295273211722,0.29021707361547094,0.38943895462250755,0.5131562268528506,0.34881473943591823,0.03555994955559585,0.40080600601307903,0.4367112381665892,0.42197183707756514,0.005977739996955926,0,0,DATA
7940,317.6,0.4687209011542651,0.14727827189692969,0.8641237448500744,0.17061753868740276,0.4139375680827886,0.16366730685560743,0.4200200844226579,0.6737159586056645,0.23298210198310795,0.5710007452385741,0.44187402313937657,0.3343876949597478,0.4200786829591135,0.2854513434547142,0.3817949406839448,0.5173136697521996,0.3428525525981835,0.03476325699994314,0.39235777695158935,0.42895436631338746,0.41943458333788947,0.005319633245753593,0,0,DATA
7960,318.4,0.4441678581154684,0.13290740314805902,0.8681622216806946,0.17287700327288588,0.4139375680827886,0.16366730685560743,0.4200200844226579,0.6737159586056645,0.23298210198310795,0.5710007452385741,0.44187402313937657,0.3343876949597478,0.42416131208775876,0.2799977811568034,0.3743455974642287,0.5220817654654776,0.33589182857960775,0.03385904653313123,0.38250651621040577,0.4197328997138142,0.4162851608464308,0.0056618448820907235,0,0,DATA
7980,319.2,0.42097892575833745,0.12267538850737167,0.8711326898639234,0.17561849295616982,0.4139375680827886,0.16366730685560743,0.4200200844226579,0.6737159586056645,0.23298210198310795,0.5710007452385741,0.44187402313937657,0.3343876949597478,0.42753482390089664,0.2754967483680377,0.3672411187033163,0.5260190377664294,0.3301650877445867,0.0331195818595402,0.3743700175193504,0.4121675968094102,0.4137223803970787,0.004993007787605308,0.0368026165522115,0,DATA
8000,320.0,0.3977236781464723,0.10201385618619001,0.8735653366857546,0.17860757258438048,0.41359979234749455,0.1635832551171146,0.4206874659586057,0.6747903050108932,0.23298210198310795,0.5710007452385741,0.44187402313937657,0.3343876949597478,0.43286226474550815,0.2682902765770654,0.36041303990661633,0.5322859940842213,0.3210864204934132,0.0319530833682308,0.361940884432871,0.4002806363679349,0.40950360341881487,0.006453997144094614,0,0,DATA
8020,320.8,0.37408585763365176,0.08643875953159039,0.8766118688497874,0.18314423964858106,0.41359979234749455,0.1635832551171146,0.4206874659586057,0.6747903050108932,0.23298210198310795,0.5710007452385741,0.44187402313937657,0.3343876949597478,0.4377312672963576,0.26176730797648584,0.35340067395991404,0.5379819796599358,0.3133366487695558,0.030908550229028376,0.3515925881012736,0.3906906599591608,0.4064725233231911,0.006134779032710425,0,0,DATA
8040,321.6,0.3745003770739065,0.009897666331489861,0.8749673802345761,0.1821673578156793,0.41359979234749455,0.1635832551171146,0.4206874659586057,0.6747903050108932,0.23298210198310795,0.5710007452385741,0.44187402313937657,0.3343876949597478,0.4552655976336335,0.23837891130028377,0.35138401325835683,0.5584433431666749,0.28685378349989743,0.027269170694620083,0.3207301569862421,0.359566091799318,0.39442631276681833,0.014313129238345065,0,0,DATA
8060,322.4,0.3745916341964136,0.020021885421118397,0.8761350671681822,0.18232616951832137,0.41359979234749455,0.1635832551171146,0.4206874659586057,0.6747903050108932,0.23298210198310795,0.5710007452385741,0.44187402313937657,0.3343876949597478,0.45839981072599423,0.23419717364251916,0.35079817904361615,0.5621013185417374,0.2861183914295182,0.026636659050167367,0.3250316334333161,0.3640002181100169,0.3962777554164433,0.0026339283216220053,0,0,DATA
8080,323.2,0.37452512254901965,0.02168717568813142,0.8762420681059832,0.18574285609941518,0.41359979234749455,0.1635832551171146,0.4206874659586057,0.6747903050108932,0.23298210198310795,0.5710007452385741,0.44187402313937657,0.3343876949597478,0.45899036369762974,0.2334089336199534,0.35060846133324125,0.5627907150388382,0.28605608050268916,0.026518061280365563,0.32570584739820274,0.3650268008267929,0.3972309853424248,0.0005228369015253901,0.0065061527064394255,0,DATA
8100,324.0,0.3742103705798559,0.027003435703367915,0.8762669132919773,0.18240606614917068,0.41359979234749455,0.1635832551171146,0.4206874659586057,0.6747903050108932,0.23298210198310795,0.5710007452385741,0.44187402313937657,0.3343876949597478,0.45805111498592077,0.2346610144174499,0.35048544810660437,0.5616950502842354,0.2875022602504014,0.026706597775160046,0.3277743700476634,0.3667641289998285,0.39733580245424355,0.0007714475786141187,0,0,DATA
8120,324.8,0.37402114625230437,0.03237224115310407,0.8764300074885031,0.17265947161595124,0.41359979234749455,0.1635832551171146,0.4206874659586057,0.6747903050108932,0.23298210198310795,0.5710007452385741,0.44187402313937657,0.3343876949597478,0.4566418912279635,0.23653990418262497,0.35040880702982746,0.5600509935226692,0.2891031725575144,0.026990433747015857,0.32991666620135274,0.36794807511984856,0.3962136554814364,0.0011215848666364103,0,0,DATA
8140,325.6,0.37363801690548015,0.036391239406457,0.8764006912683278,0.16854731549370025,0.41359979234749455,0.1635832551171146,0.4206874659586057,0.6747903050108932,0.23298210198310795,0.5710007452385741,0.44187402313937657,0.3343876949597478,0.45537513446737216,0.2382288906231163,0.35030535754396136,0.5585731219221279,0.2905609496032886,0.027246529279536382,0.33144177638929395,0.3690590380735471,0.3959484320052629,0.0010197308956495972,0,0,DATA
8160,326.4,0.3730679217466901,0.043974762020342464,0.8761447920521204,0.1661945445466483,0.41359979234749455,0.1635832551171146,0.4206874659586057,0.6747903050108932,0.23298210198310795,0.5710007452385741,0.44187402313937657,0.3343876949597478,0.4534025676902788,0.24085897288715163,0.3501546027148556,0.5562717974015636,0.2931819362234014,0.027647108187063504,0.33430998655984867,0.37166638122777595,0.3964944218880045,0.0015844679567448099,0,0,DATA
8180,327.2,0.37255985393623264,0.04615184465135281,0.8760312621866875,0.1678410642780708,0.41359979234749455,0.1635832551171146,0.4206874659586057,0.6747903050108932,0.23298210198310795,0.5710007452385741,0.44187402313937657,0.3343876949597478,0.45235361030463866,0.24225758070304515,0.35000268202592777,0.5550480148007967,0.29438102591446746,0.027861012784154617,0.33505650007707477,0.372566193731601,0.39707109898153653,0.0008664952968204983,0.013845553395405842,0,DATA
8200,328.0,0.37199087166918055,0.048733997394610644,0.8759041723367177,0.16910575795172939,0.4104200708061002,0.16134416603065582,0.41649263003812637,0.6765219907407407,0.23298210198310795,0.5710007452385741,0.44187402313937657,0.3343876949597478,0.450869726068654,0.24273242429223257,0.3486630654854343,0.5540686508882107,0.295068894890487,0.027991261755158807,0.33595014675097346,0.3735736007878686,0.3976226899385593,0.0010994481218885206,0,0,DATA
8220,328.8,0.37169785382101556,0.05885311373510517,0.876121416372842,0.1693707687112059,0.4104200708061002,0.16134416603065582,0.41649263003812637,0.6765219907407407,0.23298210198310795,0.5710007452385741,0.44187402313937657,0.3343876949597478,0.4482995463663547,0.24570822994432728,0.34819964677517157,0.5512956582110138,0.29848666518308375,0.028467041803579125,0.3399826385247632,0.3776543180412184,0.39921856876574335,0.002003134688218907,0,0,DATA
8240,329.6,0.3714939327761019,0.0630758449828733,0.8762875041225578,0.17115655318679124,0.4104200708061002,0.16134416603065582,0.41649263003812637,0.6765219907407407,0.23298210198310795,0.5710007452385741,0.44187402313937657,0.3343876949597478,0.44664171889363363,0.24778333638933076,0.3480177977426609,0.5494291912521514,0.3004824142751249,0.02879372183335213,0.3416641643648308,0.3795310311038162,0.40023026518096316,0.0013049276500784097,0,0,DATA
8260,330.4,0.3713377678795877,0.07135017546385744,0.8764071986402394,0.1721632407349589,0.4104200708061002,0.16134416603065582,0.41649263003812637,0.6765219907407407,0.23298210198310795,0.5710007452385741,0.44187402313937657,0.3343876949597478,0.4444067612508107,0.2507226808575074,0.3479304484046397,0.5468420401966516,0.30361205148531567,0.029252963519955398,0.34496660248145794,0.3829461074270282,0.40168705940251337,0.0017538838163402477,0,0,DATA
8280,331.2,0.3979109712795375,0.14800118308912977,0.8685686294836036,0.17495866810534094,0.4104200708061002,0.16134416603065582,0.41649263003812637,0.6765219907407407,0.23298210198310795,0.5710007452385741,0.44187402313937657,0.3343876949597478,0.42763956235665657,0.2730667663330366,0.35348461631722283,0.5272863980118099,0.33057970905869183,0.03282144891568818,0.37937393238022976,0.4168491231471746,0.41444147407121656,0.014888484094088827,0.12604867161911978,0,DATA
8300,332.0,0.4246697657428356,0.14940283750089448,0.860577925341659,0.201236390699405,0.4104200708061002,0.16134416603065582,0.41649263003812637,0.6765219907407407,0.23298210198310795,0.5710007452385741,0.44187402313937657,0.3343876949597478,0.4223150552619398,0.2801624552109895,0.36077021352829036,0.521076300025475,0.33729431505513896,0.03398758281581034,0.38368821220920624,0.4229921048213631,0.4205854701626378,0.006568597727912388,0,0,DATA
8320,332.8,0.45064986331070883,0.14066443048182065,0.8519750064113653,0.20106121244089262,0.4104200708061002,0.16134416603065582,0.41649263003812637,0.6765219907407407,0.23298210198310795,0.5710007452385741,0.44187402313937657,0.3343876949597478,0.4225527686075302,0.27984440790903464,0.368411713180864,0.5213541803492476,0.33674439195436834,0.03393502949922477,0.3836682851290927,0.4220943680223689,0.4196869534822881,0.0027324201000396378,0,0,DATA
8340,333.6,0.47577804225322606,0.14854326702685725,0.84554919184918,0.1955698679582609,0.4104200708061002,0.16134416603065582,0.41649263003812637,0.6765219907407407,0.23298210198310795,0.5710007452385741,0.44187402313937657,0.3343876949597478,0.4209695269367497,0.2819550679510585,0.3759810806545647,0.5195072294928456,0.3402909046154224,0.03428472103943928,0.3905602926231737,0.42779465961196816,0.4206768743212227,0.0037544230621683514,0,0,DATA
8360,334.4,0.5024275769335511,0.14677035610873823,0.8382624628164425,0.19136361539950292,0.4104200708061002,0.16134416603065582,0.41649263003812637,0.6765219907407407,0.23298210198310795,0.5710007452385741,0.44187402313937657,0.3343876949597478,0.42086686572832055,0.2820918509065923,0.38384829317954317,0.5193875074108641,0.3411786138299908,0.034307434931287156,0.39372368938544366,0.42980875821508857,0.42041295838160136,0.002702218896313798,0,0,DATA
8380,335.2,0.5294656417588401,0.1466119461152615,0.8307533684710788,0.1815988071001411,0.4104200708061002,0.16134416603065582,0.41649263003812637,0.6765219907407407,0.23298210198310795,0.5710007452385741,0.44187402313937657,0.3343876949597478,0.4208693334644219,0.282088530995079,0.39188645055034743,0.5193904012346715,0.3420226378167316,0.03430688498521666,0.39756611948403797,0.4319237980492104,0.4192627681188955,0.002681315006139625,0.18077499286177676,0,DATA
8400,336.0,0.5565219711014747,0.1484998498855385,0.8241514764771647,0.17380316843929047,0.34099971064814816,0.6222888654020268,0.5184905194716776,0.869192878540305,0.23298210198310795,0.5710007452385741,0.44187402313937657,0.3343876949597478,0.549538129817478,0.2680378724441326,0.4285391359649363,0.5412119988691947,0.3349547610511151,0.02535557667319493,0.40241216846189287,0.43533009396158884,0.4190419858880518,0.05979071343953046,0,0,DATA
8420,336.8,0.5824509083815149,0.14600711959819906,0.8186909403392664,0.16623944441611643,0.34099971064814816,0.6222888654020268,0.5184905194716776,0.869192878540305,0.23298210198310795,0.5710007452385741,0.44187402313937657,0.3343876949597478,0.588662242083736,0.26312471039839364,0.4449800184181214,0.5241065237589352,0.3327245286626258,0.022728956969804717,0.40550875657538543,0.43712425605897415,0.41838309123384554,0.020159385588394012,0,0,DATA
8440,337.6,0.6082510120768393,0.15251344021630883,0.8126064369379709,0.15936908052778784,0.34099971064814816,0.6222888654020268,0.5184905194716776,0.869192878540305,0.23298210198310795,0.5710007452385741,0.44187402313937657,0.3343876949597478,0.5990331484338104,0.2634725315577427,0.4553303049300951,0.5187471600042235,0.33503328598907023,0.022185187805105137,0.4120544048814352,0.44237441763606145,0.4190438510681048,0.007023004673799053,0,0,DATA
8460,338.4,0.6347745608660129,0.155412704799597,0.8058366323560903,0.1525711190026632,0.34099971064814816,0.6222888654020268,0.5184905194716776,0.869192878540305,0.23298210198310795,0.5710007452385741,0.44187402313937657,0.3343876949597478,0.6015355747763422,0.2643886719888681,0.46400533612941364,0.5170378766173948,0.3370844414733748,0.02212339084613501,0.4171648595562091,0.4461280957001348,0.4190790521840204,0.004031199324325274,0,0,DATA
8480,339.2,0.6637935402526394,0.15279483882570213,0.7957842485995447,0.14629683011721742,0.34099971064814816,0.6222888654020268,0.5184905194716776,0.869192878540305,0.23298210198310795,0.5710007452385741,0.44187402313937657,0.3343876949597478,0.6028360545336198,0.2639305116455152,0.47270183116040076,0.5166167169104325,0.33725494745626666,0.022012973500159575,0.41991103229266724,0.44724160117239387,0.4178203165103732,0.0034850450438725367,0.05513249808442003,0,DATA
8500,340.0,0.6953458540200267,0.15834323157240363,0.7834100601949474,0.14083839482428456,0.34099971064814816,0.6222888654020268,0.5184905194716776,0.869192878540305,0.23298210198310795,0.5710007452385741,0.44187402313937657,0.3343876949597478,0.6020610359839957,0.2653466135115857,0.4819367655608482,0.5162961752522093,0.3398132964965032,0.02217426886205065,0.4259660144639059,0.4515133209738795,0.4176225726393813,0.003808684938714002,0,0,DATA
8520,340.8,0.7292097748554549,0.15997936567789509,0.7674519946793821,0.13575136386758058,0.34099971064814816,0.6222888654020268,0.5184905194716776,0.869192878540305,0.23298210198310795,0.5710007452385741,0.44187402313937657,0.3343876949597478,0.6014849422569553,0.26622956162094447,0.49181866925642237,0.5161427480610501,0.34119551138569537,0.022280262715677995,0.43020163917007503,0.4536444360328217,0.4162474622685157,0.003780315177324467,0,0,DATA
8540,341.6,0.7363810528217697,0.08494709181749624,0.7637594840876696,0.13211279717280708,0.34099971064814816,0.6222888654020268,0.5184905194716776,0.869192878540305,0.23298210198310795,0.5710007452385741,0.44187402313937657,0.3343876949597478,0.6170688916495268,0.2454854093728404,0.49628920873802074,0.5187228494888163,0.3167289145176778,0.019740839977952396,0.4008844831008359,0.42359417223493395,0.4040589079992045,0.013599547040757998,0,0,DATA
8560,342.4,0.7418886885683761,0.12142505877239645,0.763001244987772,0.13499563592379046,0.34099971064814816,0.6222888654020268,0.5184905194716776,0.869192878540305,0.23298210198310795,0.5710007452385741,0.44187402313937657,0.3343876949597478,0.6140837034067693,0.24947599444578128,0.49878697408928757,0.5182201510737248,0.32542467599200653,0.02021813889174015,0.4164255492121378,0.43934769831134446,0.4104683745923225,0.0031578462223217363,0,0,DATA
8580,343.2,0.7464697764789676,0.13049625200543263,0.7648302787877259,0.13899978563295637,0.34099971064814816,0.6222888654020268,0.5184905194716776,0.869192878540305,0.23298210198310795,0.5710007452385741,0.44187402313937657,0.3343876949597478,0.6112831963550044,0.25321310407291364,0.5004983321558918,0.5177518497860409,0.32986446976278017,0.020669919575812625,0.4213360508474614,0.44484151829757995,0.4135452507601588,0.0027496582485005048,0.03914887560162979,0,DATA
8600,344.0,0.7499463193397017,0.14481787710947988,0.7676460082714686,0.14232266508228425,0.3487194478485839,0.6243118374947058,0.5335555385348584,0.8688933142701525,0.23298210198310795,0.5710007452385741,0.44187402313937657,0.3343876949597478,0.6080019351535751,0.2599654368022781,0.5059600189143179,0.5160163140220733,0.3369562555619274,0.0214002491122242,0.4283231553579756,0.4524424837014013,0.4174096570726405,0.005165093563073264,0,0,DATA
8620,344.8,0.7518224911492374,0.15463608132613604,0.7691032435802371,0.14070856346893632,0.3487194478485839,0.6243118374947058,0.5335555385348584,0.8688933142701525,0.23298210198310795,0.5710007452385741,0.44187402313937657,0.3343876949597478,0.6049557339076486,0.26474023380175116,0.5079925210218481,0.5151520161453002,0.34165244435355735,0.021962663387139363,0.43291711846829894,0.45702076018126664,0.419111493390615,0.003284500117643289,0,0,DATA
8640,345.6,0.754666878770739,0.17299815867526472,0.7690926546703152,0.14217714324312422,0.3487194478485839,0.6243118374947058,0.5335555385348584,0.8688933142701525,0.23298210198310795,0.5710007452385741,0.44187402313937657,0.3343876949597478,0.6001858372905535,0.2713140545593491,0.5091995930546226,0.5142500540750486,0.34881969271547375,0.022779792326539757,0.4408287091502663,0.4650781499496607,0.42244131248249156,0.004183596469155819,0,0,DATA
8660,346.4,0.7587875895550528,0.18089752817940039,0.7667816777952663,0.1413591401934966,0.3487194478485839,0.6243118374947058,0.5335555385348584,0.8688933142701525,0.23298210198310795,0.5710007452385741,0.44187402313937657,0.3343876949597478,0.5970960007095567,0.27549802424778647,0.5104270639291608,0.5137029875213284,0.352613593164952,0.02330984371087022,0.44435040373377355,0.46828694654070024,0.42329694415785557,0.002833759047990806,0,0,DATA
8680,347.2,0.7625452685080442,0.18705142315749662,0.7661527773685015,0.14222002360684213,0.3487194478485839,0.6243118374947058,0.5335555385348584,0.8688933142701525,0.23298210198310795,0.5710007452385741,0.44187402313937657,0.3343876949597478,0.5948767317898573,0.2784763057481846,0.5115844177716504,0.513323481230979,0.35564476686324764,0.02369161853179621,0.4474377174302574,0.47139745853584214,0.42461074787584707,0.002118301420862371,0.13019945438811042,0,DATA
8700,348.0,0.7685882051805765,0.19744112628186375,0.7639264111386452,0.1400492472054807,0.3487194478485839,0.6243118374947058,0.5335555385348584,0.8688933142701525,0.23298210198310795,0.5710007452385741,0.44187402313937657,0.3343876949597478,0.5920291134578304,0.28227890707312686,0.5132006406256292,0.5128459897345213,0.3597181200882771,0.02418393095386344,0.4523569127685394,0.47587693961100247,0.425782750174019,0.0027554808369826636,0,0,DATA
8720,348.8,0.7755008667462711,0.2005567343807993,0.7602618519025051,0.13876445204158427,0.3487194478485839,0.6243118374947058,0.5335555385348584,0.8688933142701525,0.23298210198310795,0.5710007452385741,0.44187402313937657,0.3343876949597478,0.590520550257446,0.2842920577383115,0.5151371664106187,0.5125936960021212,0.36148638179358045,0.02444646862746106,0.4542527764740245,0.47727786787648385,0.42576825870361446,0.0018194132168528425,0,0,DATA
8740,349.6,0.7789064463926596,0.20364469250038036,0.7600576978277513,0.13832026706236308,0.3487194478485839,0.6243118374947058,0.5335555385348584,0.8688933142701525,0.23298210198310795,0.5710007452385741,0.44187402313937657,0.3343876949597478,0.5894195100922185,0.28576063121134965,0.516433295871857,0.5124099293482158,0.3630917796601081,0.024638825391413693,0.45612824483618397,0.47908850233324574,0.4264321348716578,0.0012885810331679977,0,0,DATA
8760,350.4,0.7793050252953745,0.21042692972826635,0.7622160976361756,0.13860426735041148,0.3487194478485839,0.6243118374947058,0.5335555385348584,0.8688933142701525,0.23298210198310795,0.5710007452385741,0.44187402313937657,0.3343876949597478,0.5876649282247942,0.2881002296770691,0.5169058362797987,0.5121174210490682,0.3658829509967516,0.024946704065292986,0.4593525354695662,0.4825570329762753,0.428085728355828,0.0015222402470284613,0,0,DATA
8780,351.2,0.7467511416959947,0.27708632986652676,0.7854196274249914,0.1396063382114715,0.3487194478485839,0.6243118374947058,0.5335555385348584,0.8688933142701525,0.23298210198310795,0.5710007452385741,0.44187402313937657,0.3343876949597478,0.5731400796355324,0.30746674125549783,0.5102112828463115,0.5096965895544848,0.38838855768708036,0.027561498024279277,0.4841462247627575,0.5097712823344542,0.440830546636045,0.013528637867059268,0.18262779668398155,0,DATA
8800,352.0,0.714115853339199,0.27614930775533186,0.7937153629469292,0.14854191781475046,0.40292368770424836,0.16275894748412273,0.4183090788398693,0.689969362745098,0.23298210198310795,0.5710007452385741,0.44187402313937657,0.3343876949597478,0.4397445904991414,0.32439721890758144,0.4690804975467413,0.50767368579578,0.39713900911875943,0.03816651231120141,0.478903505351308,0.5062516944355264,0.44128751428482643,0.06381891736268158,0,0,DATA
8820,352.8,0.6830743896116138,0.23933829158181255,0.7991849824563857,0.13345236071005206,0.40292368770424836,0.16275894748412273,0.4183090788398693,0.689969362745098,0.23298210198310795,0.5710007452385741,0.44187402313937657,0.3343876949597478,0.40745625715466316,0.3191692776746211,0.45022255457407734,0.494143489740021,0.38568193674996015,0.03971556926285814,0.4590647300382745,0.4854509253629687,0.4310112089424644,0.018791405850034176,0,0,DATA
8840,353.6,0.6536782053900618,0.22781042256949033,0.8013030647554328,0.13941940519262952,0.40292368770424836,0.16275894748412273,0.4183090788398693,0.689969362745098,0.23298210198310795,0.5710007452385741,0.44187402313937657,0.3343876949597478,0.4001906096439073,0.3143730919812828,0.4383919729957523,0.4929087588313122,0.3791009232094502,0.03959842585558715,0.4489979620488447,0.47619267005170124,0.42806533963973814,0.007964138260806405,0,0,DATA
8860,354.4,0.6260875243526896,0.2047555104807774,0.8012466294572756,0.14408881283399938,0.40292368770424836,0.16275894748412273,0.4183090788398693,0.689969362745098,0.23298210198310795,0.5710007452385741,0.44187402313937657,0.3343876949597478,0.4028524469293103,0.30647886088844173,0.4290487555044066,0.4981867930204343,0.36864834820643766,0.038432751387959305,0.43424657394625354,0.4619025791834315,0.42276780742642867,0.006633095289863278,0,0,DATA
8880,355.2,0.5989461569884363,0.19121226122473794,0.8035281923458439,0.1488628302886236,0.40292368770424836,0.16275894748412273,0.4183090788398693,0.689969362745098,0.23298210198310795,0.5710007452385741,0.44187402313937657,0.3343876949597478,0.4064950804586995,0.30031848176889836,0.42054610311050966,0.5030882993449005,0.3610786397094182,0.037430504235393264,0.4238573133487008,0.452218876620198,0.41954737751466437,0.006101888347609811,0.07740767070914686,0,DATA
8900,356.0,0.5705094818376067,0.16775173223533782,0.8075395624711271,0.15287974776842497,0.40292368770424836,0.16275894748412273,0.4183090788398693,0.689969362745098,0.23298210198310795,0.5710007452385741,0.44187402313937657,0.3343876949597478,0.4125145816052903,0.29190141991600327,0.4120236056106664,0.5103065808446434,0.35064182506153685,0.036012443839966234,0.4095880407478315,0.4387524327798371,0.4149908566784525,0.007653020166443055,0,0,DATA
8920,356.8,0.5409134026206636,0.15396457625977594,0.8131428298572386,0.15608484112914386,0.40292368770424836,0.16275894748412273,0.4183090788398693,0.689969362745098,0.23298210198310795,0.5710007452385741,0.44187402313937657,0.3343876949597478,0.41721573470413553,0.28551589768697744,0.4032516797251553,0.515849918508579,0.3430374762514381,0.03494277625939681,0.39927461599144043,0.42931984409812907,0.4120050108790955,0.006619533737794059,0,0,DATA
8940,357.6,0.5132056715581532,0.14243613429408125,0.8161636214807262,0.15887381069185794,0.40292368770424836,0.16275894748412273,0.4183090788398693,0.689969362745098,0.23298210198310795,0.5710007452385741,0.44187402313937657,0.3343876949597478,0.421047053446585,0.28037227726787517,0.3948014784363748,0.5203373880893549,0.3363641885777918,0.03408769477178675,0.38972585131735793,0.4203520555426668,0.408817963296405,0.005808380150110741,0,0,DATA
8960,358.4,0.483194156401877,0.12296287787660203,0.8213077180026315,0.16122451006838942,0.40292368770424836,0.16275894748412273,0.4183090788398693,0.689969362745098,0.23298210198310795,0.5710007452385741,0.44187402313937657,0.3343876949597478,0.4262858329169905,0.27337667934525034,0.3859639998669227,0.52645457678587,0.32736150714260803,0.03293641551700064,0.3769630650234921,0.4083387488386446,0.4046519873239381,0.007023951987494152,0,0,DATA
8980,359.2,0.45166776646556056,0.11425675632869717,0.8285723327343052,0.16403174419897415,0.40292368770424836,0.16275894748412273,0.4183090788398693,0.689969362745098,0.23298210198310795,0.5710007452385741,0.44187402313937657,0.3343876949597478,0.42968575228317213,0.2688402859350495,0.37669221440946055,0.5304227331740613,0.32170862358694163,0.03219792354009518,0.36862826136340165,0.4010111300647799,0.4025710306071561,0.005736032744614872,0.03427702689860915,0,DATA
9000,360.0,0.4206533067286743,0.10405575066638104,0.8353576405929046,0.16703237429606468,0.4069630821078431,0.16923944819834816,0.42174504697712417,0.6862551062091503,0.23298210198310795,0.5710007452385741,0.44187402313937657,0.3343876949597478,0.43466247948209613,0.2654713591512956,0.3683597133059072,0.5345955601654002,0.3165082119786834,0.03151699318973339,0.35970202872281776,0.39306349121976514,0.400235886768188,0.005559385028743739,0,0,DATA
9020,360.8,0.38998165037916865,0.08850543222096531,0.842098431088168,0.16909507923225744,0.4069630821078431,0.16923944819834816,0.42174504697712417,0.6862551062091503,0.23298210198310795,0.5710007452385741,0.44187402313937657,0.3343876949597478,0.4394210645153106,0.260106591951453,0.35941891514144503,0.5396572362819287,0.30923897125643024,0.030620158050026162,0.348695728173803,0.38293754021389603,0.39693391197747946,0.006354716799173081,0,0,DATA
9040,361.6,0.38977200121501593,0.012251268696581198,0.8313780659790577,0.167410596289137,0.4069630821078431,0.16923944819834816,0.42174504697712417,0.6862551062091503,0.23298210198310795,0.5710007452385741,0.44187402313937657,0.3343876949597478,0.45686201436539564,0.23714599600467273,0.3566926493676343,0.5598580091803614,0.28189135246051034,0.02704862969997087,0.3160080599093968,0.3490093871442667,0.38245783466650496,0.01437593719022536,0,0,DATA
9060,362.4,0.38986784083291426,0.08263167025434474,0.8418146433016613,0.16818545461162154,0.4069630821078431,0.16923944819834816,0.42174504697712417,0.6862551062091503,0.23298210198310795,0.5710007452385741,0.44187402313937657,0.3343876949597478,0.44731441499329083,0.24996432965681242,0.3558948959552497,0.5486750426682392,0.30213426768208,0.029011853171108905,0.34626670392060266,0.38038917471998135,0.3957885948571071,0.007721228812209695,0,0,DATA
9080,363.2,0.3896954735419809,0.08204418927088017,0.8419906616718748,0.1883280645954345,0.4069630821078431,0.16923944819834816,0.42174504697712417,0.6862551062091503,0.23298210198310795,0.5710007452385741,0.44187402313937657,0.3343876949597478,0.44457350618818686,0.2536453350770842,0.3556193728004383,0.5454640855555513,0.30506191119739223,0.02958508121805335,0.3460324417430728,0.38218677537785417,0.39975576256981,0.0022324791267290442,0.02461325678126405,0,DATA
9100,364.0,0.3896843773567119,0.08242105606257652,0.8422446605205278,0.20484987869662644,0.4069630821078431,0.16923944819834816,0.42174504697712417,0.6862551062091503,0.23298210198310795,0.5710007452385741,0.44187402313937657,0.3343876949597478,0.4436720915203995,0.25485515940484077,0.35553438565508844,0.5444084660577794,0.306538569211782,0.029774437937355343,0.34623176899242813,0.384063683922194,0.40317904550243927,0.00073207538029794,0,0,DATA
9120,364.8,0.3897762891214178,0.08221301347226831,0.8425252896347396,0.2007621243609608,0.4069630821078431,0.16923944819834816,0.42174504697712417,0.6862551062091503,0.23298210198310795,0.5710007452385741,0.44187402313937657,0.3343876949597478,0.443445356064028,0.2551598547778814,0.35552819098207167,0.5441427506430734,0.3065656178826124,0.029822184445758196,0.34622306013208837,0.3836742625397089,0.4024096367017834,0.00017920850080962078,0,0,DATA
9140,365.6,0.389793571675465,0.0828049848870837,0.8428335713048859,0.20104165653644623,0.4069630821078431,0.16923944819834816,0.42174504697712417,0.6862551062091503,0.23298210198310795,0.5710007452385741,0.44187402313937657,0.3343876949597478,0.44325302143000533,0.2554170153859419,0.3555299619165166,0.5439180030220316,0.30686418736557997,0.029862556834212683,0.3465249615428533,0.3840349453350369,0.4026331375220441,0.0001504220588427104,0,0,DATA
9160,366.4,0.3896539037623597,0.08295213867514521,0.8429942184807617,0.20168261844666077,0.4069630821078431,0.16923944819834816,0.42174504697712417,0.6862551062091503,0.23298210198310795,0.5710007452385741,0.44187402313937657,0.3343876949597478,0.4431644187443056,0.25553536662901727,0.3555011629350979,0.5438145260576441,0.3069924854219802,0.02988114872573372,0.34658801891063196,0.3841781636114246,0.4028095979749547,7.858430339791056e-05,0,0,DATA
9180,367.2,0.3894288377744261,0.0833624237883912,0.8431215723897812,0.20263645169166408,0.4069630821078431,0.16923944819834816,0.42174504697712417,0.6862551062091503,0.23298210198310795,0.5710007452385741,0.44187402313937657,0.3343876949597478,0.44305167806481405,0.2556857518336488,0.35544525938320626,0.5436829631155826,0.3071837926827262,0.029904787589562283,0.3467325905401475,0.38443085395634247,0.40307123926940375,0.00010634314533825018,0.04271484944704235,0,DATA
9200,368.0,0.38942405888637516,0.08388904295230709,0.8434438627790383,0.203323556688195,0.40202567572167747,0.1717520414294439,0.41995549087690626,0.692723311546841,0.23298210198310795,0.5710007452385741,0.44187402313937657,0.3343876949597478,0.44361079194125097,0.25484146541983993,0.35492640904308703,0.5443846632607054,0.3068272566361955,0.029776118636349918,0.34700674050595515,0.3848059434607288,0.40336774785180646,0.0006407502101216656,0,0,DATA
9220,368.8,0.3893704764224066,0.0841750143453013,0.8437512771392124,0.20628590694374294,0.40202567572167747,0.1717520414294439,0.41995549087690626,0.692723311546841,0.23298210198310795,0.5710007452385741,0.44187402313937657,0.3343876949597478,0.44371847211165333,0.25466825148573563,0.3547595016236179,0.5445251103129588,0.30692018083493733,0.029750121248639128,0.3471718954423939,0.3852980748587398,0.4040746089555119,0.00014926717465859238,0,0,DATA
9240,369.6,0.38919189003058485,0.08383628801452526,0.8441566610767257,0.20943376157998334,0.40202567572167747,0.1717520414294439,0.41995549087690626,0.692723311546841,0.23298210198310795,0.5710007452385741,0.44187402313937657,0.3343876949597478,0.443821908692237,0.25452144393288706,0.3546719262554946,0.5446502323796749,0.30693817343690954,0.029727442685532676,0.3470817644192218,0.3855632676929432,0.40473685827833966,0.0001126065005185121,0,0,DATA
9260,370.4,0.3892144751864421,0.08333182431958074,0.8445570651023129,0.21298789892369716,0.40202567572167747,0.1717520414294439,0.41995549087690626,0.692723311546841,0.23298210198310795,0.5710007452385741,0.44187402313937657,0.3343876949597478,0.44395887704235043,0.254336151832448,0.3546503965277876,0.5448113626049511,0.30693830477474254,0.02969848548946475,0.3469645767775329,0.3858415341881843,0.4054743757148233,0.00011459672608649107,0,0,DATA
9280,371.2,0.4212071994930451,0.12459232260195464,0.8281619365307935,0.2160002823646396,0.40202567572167747,0.1717520414294439,0.41995549087690626,0.692723311546841,0.23298210198310795,0.5710007452385741,0.44187402313937657,0.3343876949597478,0.43533526290808594,0.265833503721381,0.36136240971386213,0.5347508795933524,0.32115089348686576,0.031522429152701745,0.36658829523749914,0.40412697813509285,0.41136641743314833,0.008944326403090655,0.05580604691986801,0,DATA
9300,372.0,0.4534815508735545,0.13067084979699364,0.81161925574501,0.22083787199443888,0.40202567572167747,0.1717520414294439,0.41995549087690626,0.692723311546841,0.23298210198310795,0.5710007452385741,0.44187402313937657,0.3343876949597478,0.4314716879568484,0.2709846969026718,0.3701536274595915,0.5302434955270883,0.3260045037481851,0.03235311918711622,0.37216604023446,0.40853421401645523,0.4123374793799691,0.005935328626085905,0,0,DATA
9320,372.8,0.4853553594247528,0.06614012359689722,0.784547887421821,0.22433559521082075,0.40202567572167747,0.1717520414294439,0.41995549087690626,0.692723311546841,0.23298210198310795,0.5710007452385741,0.44187402313937657,0.3343876949597478,0.4438640679734974,0.25446145152103206,0.3794844925790619,0.5447013082262326,0.30520688974115434,0.02971818286635783,0.34731423780002324,0.3813250470713378,0.39977695386755363,0.012748830172586378,0,0,DATA
9340,373.6,0.5156558336475616,0.08237723643405036,0.7776375521317053,0.2262809181282579,0.40202567572167747,0.1717520414294439,0.41995549087690626,0.692723311546841,0.23298210198310795,0.5710007452385741,0.44187402313937657,0.3343876949597478,0.4441719882826899,0.254050869500943,0.38864685170169294,0.5450605593908733,0.3092310892027538,0.029653803830650225,0.35848711072142314,0.39200141875546984,0.40390404897636595,0.003293620483970842,0,0,DATA
9360,374.4,0.544973035287833,0.09298188084718072,0.771466583592541,0.21619718532100912,0.40202567572167747,0.1717520414294439,0.41995549087690626,0.692723311546841,0.23298210198310795,0.5710007452385741,0.44187402313937657,0.3343876949597478,0.4420373890486903,0.25689699533059274,0.3975521717829392,0.5425701968590486,0.3138370184008765,0.030101172834642826,0.3673582151068967,0.3992470530063021,0.4048669771061219,0.004628681714965203,0,0,DATA
9380,375.2,0.5736673121438746,0.09974490787273091,0.7666851208217658,0.21219396505650248,0.40202567572167747,0.1717520414294439,0.41995549087690626,0.692723311546841,0.23298210198310795,0.5710007452385741,0.44187402313937657,0.3343876949597478,0.43997677360312487,0.2596444806466418,0.40624956594708184,0.5401661464782415,0.31812923172000396,0.030535457351253403,0.37484598873416997,0.40585635833004724,0.40675484909996334,0.00450183164191903,0.03475967488749282,0,DATA
9400,376.0,0.6038954484037204,0.11606631238602705,0.7594860076799725,0.20897517199884286,0.35142088779956426,0.6612658121755723,0.5501384633714597,0.8778373502178649,0.23298210198310795,0.5710007452385741,0.44187402313937657,0.3343876949597478,0.572994949830579,0.2544117140415356,0.4516579251093672,0.5362966680639427,0.3190266020805338,0.022813368210778805,0.38598035516309903,0.41594893413903095,0.40978233650596213,0.061219767331615216,0,0,DATA
9420,376.8,0.634483277819675,0.12371476303588667,0.7519714693832119,0.2050989262342136,0.35142088779956426,0.6612658121755723,0.5501384633714597,0.8778373502178649,0.23298210198310795,0.5710007452385741,0.44187402313937657,0.3343876949597478,0.6112942280623448,0.25498345024196445,0.4717038770354033,0.5168611608478454,0.32198362783184853,0.02081384316010219,0.3936543936468816,0.4224838942166746,0.41133450331792054,0.01963898878607691,0,0,DATA
9440,377.6,0.6635175431016425,0.13500229249923454,0.7470587932096243,0.20159020948967316,0.35142088779956426,0.6612658121755723,0.5501384633714597,0.8778373502178649,0.23298210198310795,0.5710007452385741,0.44187402313937657,0.3343876949597478,0.6204136303445713,0.2583154793518305,0.4838148583224273,0.510635445151799,0.32738172142384914,0.020591137356922272,0.4029937232538968,0.43098108453187695,0.41400114687331446,0.008187470893038876,0,0,DATA
9460,378.4,0.6928750379692475,0.14742858190329633,0.7410565057307649,0.19765427909915484,0.35142088779956426,0.6612658121755723,0.5501384633714597,0.8778373502178649,0.23298210198310795,0.5710007452385741,0.44187402313937657,0.3343876949597478,0.6205399302543864,0.2627944491179276,0.4936132266307315,0.5083328103138429,0.33352819746448176,0.02094119999812027,0.4126352804932706,0.43962881998431297,0.4165130818228657,0.00480121266140543,0,0,DATA
9480,379.2,0.7242565883190883,0.159767661940946,0.7317948629489012,0.19323173168653576,0.35142088779956426,0.6612658121755723,0.5501384633714597,0.8778373502178649,0.23298210198310795,0.5710007452385741,0.44187402313937657,0.3343876949597478,0.6179866134194245,0.26759308245829866,0.5031428626966893,0.5072101520611384,0.33960385527238723,0.02146706932764027,0.4219948940219259,0.44762001449352,0.4183021786855075,0.005627195413763571,0.13195614386929888,0,DATA
9500,380.0,0.756040481764287,0.16947079729035947,0.7218670760313519,0.18884832577096267,0.35142088779956426,0.6612658121755723,0.5501384633714597,0.8778373502178649,0.23298210198310795,0.5710007452385741,0.44187402313937657,0.3343876949597478,0.6151829599455592,0.2717495503582458,0.5126763711399684,0.5065337448480974,0.3448262784771487,0.02196051009704692,0.4302473694672212,0.45444137065550305,0.41957741041993746,0.005497876605697209,0,0,DATA
9520,380.8,0.788083253466985,0.17327471850255202,0.7118149905942932,0.18463081134695594,0.35142088779956426,0.6612658121755723,0.5501384633714597,0.8778373502178649,0.23298210198310795,0.5710007452385741,0.44187402313937657,0.3343876949597478,0.6135430404488391,0.2740615886676438,0.5222654057305187,0.5061976854417585,0.34801059976354687,0.022241731740114287,0.436167075205226,0.4589341164074014,0.41999575152797014,0.004513664132222779,0,0,DATA
9540,381.6,0.7878036885160047,0.1376151294436428,0.7241227399067796,0.1820360945156668,0.35142088779956426,0.6612658121755723,0.5501384633714597,0.8778373502178649,0.23298210198310795,0.5710007452385741,0.44187402313937657,0.3343876949597478,0.6205395783021941,0.2647705152239686,0.525083407467978,0.5073449532369186,0.3380811974960846,0.021098685585606815,0.42430887645396353,0.44804722090425864,0.4171768506358995,0.006368537678163144,0,0,DATA
9560,382.4,0.7870699000754148,0.14673545156120768,0.7366239556514422,0.18544178436300737,0.35142088779956426,0.6612658121755723,0.5501384633714597,0.8778373502178649,0.23298210198310795,0.5710007452385741,0.44187402313937657,0.3343876949597478,0.6207232720135119,0.2645368833837842,0.5257747124166918,0.5073699223013519,0.3409779403387903,0.02106986354792442,0.43031049076180405,0.4556395257712994,0.42227796201510903,0.00036954350007199305,0,0,DATA
9580,383.2,0.7855844514622089,0.16689685385011,0.7507052385476528,0.18273890714353863,0.35142088779956426,0.6612658121755723,0.5501384633714597,0.8778373502178649,0.23298210198310795,0.5710007452385741,0.44187402313937657,0.3343876949597478,0.6165444856462378,0.2701119864726216,0.5256701596925327,0.5066717639405702,0.34901162952802717,0.021750945448254868,0.44089421853396593,0.4673610941111355,0.42813337277728264,0.0032861473934235144,0.09487439170802547,0,DATA
9600,384.0,0.7858123978758169,0.16314576782668772,0.7531311264773504,0.165254741916685,0.35468422351579515,0.670537054256479,0.5535380072167755,0.8753356481481481,0.23298210198310795,0.5710007452385741,0.44187402313937657,0.3343876949597478,0.618674525583628,0.271419513813123,0.5266385348988312,0.5049529803016244,0.34880594782415864,0.021734826722836532,0.4399245509932581,0.46488559884071207,0.4247031434521838,0.0014686474947300427,0,0,DATA
9620,384.8,0.7876791428376907,0.17784719936273582,0.7540918998016382,0.14821651851538614,0.35468422351579515,0.670537054256479,0.5535380072167755,0.8753356481481481,0.23298210198310795,0.5710007452385741,0.44187402313937657,0.3343876949597478,0.616226236942275,0.2759281728453669,0.5273210639027142,0.5039227951061791,0.35344647574908516,0.022237738577566855,0.4463706272649097,0.4697239301046625,0.4239275813295905,0.0025464922258266465,0,0,DATA
9640,385.6,0.7903998030836268,0.17874946582181192,0.7533868206298546,0.1503499773222641,0.35468422351579515,0.670537054256479,0.5535380072167755,0.8753356481481481,0.23298210198310795,0.5710007452385741,0.44187402313937657,0.3343876949597478,0.6153022743934631,0.2775334051635814,0.5280971612555257,0.5035821602214777,0.354772359444802,0.022420958646716126,0.4471346500633706,0.4706307908666329,0.42458540929147526,0.0011017640732793137,0,0,DATA
9660,386.4,0.7914359380237137,0.18001264830980973,0.7548380212021891,0.15012049116992082,0.35468422351579515,0.670537054256479,0.5535380072167755,0.8753356481481481,0.23298210198310795,0.5710007452385741,0.44187402313937657,0.3343876949597478,0.6147598173063401,0.27836866595568516,0.5285475787987874,0.5034357583689872,0.3557234805359373,0.02252014710308129,0.44813739016105403,0.4717557024063155,0.4251954030712986,0.0006093784741628139,0,0,DATA
9680,387.2,0.7909882609560918,0.1960091305018826,0.7583869217975253,0.14748262449581653,0.35468422351579515,0.670537054256479,0.5535380072167755,0.8753356481481481,0.23298210198310795,0.5710007452385741,0.44187402313937657,0.3343876949597478,0.6112378189198677,0.2830982592070967,0.5285886918775653,0.5028319609365177,0.3614052128765823,0.0231121583089613,0.455156227743426,0.47886564338081067,0.42790975950736054,0.002764234905553923,0.09951124362058716,0,DATA
9700,388.0,0.7919633177790347,0.18896169996722312,0.7597878153832516,0.1510275704385853,0.35468422351579515,0.670537054256479,0.5535380072167755,0.8753356481481481,0.23298210198310795,0.5710007452385741,0.44187402313937657,0.3343876949597478,0.6116611798162046,0.28254385663281545,0.5288057877340167,0.50289748177549,0.36033289206030134,0.023041777066343062,0.4528124456112961,0.4770164452015302,0.4280093631944412,0.00039828644235649174,0,0,DATA
9720,388.8,0.7923417009699179,0.18029302210609335,0.7615998328041482,0.14890818758870672,0.35468422351579515,0.670537054256479,0.5535380072167755,0.8753356481481481,0.23298210198310795,0.5710007452385741,0.44187402313937657,0.3343876949597478,0.6136086104359431,0.2799503060594148,0.5289503769610375,0.503220541752321,0.3575527106902633,0.022715781431107862,0.4497830545892002,0.47395631763653606,0.42677602761960853,0.0015618568067199967,0,0,DATA
9740,389.6,0.7899987038084464,0.18326049596226046,0.7679541560458616,0.15351526722611067,0.35468422351579515,0.670537054256479,0.5535380072167755,0.8753356481481481,0.23298210198310795,0.5710007452385741,0.44187402313937657,0.3343876949597478,0.6135696701120694,0.28000313356712137,0.5285017243252348,0.5032135981604046,0.358818565213458,0.022722357687539368,0.4517723093477154,0.477041712682963,0.4294968457197956,0.0001801401557943172,0,0,DATA
9760,390.4,0.788631712701106,0.20016480329259967,0.7730981972667421,0.15378200586084823,0.35468422351579515,0.670537054256479,0.5535380072167755,0.8753356481481481,0.23298210198310795,0.5710007452385741,0.44187402313937657,0.3343876949597478,0.610008083475536,0.2847521878719283,0.5280800604019525,0.5026198643262678,0.36489128217250444,0.02332072081136858,0.4592894423025591,0.4850999236233685,0.43323515074078006,0.0029107682882075214,0,0,DATA
9780,391.2,0.7565368314793867,0.2726658095238852,0.7956573161844447,0.15104946491826127,0.35468422351579515,0.670537054256479,0.5535380072167755,0.8753356481481481,0.23298210198310795,0.5710007452385741,0.44187402313937657,0.3343876949597478,0.5937143961760061,0.30647718590813033,0.5212136361684068,0.49990420895793175,0.3895566441259146,0.026148626392342268,0.48638269233427,0.5141758314525909,0.4459940850942092,0.014961703189759257,0.13363239046881914,0,DATA
9800,392.0,0.7248640308153177,0.266840849007895,0.7977325260632322,0.17238338878240428,0.41704673883442267,0.15467121188030894,0.42776518246187367,0.6749373638344227,0.23298210198310795,0.5710007452385741,0.44187402313937657,0.3343876949597478,0.44560709582917735,0.32445982459142547,0.477286029827516,0.5105736356188759,0.3979827917402279,0.037774427132819165,0.47813318997081755,0.5082672424634316,0.44673864819292924,0.07000584845700487,0,0,DATA
9820,392.8,0.6934782252911849,0.25224057178972714,0.79985444963593,0.1777847153917908,0.41704673883442267,0.15467121188030894,0.42776518246187367,0.6749373638344227,0.23298210198310795,0.5710007452385741,0.44187402313937657,0.3343876949597478,0.404240963940944,0.325766538575327,0.4575167287651809,0.48923721268280845,0.3943905952268306,0.04075645539040574,0.4664403026932634,0.497326680204086,0.4430207722728426,0.020814048978156658,0,0,DATA
9840,393.6,0.6631037764999164,0.2262439617357503,0.8004039391243088,0.17441716741392738,0.41704673883442267,0.15467121188030894,0.42776518246187367,0.6749373638344227,0.23298210198310795,0.5710007452385741,0.44187402313937657,0.3343876949597478,0.3972904124858091,0.31887950195538395,0.44520730420031396,0.4892054552652126,0.38360019656241784,0.04036026394895462,0.4500766668110947,0.48068123847296873,0.4355476986621412,0.008715670879981633,0,0,DATA
9860,394.4,0.6327474612975532,0.21346456209494266,0.8026901368730179,0.17132252687215344,0.41704673883442267,0.15467121188030894,0.42776518246187367,0.6749373638344227,0.23298210198310795,0.5710007452385741,0.44187402313937657,0.3343876949597478,0.3978889209738383,0.3132351590699749,0.4351396506383577,0.49232688095193167,0.3758909397806283,0.039606495519476335,0.43935088346404094,0.4698746108466085,0.43054777852460624,0.005436834978464848,0,0,DATA
9880,395.2,0.6016104525410592,0.18841632769787547,0.8056243461206847,0.17043081800859142,0.41704673883442267,0.15467121188030894,0.42776518246187367,0.6749373638344227,0.23298210198310795,0.5710007452385741,0.44187402313937657,0.3343876949597478,0.40332860274363114,0.3045283505731734,0.42558058273090704,0.49940012608522877,0.36448461323367465,0.03815770485254127,0.4236910298034485,0.4544190072244266,0.424232053028601,0.007901852724681654,0.10526907489901421,0,DATA
9900,396.0,0.5700833097662141,0.18049863421305964,0.8089018692311944,0.16982644743773462,0.41704673883442267,0.15467121188030894,0.42776518246187367,0.6749373638344227,0.23298210198310795,0.5710007452385741,0.44187402313937657,0.3343876949597478,0.4066232229063803,0.29969935384838453,0.41609216237595437,0.5034619345289979,0.3581673407696701,0.037345273703554886,0.4148740284766551,0.4458693211515985,0.4205901913918502,0.005870679080830239,0,0,DATA
9920,396.8,0.5386869317705714,0.1622503270119662,0.8122920259797533,0.16829689529371542,0.41704673883442267,0.15467121188030894,0.42776518246187367,0.6749373638344227,0.23298210198310795,0.5710007452385741,0.44187402313937657,0.3343876949597478,0.4114437534674347,0.29314112881464166,0.40665239689038357,0.5091513123263964,0.34914660308166434,0.036231308920687585,0.401973461346801,0.4331548144821983,0.4152549362704578,0.00693950702678936,0,0,DATA
9940,397.6,0.5086150586035696,0.13861538724178452,0.8140003290652985,0.1677677778046738,0.41704673883442267,0.15467121188030894,0.42776518246187367,0.6749373638344227,0.23298210198310795,0.5710007452385741,0.44187402313937657,0.3343876949597478,0.4178532499874892,0.28455587816886796,0.3975053738796419,0.5166486859093106,0.3379919441483146,0.03478718873132211,0.38684677142243706,0.41814604311748466,0.40902376026180837,0.008047256725523274,0,0,DATA
9960,398.4,0.4786477645278196,0.1336468143591429,0.8152002633060751,0.16734794094749159,0.41704673883442267,0.15467121188030894,0.42776518246187367,0.6749373638344227,0.23298210198310795,0.5710007452385741,0.44187402313937657,0.3343876949597478,0.4208194992488603,0.2805891025679962,0.388468135220512,0.520115198340432,0.33254672223511483,0.03412746475543543,0.37910587030238574,0.4104831517357928,0.4054977611105948,0.005323421173790939,0,0,DATA
9980,399.2,0.4485062374308698,0.12973360211844215,0.8168078041186952,0.16814516648201186,0.41704673883442267,0.15467121188030894,0.42776518246187367,0.6749373638344227,0.23298210198310795,0.5710007452385741,0.44187402313937657,0.3343876949597478,0.42253114859781876,0.27830337046033843,0.37942724293241353,0.5221138890687401,0.32836264076314725,0.03374942081302835,0.3718337881492395,0.40345154621736057,0.4024579568748538,0.004346091248238222,0.03892008063553264,0,DATA
10000,400.0,0.4191564346091001,0.11402693996427739,0.8171901862005289,0.17022261841131195,0.41835392837690627,0.1568331411018365,0.4282081461056645,0.6732002314814816,0.23298210198310795,0.5710007452385741,0.44187402313937657,0.3343876949597478,0.4269483826369086,0.27349429522879654,0.37067554647367373,0.5267270437040561,0.32074512938080624,0.03291253312629254,0.35975763913958636,0.39162138060882085,0.39767806317587057,0.005992668576457176,0,0,DATA
10020,400.8,0.38854150300611706,0.0876105363352606,0.8193694701060061,0.17234061567100978,0.41835392837690627,0.1568331411018365,0.4282081461056645,0.6732002314814816,0.23298210198310795,0.5710007452385741,0.44187402313937657,0.3343876949597478,0.43382099761072906,0.2646549796432093,0.3616209018994254,0.5345830089837598,0.30911195487961773,0.03146683939386646,0.3435039481484785,0.3757974177342305,0.3916225298995286,0.008255525044552015,0,0,DATA
10040,401.6,0.38866611414865093,0.011084696298391152,0.8043852021268418,0.17139197870695477,0.41835392837690627,0.1568331411018365,0.4282081461056645,0.6732002314814816,0.23298210198310795,0.5710007452385741,0.44187402313937657,0.3343876949597478,0.4519532085106178,0.24057594975720964,0.358930676867083,0.555688629376704,0.28059431379745964,0.027687844248529405,0.3099216807664046,0.3406218598578346,0.3762203206206495,0.014967155272743596,0,0,DATA
10060,402.4,0.38889402783014915,0.04543903092311271,0.819415299307345,0.1711212566867005,0.41835392837690627,0.1568331411018365,0.4282081461056645,0.6732002314814816,0.23298210198310795,0.5710007452385741,0.44187402313937657,0.3343876949597478,0.45017846150939295,0.24297145448633178,0.358171471230495,0.5536035035115305,0.28933932605025847,0.028054097172144847,0.3267150167886935,0.3588911333961485,0.3850996420735825,0.0016431524556450212,0,0,DATA
10080,403.2,0.3890849214953075,0.04513516303430308,0.81935001816979,0.17587792049909565,0.41835392837690627,0.1568331411018365,0.4282081461056645,0.6732002314814816,0.23298210198310795,0.5710007452385741,0.44187402313937657,0.3343876949597478,0.4497098496656754,0.24360502289620176,0.35798379720920176,0.5530524133847368,0.2898685525431728,0.028151223381066962,0.32661859213869027,0.35926384701362934,0.3860081637348672,0.0004299514249602454,0.013540548910290924,0,DATA
10100,404.0,0.3891144131263617,0.044999862492786806,0.8194196277395227,0.1831646862442263,0.41835392837690627,0.1568331411018365,0.4282081461056645,0.6732002314814816,0.23298210198310795,0.5710007452385741,0.44187402313937657,0.3343876949597478,0.44959767922627863,0.24375720926753816,0.3579336882453352,0.5529202349793702,0.2902403993879895,0.02817455207409752,0.32658429216224116,0.3599651845686665,0.3874655733582045,0.0001048219248665679,0,0,DATA
10120,404.8,0.3890935955044411,0.04639236338203026,0.8194217638315983,0.1787535422569211,0.41835392837690627,0.1568331411018365,0.4282081461056645,0.6732002314814816,0.23298210198310795,0.5710007452385741,0.44187402313937657,0.3343876949597478,0.4492716029077185,0.24419276542792728,0.35791428385557195,0.5525394187398955,0.29054667838830517,0.028241616959987313,0.3271375562119696,0.3600775478288719,0.38679067195495676,0.0002603456229041771,0,0,DATA
10140,405.6,0.3891725126215016,0.046322078975023114,0.8194766629396619,0.1753956000602453,0.41835392837690627,0.1568331411018365,0.4282081461056645,0.6732002314814816,0.23298210198310795,0.5710007452385741,0.44187402313937657,0.3343876949597478,0.44918853973762185,0.24430375264208198,0.35792503513322566,0.5524423935477699,0.29048060878614224,0.028258714415476435,0.32713620569419155,0.3597458930022327,0.3861301573432925,6.8267220635021e-05,0,0,DATA
10160,406.4,0.38936170421694316,0.04849401854768834,0.8194700887189713,0.1706632108800848,0.41835392837690627,0.1568331411018365,0.4282081461056645,0.6732002314814816,0.23298210198310795,0.5710007452385741,0.44187402313937657,0.3343876949597478,0.44870751347633325,0.24494519188667468,0.3579679907515645,0.5518811607948292,0.29103803351847035,0.028357653218416528,0.32804150499820783,0.3601772959661638,0.3855267460475317,0.000388473708073378,0,0,DATA
10180,407.2,0.3894973788126362,0.04900149174968017,0.8195451024911333,0.16809509545873774,0.41835392837690627,0.1568331411018365,0.4282081461056645,0.6732002314814816,0.23298210198310795,0.5710007452385741,0.44187402313937657,0.3343876949597478,0.44845663622552834,0.2452797161566102,0.35800936910216163,0.5515884600344589,0.29123707479621136,0.028409303940079525,0.32828663195257557,0.3601731127556131,0.3851215648461708,0.00020892662377919313,0.014700447524904051,0,DATA
10200,408.0,0.38943515507164406,0.04876820181078759,0.8195965624548263,0.16797269213719787,0.41480664488017427,0.1618047508989834,0.4259402233115469,0.6770615468409587,0.23298210198310795,0.5710007452385741,0.44187402313937657,0.3343876949597478,0.4498224146806554,0.2445698227203872,0.35737369723937956,0.552626295980134,0.2907701135077569,0.028256935246319385,0.3281911632215587,0.36007054968881147,0.385068733307853,0.0009037812513773927,0,0,DATA
10220,408.8,0.3894749245852187,0.04912143836382616,0.819631770122543,0.16222171429422302,0.41480664488017427,0.1618047508989834,0.4259402233115469,0.6770615468409587,0.23298210198310795,0.5710007452385741,0.44187402313937657,0.3343876949597478,0.4501579685410555,0.2444557609243711,0.35719134727839563,0.5528511038083421,0.2905355616461264,0.028226530959584634,0.32834745327903236,0.35965526272875936,0.3839843020905005,0.0002106552058000292,0,0,DATA
10240,409.6,0.38955652573529415,0.048683485160251824,0.8197006525938305,0.16217774933657297,0.41480664488017427,0.1618047508989834,0.4259402233115469,0.6770615468409587,0.23298210198310795,0.5710007452385741,0.44187402313937657,0.3343876949597478,0.45035060487192613,0.24429891548856544,0.35715377853161623,0.5530258446916803,0.29038441726232567,0.028198537737034228,0.32820236872187525,0.359512669922966,0.38393519685126376,0.00012901683781856485,0,0,DATA
10260,410.4,0.3895864428837775,0.04887339293755858,0.8197447007020529,0.1554292413822956,0.41480664488017427,0.1618047508989834,0.4259402233115469,0.6770615468409587,0.23298210198310795,0.5710007452385741,0.44187402313937657,0.3343876949597478,0.45036851513795284,0.24430503603546963,0.3571487905087639,0.5530317395512415,0.29015621366153155,0.02819832534024473,0.3282931248841391,0.35893298010062435,0.38262798516890817,9.672945261070728e-06,0,0,DATA
10280,411.2,0.3896226118652588,0.048597327407009124,0.8198011418181698,0.15304191231380065,0.41480664488017427,0.1618047508989834,0.4259402233115469,0.6770615468409587,0.23298210198310795,0.5710007452385741,0.44187402313937657,0.3343876949597478,0.4504318619791763,0.24422957385098704,0.35715488958801933,0.5531011440640946,0.2899809391556668,0.0281863663516903,0.328201220691439,0.3586079871126864,0.3821268367028042,4.830270165381845e-05,0.018112810434992573,0,DATA
10300,412.0,0.38947394262192064,0.04910636340270358,0.819707483164196,0.15347500821778118,0.41480664488017427,0.1618047508989834,0.4259402233115469,0.6770615468409587,0.23298210198310795,0.5710007452385741,0.44187402313937657,0.3343876949597478,0.4503439684724475,0.24434946527443674,0.35712549877069494,0.5529972515990054,0.290128511027263,0.02820471305161154,0.3283563695102544,0.3587970796565025,0.38225152969512716,7.90585825009571e-05,0,0,DATA
10320,412.8,0.3893353548684431,0.015076641680962545,0.8046359279364143,0.12653857753723924,0.41480664488017427,0.1618047508989834,0.4259402233115469,0.6770615468409587,0.23298210198310795,0.5710007452385741,0.44187402313937657,0.3343876949597478,0.45746384198199447,0.23485711061938414,0.3570875780972673,0.5613033656813051,0.2760912118839192,0.02675787964051658,0.31170245222530607,0.3379423637807218,0.36797803771846443,0.005550049612675727,0,0,DATA
10340,413.6,0.3892875659879337,0.057730023730514536,0.8196935356678693,0.11638370709825134,0.41480664488017427,0.1618047508989834,0.4259402233115469,0.6770615468409587,0.23298210198310795,0.5710007452385741,0.44187402313937657,0.3343876949597478,0.45064259380445265,0.2439523511967429,0.35706616623033205,0.5533451213038548,0.2897697923580371,0.028143576486637057,0.33176576881531594,0.35849595409997853,0.37610469398291246,0.005312633540611955,0,0,DATA
10360,414.4,0.3896836899824032,0.0587699527170887,0.8198424654719858,0.12484768848287556,0.41480664488017427,0.1618047508989834,0.4259402233115469,0.6770615468409587,0.23298210198310795,0.5710007452385741,0.44187402313937657,0.3343876949597478,0.4483778342640095,0.2469721034861913,0.3571429287090901,0.550702865388909,0.2921361531209945,0.028609410186299464,0.3322907511696629,0.3598822275731994,0.37803032445829954,0.0017870914362165258,0,0,DATA
10380,415.2,0.39003189416792355,0.05784812055579792,0.8201087945715861,0.12609779799438894,0.41480664488017427,0.1618047508989834,0.4259402233115469,0.6770615468409587,0.23298210198310795,0.5710007452385741,0.44187402313937657,0.3343876949597478,0.4478919911557476,0.2476199161678644,0.3572390803316768,0.5501360374939415,0.2924871677914461,0.02870971716178026,0.33204492496217075,0.3597880452268186,0.3782434742298607,0.0004099358041738943,0.017354436166739373,0,DATA
10400,416.0,0.39014311787749284,0.058790304833016054,0.8202465820659428,0.11755633036415804,0.41440759463507626,0.15930420056092837,0.42714630991285407,0.6786648965141612,0.23298210198310795,0.5710007452385741,0.44187402313937657,0.3343876949597478,0.4468482254303978,0.24799427101851684,0.35762898704582835,0.5494269772059405,0.2925463038770716,0.028807478930367364,0.3324716009138431,0.3593743531649036,0.3767220775899433,0.0006026757633846025,0,0,DATA
10420,416.8,0.3900304212229763,0.058145904456068105,0.8202375341200259,0.11019020196572869,0.41440759463507626,0.15930420056092837,0.42714630991285407,0.6786648965141612,0.23298210198310795,0.5710007452385741,0.44187402313937657,0.3343876949597478,0.446670419791952,0.24792614536816715,0.35772229276262535,0.5493721372118924,0.29209757780474155,0.028808822687225153,0.3321894918429773,0.35835472645960315,0.3751386602017844,0.0001130790018641729,0,0,DATA
10440,417.6,0.3899440084527401,0.05946961571055549,0.8201984893697988,0.10393820201548468,0.41440759463507626,0.15930420056092837,0.42714630991285407,0.6786648965141612,0.23298210198310795,0.5710007452385741,0.44187402313937657,0.3343876949597478,0.44633909873697586,0.2482763468243187,0.35773213779591484,0.5490313759563286,0.2922578140894945,0.028866790248459125,0.3326938848406795,0.35823001498725826,0.3740684144353283,0.00023045584813905876,0,0,DATA
10460,418.4,0.3900526463256243,0.06102543268690304,0.820161502653617,0.09901338072512265,0.41440759463507626,0.15930420056092837,0.42714630991285407,0.6786648965141612,0.23298210198310795,0.5710007452385741,0.44187402313937657,0.3343876949597478,0.44591298085545006,0.24881703601454147,0.35775790525920736,0.5485479724204543,0.2926384180921182,0.028951920857512674,0.33333054186255906,0.3583704912084834,0.37331843983195095,0.0003308581783470303,0,0,DATA
10480,419.2,0.3902105787560751,0.0621820447188206,0.820145988030679,0.09504699576616474,0.41440759463507626,0.15930420056092837,0.42714630991285407,0.6786648965141612,0.23298210198310795,0.5710007452385741,0.44187402313937657,0.3343876949597478,0.4455422569642896,0.24930309414054524,0.35779880130858976,0.5481195814118722,0.29296722833415256,0.02902788649088705,0.3338216702368286,0.35846342962456346,0.37271056923225765,0.0002992260221822048,0.04308749354296459,0,DATA
10500,420.0,0.39015048260222895,0.06445636365201421,0.8201863771052224,0.0919516286090162,0.41440759463507626,0.15930420056092837,0.42714630991285407,0.6786648965141612,0.23298210198310795,0.5710007452385741,0.44187402313937657,0.3343876949597478,0.4449534328209709,0.2500857208796406,0.35779844993109683,0.5474338559706651,0.2936769197172723,0.029149936383694845,0.3347274563942455,0.3590637179737198,0.37243673129405824,0.00045726741996900594,0,0,DATA
10520,420.8,0.3902397103339199,0.06506537052435515,0.820273270276432,0.0894224811466579,0.41440759463507626,0.15930420056092837,0.42714630991285407,0.6786648965141612,0.23298210198310795,0.5710007452385741,0.44187402313937657,0.3343876949597478,0.44464889413478365,0.2504910308256246,0.357817082341504,0.5470789316545795,0.29393394628502334,0.02921319890544901,0.33500628332376203,0.3590983194741215,0.3720528988984092,0.0002428270141928146,0,0,DATA
10540,421.6,0.4233163911932294,0.13550850194950376,0.8021607759905993,0.09178300236457185,0.41440759463507626,0.15930420056092837,0.42714630991285407,0.6786648965141612,0.23298210198310795,0.5710007452385741,0.44187402313937657,0.3343876949597478,0.4297644749296462,0.2703367006084615,0.3647687750450812,0.5297138871605924,0.31767930518591064,0.03237267398762314,0.3661763732085168,0.38869321205208435,0.38187101737023704,0.01389392723051717,0,0,DATA
10560,422.4,0.4560917075163399,0.13971444943433997,0.7845547284335102,0.10821349009840182,0.41440759463507626,0.15930420056092837,0.42714630991285407,0.6786648965141612,0.23298210198310795,0.5710007452385741,0.44187402313937657,0.3343876949597478,0.4244159001962894,0.27746806683906666,0.37373709928400756,0.5234739166786113,0.32379759563019883,0.033538303569926396,0.37089260595565554,0.39329188881689714,0.38466402678276723,0.007149421734296113,0,0,DATA
10580,423.2,0.48849325587606834,0.14457602675422845,0.7674839238368806,0.12746887701527296,0.41440759463507626,0.15930420056092837,0.42714630991285407,0.6786648965141612,0.23298210198310795,0.5710007452385741,0.44187402313937657,0.3343876949597478,0.4217903965391058,0.280968718357817,0.38323192171122844,0.5204108390906445,0.32798968170648884,0.03411635035758369,0.3759033856362308,0.3985211267294966,0.38821679445094015,0.005206992534384928,0.14325577198989983,0,DATA
10600,424.0,0.5215437510474275,0.11032665447918404,0.7347462894977139,0.13462339011518426,0.35468707448257075,0.7041743971989701,0.5682440597766883,0.8870959286492375,0.23298210198310795,0.5710007452385741,0.44187402313937657,0.3343876949597478,0.5807587686783617,0.2598877803444035,0.4325283423872537,0.5296767254886173,0.30886292335143883,0.022880691337777388,0.3622662088926515,0.3823256378619917,0.37963093216201,0.07644857694289821,0,0,DATA
10620,424.8,0.5544460024928775,0.11227194579445707,0.7267124203969965,0.14069566749794526,0.35468707448257075,0.7041743971989701,0.5682440597766883,0.8870959286492375,0.23298210198310795,0.5710007452385741,0.44187402313937657,0.3343876949597478,0.6280407691439313,0.2541081805086559,0.45422674139360575,0.5089255251737064,0.30761741697929423,0.019848755509009292,0.36801800188770717,0.38788127168525177,0.3824189392052188,0.024919999769223062,0,0,DATA
10640,425.6,0.5868961253037539,0.120180907082836,0.7193333838091972,0.15135886086662492,0.35468707448257075,0.7041743971989701,0.5682440597766883,0.8870959286492375,0.23298210198310795,0.5710007452385741,0.44187402313937657,0.3343876949597478,0.6405644874130424,0.2545888097186777,0.46755078688579543,0.5024233514341399,0.31130828148052936,0.019216734457228633,0.37619580364767424,0.39638748912330685,0.3871381752063494,0.00877613099044087,0,0,DATA
10660,426.4,0.6182459255069548,0.12203014630503194,0.7151046370867474,0.16160469710422268,0.35468707448257075,0.7041743971989701,0.5682440597766883,0.8870959286492375,0.23298210198310795,0.5710007452385741,0.44187402313937657,0.3343876949597478,0.6439332626571146,0.2552507854638991,0.4781314585761245,0.5004079759394932,0.31441171306227955,0.019086126020711264,0.38235971003270275,0.40315310445985025,0.39154252167690595,0.0048704742265408925,0,0,DATA
10680,427.2,0.6498178130760851,0.12731818720484853,0.7109900051509653,0.16867249634575135,0.35468707448257075,0.7041743971989701,0.5682440597766883,0.8870959286492375,0.23298210198310795,0.5710007452385741,0.44187402313937657,0.3343876949597478,0.6438334066413748,0.2569300296394142,0.4879357564727406,0.4996182818596055,0.318580053254457,0.01921707761152216,0.3899663775192991,0.4110550886770212,0.39587781843315173,0.0038611326959570036,0.05531830758222097,0,DATA
10700,428.0,0.682605600333082,0.13386829748602694,0.7040328437358723,0.17352893916295387,0.35468707448257075,0.7041743971989701,0.5682440597766883,0.8870959286492375,0.23298210198310795,0.5710007452385741,0.44187402313937657,0.3343876949597478,0.6424279266776054,0.25926783377079865,0.49776248116569477,0.499152119775798,0.32301317470171287,0.019468456742118386,0.39775254680015126,0.4186311860980843,0.3993711119106954,0.004523336262702664,0,0,DATA
10720,428.8,0.7152861571979219,0.1422625292839417,0.6973170129472533,0.17700112156789619,0.35468707448257075,0.7041743971989701,0.5682440597766883,0.8870959286492375,0.23298210198310795,0.5710007452385741,0.44187402313937657,0.3343876949597478,0.6402434940109125,0.26231955991363015,0.5075734155151974,0.49871847303772865,0.3281347196258288,0.01981794534869576,0.4063031847345613,0.4268574591941267,0.40291378115070037,0.005015697719675675,0,0,DATA
10740,429.6,0.7479022645382939,0.14996553827841788,0.6899153835108399,0.1787211021811588,0.35468707448257075,0.7041743971989701,0.5682440597766883,0.8870959286492375,0.23298210198310795,0.5710007452385741,0.44187402313937657,0.3343876949597478,0.6379705323220646,0.2653919202749329,0.5173660783615263,0.49831877370150124,0.33300050956111726,0.020176736080863397,0.41442728391314354,0.43441339349039376,0.40582443199745816,0.0050459949654931835,0,0,DATA
10760,430.4,0.7800291250314229,0.15731786556953667,0.6837374607845456,0.17910629728719243,0.35468707448257075,0.7041743971989701,0.5682440597766883,0.8870959286492375,0.23298210198310795,0.5710007452385741,0.44187402313937657,0.3343876949597478,0.6357446550842754,0.26837228002483704,0.527050517918982,0.4979415324454438,0.3378093036941751,0.02052876785951595,0.42255800238295793,0.4419648391981822,0.408672525480072,0.004963558848383047,0,0,DATA
10780,431.2,0.8123390562154349,0.16524617984128154,0.6774449828820981,0.17983252561206506,0.35468707448257075,0.7041743971989701,0.5682440597766883,0.8870959286492375,0.23298210198310795,0.5710007452385741,0.44187402313937657,0.3343876949597478,0.6334119459158721,0.27148631594589684,0.5367409353348613,0.49755086906911544,0.3428050018097123,0.02089996445734576,0.43093281874796885,0.4497830306054355,0.41166489192859756,0.005045720835114102,0.1121868817895233,0,DATA
10800,432.0,0.814638454206469,0.10504167805788489,0.6859882791875554,0.18007704639853817,0.35886271956699345,0.6962218621532785,0.5826279105392156,0.891921977124183,0.23298210198310795,0.5710007452385741,0.44187402313937657,0.3343876949597478,0.6431283687270708,0.2564401516905925,0.54415841235125,0.5002157397911683,0.32536351119858276,0.019218405204116818,0.40901955689390845,0.42874855046056815,0.4050488846938505,0.010726688027630549,0,0,DATA
10820,432.8,0.8178865924040557,0.140175026602469,0.6922823028029629,0.17895362394796013,0.35886271956699345,0.6962218621532785,0.5826279105392156,0.891921977124183,0.23298210198310795,0.5710007452385741,0.44187402313937657,0.3343876949597478,0.6386652923760677,0.26176364000648467,0.5470657644776598,0.49978553380872376,0.33514913694688425,0.019862700548947072,0.4249813286743409,0.4452273823574836,0.411992522209033,0.004231305597768353,0,0,DATA
10840,433.6,0.8194782894461204,0.1437565400462231,0.7027039870060116,0.18868287093504924,0.35886271956699345,0.6962218621532785,0.5826279105392156,0.891921977124183,0.23298210198310795,0.5710007452385741,0.44187402313937657,0.3343876949597478,0.6365742516475784,0.26436351026550353,0.5482722264944162,0.499531119043459,0.33904920900051083,0.020176066376615873,0.42881661030086526,0.4510777571030217,0.41724018937798263,0.0019657910014215427,0,0,DATA
10860,434.4,0.8181212161680912,0.15413844856092535,0.7194435873350546,0.19428694724907963,0.35886271956699345,0.6962218621532785,0.5826279105392156,0.891921977124183,0.23298210198310795,0.5710007452385741,0.44187402313937657,0.3343876949597478,0.6337667386409442,0.2680504057273258,0.548349179711057,0.4990914278158649,0.3450468008697606,0.020615484602608692,0.4360458791169489,0.46054139358341273,0.42396748367245185,0.002190453895032418,0,0,DATA
10880,435.2,0.8144142392533937,0.1605938201854465,0.7271060105643586,0.17453991276430691,0.35886271956699345,0.6962218621532785,0.5826279105392156,0.891921977124183,0.23298210198310795,0.5710007452385741,0.44187402313937657,0.3343876949597478,0.6315688566978046,0.2709639784207384,0.5475938005239629,0.4987335824407285,0.34766085520068124,0.020964629356285448,0.4394191170296786,0.46270617037059564,0.42253129063503175,0.0019556112745487777,0.04817814605563395,0,DATA
10900,436.0,0.8135965256829227,0.165579827889858,0.7291604340735627,0.1647171914750919,0.35886271956699345,0.6962218621532785,0.5826279105392156,0.891921977124183,0.23298210198310795,0.5710007452385741,0.44187402313937657,0.3343876949597478,0.6298624304969361,0.2732341323859974,0.5471954669180357,0.49845171855853315,0.34960891369644076,0.02123818570999261,0.44166086209918987,0.46417108566210574,0.42174648205310433,0.0014583045906849113,0,0,DATA
10920,436.8,0.8146780927916037,0.1730650162618922,0.7270780683492564,0.16491659964283062,0.35886271956699345,0.6962218621532785,0.5826279105392156,0.891921977124183,0.23298210198310795,0.5710007452385741,0.44187402313937657,0.3343876949597478,0.6277786130785484,0.2760110313197447,0.5473030959290806,0.49810517780085345,0.3523173010047018,0.021574813865525667,0.4444547777248785,0.46677670553213757,0.42249670722224875,0.0016561151210599534,0,0,DATA
10940,437.6,0.8165934122046254,0.18139241455297989,0.7235600329465772,0.16374608251175185,0.35886271956699345,0.6962218621532785,0.5826279105392156,0.891921977124183,0.23298210198310795,0.5710007452385741,0.44187402313937657,0.3343876949597478,0.6254047142119037,0.27917577252137343,0.5477376017091284,0.49770975663336137,0.3552327700717302,0.02196136494147885,0.4474651938433821,0.46931826639726537,0.4228237366303285,0.0019910486161071237,0,0,DATA
10960,438.4,0.8180714960930954,0.18020109544779805,0.7213346043343234,0.1625019375685795,0.35886271956699345,0.6962218621532785,0.5826279105392156,0.891921977124183,0.23298210198310795,0.5710007452385741,0.44187402313937657,0.3343876949597478,0.6249427215639984,0.2797916255324111,0.5481783510597216,0.4976328264517952,0.35521310030140396,0.02203695597628791,0.44683919725655263,0.46834531245489325,0.4219876610117003,0.0005061983365120167,0,0,DATA
10980,439.2,0.8198525483911514,0.17655296369004658,0.7182826211331172,0.16230327833656316,0.35886271956699345,0.6962218621532785,0.5826279105392156,0.891921977124183,0.23298210198310795,0.5710007452385741,0.44187402313937657,0.3343876949597478,0.6255702314387548,0.278954904543552,0.5486845968474913,0.49773743200884657,0.35389566645726733,0.021934294272925942,0.445125758372822,0.4663068093278404,0.4208158188311384,0.0006568255504617223,0.1222002108628644,0,DATA
11000,440.0,0.8216942205568125,0.16900265181748694,0.7163251489009108,0.1644614004266948,0.3549705541938998,0.7063097511464936,0.57536526416122,0.8923393246187363,0.23298210198310795,0.5710007452385741,0.44187402313937657,0.3343876949597478,0.6301686588125194,0.2757724461942279,0.5471896807527723,0.4970294474966263,0.35077690353705676,0.021417751664098365,0.442082473610489,0.4632835895513,0.4198096956267953,0.003091933939269209,0,0,DATA
11020,440.8,0.8241284421086811,0.16405926747220376,0.7131312607436524,0.1680829660097679,0.3549705541938998,0.7063097511464936,0.57536526416122,0.8923393246187363,0.23298210198310795,0.5710007452385741,0.44187402313937657,0.3343876949597478,0.6325862977371582,0.2734335610727514,0.547252392450249,0.49699007059504513,0.348538964737527,0.02109727976929701,0.4399531865512978,0.46119707023469025,0.4192374512074897,0.0016064119145307032,0,0,DATA
11040,441.6,0.7918624374162059,0.23068382239517143,0.7343161050248406,0.17583962749116436,0.3549705541938998,0.7063097511464936,0.57536526416122,0.8923393246187363,0.23298210198310795,0.5710007452385741,0.44187402313937657,0.3343876949597478,0.6193204328807268,0.2913867709147394,0.5404953449740721,0.4946463981022669,0.37024198682799503,0.023294247861382223,0.46438677643822746,0.48852481069787834,0.43285207734326364,0.012658707391532112,0,0,DATA
11060,442.4,0.7565802015250546,0.22100168944406307,0.7438952725055912,0.18581393153852352,0.3549705541938998,0.7063097511464936,0.57536526416122,0.8923393246187363,0.23298210198310795,0.5710007452385741,0.44187402313937657,0.3343876949597478,0.6173739213435301,0.2940617366410255,0.5310589611940774,0.4942821710077222,0.36902371837988157,0.0236282947265121,0.455373309575704,0.4814666909881658,0.43226118649114176,0.004685953681159187,0,0,DATA
11080,443.2,0.7205409373952574,0.1819475159443657,0.7552981521116217,0.18982154745998392,0.3549705541938998,0.7063097511464936,0.57536526416122,0.8923393246187363,0.23298210198310795,0.5710007452385741,0.44187402313937657,0.3343876949597478,0.6249913443173074,0.283929057778996,0.5206598005928215,0.4955397989518483,0.35534095236191066,0.02235992939606052,0.43482436327107166,0.46245879423628267,0.42645137713900716,0.00938308747902089,0.09054570647559608,0,DATA
11100,444.0,0.6864546346049104,0.17249538697026467,0.7620199861727139,0.1852247873895011,0.3549705541938998,0.7063097511464936,0.57536526416122,0.8923393246187363,0.23298210198310795,0.5710007452385741,0.44187402313937657,0.3343876949597478,0.6292615182940018,0.2782426580076389,0.5103819288264719,0.4962479118491796,0.3483126173245243,0.021662604720874605,0.42557061793558026,0.4534175562998523,0.4223860340150338,0.006744815171467004,0,0,DATA
11120,444.8,0.6548095253058488,0.1535876588668117,0.7630627112741867,0.1844264681338702,0.3549705541938998,0.7063097511464936,0.57536526416122,0.8923393246187363,0.23298210198310795,0.5710007452385741,0.44187402313937657,0.3343876949597478,0.6345131933887352,0.27124257420726494,0.500653094343764,0.4971221162019999,0.33864891604577396,0.020818472275446774,0.4118870498546814,0.43975842880353744,0.4164863812938517,0.007326864459271776,0,0,DATA
11140,445.6,0.6254088240531254,0.14381381460677697,0.7633328331540998,0.18288084201895696,0.3549705541938998,0.7063097511464936,0.57536526416122,0.8923393246187363,0.23298210198310795,0.5710007452385741,0.44187402313937657,0.3343876949597478,0.6381412032117626,0.266405872674343,0.49156029673587975,0.49772646205694715,0.33180161352519044,0.020244274794084208,0.4021513962761054,0.42989522480146153,0.41183863977656976,0.005852502987944523,0,0,DATA
11160,446.4,0.5935603828871293,0.13065227235387006,0.7684280682082546,0.1820400136908228,0.3549705541938998,0.7063097511464936,0.57536526416122,0.8923393246187363,0.23298210198310795,0.5710007452385741,0.44187402313937657,0.3343876949597478,0.6419935300317813,0.2612696303836525,0.48214428480865534,0.49836841979228313,0.3246439411704045,0.01964260579754606,0.3915361381525744,0.4197054073505326,0.407785207419946,0.006134860345977877,0,0,DATA
11180,447.2,0.560933899467907,0.11997073489640055,0.7746268327573579,0.18022512899373594,0.3549705541938998,0.7063097511464936,0.57536526416122,0.8923393246187363,0.23298210198310795,0.5710007452385741,0.44187402313937657,0.3343876949597478,0.6453923509438555,0.25673792720835387,0.4724679197124513,0.4989348609238953,0.3182770109565014,0.0191186588860894,0.3819779793955628,0.4105856365787226,0.4041070426572618,0.0058689630611922965,0.035991220468920164,0,DATA
11200,448.0,0.5275374258945031,0.1051452051773097,0.7823535206852683,0.17991392737678988,0.41003527539488016,0.16196876606649033,0.42330235566448804,0.682585443899782,0.23298210198310795,0.5710007452385741,0.44187402313937657,0.3343876949597478,0.4971098826360859,0.2627908593866247,0.4199741363540903,0.5671595116247306,0.3177797221092084,0.02775253448501174,0.37091381037882776,0.40026301619308396,0.4004129975006462,0.06894306128146714,0,0,DATA
11220,448.8,0.4933838586182337,0.098595105181833,0.7916094078806518,0.1805437902088262,0.41003527539488016,0.16196876606649033,0.42330235566448804,0.682585443899782,0.23298210198310795,0.5710007452385741,0.44187402313937657,0.3343876949597478,0.4540006631428051,0.2627727110413725,0.3970537522185654,0.5456139760507163,0.31512443269740675,0.030129482454278902,0.36331423436445986,0.39365201518145815,0.3984550701389508,0.022015917324685958,0,0,DATA
11240,449.6,0.45892768298558734,0.09213576054417692,0.8013875848436889,0.1811670299858064,0.41003527539488016,0.16196876606649033,0.42330235566448804,0.682585443899782,0.23298210198310795,0.5710007452385741,0.44187402313937657,0.3343876949597478,0.4424243596687287,0.2609586500392531,0.3829418400950523,0.5407328548147378,0.3114443177301421,0.03055587914308034,0.3557948967754756,0.3871728192664755,0.3966097430761931,0.009167425533236332,0,0,DATA
11260,450.4,0.42430332977207974,0.09188141652927902,0.8107982519437229,0.18233887492427453,0.41003527539488016,0.16196876606649033,0.42330235566448804,0.682585443899782,0.23298210198310795,0.5710007452385741,0.44187402313937657,0.3343876949597478,0.4390048808696343,0.26034321541444594,0.3714371522831617,0.5393308327275941,0.30944056750533633,0.030670767360704003,0.3506504219468217,0.38308659564167186,0.3956961919153098,0.005179867078597374,0,0,DATA
11280,451.2,0.3899270204876822,0.08697763856549945,0.8202101698201655,0.18457659353851705,0.41003527539488016,0.16196876606649033,0.42330235566448804,0.682585443899782,0.23298210198310795,0.5710007452385741,0.44187402313937657,0.3343876949597478,0.43900883060229967,0.2587855271971454,0.36076672098987106,0.540111651702577,0.30619018424774225,0.030487043060360666,0.3436960324797189,0.37729716982363753,0.39432351748426225,0.004077356414418846,0.026093291569649835,0,DATA
11300,452.0,0.389880180838361,0.012035921057771919,0.805267776622054,0.18218313684613505,0.41003527539488016,0.16196876606649033,0.42330235566448804,0.682585443899782,0.23298210198310795,0.5710007452385741,0.44187402313937657,0.3343876949597478,0.4547477761987221,0.23733453982979158,0.35755575527552647,0.5587066181844651,0.2794363444026792,0.027175508981679832,0.3107214989071413,0.34258905126201067,0.37886328625516674,0.013466966226040286,0,0,DATA
11320,452.8,0.3899966089534105,0.03352506292344671,0.8202680305446978,0.18165854501564643,0.41003527539488016,0.16196876606649033,0.42330235566448804,0.682585443899782,0.23298210198310795,0.5710007452385741,0.44187402313937657,0.3343876949597478,0.45495674008585707,0.23691620334197439,0.35661691546538343,0.5590202683719414,0.28441196625519855,0.027117211757158248,0.32234049206094995,0.35565561062503476,0.3857434454610861,0.0005220467283650702,0,0,DATA
11340,453.6,0.39033463345274017,0.03409409445039039,0.8203641850083279,0.18832355779552679,0.41003527539488016,0.16196876606649033,0.42330235566448804,0.682585443899782,0.23298210198310795,0.5710007452385741,0.44187402313937657,0.3343876949597478,0.45489993263133943,0.23695003122317349,0.3564062486671998,0.5589749507040829,0.2848284890350062,0.027123910376379196,0.3226549404643193,0.3566461757527552,0.38721964381194424,0.00010043404463346468,0,0,DATA
11360,454.4,0.39044667546505785,0.03610238125695631,0.8204109213059024,0.18587007970336686,0.41003527539488016,0.16196876606649033,0.42330235566448804,0.682585443899782,0.23298210198310795,0.5710007452385741,0.44187402313937657,0.3343876949597478,0.4544611501656053,0.23752249989337165,0.35636657745033135,0.5584693251361168,0.28540972871918363,0.02721132779434022,0.32349001084892415,0.35724057195790154,0.3870530794901225,0.0003503074509335809,0,0,DATA
11380,455.2,0.39035751319758677,0.038687570604811684,0.8204185597336113,0.17746536700691515,0.41003527539488016,0.16196876606649033,0.42330235566448804,0.682585443899782,0.23298210198310795,0.5710007452385741,0.44187402313937657,0.3343876949597478,0.45378662566283545,0.23841809351183063,0.35633595200910195,0.5576842660755024,0.28601831030798514,0.027347701785627433,0.32450778182011386,0.3574186355022169,0.3857529087331906,0.0005335811874860689,0.011606271181443506,0,DATA
11400,456.0,0.3902481224861739,0.04336181128623825,0.8204109306492222,0.17637123202218452,0.4100932734204793,0.16286221398422335,0.42417492170479304,0.6831906998910675,0.23298210198310795,0.5710007452385741,0.44187402313937657,0.3343876949597478,0.45285284318587016,0.24000773857354357,0.3565481108186218,0.5564225523061632,0.28766654370761224,0.0275771058725197,0.32635407413352413,0.35915475140871517,0.3862223714962199,0.0009118621160660312,0,0,DATA
11420,456.8,0.3902320837523043,0.04462039155122578,0.820468118985566,0.17379363199911352,0.4100932734204793,0.16286221398422335,0.42417492170479304,0.6831906998910675,0.23298210198310795,0.5710007452385741,0.44187402313937657,0.3343876949597478,0.4523084065871332,0.24083703456625397,0.35660839032736513,0.5557356860104395,0.28826796964636536,0.027699928035028472,0.326865736160014,0.35941437226653233,0.38590833174205286,0.00047800403339688197,0,0,DATA
11440,457.6,0.3903198058069381,0.048754038192665154,0.8204456145390562,0.17240034849544503,0.4100932734204793,0.16286221398422335,0.42417492170479304,0.6831906998910675,0.23298210198310795,0.5710007452385741,0.44187402313937657,0.3343876949597478,0.4512770098128098,0.24224324442367012,0.35664489581146125,0.5545168826945698,0.2897216649140881,0.027914131860888557,0.32853223833821454,0.36093929564971505,0.386252868131371,0.0008247040386118917,0,0,DATA
11460,458.4,0.3903512613645886,0.04969758817064534,0.8204188143567108,0.17247933837684776,0.4100932734204793,0.16286221398422335,0.42417492170479304,0.6831906998910675,0.23298210198310795,0.5710007452385741,0.44187402313937657,0.3343876949597478,0.45076944528513696,0.2429293013747294,0.35666245312379674,0.5539200719552038,0.2902867270991871,0.02801908093961272,0.3289105894044676,0.3613228656858738,0.38640664411452724,0.00040372626368921177,0,0,DATA
11480,459.2,0.39039692265795206,0.04973601066873576,0.8204349781427734,0.1729946734896402,0.4100932734204793,0.16286221398422335,0.42417492170479304,0.6831906998910675,0.23298210198310795,0.5710007452385741,0.44187402313937657,0.3343876949597478,0.4506091072022361,0.24314587675951252,0.3566773091891037,0.5537316152213618,0.29044902589205984,0.028052247365730764,0.32893832341958895,0.3614037495908808,0.3865240815876513,0.00013058984433029588,0.04761072703107404,0,DATA
11500,460.0,0.39041862404684097,0.04968885211254008,0.8204380186092896,0.17321215739557813,0.4100932734204793,0.16286221398422335,0.42417492170479304,0.6831906998910675,0.23298210198310795,0.5710007452385741,0.44187402313937657,0.3343876949597478,0.45057090907416697,0.24319764497921265,0.35668632330036243,0.5536866320474771,0.2904833417782191,0.028060170809208775,0.3289244083681917,0.3614118869767289,0.3865634348409274,3.299348634267877e-05,0,0,DATA
11520,460.8,0.3905149546463885,0.048432933014404704,0.8204319898019048,0.17147122910160478,0.4100932734204793,0.16286221398422335,0.42417492170479304,0.6831906998910675,0.23298210198310795,0.5710007452385741,0.44187402313937657,0.3343876949597478,0.4508231926463546,0.24286151809764478,0.356709256959645,0.5539808372743549,0.29001806445289546,0.028008521758964063,0.3284401010873701,0.3607528839857715,0.38603498717552104,0.00020378137101269753,0,0,DATA
11540,461.6,0.42288331264663986,0.12493173376116745,0.8033868266213832,0.17280345816951795,0.4100932734204793,0.16286221398422335,0.42417492170479304,0.6831906998910675,0.23298210198310795,0.5710007452385741,0.44187402313937657,0.3343876949597478,0.4348341295611908,0.264180344242268,0.3635134922374825,0.5353268926594613,0.3156465064802255,0.03135419998336618,0.3621042603500212,0.39284574983716175,0.3967517981060128,0.014704041502541529,0,0,DATA
11560,462.4,0.45510800941637347,0.13001457372166902,0.786472531739778,0.1830247103978443,0.4100932734204793,0.16286221398422335,0.42417492170479304,0.6831906998910675,0.23298210198310795,0.5710007452385741,0.44187402313937657,0.3343876949597478,0.42897001424393627,0.2719991872745954,0.3723219491424779,0.5284854134846704,0.32210817713822126,0.03261713532736534,0.3671994767118475,0.39727166193366015,0.39855237050232545,0.007497138418192421,0,0,DATA
11580,463.2,0.48806908046338193,0.11703864569129135,0.7534197285038998,0.19142544313593846,0.4100932734204793,0.16286221398422335,0.42417492170479304,0.6831906998910675,0.23298210198310795,0.5710007452385741,0.44187402313937657,0.3343876949597478,0.4299357245351393,0.2707115803357879,0.3818863111338483,0.5296120720996758,0.31826604309505546,0.03240783018985435,0.36199075906192246,0.38959773723395674,0.3933190341411189,0.003939226407126961,0.1286863530800123,0,DATA
11600,464.0,0.5208997140522875,0.11805815684975646,0.7462507904015675,0.18537823107052576,0.3559993276824619,0.7005493577202175,0.5688584218409586,0.8854878131808279,0.23298210198310795,0.5710007452385741,0.44187402313937657,0.3343876949597478,0.5805637405253008,0.25925103277353223,0.43216143282305597,0.5300926133505834,0.3130771259752725,0.02283524952481143,0.3675309026226231,0.3938162657778829,0.39375334723511357,0.07078789508054162,0,0,DATA
11620,464.8,0.5540975364504777,0.12487175973813286,0.7384115435501672,0.18128331887184118,0.3559993276824619,0.7005493577202175,0.5688584218409586,0.8854878131808279,0.23298210198310795,0.5710007452385741,0.44187402313937657,0.3343876949597478,0.6243212887157902,0.2577206773136009,0.45421551203343813,0.5089790169853043,0.3148004088431937,0.020332236104138125,0.3753280588873317,0.40042000613758294,0.3953163757556021,0.022447327620267632,0,0,DATA
11640,465.6,0.5875315210218702,0.1277149583120331,0.7299697954211707,0.17793549932237504,0.3559993276824619,0.7005493577202175,0.5688584218409586,0.8854878131808279,0.23298210198310795,0.5710007452385741,0.44187402313937657,0.3343876949597478,0.636851481472418,0.25805766627631355,0.46785287255654523,0.5025454261256341,0.31698531020089854,0.019679784432614967,0.3814637856053711,0.40537677608777606,0.396306253056684,0.008834847414149194,0,0,DATA
11660,466.4,0.6209639344519859,0.12865721309628692,0.7211743875861492,0.17499171303898306,0.3559993276824619,0.7005493577202175,0.5688584218409586,0.8854878131808279,0.23298210198310795,0.5710007452385741,0.44187402313937657,0.3343876949597478,0.6404126657947131,0.2584225943047184,0.4789648875338017,0.5005823699502842,0.31885642046629303,0.019514353274734088,0.3867680886380914,0.40950715970865503,0.39700322340189986,0.005012709109318818,0,0,DATA
11680,467.2,0.6546703483743925,0.12980970201906905,0.7118755168924953,0.1717326306509811,0.3559993276824619,0.7005493577202175,0.5688584218409586,0.8854878131808279,0.23298210198310795,0.5710007452385741,0.44187402313937657,0.3343876949597478,0.6412389984176173,0.2588547696116189,0.489376838950684,0.4999531159853819,0.3207504092131125,0.019502069246150677,0.3921105928529548,0.4135938686153528,0.397570203981544,0.0038901531155623448,0.10254493129140307,0,DATA
11700,468.0,0.689453125,0.1312042521102257,0.7006440369917957,0.16864504779773018,0.3559993276824619,0.7005493577202175,0.5688584218409586,0.8854878131808279,0.23298210198310795,0.5710007452385741,0.44187402313937657,0.3343876949597478,0.6411940426853456,0.25937489622921295,0.49980480746712624,0.4997155305427207,0.3225969544260886,0.019543704168431496,0.39737867223439904,0.417430041721402,0.39783227761195317,0.0036643502887693247,0,0,DATA
11720,468.8,0.7237073435143289,0.1337666912265717,0.6902956878912504,0.16602488495073706,0.3559993276824619,0.7005493577202175,0.5688584218409586,0.8854878131808279,0.23298210198310795,0.5710007452385741,0.44187402313937657,0.3343876949597478,0.6406424437512316,0.260248417167068,0.5101265839100679,0.49955456954085015,0.3249247863226181,0.01963966939426119,0.4031848217636941,0.42193934005594325,0.39853094548630297,0.003915632104970257,0,0,DATA
11740,469.6,0.75729526719876,0.1390912329293404,0.6815544061055865,0.16371187380340443,0.3559993276824619,0.7005493577202175,0.5688584218409586,0.8854878131808279,0.23298210198310795,0.5710007452385741,0.44187402313937657,0.3343876949597478,0.6393588103134159,0.2620013451251997,0.520276580816681,0.49931992228069216,0.32837402940452165,0.019842580129141835,0.41028396682455504,0.42793305582350455,0.40004049643427886,0.00439551943418683,0,0,DATA
11760,470.4,0.7901247224317077,0.1447485058320663,0.6738768776969504,0.16204584136431852,0.3559993276824619,0.7005493577202175,0.5688584218409586,0.8854878131808279,0.23298210198310795,0.5710007452385741,0.44187402313937657,0.3343876949597478,0.6377856929724988,0.2641112599254025,0.530215765487584,0.4990515235510493,0.3321835536611155,0.020089624168328383,0.41757726135050777,0.43429199426468496,0.40191944430300636,0.004540738937340971,0,0,DATA
11780,471.2,0.8233753744553377,0.14549678177895092,0.6653193835428497,0.16061807922008822,0.3559993276824619,0.7005493577202175,0.5688584218409586,0.8854878131808279,0.23298210198310795,0.5710007452385741,0.44187402313937657,0.3343876949597478,0.6371566198213777,0.26495375163059104,0.5401801578138171,0.49894481427401555,0.3343848152133593,0.020188710114856664,0.42281520330316746,0.43853141058751166,0.4029318249300308,0.0038119857275142333,0.06972730407843583,0,DATA
11800,472.0,0.8244138988394505,0.0698703546589576,0.6799363760850607,0.15743295471552815,0.35808644812091506,0.661041493753227,0.5723539624183006,0.8849448529411764,0.23298210198310795,0.5710007452385741,0.44187402313937657,0.3343876949597478,0.6417872456604828,0.24446939484062463,0.5443663169940065,0.5068716797494461,0.3117036888757925,0.01839013160829077,0.39569573584043494,0.41255512992854426,0.3947089365350839,0.009767047269753637,0,0,DATA
11820,472.8,0.8256993869930452,0.09196633696657161,0.6902140962718664,0.16111668088234035,0.35808644812091506,0.661041493753227,0.5723539624183006,0.8849448529411764,0.23298210198310795,0.5710007452385741,0.44187402313937657,0.3343876949597478,0.6385362771276154,0.2445109628497666,0.5458921172603183,0.508476380011309,0.31674750137187263,0.018560187012105468,0.4068467704315606,0.42510230915503167,0.40145805797664924,0.0016061122694403889,0,0,DATA
11840,473.6,0.8269071691176471,0.10328335312866484,0.7005153746003516,0.16397632110044733,0.35808644812091506,0.661041493753227,0.5723539624183006,0.8849448529411764,0.23298210198310795,0.5710007452385741,0.44187402313937657,0.3343876949597478,0.6351844131737155,0.2476921977778953,0.5466034915863781,0.5085616945241946,0.32191412649279544,0.018976014641773346,0.4136753889870153,0.4332470195651456,0.40642363623916616,0.0024148244026961363,0,0,DATA
11860,474.4,0.8287842901583711,0.12982694393908958,0.6982578131134455,0.16715841075975957,0.35808644812091506,0.661041493753227,0.5723539624183006,0.8849448529411764,0.23298210198310795,0.5710007452385741,0.44187402313937657,0.3343876949597478,0.6286046999173565,0.2560787736832528,0.5472110993027481,0.5076582631996953,0.3311995924568796,0.019972355129346277,0.42421673722194875,0.44388082061731965,0.41066491452493814,0.005191298959362212,0,0,DATA
11880,475.2,0.8303876398315737,0.13410108815189908,0.6968446283035005,0.17058717507973334,0.35808644812091506,0.661041493753227,0.5723539624183006,0.8849448529411764,0.23298210198310795,0.5710007452385741,0.44187402313937657,0.3343876949597478,0.6257332156557587,0.2597915068344468,0.5477300850490318,0.5072376387548972,0.3342069317911072,0.02041857969120341,0.4259644278797241,0.44583006922609786,0.4117988277856883,0.0023677343863584555,0.040230326445569724,0,DATA
11900,476.0,0.8309322039446122,0.14436035317450596,0.6979138126508441,0.17671172031172533,0.35808644812091506,0.661041493753227,0.5723539624183006,0.8849448529411764,0.23298210198310795,0.5710007452385741,0.44187402313937657,0.3343876949597478,0.6227173247225319,0.26377792098613484,0.5480001392366549,0.5067523771456666,0.33865711174574115,0.020898956338843283,0.4303908835808432,0.4509758978851506,0.4148843790836175,0.0024241197575126474,0,0,DATA
11920,476.8,0.8306744385788504,0.15756697163940786,0.7012850332092467,0.17773694305229573,0.35808644812091506,0.661041493753227,0.5723539624183006,0.8849448529411764,0.23298210198310795,0.5710007452385741,0.44187402313937657,0.3343876949597478,0.6190391675649345,0.2686716984018139,0.5480270247661319,0.5061445670166258,0.3441313712969031,0.02149421271372855,0.43629622200533213,0.4573208806395368,0.4178874450044914,0.0028662733675844745,0,0,DATA
11940,477.6,0.8295459336245182,0.17177069432247058,0.7070151984847025,0.1798321933788154,0.35808644812091506,0.661041493753227,0.5723539624183006,0.8849448529411764,0.23298210198310795,0.5710007452385741,0.44187402313937657,0.3343876949597478,0.6149529386542121,0.2741168739777751,0.5477981043845652,0.5054650936840064,0.35035222172153874,0.022165058325991558,0.4428980431427819,0.46470524333718416,0.4217567442956855,0.0032534416227500973,0,0,DATA
11960,478.4,0.8279559386521702,0.19137165939025097,0.7126055957325568,0.18123648547004803,0.35808644812091506,0.661041493753227,0.5723539624183006,0.8849448529411764,0.23298210198310795,0.5710007452385741,0.44187402313937657,0.3343876949597478,0.6096108673167615,0.28123869686954195,0.5473955293259021,0.5045752179068482,0.3583612896230477,0.023056431499051584,0.4515385096249954,0.47404517875330626,0.4262163472888278,0.004288823095960181,0,0,DATA
11980,479.2,0.8275363130027651,0.2041023809136731,0.7155850213945985,0.1839480146474753,0.35808644812091506,0.661041493753227,0.5723539624183006,0.8849448529411764,0.23298210198310795,0.5710007452385741,0.44187402313937657,0.3343876949597478,0.6053347943956078,0.28693984576363024,0.547186635421928,0.5038626799203809,0.36425131659783794,0.023781486377123098,0.45714275823689154,0.4802185228491494,0.42937115520339647,0.003395371906405357,0.1972803073121523,0,DATA
12000,480.0,0.8268377115803587,0.21134319153396897,0.719718195266988,0.18720017363619104,0.3546993719362745,0.6409414249882287,0.5671997549019607,0.8862408088235294,0.23298210198310795,0.5710007452385741,0.44187402313937657,0.3343876949597478,0.5969033830347998,0.28996633140676503,0.5455340828474554,0.5065651427792175,0.36779591679340895,0.024545733917014177,0.4607259969750065,0.48454029487337485,0.43207114192004076,0.00437014985947178,0,0,DATA
12020,480.8,0.8278995084946371,0.21615736274684402,0.7200490322603567,0.18613500485586168,0.3546993719362745,0.6409414249882287,0.5671997549019607,0.8862408088235294,0.23298210198310795,0.5710007452385741,0.44187402313937657,0.3343876949597478,0.5933629836718538,0.2922222450393105,0.545261294427112,0.5072073856444179,0.3700017698081296,0.0249539601837745,0.46293019224168597,0.48667105696135826,0.43276912278567614,0.002023033805278296,0,0,DATA
12040,481.6,0.79446784790305,0.29184080920234934,0.7435958246087151,0.190214402933818,0.3546993719362745,0.6409414249882287,0.5671997549019607,0.8862408088235294,0.23298210198310795,0.5710007452385741,0.44187402313937657,0.3343876949597478,0.5764073401073139,0.3140903841366156,0.5381588091767757,0.5047511378780352,0.3955462628569878,0.027939740065260354,0.4912265971752423,0.517730080937546,0.4474810513975241,0.015308755970727117,0,0,DATA
12060,482.4,0.7608231340078765,0.2911935317283255,0.7459160529109699,0.19607354940571275,0.3546993719362745,0.6409414249882287,0.5671997549019607,0.8862408088235294,0.23298210198310795,0.5710007452385741,0.44187402313937657,0.3343876949597478,0.5714565753074969,0.32046958817308047,0.5289626736836884,0.5040369182597112,0.3970914370265554,0.028840378313352472,0.4847027890670491,0.5120242103067678,0.4457713747568458,0.006842034776456359,0,0,DATA
12080,483.2,0.7270497501885369,0.2637656851044722,0.7524578896455816,0.1924520536339536,0.3546993719362745,0.6409414249882287,0.5671997549019607,0.8862408088235294,0.23298210198310795,0.5710007452385741,0.44187402313937657,0.3343876949597478,0.575731193658561,0.314703552329341,0.5191114224337009,0.5047826270060489,0.38718164993223103,0.028038969104617822,0.4682853410005622,0.4958987963365661,0.439191019410635,0.006630635148263675,0.24118111388160218,0,DATA
12100,484.0,0.692756056749623,0.24437732341698937,0.7603887610380713,0.18369690987293813,0.3546993719362745,0.6409414249882287,0.5671997549019607,0.8862408088235294,0.23298210198310795,0.5710007452385741,0.44187402313937657,0.3343876949597478,0.5810851351182516,0.307545000303724,0.5089543714365328,0.5056849322890122,0.3776423841884086,0.02705538617193128,0.4552574319162842,0.4827884600154355,0.43308508490954056,0.007556514827491904,0,0,DATA
12120,484.8,0.6580504951713593,0.21563014150131907,0.7698926999612247,0.18972240958808892,0.3546993719362745,0.6409414249882287,0.5671997549019607,0.8862408088235294,0.23298210198310795,0.5710007452385741,0.44187402313937657,0.3343876949597478,0.5887282257584495,0.2973482237596512,0.4986190882059469,0.5069617752409497,0.36552981688858105,0.025681095626173114,0.43871823461899406,0.4678022065819758,0.4288835361381821,0.00939171680495221,0,0,DATA
12140,485.6,0.6234412969247529,0.20250641311723425,0.7792601768427283,0.19194078064006187,0.3546993719362745,0.6409414249882287,0.5671997549019607,0.8862408088235294,0.23298210198310795,0.5710007452385741,0.44187402313937657,0.3343876949597478,0.5937771359111668,0.2906145468488856,0.48825057160498386,0.5078041586199737,0.35783391040879897,0.024791397449034865,0.4284203989923395,0.45866295574866894,0.4262396004866792,0.007383701221481964,0,0,DATA
12160,486.4,0.5894535832495392,0.18694127307367878,0.786687262993802,0.1934167055290312,0.3546993719362745,0.6409414249882287,0.5671997549019607,0.8862408088235294,0.23298210198310795,0.5710007452385741,0.44187402313937657,0.3343876949597478,0.5985604883661286,0.2842362045634604,0.47800259675290013,0.5086016535352055,0.3497477528702455,0.023961765061210345,0.41688221747008936,0.4480150753304231,0.42265801462818686,0.007136556530823605,0,0,DATA
12180,487.2,0.5563171662895928,0.16819500685865119,0.7921197880537874,0.19440659997179593,0.3546993719362745,0.6409414249882287,0.5671997549019607,0.8862408088235294,0.23298210198310795,0.5710007452385741,0.44187402313937657,0.3343876949597478,0.6039322100077729,0.27707374733762513,0.4679695567356862,0.5094970213273009,0.34049146136845304,0.023045397222304358,0.4038429326040861,0.4356180324146949,0.4180885431534873,0.00752240629489781,0.050458502057595354,0,DATA
12200,488.0,0.5238018411157198,0.1512461403114189,0.7957457723013129,0.19586574477646496,0.4114518654684095,0.16271998085290854,0.4251934402233115,0.6818317674291938,0.23298210198310795,0.5710007452385741,0.44187402313937657,0.3343876949597478,0.4752009841172953,0.28209735117839785,0.41836965833398687,0.5465518164694487,0.33868606291333947,0.031089326579123597,0.3912855177999237,0.4235691305157519,0.4134930056768304,0.061118242710983206,0,0,DATA
12220,488.8,0.49068843482905977,0.12551173428712767,0.8014891901989216,0.19700088198918128,0.4114518654684095,0.16271998085290854,0.4251934402233115,0.6818317674291938,0.23298210198310795,0.5710007452385741,0.44187402313937657,0.3343876949597478,0.4419858416152531,0.2763987986438281,0.39653587349327846,0.5327935214857125,0.32923496956199994,0.03238923303079608,0.3755177577123969,0.4084892259392576,0.40798438606146614,0.020249159959106772,0,0,DATA
12240,489.6,0.4571692813076085,0.10875941480828405,0.8090147353162644,0.19794261399524868,0.4114518654684095,0.16271998085290854,0.4251934402233115,0.6818317674291938,0.23298210198310795,0.5710007452385741,0.44187402313937657,0.3343876949597478,0.43553928595519764,0.26999858342938093,0.38294671580156125,0.5327703512629083,0.32097367172932434,0.03200475457066303,0.3636181082400378,0.3974363041792395,0.40418935546804363,0.008811976188739948,0,0,DATA
12260,490.4,0.42462485728800065,0.09586066259254658,0.8137881910086145,0.19885972279291306,0.4114518654684095,0.16271998085290854,0.4251934402233115,0.6818317674291938,0.23298210198310795,0.5710007452385741,0.44187402313937657,0.3343876949597478,0.4363140572224859,0.26446686824464033,0.3720356394499284,0.5359235944889228,0.31359678737738195,0.0313060137515783,0.3529044136882913,0.3872916660764944,0.40037688591634263,0.0057391876012205705,0,0,DATA
12280,491.2,0.3910031213340037,0.08562353360147476,0.8213364111083312,0.1999805714404039,0.4114518654684095,0.16271998085290854,0.4251934402233115,0.6818317674291938,0.23298210198310795,0.5710007452385741,0.44187402313937657,0.3343876949597478,0.4386962856907975,0.25994095757171803,0.3617017519940992,0.5393776640595397,0.307504181816603,0.03064022324708019,0.3435948589210065,0.3788490181839304,0.39759036772670947,0.005747342199021029,0.025687060080442428,0,DATA
12300,492.0,0.390978146734121,0.010231304728087816,0.8064952443933314,0.19708754772722026,0.4114518654684095,0.16271998085290854,0.4251934402233115,0.6818317674291938,0.23298210198310795,0.5710007452385741,0.44187402313937657,0.3343876949597478,0.4552433222947022,0.237473360285293,0.35859634109137506,0.5588849810047045,0.2800622079026881,0.027166691746431177,0.3104647391086752,0.3439454793287808,0.38199013951432653,0.014040014931017966,0,0,DATA
12320,492.8,0.39084446879713425,0.05729483135475676,0.8212412755171924,0.19838793721506204,0.4114518654684095,0.16271998085290854,0.4251934402233115,0.6818317674291938,0.23298210198310795,0.5710007452385741,0.44187402313937657,0.3343876949597478,0.45032409268427315,0.2439108685548328,0.3576366454537906,0.5532066120647201,0.2932657222040971,0.028155104875179388,0.3322126203967176,0.3672980026779935,0.3929828863931618,0.00410547783918444,0,0,DATA
12340,493.6,0.39090132447209647,0.05874899559803649,0.8215371631882296,0.21011950114658243,0.4114518654684095,0.16271998085290854,0.4251934402233115,0.6818317674291938,0.23298210198310795,0.5710007452385741,0.44187402313937657,0.3343876949597478,0.44854294931005567,0.24624928702381305,0.3573606764542573,0.5511468311431212,0.29541075709619224,0.028517140166897235,0.33286483476322937,0.369152962204761,0.3956269813012134,0.0014651769475770109,0,0,DATA
12360,494.4,0.39078411078640857,0.05892947221875687,0.8216432382805784,0.2214828613119725,0.4114518654684095,0.16271998085290854,0.4251934402233115,0.6818317674291938,0.23298210198310795,0.5710007452385741,0.44187402313937657,0.3343876949597478,0.4479707062074392,0.24700134601830886,0.3572532708804029,0.5504846800945651,0.29634875507504743,0.02863391550774278,0.3329347976928497,0.3703698686601552,0.39794152223191787,0.0004772358903222436,0,0,DATA
12380,495.2,0.3905052986739567,0.060350558142432696,0.8216745315508256,0.21294373544654954,0.4114518654684095,0.16271998085290854,0.4251934402233115,0.6818317674291938,0.23298210198310795,0.5710007452385741,0.44187402313937657,0.3343876949597478,0.44750060523268226,0.24762486777528683,0.3571624986646317,0.5499378687286977,0.2965901270658389,0.028730643810788443,0.3334537282938791,0.3700380160016671,0.39642680205370123,0.0003947983158353596,0.01810516744272981,0,DATA
12400,496.0,0.3901820363562092,0.06104959075287443,0.821720931519724,0.20411372387970578,0.41321686921296297,0.16004139355455196,0.4250618702342048,0.6789025054466231,0.23298210198310795,0.5710007452385741,0.44187402313937657,0.3343876949597478,0.4464627736485226,0.24837830421966012,0.35703054231622344,0.5490422347144313,0.29678054069830784,0.02887219389676316,0.33367796886828605,0.3693838954162794,0.3947449283923486,0.0006410747923137247,0,0,DATA
12420,496.8,0.39015486870496063,0.06212249226752049,0.8219354447653492,0.1995294614185458,0.41321686921296297,0.16004139355455196,0.4250618702342048,0.6789025054466231,0.23298210198310795,0.5710007452385741,0.44187402313937657,0.3343876949597478,0.44592611485519906,0.24890474757707304,0.35698525020493876,0.548510683639063,0.29710826863402773,0.02896144030941311,0.3341445985930198,0.36941355021945965,0.39403992267359494,0.00036946475400704654,0,0,DATA
12440,497.6,0.38992161968954253,0.06326923675624362,0.8222011976530263,0.20008724738534533,0.41321686921296297,0.16004139355455196,0.4250618702342048,0.6789025054466231,0.23298210198310795,0.5710007452385741,0.44187402313937657,0.3343876949597478,0.4455243008745701,0.24938376904113935,0.35692268027831553,0.5480702659167154,0.29761470249462296,0.029038220334820293,0.3346097971629608,0.3699611026748484,0.3943666048606408,0.0003144684571061614,0,0,DATA
12460,498.4,0.3901191907051282,0.06464221547863182,0.8227469790028079,0.19938729056379867,0.41321686921296297,0.16004139355455196,0.4250618702342048,0.6789025054466231,0.23298210198310795,0.5710007452385741,0.44187402313937657,0.3343876949597478,0.4451154311486799,0.24991190952262796,0.3569453992136016,0.5476017608130259,0.298204564549457,0.029121175054917438,0.3353076591249895,0.3706435470897006,0.39458876274369364,0.0003199097142216241,0,0,DATA
12480,499.2,0.3904175438872129,0.06546324225703976,0.8231484067615552,0.19960036919963187,0.41321686921296297,0.16004139355455196,0.4250618702342048,0.6789025054466231,0.23298210198310795,0.5710007452385741,0.44187402313937657,0.3343876949597478,0.4448203546074472,0.25030023916502875,0.3570148690624252,0.5472600577212091,0.2986494893504925,0.02918193558447548,0.33577602602451906,0.3711733646286882,0.3948847247455168,0.00025095867748571127,0.0480356188652077,0,DATA
12500,500.0,0.3902835058970169,0.0666649377227002,0.823470984398652,0.19874823944140463,0.41321686921296297,0.16004139355455196,0.4250618702342048,0.6789025054466231,0.23298210198310795,0.5710007452385741,0.44187402313937657,0.3343876949597478,0.4444794755972886,0.2507532127881339,0.3570075620391311,0.5468631314045773,0.2991074458857681,0.029252696815383047,0.3362944121401634,0.3716387955322195,0.394961793723975,0.0002670532188526013,0,0,DATA
12520,500.8,0.38974034926470585,0.06769018485715292,0.8235658829598989,0.19736959094740095,0.41321686921296297,0.16004139355455196,0.4250618702342048,0.6789025054466231,0.23298210198310795,0.5710007452385741,0.44187402313937657,0.3343876949597478,0.444161909996006,0.25117617407271225,0.35689130703935756,0.5464928679616468,0.2994380515550322,0.02931878981872829,0.3366148593797317,0.3718308677785121,0.3948092600724228,0.0002855939618781611,0,0,DATA
12540,501.6,0.42263333752304333,0.12842337881643567,0.805154809445097,0.2028163802781087,0.41321686921296297,0.16004139355455196,0.4250618702342048,0.6789025054466231,0.23298210198310795,0.5710007452385741,0.44187402313937657,0.3343876949597478,0.4313126695841718,0.2683083567666849,0.3637639580736764,0.5315021564087434,0.3200746540170201,0.03204254825895976,0.3638045199121519,0.3977240998925229,0.40369512747958997,0.012284691380041901,0,0,DATA
12560,502.4,0.45599534418468235,0.13147583686983821,0.7867077984936455,0.21177074718545355,0.41321686921296297,0.16004139355455196,0.4250618702342048,0.6789025054466231,0.23298210198310795,0.5710007452385741,0.44187402313937657,0.3343876949597478,0.4268168812694071,0.2743026998298294,0.37283177478291624,0.5262570907197888,0.32497314703850194,0.033017392162583495,0.3680085022755504,0.40097881785151074,0.40466831749737037,0.006519316029049686,0,0,DATA
12580,503.2,0.4895897815589911,0.08655390764543099,0.7535481557284478,0.2209389824142087,0.41321686921296297,0.16004139355455196,0.4250618702342048,0.6789025054466231,0.23298210198310795,0.5710007452385741,0.44187402313937657,0.3343876949597478,0.4349017499121032,0.26352286256593876,0.38260695164429304,0.5356894436730821,0.3103928632715336,0.03127242478377472,0.35012668950760983,0.3806978643299258,0.3948332082055918,0.009546627589321177,0.09167075965332847,0,DATA
12600,504.0,0.5228037081552707,0.08718054812795212,0.7452868237047424,0.22069050445564448,0.3559878387118736,0.6519054284125082,0.5687358728213507,0.8854081563180828,0.23298210198310795,0.5710007452385741,0.44187402313937657,0.3343876949597478,0.5749175457638104,0.24844627431664867,0.4327431500123256,0.5383180899597704,0.30310298796567803,0.022178131926795307,0.35536786461513303,0.38508805843922217,0.3961335683399587,0.06840952748967662,0,0,DATA
12620,504.8,0.5568975720630133,0.09575755875713951,0.734254038736177,0.21826861973489148,0.3559878387118736,0.6519054284125082,0.5687358728213507,0.8854081563180828,0.23298210198310795,0.5710007452385741,0.44187402313937657,0.3343876949597478,0.615121112287193,0.24632486081803417,0.45494372094336133,0.5192770134473863,0.3045091610947408,0.019909100074007962,0.36341088465464344,0.39178561150980074,0.39758693313881915,0.02150851698434429,0,0,DATA
12640,505.6,0.591649580505279,0.10389116884596523,0.7220424635534305,0.210739813077625,0.3559878387118736,0.6519054284125082,0.5687358728213507,0.8854081563180828,0.23298210198310795,0.5710007452385741,0.44187402313937657,0.3343876949597478,0.6254741241255546,0.24796584759332102,0.46890181399554787,0.5132800141405621,0.30780875016128606,0.019502621513935933,0.37117241534207757,0.39757310401323354,0.39772352036922964,0.008650697221944984,0,0,DATA
12660,506.4,0.6257795806623931,0.10748043707262567,0.7110861000429859,0.20743522548646426,0.3559878387118736,0.6519054284125082,0.5687358728213507,0.8854081563180828,0.23298210198310795,0.5710007452385741,0.44187402313937657,0.3343876949597478,0.6278262813494642,0.24946313872937198,0.48025654194419776,0.5113552899605819,0.3105648606468516,0.019497161041500424,0.3772428499620757,0.4022174435230711,0.3982749022230968,0.0050680587695368096,0,0,DATA
12680,507.2,0.6595910319255908,0.1167967144217321,0.7011648559422035,0.20394431177217126,0.3559878387118736,0.6519054284125082,0.5687358728213507,0.8854081563180828,0.23298210198310795,0.5710007452385741,0.44187402313937657,0.3343876949597478,0.6265755102733248,0.2525208837279371,0.49076336509406426,0.510451802999369,0.31526484228223794,0.019802471251801134,0.38574740233420124,0.4093807801136892,0.3998749951837284,0.004938446408190318,0.04715828685206231,0,DATA
12700,508.0,0.693846625188537,0.12455889620555928,0.6915966328960225,0.20024708418773388,0.3559878387118736,0.6519054284125082,0.5687358728213507,0.8854081563180828,0.23298210198310795,0.5710007452385741,0.44187402313937657,0.3343876949597478,0.6245702207758793,0.2556116181269782,0.5011090866242429,0.5099090805485713,0.3198056035991914,0.020152484805711645,0.3937897490910852,0.41609658180751125,0.4013333804991643,0.0051472484755550885,0,0,DATA
12720,508.8,0.7281890894712586,0.13041099632351824,0.6801811307242287,0.1971843579243173,0.3559878387118736,0.6519054284125082,0.5687358728213507,0.8854081563180828,0.23298210198310795,0.5710007452385741,0.44187402313937657,0.3343876949597478,0.6227396929018743,0.2581774264797191,0.5114247205826681,0.5095414403092033,0.32353645246117524,0.020454019991903945,0.4007159815604544,0.42157499143335936,0.4021790211494986,0.0049039900617237064,0,0,DATA
12740,509.6,0.7616025837418299,0.13276042968519225,0.6711739768116639,0.19354941589376337,0.3559878387118736,0.6519054284125082,0.5687358728213507,0.8854081563180828,0.23298210198310795,0.5710007452385741,0.44187402313937657,0.3343876949597478,0.6216971535337212,0.25960501032681005,0.5215362445670155,0.5093489180697343,0.32621573549821337,0.02062395601634338,0.4065370229767252,0.4261318232553184,0.40289400869655484,0.004193882399863809,0,0,DATA
12760,510.4,0.796384574796799,0.13706514345506676,0.6599192340072244,0.19054895675027217,0.3559878387118736,0.6519054284125082,0.5687358728213507,0.8854081563180828,0.23298210198310795,0.5710007452385741,0.44187402313937657,0.3343876949597478,0.6204804018316017,0.2612386053365022,0.5318739198838632,0.5091404964159479,0.32919661848933374,0.020820485809910243,0.41296435813478094,0.43113363821858103,0.40360413733772477,0.0043960073428864765,0,0,DATA
12780,511.2,0.7964446382185353,0.18393790942317098,0.6740584167500029,0.1920614921174521,0.3559878387118736,0.6519054284125082,0.5687358728213507,0.8854081563180828,0.23298210198310795,0.5710007452385741,0.44187402313937657,0.3343876949597478,0.610272095467664,0.274853058310479,0.5349878357974822,0.5074374231109284,0.346626941246176,0.022494760358625854,0.43455331375492556,0.4542877656497215,0.41447836133424465,0.008978891750511142,0.13423215197378846,0,DATA
12800,512.0,0.7632446227689795,0.12281093379716375,0.692536171486468,0.19979627038267073,0.414527547998366,0.1660285584114649,0.4268836805555556,0.6782628676470588,0.23298210198310795,0.5710007452385741,0.44187402313937657,0.3343876949597478,0.484000744839652,0.2741151799775534,0.4892313934927386,0.5549427824310492,0.33627461860927965,0.029703078026278085,0.4071580713619046,0.4295137765568689,0.408155707782548,0.05758855708856042,0,0,DATA
12820,512.8,0.7301024449576838,0.11866315306260204,0.7110995608603842,0.21737463633061405,0.414527547998366,0.1660285584114649,0.4268836805555556,0.6782628676470588,0.23298210198310795,0.5710007452385741,0.44187402313937657,0.3343876949597478,0.44699037360550636,0.27273243787199847,0.4685446034609434,0.5371289678667539,0.3350606955663008,0.0316729693503832,0.402583201380604,0.4285530821077542,0.41237584342430195,0.019693301123831924,0,0,DATA
12840,513.6,0.6968522839157031,0.11632048631782141,0.7298781651666348,0.23028560718286858,0.414527547998366,0.1660285584114649,0.4268836805555556,0.6782628676470588,0.23298210198310795,0.5710007452385741,0.44187402313937657,0.3343876949597478,0.4363792222516666,0.2716616685517934,0.45535603263258895,0.5323587768499365,0.33415326576249466,0.03215397379185007,0.3987518233355457,0.4278906615785465,0.41597627255540026,0.008290163834133094,0,0,DATA
12860,514.4,0.6638507232487013,0.11412414076827729,0.7381859533444928,0.2283837503335971,0.414527547998366,0.1660285584114649,0.4268836805555556,0.6782628676470588,0.23298210198310795,0.5710007452385741,0.44187402313937657,0.3343876949597478,0.43365710941091895,0.27072546100185957,0.4444691336440122,0.5314658242045297,0.33152086139861925,0.03219792242936948,0.3929345306178993,0.42271396199375877,0.41404324033087864,0.004848406459752745,0,0,DATA
12880,515.2,0.6298132240342719,0.10462313161992744,0.7491399480833046,0.22459936446006393,0.414527547998366,0.1660285584114649,0.4268836805555556,0.6782628676470588,0.23298210198310795,0.5710007452385741,0.44187402313937657,0.3343876949597478,0.4348356874798481,0.26778431617534143,0.43405518911240903,0.5335256856522532,0.3266761170355341,0.031781849180532326,0.38451742606343586,0.4150138183258231,0.41119596054717955,0.004844555809016808,0.03138693948597823,0,DATA
12900,516.0,0.5950031815610859,0.09663634880397387,0.7613773417593243,0.23284601173294844,0.414527547998366,0.1660285584114649,0.4268836805555556,0.6782628676470588,0.23298210198310795,0.5710007452385741,0.44187402313937657,0.3343876949597478,0.4368664852918771,0.264665673538919,0.42362089683355897,0.536100405876479,0.32254059593731094,0.03129884330213846,0.3768081831776212,0.40935297953489885,0.41122561675104974,0.0051945775757671715,0,0,DATA
12920,516.8,0.5608532802811295,0.0925898898776773,0.7723377095550992,0.23935796390030417,0.414527547998366,0.1660285584114649,0.4268836805555556,0.6782628676470588,0.23298210198310795,0.5710007452385741,0.44187402313937657,0.3343876949597478,0.43832548101000807,0.2625970722486292,0.4133191298811131,0.5378642043806894,0.31949573185472036,0.030973757691120075,0.37055169291026624,0.4048437212638569,0.41124614016652455,0.004609787986955549,0,0,DATA
12940,517.6,0.5270884068103737,0.0835506393890345,0.7821653941776818,0.24400925057892794,0.414527547998366,0.1660285584114649,0.4268836805555556,0.6782628676470588,0.23298210198310795,0.5710007452385741,0.44187402313937657,0.3343876949597478,0.4406614223280623,0.2594455017247223,0.40313797636652066,0.5406079603016699,0.3148226932063878,0.03047475436279857,0.3621485549451745,0.3978884804288859,0.4099009437375229,0.0052228884521845305,0,0,DATA
12960,518.4,0.4928775583417128,0.07501857661432917,0.7915792009967076,0.24693112630459688,0.414527547998366,0.1660285584114649,0.4268836805555556,0.6782628676470588,0.23298210198310795,0.5710007452385741,0.44187402313937657,0.3343876949597478,0.44315393790616675,0.25611105299063275,0.3928993521337241,0.543521442457767,0.30996655789179817,0.029949030576473166,0.3537763215053653,0.39074981524354624,0.40813787632434123,0.005355196181663506,0,0,DATA
12980,519.2,0.4581374316553545,0.06987631267464504,0.8025234196090278,0.24849870486143094,0.414527547998366,0.1660285584114649,0.4268836805555556,0.6782628676470588,0.23298210198310795,0.5710007452385741,0.44187402313937657,0.3343876949597478,0.44498156800693167,0.2536708844672943,0.38253233825974986,0.5456553417698187,0.3062764937882887,0.029566323473259815,0.34696023431468404,0.3851849077697803,0.40694209442919965,0.004878270832692544,0.020962893802393513,0,DATA
13000,520.0,0.42426090895760016,0.06740332403511456,0.8111016918401107,0.2485817709822188,0.41482711226851854,0.16058811359321642,0.4268641067538127,0.6777679057734205,0.23298210198310795,0.5710007452385741,0.44187402313937657,0.3343876949597478,0.44452586010235307,0.2523093055879563,0.37230268366654123,0.5461082772571983,0.3033864617751022,0.02943177184702494,0.3409113887655376,0.380002196055821,0.405344675145423,0.004015647125708417,0,0,DATA
13020,520.8,0.38933902086475614,0.06261527715312441,0.8221994802725481,0.2480205992247234,0.41482711226851854,0.16058811359321642,0.4268641067538127,0.6777679057734205,0.23298210198310795,0.5710007452385741,0.44187402313937657,0.3343876949597478,0.44539463757619735,0.2505601787971976,0.36190019078908137,0.5474172293894999,0.3000864348936937,0.029182023941866433,0.3342313500806602,0.3743758190384378,0.4037964920604503,0.004340132380687607,0,0,DATA
13040,521.6,0.38948641355580693,0.014713619044926251,0.8081097365382767,0.24525688893833483,0.41482711226851854,0.16058811359321642,0.4268641067538127,0.6777679057734205,0.23298210198310795,0.5710007452385741,0.44187402313937657,0.3343876949597478,0.45571461902107235,0.23662297648967456,0.3588103953909641,0.5595458212656989,0.2822703219675841,0.02704598965048057,0.3122822166287368,0.3507413401844484,0.3925508046224801,0.00911565971683844,0,0,DATA
13060,522.4,0.3894123735231272,0.04381234751265273,0.8221503460188913,0.2408057886530048,0.41482711226851854,0.16058811359321642,0.4268641067538127,0.6777679057734205,0.23298210198310795,0.5710007452385741,0.44187402313937657,0.3343876949597478,0.45269988047631227,0.24058945976838103,0.3578679083646662,0.5560552103539655,0.2908069144132904,0.02765167441834862,0.32671502190541435,0.3661330963806544,0.39952814220245875,0.0026412362832548184,0,0,DATA
13080,523.2,0.38910848861446284,0.044574800433875655,0.821927903561153,0.2343226346812151,0.41482711226851854,0.16058811359321642,0.4268641067538127,0.6777679057734205,0.23298210198310795,0.5710007452385741,0.44187402313937657,0.3343876949597478,0.4516353437994274,0.24199289156993542,0.35752134642595723,0.5548212261147459,0.2914606359151254,0.027867073245633315,0.32691473760062306,0.36566225243291023,0.3982598802409832,0.0009381768057160808,0.013372440130162696,0,DATA
13100,524.0,0.38878273865636,0.04673547674747668,0.8215003076597582,0.22097743557260993,0.41482711226851854,0.16058811359321642,0.4268641067538127,0.6777679057734205,0.23298210198310795,0.5710007452385741,0.44187402313937657,0.3343876949597478,0.45086224077050574,0.24301891047821003,0.357348970353143,0.5539216651461478,0.2918107760011065,0.028024680589583437,0.3276283389541639,0.3649985742854512,0.3957754678951434,0.0006571660033368268,0,0,DATA
13120,524.8,0.38845227527442605,0.04880360507897816,0.8211474953456102,0.2066362196185872,0.41482711226851854,0.16058811359321642,0.4268641067538127,0.6777679057734205,0.23298210198310795,0.5710007452385741,0.44187402313937657,0.3343876949597478,0.45019600291221384,0.24390579208351282,0.3572278602210926,0.5531451054143505,0.29203138231091497,0.028161079674079346,0.32831893514754806,0.36421976765201824,0.39309619453733363,0.000558076531881696,0,0,DATA
13140,525.6,0.3880323550360315,0.05221003549912446,0.8208212629146824,0.19482507227535503,0.41482711226851854,0.16058811359321642,0.4268641067538127,0.6777679057734205,0.23298210198310795,0.5710007452385741,0.44187402313937657,0.3343876949597478,0.4492807811664956,0.24512565708274459,0.35710334393141463,0.5520775620418755,0.2927631427731653,0.028349036180778296,0.32953227678174213,0.36421937130879634,0.39112137950013776,0.0007532010115426554,0,0,DATA
13160,526.4,0.38767848819549183,0.0516371768550722,0.820424288451204,0.18283518708730281,0.41482711226851854,0.16058811359321642,0.4268641067538127,0.6777679057734205,0.23298210198310795,0.5710007452385741,0.44187402313937657,0.3343876949597478,0.44912651495803113,0.2453312161621795,0.3569916770079979,0.5518976493979257,0.2922392791473952,0.028380757027737326,0.3291529650633176,0.36260137362521877,0.3885028433659959,0.00015716407043871636,0,0,DATA
13180,527.2,0.38757449828221885,0.05466892657983575,0.8201325963193895,0.1730074916453339,0.41482711226851854,0.16058811359321642,0.4268641067538127,0.6777679057734205,0.23298210198310795,0.5710007452385741,0.44187402313937657,0.3343876949597478,0.44844356765329146,0.2462417738089438,0.35693633904918554,0.5511008969221738,0.2928342636248576,0.028521409193925103,0.3302865285442056,0.3627229983487283,0.38690874471203573,0.0005496143034387687,0.024775019006268186,0,DATA
13200,528.0,0.3873674022226412,0.054810266940601676,0.8199485689546127,0.16503518339255757,0.4144898046023965,0.16821919563870977,0.4266124557461874,0.6781062772331155,0.23298210198310795,0.5710007452385741,0.44187402313937657,0.3343876949597478,0.45034570495884685,0.2464836817941019,0.3568057852068955,0.5519310115823725,0.2926444795750245,0.02845097101469385,0.330264840003641,0.36188567624640844,0.38526876766844337,0.0007581997110011803,0,0,DATA
13220,528.8,0.3872202386563599,0.05482053024852258,0.8197465367230854,0.15877221147505058,0.4144898046023965,0.16821919563870977,0.4266124557461874,0.6781062772331155,0.23298210198310795,0.5710007452385741,0.44187402313937657,0.3343876949597478,0.45091419085585005,0.2465591279158672,0.3567357147052893,0.5521775314699914,0.292404853547565,0.02843024483324758,0.3301991061672477,0.3611734419951117,0.3839524883666202,0.00023800084012489306,0,0,DATA
13240,529.6,0.3870313743820178,0.05310722617820142,0.819541331820174,0.15442099710167456,0.4144898046023965,0.16821919563870977,0.4266124557461874,0.6781062772331155,0.23298210198310795,0.5710007452385741,0.44187402313937657,0.3343876949597478,0.4514445304797185,0.24610203661270685,0.35667503205719564,0.5526712469335058,0.2916426878091856,0.028350129831235985,0.32943497070366845,0.35995366460390377,0.38275506222823474,0.0003493711917074889,0,0,DATA
13260,530.4,0.38693995359896094,0.054467512198598134,0.8195521674105127,0.15326596390914568,0.4144898046023965,0.16821919563870977,0.4266124557461874,0.6781062772331155,0.23298210198310795,0.5710007452385741,0.44187402313937657,0.3343876949597478,0.45131797230259574,0.2463457893074698,0.3566376288983256,0.5524860914975629,0.29195437046980177,0.028384756510307408,0.3299629680732835,0.3603672422132998,0.38272166531206747,0.00013590467691857824,0,0,DATA
13280,531.2,0.422146316459276,0.12996989388519073,0.7980925566938516,0.1572424668125548,0.4144898046023965,0.16821919563870977,0.4266124557461874,0.6781062772331155,0.23298210198310795,0.5710007452385741,0.44187402313937657,0.3343876949597478,0.4354245046952744,0.2675595819881446,0.36401974415133076,0.5339324613535648,0.31716344300702376,0.03172209254014124,0.3629132711766514,0.3915692345353424,0.3929980567526044,0.014829791847000432,0.07623905164180814,0,DATA
13300,532.0,0.45721988514957257,0.13139607638873707,0.776752537758892,0.1742208633021385,0.4144898046023965,0.16821919563870977,0.4266124557461874,0.6781062772331155,0.23298210198310795,0.5710007452385741,0.44187402313937657,0.3343876949597478,0.4303569660873333,0.27432305089334,0.3735998281521946,0.5280169575969966,0.32237393263332037,0.03281590514644282,0.36623045412913735,0.3944502552432908,0.39478001556134285,0.007137030504666779,0,0,DATA
13320,532.8,0.4915542973332495,0.10486918964722898,0.7435119042068334,0.18363505193971869,0.4144898046023965,0.16821919563870977,0.4266124557461874,0.6781062772331155,0.23298210198310795,0.5710007452385741,0.44187402313937657,0.3343876949597478,0.4344073507206676,0.26892456327727643,0.38368407991102593,0.5327413937216955,0.3140249826789912,0.031941368802059264,0.3558384551588578,0.3816756117815634,0.3878071031079857,0.006511041336076402,0,0,DATA
13340,533.6,0.5251039571811631,0.11205567224653172,0.735791117445487,0.1811428698893794,0.4144898046023965,0.16821919563870977,0.4266124557461874,0.6781062772331155,0.23298210198310795,0.5710007452385741,0.44187402313937657,0.3343876949597478,0.43411330476481436,0.2693172321202621,0.39375478400673714,0.532398036322276,0.317068212295129,0.03200463807542873,0.36387882281589234,0.38869468255742934,0.389811408382268,0.003585806298183373,0,0,DATA
13360,534.4,0.5589343603360148,0.11485400477603618,0.7275153195759727,0.17878824996238596,0.4144898046023965,0.16821919563870977,0.4266124557461874,0.6781062772331155,0.23298210198310795,0.5710007452385741,0.44187402313937657,0.3343876949597478,0.43343744114686245,0.270218565881419,0.4038803798979694,0.5316094376327217,0.3196758974675106,0.03215010164843439,0.3701090768847616,0.3938618948466479,0.3910743251244016,0.0039009310901136907,0,0,DATA
13380,535.2,0.5933570182880844,0.12032260489396927,0.71791742140789,0.17741307322357477,0.4144898046023965,0.16821919563870977,0.4266124557461874,0.6781062772331155,0.23298210198310795,0.5710007452385741,0.44187402313937657,0.3343876949597478,0.4320862760367109,0.2720201740427874,0.41414681683527366,0.5300330509969617,0.3231788961696441,0.0324416379070941,0.37726146888873224,0.3999169793599291,0.3926623710475156,0.004473070069608065,0.13062562886874624,0,DATA
13400,536.0,0.6282993639496397,0.12336182631612297,0.7079020938744424,0.17574264811487927,0.34706597222222224,0.6586042109019496,0.5709880514705883,0.901484885620915,0.23298210198310795,0.5710007452385741,0.44187402313937657,0.3343876949597478,0.5683504942787203,0.25925263368956436,0.4649898073082238,0.5361984360158576,0.31753137872981774,0.023500316949698487,0.3834625610832152,0.40494949629019783,0.3937745719218932,0.06662491635606087,0,0,DATA
13420,536.8,0.6620359241452992,0.12847798761749016,0.7006671609852231,0.1741840624452281,0.34706597222222224,0.6586042109019496,0.5709880514705883,0.901484885620915,0.23298210198310795,0.5710007452385741,0.44187402313937657,0.3343876949597478,0.6081553658780361,0.25685489674798023,0.4873273820911973,0.5174948686869918,0.3186797118152464,0.021135914738115893,0.3908093510650501,0.41141693441614563,0.3957952017804292,0.021513394441291134,0,0,DATA
13440,537.6,0.6952371834150328,0.1290756553563973,0.6941955056157423,0.1725324679196546,0.34706597222222224,0.6586042109019496,0.5709880514705883,0.901484885620915,0.23298210198310795,0.5710007452385741,0.44187402313937657,0.3343876949597478,0.6199713171326604,0.256302922632399,0.5010009189727335,0.5118628801174703,0.32025759250034086,0.02045451704163845,0.39639433894066356,0.41618959730225363,0.3972567451207537,0.008680487417247232,0,0,DATA
13460,538.4,0.7295171293677727,0.13732474243164955,0.685259341884236,0.17000443699189732,0.34706597222222224,0.6586042109019496,0.5709880514705883,0.901484885620915,0.23298210198310795,0.5710007452385741,0.44187402313937657,0.3343876949597478,0.6217837942232447,0.25844707477879525,0.5123017686872697,0.50988456549898,0.32443287251154707,0.020527263123556832,0.4047627302150112,0.4234115691106749,0.3991824556588875,0.005085826317172267,0,0,DATA
13480,539.2,0.764999456646975,0.1404344196626693,0.6736988262465496,0.16761813123823968,0.34706597222222224,0.6586042109019496,0.5709880514705883,0.901484885620915,0.23298210198310795,0.5710007452385741,0.44187402313937657,0.3343876949597478,0.6216745051319058,0.2599610300473997,0.523143312330263,0.5091822324103472,0.3271946661053404,0.020653475921211417,0.4107909634357223,0.42804512019225155,0.3998297499113076,0.0041549293343122,0.07220115927153124,0,DATA
13500,540.0,0.8013122630195242,0.14510277333710367,0.6599049807130359,0.166258080528833,0.34706597222222224,0.6586042109019496,0.5709880514705883,0.901484885620915,0.23298210198310795,0.5710007452385741,0.44187402313937657,0.3343876949597478,0.6206613641328729,0.2617223556568226,0.5340214647613963,0.5088081401051522,0.3301937590763097,0.020849094287865935,0.4171620970733031,0.4329008642055403,0.40044081207446786,0.004550873013196399,0,0,DATA
13520,540.8,0.8376475890837105,0.14889984105287413,0.6452599425856728,0.1681757037531127,0.34706597222222224,0.6586042109019496,0.5709880514705883,0.901484885620915,0.23298210198310795,0.5710007452385741,0.44187402313937657,0.3343876949597478,0.6195600376128513,0.2633139323000652,0.5449153289642155,0.5085630150435416,0.3329823623356011,0.0210367799250523,0.42301898174697594,0.43748500738890483,0.4013661699512672,0.00452892245536111,0,0,DATA
13540,541.6,0.8380707825330986,0.07720231455295795,0.658902095022121,0.1679247003398163,0.34706597222222224,0.6586042109019496,0.5709880514705883,0.901484885620915,0.23298210198310795,0.5710007452385741,0.44187402313937657,0.3343876949597478,0.6342861202218271,0.2437160978730615,0.5482723588494327,0.5109988909525557,0.31141293107120527,0.01871737554068639,0.39715304032417675,0.41295818086842084,0.39401419774767144,0.012560315640398917,0,0,DATA
13560,542.4,0.8376757059661473,0.12479724301632428,0.6744687355454914,0.17026188322184546,0.34706597222222224,0.6586042109019496,0.5709880514705883,0.901484885620915,0.23298210198310795,0.5710007452385741,0.44187402313937657,0.3343876949597478,0.628709010027213,0.25116332751470294,0.549196501735938,0.510063831229042,0.3254263354630582,0.01958348290873661,0.4192253245008071,0.4368208473855912,0.40547302606772967,0.0046494942409202695,0,0,DATA
13580,543.2,0.8376815977459361,0.12513448371747382,0.6879664074223112,0.18124135758119578,0.34706597222222224,0.6586042109019496,0.5709880514705883,0.901484885620915,0.23298210198310795,0.5710007452385741,0.44187402313937657,0.3343876949597478,0.6269650564215873,0.25349192380351726,0.5494749818756454,0.5097715098874478,0.3289368226905062,0.01985788255366195,0.42206093351258855,0.4421041710209897,0.41109451419195603,0.001450343344715795,0.037540345115242145,0,DATA
13600,544.0,0.8381768345692978,0.12933988101288077,0.6921599044366669,0.18446539502101286,0.35301730153867106,0.6484706085134895,0.5707055930010894,0.8917367919389978,0.23298210198310795,0.5710007452385741,0.44187402313937657,0.3343876949597478,0.6227213282390953,0.25661779308932975,0.5495834372790038,0.5103304393357875,0.33215700791444314,0.02033144822666097,0.4246808391982948,0.4454658301521133,0.4134680292101555,0.002492684290554307,0,0,DATA
13620,544.8,0.838306060939333,0.1293606079969714,0.6954453832633569,0.1783439751173831,0.35301730153867106,0.6484706085134895,0.5707055930010894,0.8917367919389978,0.23298210198310795,0.5710007452385741,0.44187402313937657,0.3343876949597478,0.6214438571176886,0.25756135743061886,0.5496431114377187,0.5104973927258463,0.3328862016093316,0.02047530114513816,0.42537207103127617,0.44587346787740056,0.41308114662071926,0.0007602365404702494,0,0,DATA
13640,545.6,0.837970458616139,0.12598285748399102,0.6996862831991797,0.17910644567721368,0.35301730153867106,0.6484706085134895,0.5707055930010894,0.8917367919389978,0.23298210198310795,0.5710007452385741,0.44187402313937657,0.3343876949597478,0.6217699433889925,0.25689865658937105,0.5495905371974624,0.5106657000108182,0.3324606996513424,0.020405026619268813,0.42480203034860975,0.44580376424429946,0.41375364290737454,0.0003471204509360078,0,0,DATA
13660,546.4,0.8374818336789844,0.13190368242759384,0.7031507108682445,0.18093007850866444,0.35301730153867106,0.6484706085134895,0.5707055930010894,0.8917367919389978,0.23298210198310795,0.5710007452385741,0.44187402313937657,0.3343876949597478,0.6206243960322271,0.2583576773212055,0.5494721536885832,0.5105089633232837,0.334733030719993,0.020583065973423097,0.4277655208724329,0.4492960608181742,0.4158237376387559,0.0009076505324930503,0,0,DATA
13680,547.2,0.8383083194549186,0.130556119197473,0.7033784461911157,0.18099625130763494,0.35301730153867106,0.6484706085134895,0.5707055930010894,0.8917367919389978,0.23298210198310795,0.5710007452385741,0.44187402313937657,0.3343876949597478,0.6205637201035228,0.258418065836322,0.5496102006488656,0.5105091070300776,0.33464974772502165,0.020591169807385155,0.42743733980014564,0.4489972705580711,0.415774420122343,8.63704680343913e-05,0.04956943273611242,0,DATA
13700,548.0,0.839089373062259,0.13185089539094483,0.70391773232057,0.1803280652835006,0.35301730153867106,0.6484706085134895,0.5707055930010894,0.8917367919389978,0.23298210198310795,0.5710007452385741,0.44187402313937657,0.3343876949597478,0.6202736143242825,0.2587987197250291,0.5498156359944918,0.5104638329753441,0.3351857754323578,0.020637267516324546,0.42821931822489334,0.44976635899335077,0.41604792623963455,0.00029206500452453693,0,0,DATA
13720,548.8,0.8384324723479135,0.1371264711474771,0.7082291198392023,0.18219654797377507,0.35301730153867106,0.6484706085134895,0.5707055930010894,0.8917367919389978,0.23298210198310795,0.5710007452385741,0.44187402313937657,0.3343876949597478,0.6190787116816386,0.2603900771034703,0.5497393174481671,0.5102656056074455,0.3375242357331669,0.02082950596346998,0.4310604458883637,0.4532254736777118,0.4182251159493928,0.0009541928558032634,0,0,DATA
13740,549.6,0.8374235050590749,0.1390869693145456,0.7130520761198377,0.18211904016019106,0.35301730153867106,0.6484706085134895,0.5707055930010894,0.8917367919389978,0.23298210198310795,0.5710007452385741,0.44187402313937657,0.3343876949597478,0.6183085362737611,0.26141642380378177,0.5495045387536135,0.5101375199612286,0.33894866051811057,0.02095388766318629,0.43260744295355036,0.4552470155896037,0.4196085314530113,0.000677100267580851,0,0,DATA
13760,550.4,0.8342629579876824,0.14652496730103443,0.7233357976551051,0.18035752376063602,0.35301730153867106,0.6484706085134895,0.5707055930010894,0.8917367919389978,0.23298210198310795,0.5710007452385741,0.44187402313937657,0.3343876949597478,0.6165155040742352,0.2638069672500921,0.548770390260255,0.5098387643378363,0.3424838084262734,0.021244835190097323,0.4370072770409209,0.46049907019054537,0.4226268035477513,0.0016392413797316114,0,0,DATA
13780,551.2,0.7978666847347916,0.199609057603295,0.7529179399964065,0.18099868969893754,0.35301730153867106,0.6484706085134895,0.5707055930010894,0.8917367919389978,0.23298210198310795,0.5710007452385741,0.44187402313937657,0.3343876949597478,0.6048299354509027,0.2793876755686182,0.5409069283291403,0.5078911944902396,0.36098948972400774,0.02318518561562135,0.45687808697950727,0.483392210957092,0.4344735585407869,0.011709912957657739,0.10270480233634323,0,DATA
13800,552.0,0.7618461106397689,0.1973366635841704,0.7600176245117484,0.1866093651421445,0.41643250442538127,0.16471770282590392,0.4264775667211329,0.6748900462962963,0.23298210198310795,0.5710007452385741,0.44187402313937657,0.3343876949597478,0.4663506540153951,0.29674281034503025,0.49059972183146344,0.5348039218351823,0.36923373077876254,0.0332548873999144,0.4501849514559212,0.4779701114293609,0.4334276982458928,0.06871387423653218,0,0,DATA
13820,552.8,0.7270712224526564,0.1488092596551855,0.7651799301205364,0.18015827594631667,0.41643250442538127,0.16471770282590392,0.4264775667211329,0.6748900462962963,0.23298210198310795,0.5710007452385741,0.44187402313937657,0.3343876949597478,0.4349976244098297,0.2883616776778381,0.4682048333628668,0.5233179733659957,0.35402010860006206,0.034214256912600556,0.42485147336866236,0.45250775498339807,0.42267145740086526,0.020709683580451405,0,0,DATA
13840,553.6,0.6928940225930116,0.14627764538568364,0.7704170765405298,0.17461715197962935,0.41643250442538127,0.16471770282590392,0.4264775667211329,0.6748900462962963,0.23298210198310795,0.5710007452385741,0.44187402313937657,0.3343876949597478,0.42612335452475547,0.28513848588221996,0.4543091548517624,0.5204924343212678,0.349353771862531,0.03436320673253554,0.41805081697293134,0.44567670083299765,0.4190750570861364,0.008664380063932256,0,0,DATA
13860,554.4,0.6590486608639181,0.13456452678255912,0.7734975096850027,0.17749512259911834,0.41643250442538127,0.16471770282590392,0.4264775667211329,0.6748900462962963,0.23298210198310795,0.5710007452385741,0.44187402313937657,0.3343876949597478,0.4259208284658893,0.28089185513465964,0.44303292533532135,0.5225144866656148,0.3427088363012838,0.03386337433214081,0.40721258381475745,0.43543430805121996,0.4152792555327744,0.005241795440955839,0,0,DATA
13880,555.2,0.6251981601935646,0.13079338366796303,0.7781156012597564,0.1797085780282595,0.41643250442538127,0.16471770282590392,0.4264775667211329,0.6748900462962963,0.23298210198310795,0.5710007452385741,0.44187402313937657,0.3343876949597478,0.42665201070229464,0.2785619458383046,0.43254145133961475,0.524045032431995,0.3386421769776432,0.033539715623662134,0.399857644749799,0.428762523686651,0.41292574797806625,0.004517521842822318,0.04067126242769484,0,DATA
13900,556.0,0.5912935533454836,0.12687378726345463,0.783068530572055,0.18074721925409415,0.41643250442538127,0.16471770282590392,0.4264775667211329,0.6748900462962963,0.23298210198310795,0.5710007452385741,0.44187402313937657,0.3343876949597478,0.42769448061816295,0.27676548605613577,0.42227404170280586,0.5254644972810136,0.33486069430228327,0.0332628272013079,0.39249947068083924,0.4220035066715045,0.4103933084058235,0.004368779778282021,0,0,DATA
13920,556.8,0.5571857782910173,0.1142394263605068,0.7892957330096737,0.18177209312452078,0.41643250442538127,0.16471770282590392,0.4264775667211329,0.6748900462962963,0.23298210198310795,0.5710007452385741,0.44187402313937657,0.3343876949597478,0.43066043738254256,0.2726889270686597,0.4120311860503252,0.5289857551569415,0.3284528984083,0.032603044838257836,0.38186961179629053,0.4120988554177604,0.4068491521484247,0.005761790468112112,0,0,DATA
13940,557.6,0.5229260935143288,0.10930511983961239,0.7959837655357636,0.18270716587032293,0.41643250442538127,0.16471770282590392,0.4264775667211329,0.6748900462962963,0.23298210198310795,0.5710007452385741,0.44187402313937657,0.3343876949597478,0.43258642878124426,0.27008435354656646,0.40176379555147645,0.5312510376173388,0.3241998572825287,0.03218240079099492,0.3743815587378131,0.40537311288647204,0.40454206037330454,0.004932651806547894,0,0,DATA
13960,558.4,0.4888505595881515,0.10506917409289568,0.8013690688399306,0.18373689899513115,0.41643250442538127,0.16471770282590392,0.4264775667211329,0.6748900462962963,0.23298210198310795,0.5710007452385741,0.44187402313937657,0.3343876949597478,0.43405377480766527,0.2681169166808578,0.39152771627732463,0.5329684290634036,0.3203030268510271,0.03186534895020523,0.3669491343147243,0.3985821921062809,0.40205138756968267,0.004556954055427165,0,0,DATA
13980,559.2,0.45509108691553546,0.0908724397306235,0.8053292628223137,0.18495642783637573,0.41643250442538127,0.16471770282590392,0.4264775667211329,0.6748900462962963,0.23298210198310795,0.5710007452385741,0.44187402313937657,0.3343876949597478,0.43747529283166875,0.263551599999709,0.38136740323382967,0.5369618464159798,0.3131156059621007,0.03113340018885211,0.3553105848317688,0.3874616149056882,0.39777988441192497,0.006049049249549077,0.02726173191918705,0,DATA
14000,560.0,0.42056407899698345,0.08548089544873189,0.8114047873434846,0.18593088476913228,0.41365710954520696,0.16549232215099763,0.4256517224945534,0.6786700027233115,0.23298210198310795,0.5710007452385741,0.44187402313937657,0.3343876949597478,0.4398508659490933,0.2600895396715981,0.3708374012744431,0.5398806631387476,0.30818160326649807,0.030594675388776367,0.34746367043953597,0.38031969865884807,0.3952322244946301,0.005455878468307344,0,0,DATA
14020,560.8,0.38740664802245683,0.0730872532413615,0.8142708894198157,0.1872057408505658,0.41365710954520696,0.16549232215099763,0.4256517224945534,0.6786700027233115,0.23298210198310795,0.5710007452385741,0.44187402313937657,0.3343876949597478,0.44316620274786844,0.25558070175510117,0.3607153401819765,0.5437927504963835,0.30123564977787565,0.029886354259158074,0.33644794777694875,0.36971807181203725,0.3910289318014414,0.005982078602579562,0,0,DATA
14040,561.6,0.38745247297637003,0.01554466170454401,0.798565031599889,0.18315764205452867,0.41365710954520696,0.16549232215099763,0.4256517224945534,0.6786700027233115,0.23298210198310795,0.5710007452385741,0.44187402313937657,0.3343876949597478,0.4562447480102326,0.23811612474984317,0.35768834509455827,0.5590643116301948,0.2795071280349104,0.027190147617397346,0.310298904589019,0.3415936329625112,0.37766604135212095,0.011190039118346798,0,0,DATA
14060,562.4,0.38773753692182006,0.03133586761694703,0.8134189589873165,0.18257064262754416,0.41365710954520696,0.16549232215099763,0.4256517224945534,0.6786700027233115,0.23298210198310795,0.5710007452385741,0.44187402313937657,0.3343876949597478,0.4568521583473373,0.23729828930373859,0.3568401099968773,0.5597769345217993,0.28332481613828003,0.027066491269270895,0.3196431852205557,0.3523646063900922,0.38365931059498637,0.0007578269602967295,0,0,DATA
14080,563.2,0.38772018890355286,0.03598958196299134,0.8135542824516018,0.18746788399569497,0.41365710954520696,0.16549232215099763,0.4256517224945534,0.6786700027233115,0.23298210198310795,0.5710007452385741,0.44187402313937657,0.3343876949597478,0.45605710143579936,0.23835597868679964,0.35658199638373694,0.5588505613744998,0.28491476469246263,0.02722692880677097,0.3215282660481771,0.3547529437009571,0.38536891208476776,0.0007036199692464495,0.010796874588897401,0,DATA
14100,564.0,0.3876844781716105,0.03868913273368535,0.8136529073009838,0.1834987529202747,0.41365710954520696,0.16549232215099763,0.4256517224945534,0.6786700027233115,0.23298210198310795,0.5710007452385741,0.44187402313937657,0.3343876949597478,0.4552516787004922,0.23942915971751227,0.3564970630460869,0.5579112594914899,0.2858408143145549,0.027390012893515968,0.3226206691799426,0.3554582962101188,0.38500110362443907,0.0006545123678899367,0,0,DATA
14120,564.8,0.387635674595693,0.039540899707140066,0.8139167219884177,0.17314547735422614,0.41365710954520696,0.16549232215099763,0.4256517224945534,0.6786700027233115,0.23298210198310795,0.5710007452385741,0.44187402313937657,0.3343876949597478,0.4548311808154746,0.23998960877929337,0.35646133429384924,0.5574207860180905,0.28592698892115304,0.027475318843300348,0.32300437819162775,0.35483305913394253,0.3831192868715143,0.00033889189967880223,0,0,DATA
14140,565.6,0.38771256232193735,0.039663554430590456,0.8143782721430189,0.17132734779171738,0.41365710954520696,0.16549232215099763,0.4256517224945534,0.6786700027233115,0.23298210198310795,0.5710007452385741,0.44187402313937657,0.3343876949597478,0.45467927395804475,0.2401920868203938,0.3564667620906893,0.5572435935688255,0.28605691235571673,0.027506161866630196,0.3231611276571771,0.3548541506587011,0.38289713547880483,0.00011993756512343468,0,0,DATA
14160,566.4,0.38761989771870287,0.04026298538798148,0.8148598161475987,0.17010003347329156,0.41365710954520696,0.16549232215099763,0.4256517224945534,0.6786700027233115,0.23298210198310795,0.5710007452385741,0.44187402313937657,0.3343876949597478,0.45450782139976365,0.24042067090079344,0.356448930863062,0.5570435752494851,0.28629125129669286,0.02754099506554289,0.32347867592040247,0.35509712189054193,0.38285270679954986,0.0001392892887693379,0,0,DATA
14180,567.2,0.38748333935604157,0.040902729887223876,0.8153502246516529,0.16826636850717305,0.41365710954520696,0.16549232215099763,0.4256517224945534,0.6786700027233115,0.23298210198310795,0.5710007452385741,0.44187402313937657,0.3343876949597478,0.4543220392874384,0.2406683745847012,0.35641490423861494,0.5568268323513685,0.2865168103797451,0.02757875984879119,0.323805343748378,0.355289464072311,0.3826908817709599,0.00015583747356001654,0.012270818966167163,0,DATA
14200,568.0,0.3874024583123848,0.04137875244581038,0.8158968356684522,0.16883354375590362,0.41184389467592597,0.16700500136153656,0.424458401416122,0.6806164896514161,0.23298210198310795,0.5710007452385741,0.44187402313937657,0.3343876949597478,0.4545898900953885,0.24049519688372872,0.35605358133015214,0.5570473466058299,0.2865708772170081,0.027545387470415985,0.3240888987664411,0.3556843977169271,0.38300428485432814,0.0002674504724617943,0,0,DATA
14220,568.8,0.3870688199157869,0.04292832445635963,0.815872741821476,0.17018900439081802,0.41184389467592597,0.16700500136153656,0.424458401416122,0.6806164896514161,0.23298210198310795,0.5710007452385741,0.44187402313937657,0.3343876949597478,0.45434483521555824,0.2408771237363908,0.35587512039432767,0.5567338557395838,0.2870726009423248,0.02760152779548836,0.32463718112194606,0.3563658167512258,0.38346842548148957,0.00026848088943894527,0,0,DATA
14240,569.6,0.3868087305702196,0.04420649834617882,0.8155433785257723,0.16815398080658517,0.41184389467592597,0.16700500136153656,0.424458401416122,0.6806164896514161,0.23298210198310795,0.5710007452385741,0.44187402313937657,0.3343876949597478,0.45400290223474715,0.2413495904813388,0.3557669633510112,0.5563266558767042,0.28741885712516557,0.027672996949425085,0.3250305601496195,0.3565227570909057,0.3831447970896332,0.0003075189230251814,0,0,DATA
14260,570.4,0.38653067129629637,0.05447670434508995,0.8152361669726734,0.16838171906997731,0.41184389467592597,0.16700500136153656,0.424458401416122,0.6806164896514161,0.23298210198310795,0.5710007452385741,0.44187402313937657,0.3343876949597478,0.4517435790807325,0.2443669881845183,0.35567612379049246,0.553688295448107,0.290822528109149,0.028134911769901634,0.3290215883837795,0.360505837996095,0.3846262668264813,0.0017891868059043043,0,0,DATA
14280,571.2,0.4287401345420647,0.13087780508725524,0.7803619524234906,0.17124210807266507,0.41184389467592597,0.16700500136153656,0.424458401416122,0.6806164896514161,0.23298210198310795,0.5710007452385741,0.44187402313937657,0.3343876949597478,0.4350215509786734,0.2666645157032784,0.36451285920394816,0.5341785176376975,0.31573148761301856,0.031638537943122894,0.3610490784199627,0.3893319454776287,0.39216090242562474,0.01595209701142497,0.0851868545398057,0,DATA
14300,572.0,0.4708877995642702,0.1295285825912943,0.7455398391460617,0.19409650318034058,0.41184389467592597,0.16700500136153656,0.424458401416122,0.6806164896514161,0.23298210198310795,0.5710007452385741,0.44187402313937657,0.3343876949597478,0.4302882792722075,0.2729759916600374,0.376014889482648,0.528656143806085,0.3194098330005122,0.032658700604463235,0.36197449977053364,0.3890605950112243,0.392038636255629,0.007515592647308241,0,0,DATA
14320,572.8,0.5129188400787665,0.1107889336986862,0.6955477921388676,0.20302141777745294,0.41184389467592597,0.16700500136153656,0.424458401416122,0.6806164896514161,0.23298210198310795,0.5710007452385741,0.44187402313937657,0.3343876949597478,0.43280362402771533,0.2696223327571348,0.3882920170743022,0.5315906456352902,0.31211972802013427,0.03211505010441846,0.35288643891495086,0.3758658209146334,0.38271776414081143,0.006048710416688215,0,0,DATA
14340,573.6,0.5549601257436735,0.10487150116986094,0.6662968772265516,0.2038945776145852,0.41184389467592597,0.16700500136153656,0.424458401416122,0.6806164896514161,0.23298210198310795,0.5710007452385741,0.44187402313937657,0.3343876949597478,0.43480088828542107,0.266959353978193,0.40080382534142894,0.533920767153614,0.309463271005357,0.03168588984379823,0.353077540053939,0.37321914654610305,0.37889618106732575,0.005724017101258101,0,0,DATA
14360,574.4,0.5968822665284061,0.1010840461792672,0.6370048577936273,0.20292737990697962,0.41184389467592597,0.16700500136153656,0.424458401416122,0.6806164896514161,0.23298210198310795,0.5710007452385741,0.44187402313937657,0.3343876949597478,0.4361954331107575,0.2650999729471442,0.4133610173863608,0.5355477300818066,0.30754169061075626,0.03138756084026105,0.3540885823280632,0.37120426710617427,0.3750038324974578,0.0052703726337723356,0,0,DATA
14380,575.2,0.6389730431435395,0.09935553962447362,0.6077322587554275,0.19749124358004172,0.41184389467592597,0.16700500136153656,0.424458401416122,0.6806164896514161,0.23298210198310795,0.5710007452385741,0.44187402313937657,0.3343876949597478,0.43697678293486497,0.26405817680248733,0.4259672380890184,0.5364593030661888,0.3062771566667443,0.03122088568109503,0.35596081522153245,0.36960562646312983,0.3705482571508146,0.004809788890473991,0.12251086932049736,0,DATA
14400,576.0,0.6810619540284062,0.09782138183008739,0.5783778307671804,0.19317784939486538,0.3174111094090414,0.9706115757298006,0.5905888310185186,0.9646132897603485,0.23298210198310795,0.5710007452385741,0.44187402313937657,0.3343876949597478,0.6625432018420323,0.24348518887061638,0.4851042958743087,0.4969858046436756,0.29335994440531254,0.017254803769384906,0.3578940486831018,0.3681720777073568,0.36632573873604624,0.10175882154144288,0,0,DATA
14420,576.8,0.7232366230413105,0.09650575717094603,0.5489849750645596,0.1889035959073166,0.3174111094090414,0.9706115757298006,0.5905888310185186,0.9646132897603485,0.23298210198310795,0.5710007452385741,0.44187402313937657,0.3343876949597478,0.7304894086926023,0.2369449175864955,0.5117020937026057,0.4662828368604511,0.2889011423865933,0.013410424617663995,0.35992416148150197,0.36683547958674007,0.36214279731530047,0.03369475865432927,0,0,DATA
14440,577.6,0.7654379687238143,0.09533671827240943,0.519574884805245,0.18488334735326867,0.3174111094090414,0.9706115757298006,0.5905888310185186,0.9646132897603485,0.23298210198310795,0.5710007452385741,0.44187402313937657,0.3343876949597478,0.7511187689164658,0.234655505309669,0.5285437156444206,0.45711286288693254,0.2870265356780522,0.012264283718819836,0.36201479700672523,0.365583081230627,0.3580310037731322,0.013253464814168317,0,0,DATA
14460,578.4,0.8076303458081951,0.0944550026191871,0.4901377984346465,0.1809579376428464,0.3174111094090414,0.9706115757298006,0.5905888310185186,0.9646132897603485,0.23298210198310795,0.5710007452385741,0.44187402313937657,0.3343876949597478,0.7574927372708016,0.23372180124371877,0.542456601414685,0.4543927307427398,0.2860111621478283,0.011902639194547919,0.3642131688881928,0.3644452035039925,0.3539736305988528,0.007073519396850136,0,0,DATA
14480,579.2,0.8502308268392829,0.09143293699362397,0.46180884624288876,0.17735511830058107,0.3174111094090414,0.9706115757298006,0.5905888310185186,0.9646132897603485,0.23298210198310795,0.5710007452385741,0.44187402313937657,0.3343876949597478,0.7600395615584705,0.23259551164877604,0.5555765681622927,0.45368246339637663,0.284716309336558,0.011720881400502155,0.3658586484058335,0.36289750586823094,0.34997756694173465,0.005597693543406473,0.02742988109808719,0,DATA
14500,580.0,0.8927942878540306,0.08837124520753366,0.43397617206028716,0.1754937200646203,0.3174111094090414,0.9706115757298006,0.5905888310185186,0.9646132897603485,0.23298210198310795,0.5710007452385741,0.44187402313937657,0.3343876949597478,0.7614465641198502,0.23140035107018794,0.5684508849996721,0.4535765424049809,0.2835000423534598,0.011592283250449907,0.36758012905782667,0.3616495792783677,0.34644421108245327,0.00515882665911573,0,0,DATA
14520,580.8,0.9353335598395341,0.07745873790221217,0.4061565146786058,0.17513204516886807,0.3174111094090414,0.9706115757298006,0.5905888310185186,0.9646132897603485,0.23298210198310795,0.5710007452385741,0.44187402313937657,0.3343876949597478,0.7641602914223816,0.2279863008511215,0.5812464271678417,0.45392670386324835,0.279755926930377,0.011291326778007722,0.36615904905646246,0.35741036604926024,0.3420340128606347,0.006307773229922468,0,0,DATA
14540,581.6,0.9353597127953746,0.0005356609791352438,0.4407193505700251,0.17183658498501928,0.3174111094090414,0.9706115757298006,0.5905888310185186,0.9646132897603485,0.23298210198310795,0.5710007452385741,0.44187402313937657,0.3343876949597478,0.7811282557669872,0.20542362424694005,0.585090581939019,0.45672405999303634,0.2579284427962594,0.009441899658574905,0.3423076160566836,0.3366856706202385,0.3384797835538422,0.014458265239988102,0,0,DATA
14560,582.4,0.9353776827237306,0.03200452472043828,0.44745517603677454,0.17929794897214152,0.3174111094090414,0.9706115757298006,0.5905888310185186,0.9646132897603485,0.23298210198310795,0.5710007452385741,0.44187402313937657,0.3343876949597478,0.7796101836846953,0.20746610311325042,0.5862476020553269,0.45646185660102706,0.2652971395244174,0.00960191743492408,0.35624592063222593,0.35204369414116793,0.3463781392719851,0.0015725236883034066,0,0,DATA
14580,583.2,0.9353973219896934,0.03199989058873345,0.4541918155695544,0.18721323825207617,0.3174111094090414,0.9706115757298006,0.5905888310185186,0.9646132897603485,0.23298210198310795,0.5710007452385741,0.44187402313937657,0.3343876949597478,0.7791557352276657,0.2080775492162662,0.5865988323360715,0.45638335777803407,0.2667898451815621,0.009650074008182059,0.3575953227392925,0.354858289129506,0.34964662581800754,0.0004723749469299765,0.009599967176620034,0,DATA
14600,584.0,0.9354169939877661,0.03199972692818376,0.4548025247676732,0.18866681759242587,0.31759025224673204,0.9696646236177173,0.590765420751634,0.964467933006536,0.23298210198310795,0.5710007452385741,0.44187402313937657,0.3343876949597478,0.7787542884678891,0.20829855721813206,0.5867577776651625,0.45647357715698933,0.26705542583422776,0.009677884125595927,0.3577213335143109,0.35519072875837127,0.350091961636332,0.00026046669691115465,0,0,DATA
14620,584.8,0.9354366659858389,0.03199972692818376,0.4554132339657919,0.18164523360099338,0.31759025224673204,0.9696646236177173,0.590765420751634,0.964467933006536,0.23298210198310795,0.5710007452385741,0.44187402313937657,0.3343876949597478,0.778633854439956,0.20836485961869183,0.5868095923834851,0.45650064297067605,0.26688920277852635,0.009686234427229387,0.35784740975354923,0.3546757175182782,0.3488422893373824,7.951704893847482e-05,0,0,DATA
14640,585.6,0.9354563379839116,0.03199972692818376,0.45602394316391065,0.18174929949544502,0.31759025224673204,0.9696646236177173,0.590765420751634,0.964467933006536,0.23298210198310795,0.5710007452385741,0.44187402313937657,0.3343876949597478,0.7785977242315761,0.20838475033885975,0.5868292679185771,0.45650876271478197,0.26698015871002523,0.00968874017169626,0.35797348599278755,0.3548732712667735,0.3490177470156097,2.5232154546630154e-05,0,0,DATA
14660,586.4,0.9354581055178482,0.031754334299978634,0.45659546151684677,0.1826896518040132,0.31759025224673204,0.9696646236177173,0.590765420751634,0.964467933006536,0.23298210198310795,0.5710007452385741,0.44187402313937657,0.3343876949597478,0.7786384176209853,0.20832200761901268,0.5868355417612314,0.456519787380001,0.2670095879550142,0.009684042742692738,0.35798998611888,0.3550409584590165,0.3493120649247203,3.656998397016942e-05,0,0,DATA
14680,587.2,0.9354599712481146,0.03175423610364882,0.4571662792766689,0.18313647161685415,0.31759025224673204,0.9696646236177173,0.590765420751634,0.964467933006536,0.23298210198310795,0.5710007452385741,0.44187402313937657,0.3343876949597478,0.7786506462590371,0.2083031573080862,0.5868378157173837,0.4565230982164383,0.26708478223915916,0.00968263154299287,0.3581044835383659,0.35525721963576856,0.3495443051708212,1.11176350435227e-05,0.009526270831094644,0,DATA
14700,588.0,0.9354463546903804,0.032205170425588375,0.45777066500127955,0.18340518038322812,0.31759025224673204,0.9696646236177173,0.590765420751634,0.964467933006536,0.23298210198310795,0.5710007452385741,0.44187402313937657,0.3343876949597478,0.7785596186428454,0.20842376382495137,0.5868356384271052,0.4565083087661016,0.2673114809537781,0.009692221926511056,0.358403011100517,0.3556430566470181,0.34981542184776615,7.127047444513424e-05,0,0,DATA
14720,588.8,0.9354327708647562,0.032206359807482,0.4583742544146745,0.18330473695087365,0.31759025224673204,0.9696646236177173,0.590765420751634,0.964467933006536,0.23298210198310795,0.5710007452385741,0.44187402313937657,0.3343876949597478,0.7785320605877903,0.20846027880694112,0.5868321326366405,0.4565038303026342,0.2674009065303382,0.009695126363300272,0.3585214879708285,0.3558118481154338,0.34994505053936564,2.2526275836505977e-05,0,0,DATA
14740,589.6,0.9354189906464723,0.03220715272874443,0.45859403875877675,0.18288729578397367,0.31759025224673204,0.9696646236177173,0.590765420751634,0.964467933006536,0.23298210198310795,0.5710007452385741,0.44187402313937657,0.3343876949597478,0.7785236266578086,0.20847145531949152,0.5868281870536615,0.4565024590113499,0.26741631336242394,0.009696015392601232,0.3585630059644972,0.3558336004268226,0.34991524930837214,7.852008503709632e-06,0,0,DATA
14760,590.4,0.935405374088738,0.032207549189375635,0.4586397786646307,0.18326934894857042,0.31759025224673204,0.9696646236177173,0.590765420751634,0.964467933006536,0.23298210198310795,0.5710007452385741,0.44187402313937657,0.3343876949597478,0.7785210132220816,0.20847491928223338,0.5868241439016435,0.45650203374784254,0.2674381367644377,0.009696290917159848,0.35856958921837356,0.35588296298774413,0.35000179273107623,3.3735168289602178e-06,0,0,DATA
14780,591.2,0.8928150072796212,0.10913062611245257,0.50203003943336,0.1866115482470845,0.31759025224673204,0.9696646236177173,0.590765420751634,0.964467933006536,0.23298210198310795,0.5710007452385741,0.44187402313937657,0.3343876949597478,0.7623663830375174,0.23001442000951747,0.5778789539261237,0.4538095984764825,0.2946028194279592,0.011478423301881747,0.38949879877952687,0.3914854185556217,0.36879722264051124,0.015546440295789379,0.06411883066392149,0,DATA
14800,592.0,0.8501186211664152,0.11091973050955328,0.5019823676800121,0.1998043739792067,0.41124668096405226,0.16498591028208423,0.42183466094771244,0.6794730392156862,0.23298210198310795,0.5710007452385741,0.44187402313937657,0.3343876949597478,0.5318342423247796,0.25664506948952814,0.5189285431045965,0.555760344092846,0.30797374734932836,0.02523201101634665,0.3816656289650564,0.38496676413902864,0.36742259689684326,0.10537106700475855,0,0,DATA
14820,592.8,0.8073218456720295,0.0804024874004775,0.5295786931249405,0.19623591814197597,0.41124668096405226,0.16498591028208423,0.42183466094771244,0.6794730392156862,0.23298210198310795,0.5710007452385741,0.44187402313937657,0.3343876949597478,0.4690832211638642,0.25608943626299013,0.4922560970043173,0.556496892450437,0.3025026872963047,0.028552057504888807,0.3664186417115346,0.3721225638462766,0.36475072307482925,0.02999303349591087,0,0,DATA
14840,593.6,0.7647095156171442,0.0817643912028711,0.5570950174931925,0.1940071203148669,0.41124668096405226,0.16498591028208423,0.42183466094771244,0.6794730392156862,0.23298210198310795,0.5710007452385741,0.44187402313937657,0.3343876949597478,0.44997191501708694,0.25630407935969896,0.47530577386270767,0.546833917828694,0.30265319836942806,0.029604632808139998,0.3639442020951653,0.37217687688402173,0.3671270971663409,0.012092090795031893,0,0,DATA
14860,594.4,0.7217635144335511,0.08433130872842833,0.5842597087497308,0.1931773939569705,0.41124668096405226,0.16498591028208423,0.42183466094771244,0.6794730392156862,0.23298210198310795,0.5710007452385741,0.44187402313937657,0.3343876949597478,0.44369947049268676,0.25708720919586764,0.46120201667167016,0.5433061306484095,0.3033246768769997,0.030033727627095896,0.3618147071199773,0.3726808783986978,0.36984276221937046,0.007053110517202125,0,0,DATA
14880,595.2,0.6791757334611195,0.0865396787217248,0.6118808722802451,0.19289528325138525,0.41124668096405226,0.16498591028208423,0.42183466094771244,0.6794730392156862,0.23298210198310795,0.5710007452385741,0.44187402313937657,0.3343876949597478,0.44135397943677446,0.25794049174484124,0.4480274555101483,0.5417067438459665,0.3040862183229551,0.030260460143629188,0.3597047316289125,0.3733048081901259,0.37276410836263335,0.005457778255469263,0.10836219893628225,0,DATA
14900,596.0,0.6366926952404893,0.08820351733409285,0.6395944817319659,0.19295193930778107,0.41124668096405226,0.16498591028208423,0.42183466094771244,0.6794730392156862,0.23298210198310795,0.5710007452385741,0.44187402313937657,0.3343876949597478,0.44030092601140347,0.25866235132099635,0.4351536491353594,0.5408192873452035,0.304714804565439,0.03040234648711568,0.3574163813200778,0.37379348443210286,0.3757051139066349,0.004882906458771652,0,0,DATA
14920,596.8,0.5938744802140943,0.08965577558782169,0.6670796630153984,0.19248377357042992,0.41124668096405226,0.16498591028208423,0.42183466094771244,0.6794730392156862,0.23298210198310795,0.5710007452385741,0.44187402313937657,0.3343876949597478,0.43968003575050907,0.2592855415048869,0.4222996820673798,0.540197247122811,0.30517511791877616,0.030509401722749904,0.35493067787297683,0.3740094825396101,0.37841879331544265,0.004699349170921537,0,0,DATA
14940,597.6,0.5510093600741579,0.09043961142450677,0.69457838044718,0.1917235580514875,0.41124668096405226,0.16498591028208423,0.42183466094771244,0.6794730392156862,0.23298210198310795,0.5710007452385741,0.44187402313937657,0.3343876949597478,0.4393291631465369,0.25969197259432597,0.40944181671759927,0.5398185952761054,0.3053846181661704,0.030576360275703336,0.35217093166601987,0.3739235865239371,0.38097249293110863,0.0045383896810639035,0,0,DATA
14960,598.4,0.508291305304173,0.09160426858488666,0.7221275586570193,0.19085781196873636,0.41124668096405226,0.16498591028208423,0.42183466094771244,0.6794730392156862,0.23298210198310795,0.5710007452385741,0.44187402313937657,0.3343876949597478,0.43897932336166545,0.26014000592606407,0.3966136656109683,0.5394196587178006,0.3056936104711459,0.030648223650521573,0.34960301921814274,0.37402401728876866,0.38358953136407675,0.004542008074413517,0,0,DATA
14980,599.2,0.4658573979805597,0.09252664841700341,0.749708621759358,0.189881608266197,0.41124668096405226,0.16498591028208423,0.42183466094771244,0.6794730392156862,0.23298210198310795,0.5710007452385741,0.44187402313937657,0.3343876949597478,0.4386806716614595,0.2605326822785782,0.3838540997410202,0.5390739946914407,0.30595276389408305,0.030710826347638467,0.3470014023067345,0.3740828863173404,0.38618452264160974,0.004483631307556042,0.0311468844392036,0,DATA
15000,600.0,0.4232368194339701,0.09385428817757441,0.7771908154347442,0.18930797629826507,0.4148092405364924,0.17337953561215316,0.4243735532407408,0.6758040577342048,0.23298210198310795,0.5710007452385741,0.44187402313937657,0.3343876949597478,0.44066248689409715,0.2617703618275047,0.3717867983272999,0.5394460625332962,0.30677306566373225,0.030747776469780053,0.34450478123672224,0.37427712141807357,0.38887743277629655,0.005095598731761482,0,0,DATA
15020,600.8,0.38055745401793195,0.09528418672490363,0.8045273079192016,0.18986412805687974,0.4148092405364924,0.17337953561215316,0.4243735532407408,0.6758040577342048,0.23298210198310795,0.5710007452385741,0.44187402313937657,0.3343876949597478,0.4409567527689493,0.2625420372854348,0.3592039411658158,0.5392073577417572,0.30735313064125935,0.030822194142328063,0.3420081660693378,0.37456977067499625,0.3917693344896294,0.0045495994980887895,0,0,DATA
15040,601.6,0.38036472735461707,0.01892099254231607,0.7884218884663278,0.18629370025327316,0.4148092405364924,0.17337953561215316,0.4243735532407408,0.6758040577342048,0.23298210198310795,0.5710007452385741,0.44187402313937657,0.3343876949597478,0.4570813033097483,0.24139184555168935,0.3553886114180744,0.5578447288790295,0.28035401895224377,0.02752179069750132,0.308203259173065,0.3387972790530755,0.37555514227197,0.013696690674095272,0,0,DATA
15060,602.4,0.3803469865510307,0.03454752700636696,0.803604804798296,0.1870249752473357,0.4148092405364924,0.17337953561215316,0.4243735532407408,0.6758040577342048,0.23298210198310795,0.5710007452385741,0.44187402313937657,0.3343876949597478,0.4586370962345373,0.23942221768149996,0.35424028692499887,0.5596074392765187,0.2835222694396901,0.02721900446790494,0.31748690806436175,0.3496723470769753,0.3818393324430236,0.0015579150960179737,0,0,DATA
15080,603.2,0.3804210265837104,0.03730881686175093,0.8037634968639349,0.18430990901961705,0.4148092405364924,0.17337953561215316,0.4243735532407408,0.6758040577342048,0.23298210198310795,0.5710007452385741,0.44187402313937657,0.3343876949597478,0.45852396324234335,0.2396044904799507,0.3539113379839389,0.5594597363811962,0.2839898030970043,0.027245418877828487,0.31863797042617903,0.3505677720225846,0.38175758969546514,0.00020811824390154499,0.011192645058525278,0,DATA
15100,604.0,0.38002503351768063,0.04100144207635706,0.8036990465337437,0.1810049799210961,0.4148092405364924,0.17337953561215316,0.4243735532407408,0.6758040577342048,0.23298210198310795,0.5710007452385741,0.44187402313937657,0.3343876949597478,0.45771457204961796,0.2406931073795756,0.3537294947577547,0.5585107323350211,0.28506218262227,0.027410116595408485,0.3200229318327773,0.35161579548631167,0.3815947857688011,0.0006932837728448327,0,0,DATA
15120,604.8,0.37998238357843134,0.04352455357486592,0.8041176143939887,0.17319516204349228,0.4148092405364924,0.17337953561215316,0.4243735532407408,0.6758040577342048,0.23298210198310795,0.5710007452385741,0.44187402313937657,0.3343876949597478,0.4569419012771134,0.2417261636690456,0.35366598530265714,0.5576078688040339,0.28582013766869874,0.027566983679274727,0.32110736001637996,0.35196109866817843,0.380511665889193,0.0006230788390240346,0,0,DATA
15140,605.6,0.37969041315778446,0.0450182988773703,0.8042233204010508,0.17271373298009937,0.4148092405364924,0.17337953561215316,0.4243735532407408,0.6758040577342048,0.23298210198310795,0.5710007452385741,0.44187402313937657,0.3343876949597478,0.45639641353183613,0.24245432924058774,0.353585618677792,0.5569710421456242,0.2864661061846847,0.027677799015282466,0.32166760525466476,0.35248377160083016,0.3806366713315909,0.0004513399805615344,0,0,DATA
15160,606.4,0.37916421175842135,0.04696737318889274,0.8040515758484472,0.17183588490683463,0.4148092405364924,0.17337953561215316,0.4243735532407408,0.6758040577342048,0.23298210198310795,0.5710007452385741,0.44187402313937657,0.3343876949597478,0.45582346160283327,0.24321851971927672,0.35345100639646615,0.5563024709417783,0.2871386529805496,0.027794300548332995,0.3223076457888804,0.35301885287245893,0.38065790658557913,0.0004905848963392226,0,0,DATA
15180,607.2,0.3791081416540975,0.0509266773062781,0.8040305410566032,0.1709196992543361,0.4148092405364924,0.17337953561215316,0.4243735532407408,0.6758040577342048,0.23298210198310795,0.5710007452385741,0.44187402313937657,0.3343876949597478,0.4548201221594814,0.2445563820157513,0.3533988479901604,0.555131870071865,0.28853120180774894,0.02799871587921796,0.323875946456601,0.3544934314957453,0.38105769936429384,0.000797786715377391,0.015278003191883428,0,DATA
15200,608.0,0.37927978883861235,0.053225744838502176,0.8038812181455636,0.17005689880277935,0.40870770356753805,0.16714733004092774,0.4205587043845316,0.6825146377995643,0.23298210198310795,0.5710007452385741,0.44187402313937657,0.3343876949597478,0.4522912985847657,0.244320156850236,0.3523510886972782,0.5539855708672647,0.28871861852096975,0.028101417925981913,0.3248000383241856,0.35531631102707034,0.38120983339450765,0.001270936011037745,0,0,DATA
15220,608.8,0.37933644812091505,0.05429446525125576,0.803580947730196,0.16940392082522077,0.40870770356753805,0.16714733004092774,0.4205587043845316,0.6825146377995643,0.23298210198310795,0.5710007452385741,0.44187402313937657,0.3343876949597478,0.45130822022567274,0.24454853101615243,0.3520486593586971,0.5533798446047602,0.28896901946019793,0.02817817143213449,0.3251788042626741,0.35559975212626616,0.3811701441852974,0.0005046272878634905,0,0,DATA
15240,609.6,0.37893502152463554,0.059363358133377245,0.8030245254688999,0.16905224307706618,0.40870770356753805,0.16714733004092774,0.4205587043845316,0.6825146377995643,0.23298210198310795,0.5710007452385741,0.44187402313937657,0.3343876949597478,0.4499488292126994,0.24603633327292138,0.3518736309719041,0.551956247969889,0.2905597717664147,0.028419840366326825,0.3270147916440076,0.3573449295066546,0.3816808943430327,0.0010074072188450967,0,0,DATA
15260,610.4,0.37872475045039383,0.06230868771417392,0.8025557985881419,0.16844501011432658,0.40870770356753805,0.16714733004092774,0.4205587043845316,0.6825146377995643,0.23298210198310795,0.5710007452385741,0.44187402313937657,0.3343876949597478,0.44892249269684004,0.24730736623257515,0.35177696553027543,0.5508075632321324,0.29169628604499453,0.028619960653443008,0.32805712388532626,0.3582796657636235,0.3818630383599906,0.0007980116390472747,0,0,DATA
15280,611.2,0.41366074608262104,0.13780146962929038,0.7811343907446756,0.17055171677888203,0.40870770356753805,0.16714733004092774,0.4205587043845316,0.6825146377995643,0.23298210198310795,0.5710007452385741,0.44187402313937657,0.3343876949597478,0.4327611075399078,0.2688266550567039,0.35908452498055454,0.531967226241602,0.31699528342183486,0.03202267615640435,0.3609571542091251,0.3892482259695313,0.3917465445825253,0.014996077810446687,0.09716259310592126,0,DATA
15300,612.0,0.44904513888888886,0.14719587977048362,0.7594280052403412,0.18394448290062757,0.40870770356753805,0.16714733004092774,0.4205587043845316,0.6825146377995643,0.23298210198310795,0.5710007452385741,0.44187402313937657,0.3343876949597478,0.42593986586317756,0.27791287654347663,0.3687075153049545,0.5240134946598505,0.3247118177453405,0.03350312766924865,0.3674505197259891,0.3949102295481363,0.3939461022325966,0.008510151162634316,0,0,DATA
15320,612.8,0.48293203766549364,0.14012231109745,0.7243391216960671,0.190420578414147,0.40870770356753805,0.16714733004092774,0.4205587043845316,0.6825146377995643,0.23298210198310795,0.5710007452385741,0.44187402313937657,0.3343876949597478,0.4253789427814956,0.27865814376105896,0.3787106611453615,0.5233603995102183,0.3227865367855608,0.03362579580581039,0.3643806953032417,0.3889791263223136,0.3887967550259374,0.003769778713223778,0,0,DATA
15340,613.6,0.5159699964387465,0.14263874664846793,0.7169773064296459,0.18458958830798397,0.40870770356753805,0.16714733004092774,0.4205587043845316,0.6825146377995643,0.23298210198310795,0.5710007452385741,0.44187402313937657,0.3343876949597478,0.4246822143912772,0.2795863258806187,0.38864957623986673,0.5225479442553292,0.3252724550111027,0.033778707037344424,0.37052249822501526,0.39380164870682866,0.38947136439807745,0.0038546085347611245,0,0,DATA
15360,614.4,0.5484652895613373,0.14623939197391542,0.7125888772879728,0.17817771048208228,0.40870770356753805,0.16714733004092774,0.4205587043845316,0.6825146377995643,0.23298210198310795,0.5710007452385741,0.44187402313937657,0.3343876949597478,0.42371706035586765,0.28087296120761196,0.39845526232396233,0.5214220495741277,0.32843707629914065,0.03399108210776774,0.37758412915137773,0.39978324893643374,0.390881507658555,0.004019158482166126,0,0,DATA
15380,615.2,0.5811577936463047,0.14839369898554566,0.7068893430227285,0.17309792253878947,0.40870770356753805,0.16714733004092774,0.4205587043845316,0.6825146377995643,0.23298210198310795,0.5710007452385741,0.44187402313937657,0.3343876949597478,0.4229751096728025,0.2818621577689664,0.4082623940070342,0.520556475951918,0.33110354805505054,0.03415471094154526,0.38384444591997446,0.40496563348417675,0.3920330629638267,0.0038460929758304765,0.18755663085936894,0,DATA
15400,616.0,0.6131921859288588,0.14867426316645002,0.7022740948745128,0.16768610745475965,0.3535215822440087,0.472296885906277,0.5585971541394336,0.8812431917211329,0.23298210198310795,0.5710007452385741,0.44187402313937657,0.3343876949597478,0.5081354816321908,0.2706483892300848,0.4565825218226647,0.5606080645688621,0.32621262620212355,0.027955691319292587,0.38944050041920397,0.40955898166018156,0.39304241176535787,0.04823142277130014,0,0,DATA
15420,616.8,0.6462530244469584,0.15541880452234838,0.6963506600752363,0.16249167442348508,0.3535215822440087,0.472296885906277,0.5585971541394336,0.8812431917211329,0.23298210198310795,0.5710007452385741,0.44187402313937657,0.3343876949597478,0.5322672395352687,0.26917273024807187,0.4780213362561547,0.5492800151083297,0.3281326350141433,0.026439189873759414,0.39756579770532785,0.41657249216325043,0.3948404315144785,0.01568207710619361,0,0,DATA
15440,617.6,0.6793346151227587,0.15404569714327374,0.6901949649401842,0.15797708374728445,0.3535215822440087,0.472296885906277,0.5585971541394336,0.8812431917211329,0.23298210198310795,0.5710007452385741,0.44187402313937657,0.3343876949597478,0.5397951194557977,0.26834556248732705,0.4914001146281198,0.5459296590284376,0.3291438973878542,0.02593372688109989,0.40240173386184763,0.42034139973864487,0.3955007825561942,0.007244608684412975,0,0,DATA
15460,618.4,0.7117153131284566,0.15962302268964862,0.6851185353882734,0.15460091561551656,0.3535215822440087,0.472296885906277,0.5585971541394336,0.8812431917211329,0.23298210198310795,0.5710007452385741,0.44187402313937657,0.3343876949597478,0.5408822450672176,0.2696590633120886,0.5022136947209059,0.5447293458103468,0.33267060753908695,0.025999105386475856,0.410093517771155,0.42718792387958443,0.3976311101743889,0.004404735509655866,0,0,DATA
15480,619.2,0.7441391520550529,0.16176064157009096,0.6806783102290523,0.152299343605062,0.3535215822440087,0.472296885906277,0.5585971541394336,0.8812431917211329,0.23298210198310795,0.5710007452385741,0.44187402313937657,0.3343876949597478,0.5407594827857507,0.27065164684604087,0.512266774923327,0.5442944351841041,0.33557719389493207,0.026101782479317468,0.416545288076807,0.43296551446826886,0.39962376620721873,0.0037228086726133944,0.07050115271740691,0,DATA
15500,620.0,0.7767722146283726,0.16394181284290493,0.6769729743641466,0.15129587525165988,0.3535215822440087,0.472296885906277,0.5585971541394336,0.8812431917211329,0.23298210198310795,0.5710007452385741,0.44187402313937657,0.3343876949597478,0.5402646081340198,0.27156014986261445,0.5221356421244503,0.544087621001683,0.33859714907646726,0.026217620501577405,0.42320330192761546,0.43915264789724645,0.402087220518566,0.00375741495647595,0,0,DATA
15520,620.8,0.8096971166938999,0.16451570879420144,0.6727297927878103,0.15179543316594954,0.3535215822440087,0.472296885906277,0.5585971541394336,0.8812431917211329,0.23298210198310795,0.5710007452385741,0.44187402313937657,0.3343876949597478,0.5399956275887282,0.2719933916339496,0.5320105317185481,0.5440054903886611,0.34109371018412915,0.026274811377903527,0.42916920440597217,0.4447441880093986,0.40450491130658706,0.0035257039702414894,0,0,DATA
15540,621.6,0.8078281132164405,0.09153089387464387,0.6939500542224604,0.14928576442785194,0.3535215822440087,0.472296885906277,0.5585971541394336,0.8812431917211329,0.23298210198310795,0.5710007452385741,0.44187402313937657,0.3343876949597478,0.5552417445582478,0.251687615987874,0.5345805078665109,0.546535319726939,0.31952919875379193,0.023507430450642703,0.40384553002958734,0.42129157290266894,0.39817342033195047,0.012707289587852685,0,0,DATA
15560,622.4,0.8060718391256076,0.15628774837397982,0.7110399230626337,0.15445846224187915,0.3535215822440087,0.472296885906277,0.5585971541394336,0.8812431917211329,0.23298210198310795,0.5710007452385741,0.44187402313937657,0.3343876949597478,0.5462166402042432,0.2637278025538654,0.5349826831518248,0.5450277786209456,0.33923159765939587,0.02513181054603345,0.43281499077918983,0.4524872903176915,0.4130183278706163,0.007155822068436661,0,0,DATA
15580,623.2,0.8078414024530753,0.15074779452188083,0.7202317686240003,0.17434815846584953,0.3535215822440087,0.472296885906277,0.5585971541394336,0.8812431917211329,0.23298210198310795,0.5710007452385741,0.44187402313937657,0.3343876949597478,0.5446724992069826,0.2657886714450751,0.5354749440361872,0.544769414673971,0.3416219007603061,0.025414387216718324,0.432791291016117,0.4553717447331525,0.418640191760684,0.0013657569242775762,0.045224338356564246,0,DATA
15600,624.0,0.8102377529537457,0.15102246244708376,0.7174620272213138,0.19015389736087276,0.3539365893927015,0.577595513172829,0.5774380446623093,0.895651892701525,0.23298210198310795,0.5710007452385741,0.44187402313937657,0.3343876949597478,0.5736351922781463,0.2665709906327203,0.541401305253042,0.5298969085445666,0.3426268077684578,0.023867862724722202,0.43282648000579504,0.4567105334720641,0.42138973942786445,0.01189045782522121,0,0,DATA
15620,624.8,0.8118416263407073,0.14728138160695303,0.7162059352426712,0.18802452597696198,0.3539365893927015,0.577595513172829,0.5774380446623093,0.895651892701525,0.23298210198310795,0.5710007452385741,0.44187402313937657,0.3343876949597478,0.5831096271759229,0.26575818375377724,0.5435160270293604,0.5255660945351499,0.3414329546848345,0.023266325944293977,0.43139960395140653,0.4549451110814202,0.4202490673690982,0.004133987851012673,0,0,DATA
15640,625.6,0.8126065757499581,0.14519797848256535,0.7181153720981399,0.19042492566346547,0.3539365893927015,0.577595513172829,0.5774380446623093,0.895651892701525,0.23298210198310795,0.5710007452385741,0.44187402313937657,0.3343876949597478,0.5863894723013772,0.26493098881526583,0.5443110829381985,0.5243397694416785,0.34098963758468204,0.02301143167839601,0.4311011199545953,0.45507761073880626,0.420970490992533,0.0016340319909346108,0,0,DATA
15660,626.4,0.8137995956929781,0.15301735481657694,0.7175962402994289,0.19436271904808577,0.3539365893927015,0.577595513172829,0.5774380446623093,0.895651892701525,0.23298210198310795,0.5710007452385741,0.44187402313937657,0.3343876949597478,0.585731356808871,0.2668722557072356,0.5448001338988843,0.5236981937419467,0.3435961554482868,0.023216929528210428,0.43436364811706174,0.4586820050598637,0.42292047516418313,0.0010294777817205596,0,0,DATA
15680,627.2,0.8135497187657112,0.15170155923575296,0.7195932935155145,0.1957581451514151,0.3539365893927015,0.577595513172829,0.5774380446623093,0.895651892701525,0.23298210198310795,0.5710007452385741,0.44187402313937657,0.3343876949597478,0.5858102392330924,0.2670862130121958,0.5448943750323638,0.5235517738773559,0.34378947581421315,0.023231118681048747,0.434186765142496,0.45884437001723927,0.42347646665902006,0.00012902695422038293,0.0539891790432543,0,DATA
15700,628.0,0.8133701176784816,0.15460372962312524,0.7216259881139343,0.1959610999182017,0.3539365893927015,0.577595513172829,0.5774380446623093,0.895651892701525,0.23298210198310795,0.5710007452385741,0.44187402313937657,0.3343876949597478,0.5852244481790105,0.26796300791214817,0.5448849311440895,0.5234062719544206,0.3450175734716676,0.023340345939618416,0.43571825199968284,0.4605994218109469,0.4244425967113652,0.0004906766141028288,0,0,DATA
15720,628.8,0.8142479928670187,0.15345495685199942,0.7218394011931468,0.19760121970394848,0.3539365893927015,0.577595513172829,0.5774380446623093,0.895651892701525,0.23298210198310795,0.5710007452385741,0.44187402313937657,0.3343876949597478,0.5852899531447224,0.26790439000621863,0.5450664517672,0.5234028284245295,0.34496004346074816,0.02333155484776483,0.43547700054478244,0.4605435236425424,0.4247394455415025,0.0001018811649173094,0,0,DATA
15740,629.6,0.8152972861153008,0.150787543185366,0.7211783588320763,0.19964083019523288,0.3539365893927015,0.577595513172829,0.5774380446623093,0.895651892701525,0.23298210198310795,0.5710007452385741,0.44187402313937657,0.3343876949597478,0.585869761504429,0.2671399288077824,0.5453412595362724,0.5234951548438942,0.3441607833512106,0.023232451710059922,0.43448768525557135,0.4596920651663527,0.424686924324325,0.0005396924424050745,0,0,DATA
15760,630.4,0.8162299875879839,0.14765739407882444,0.7203780732507012,0.2037270304855477,0.3539365893927015,0.577595513172829,0.5774380446623093,0.895651892701525,0.23298210198310795,0.5710007452385741,0.44187402313937657,0.3343876949597478,0.5867010353247147,0.2660341486984199,0.5456195691762575,0.5236324079884327,0.34313852128820865,0.023089844027318843,0.4332621087912164,0.4587950801728917,0.42492784076833123,0.0007384545232111036,0,0,DATA
15780,631.2,0.7835517547029495,0.18292426292108682,0.7413664635830237,0.2096079602579232,0.3539365893927015,0.577595513172829,0.5774380446623093,0.895651892701525,0.23298210198310795,0.5710007452385741,0.44187402313937657,0.3343876949597478,0.5795443750139253,0.2755771379414446,0.5388406331623958,0.522439243522315,0.3546465992487564,0.0243322711306592,0.44503088781757894,0.4732507912097241,0.4333733313437229,0.007826195189225282,0.071360138904914,0,DATA
15800,632.0,0.7506015179843304,0.17973598721102996,0.741729598617279,0.21428682068512603,0.41282122310729846,0.16273315860064452,0.42385101783769064,0.6785668572984749,0.23298210198310795,0.5710007452385741,0.44187402313937657,0.3343876949597478,0.4619054555395888,0.2899130905956015,0.48688303513643416,0.5359961824719935,0.3603327584113507,0.032760137007601525,0.43723815719668346,0.4659622601349744,0.4306266221593568,0.06131082338481836,0,0,DATA
15820,632.8,0.717199087166918,0.10582911874137489,0.7465447208273486,0.21224255160545022,0.41282122310729846,0.16273315860064452,0.42385101783769064,0.6785668572984749,0.23298210198310795,0.5710007452385741,0.44187402313937657,0.3343876949597478,0.44213422207591535,0.27351995322034517,0.46428124525698905,0.534307134427785,0.3364956264676804,0.03204335851101569,0.40195794808735286,0.4309591363386832,0.41699527554374954,0.01958872023945829,0,0,DATA
15840,633.6,0.6816448147100721,0.10180229610648195,0.7569582556810673,0.2044891679392543,0.41282122310729846,0.16273315860064452,0.42385101783769064,0.6785668572984749,0.23298210198310795,0.5710007452385741,0.44187402313937657,0.3343876949597478,0.4370484847901409,0.2674745016699982,0.45003431107721786,0.5347869915600714,0.33031921095514005,0.031620786958976764,0.39531907151277024,0.4245862748828528,0.41388853188302155,0.008459374338630865,0,0,DATA
15860,634.4,0.6464251298810122,0.09598737859771218,0.7669144543489826,0.20208432982203928,0.41282122310729846,0.16273315860064452,0.42385101783769064,0.6785668572984749,0.23298210198310795,0.5710007452385741,0.44187402313937657,0.3343876949597478,0.43674389628125015,0.26403268930243856,0.438364097009184,0.5363556034894058,0.32560471226233756,0.0312307850044837,0.3879404072770335,0.417962746702186,0.4115024078173359,0.005138871648161421,0,0,DATA
15880,635.2,0.612772920332663,0.09194641548348845,0.7726381469909871,0.20169015671058638,0.41282122310729846,0.16273315860064452,0.42385101783769064,0.6785668572984749,0.23298210198310795,0.5710007452385741,0.44187402313937657,0.3343876949597478,0.43750112198256996,0.26186867592018803,0.4277960687836204,0.5378162230311909,0.3216386495634259,0.030933175642533305,0.380738318650075,0.4112936100282827,0.408883130933578,0.004496422436377971,0.027583924645046533,0,DATA
15900,636.0,0.5796916897100719,0.08828472685206136,0.776303937065484,0.20055998724677548,0.41282122310729846,0.16273315860064452,0.42385101783769064,0.6785668572984749,0.23298210198310795,0.5710007452385741,0.44187402313937657,0.3343876949597478,0.4384972443055656,0.2601941990887133,0.4176786018852072,0.539151522608426,0.3177962828640926,0.030680949558843946,0.3733905550878853,0.40419940852716163,0.40571616820246686,0.004262688684294524,0,0,DATA
15920,636.8,0.5467507816427852,0.07779901329361268,0.7811699648799042,0.20028905638274416,0.41282122310729846,0.16273315860064452,0.42385101783769064,0.6785668572984749,0.23298210198310795,0.5710007452385741,0.44187402313937657,0.3343876949597478,0.44099808084973846,0.2567558562429052,0.40772577112155306,0.5421211123034166,0.3119933764450422,0.030140673442499055,0.36358129361393254,0.3948496567482478,0.40201154114276966,0.005297336717878372,0,0,DATA
15940,637.6,0.514371818438914,0.06942839288470112,0.7849796977246377,0.20031512862932357,0.41282122310729846,0.16273315860064452,0.42385101783769064,0.6785668572984749,0.23298210198310795,0.5710007452385741,0.44187402313937657,0.3343876949597478,0.44350616209886173,0.25338057967466754,0.39794033961964387,0.5450627912120971,0.3064968050135953,0.02961099355888188,0.3545191993785404,0.3861711430219869,0.39847569942154504,0.005222929773090042,0,0,DATA
15960,638.4,0.4816681854365678,0.0641701021127441,0.7889831645561796,0.20022975919836175,0.41282122310729846,0.16273315860064452,0.42385101783769064,0.6785668572984749,0.23298210198310795,0.5710007452385741,0.44187402313937657,0.3343876949597478,0.4453628275357097,0.2508956752880483,0.38813694723857844,0.5472335761238307,0.30202524646046947,0.029222774264309175,0.34667584983559674,0.37871960321910125,0.39540038532721,0.004714987401510884,0,0,DATA
15980,639.2,0.4483509890334339,0.05918958572817986,0.7937543595720544,0.19917843021429882,0.41282122310729846,0.16273315860064452,0.42385101783769064,0.6785668572984749,0.23298210198310795,0.5710007452385741,0.44187402313937657,0.3343876949597478,0.4469657356075226,0.24875565938438454,0.37819931827960074,0.549105038111569,0.29780946882703274,0.02888978465123284,0.3389744430043192,0.37139018299100496,0.39230412118636804,0.004560184311484787,0.017756875718453958,0,DATA
16000,640.0,0.41473717425004186,0.05895258987653572,0.798908872853504,0.19713637142776094,0.41174198325163397,0.16743643833670455,0.4217529616013072,0.6786151960784313,0.23298210198310795,0.5710007452385741,0.44187402313937657,0.3343876949597478,0.44881329548400856,0.24782065540513554,0.3675716727412077,0.5504963200394365,0.29505830116286125,0.02868504457638745,0.333187784363273,0.3659147697994499,0.3897874068933371,0.004470069798042653,0,0,DATA
16020,640.8,0.38112142827216355,0.056654644561237616,0.8037991333808647,0.19498303927189864,0.41174198325163397,0.16743643833670455,0.4217529616013072,0.6786151960784313,0.23298210198310795,0.5710007452385741,0.44187402313937657,0.3343876949597478,0.4498501319631669,0.24689672952307734,0.35732407242433534,0.5514767012200448,0.29194771268199726,0.028524342664827798,0.3265235091470503,0.35952418742037706,0.38687303919892224,0.004069454226029649,0,0,DATA
16040,641.6,0.3806916884007876,0.017897320848592135,0.7874714477641178,0.1913343604604625,0.41174198325163397,0.16743643833670455,0.4217529616013072,0.6786151960784313,0.23298210198310795,0.5710007452385741,0.44187402313937657,0.3343876949597478,0.45830022088656996,0.23576750111891914,0.3541595469562847,0.5612663598838254,0.27692935522930184,0.026820192688431208,0.30766909456436753,0.3386721363948759,0.3762048094884139,0.0075812809318706225,0,0,DATA
16060,642.4,0.3802562531422825,0.058747516904424174,0.8036373349130971,0.19115699024245475,0.41174198325163397,0.16743643833670455,0.4217529616013072,0.6786151960784313,0.23298210198310795,0.5710007452385741,0.44187402313937657,0.3343876949597478,0.4522567063918662,0.24386678749330465,0.35311874791158343,0.5541949594492808,0.29022293525134313,0.02805104345047568,0.32715526336479517,0.3597571568884008,0.3862947931145814,0.005061199971263512,0,0,DATA
16080,643.2,0.37983675842131726,0.06035177326181304,0.803670184671645,0.19846047170881037,0.41174198325163397,0.16743643833670455,0.4217529616013072,0.6786151960784313,0.23298210198310795,0.5710007452385741,0.44187402313937657,0.3343876949597478,0.4501067582084034,0.2467457651856892,0.3527184143067703,0.5516804965113571,0.29246952453595876,0.028493604030424405,0.3277196369152673,0.36105516356136313,0.38796239082900136,0.0018097531602201584,0.01810553197854391,0,DATA
16100,644.0,0.37950279270362,0.06106836240331344,0.8037860259890249,0.19021781989798653,0.41174198325163397,0.16743643833670455,0.4217529616013072,0.6786151960784313,0.23298210198310795,0.5710007452385741,0.44187402313937657,0.3343876949597478,0.44931129003364945,0.24781010345302468,0.35252818142460995,0.5507505932903123,0.29288025938723705,0.028657907499306544,0.32796264769180394,0.3604854932885555,0.38641691259563693,0.0006833464414165991,0,0,DATA
16120,644.8,0.379009159753645,0.06200353933853163,0.8037590854564297,0.17122375321016173,0.41174198325163397,0.16743643833670455,0.4217529616013072,0.6786151960784313,0.23298210198310795,0.5710007452385741,0.44187402313937657,0.3343876949597478,0.4488762624248275,0.24839125447508642,0.3523674486404671,0.5502425039748705,0.29257609214268654,0.028747806474932032,0.32823260376937713,0.35885334864408674,0.3827022773702084,0.00039230380500885714,0,0,DATA
16140,645.6,0.3785961459904475,0.062215120773099944,0.8037763025371377,0.17033681045777838,0.41174198325163397,0.16743643833670455,0.4217529616013072,0.6786151960784313,0.23298210198310795,0.5710007452385741,0.44187402313937657,0.3343876949597478,0.4487013220409215,0.24862484258338405,0.35223249591495276,0.5500382397287686,0.2926836452757299,0.02878397487504076,0.3282380770067066,0.3587718493142486,0.38251962892877417,0.0001811604059059798,0,0,DATA
16160,646.4,0.3783566451420312,0.06186373474752528,0.8038005531746216,0.1701739342478851,0.41174198325163397,0.16743643833670455,0.4217529616013072,0.6786151960784313,0.23298210198310795,0.5710007452385741,0.44187402313937657,0.3343876949597478,0.4487226309911204,0.24859653092871245,0.3521417149191311,0.550063050031204,0.292587671479064,0.028779584718174184,0.3280544725542903,0.3585743823045913,0.38241645835748866,4.68005335640583e-05,0,0,DATA
16180,647.2,0.37798182975113126,0.06292505997019479,0.8038046433268811,0.1688110453904151,0.41174198325163397,0.16743643833670455,0.4217529616013072,0.6786151960784313,0.23298210198310795,0.5710007452385741,0.44187402313937657,0.3343876949597478,0.44850614537941946,0.24888520849465845,0.35203576938829556,0.5498104684423805,0.292846680086959,0.028824319228060866,0.32840485759563,0.35878888747541,0.38226662036836995,0.000203702902827498,0.0418663067030834,0,DATA
16200,648.0,0.37763198896011396,0.06395308189184214,0.8039809040431156,0.16980219983955347,0.4144665287990196,0.16612914302167872,0.4225273182189543,0.674875408496732,0.23298210198310795,0.5710007452385741,0.44187402313937657,0.3343876949597478,0.447859272404156,0.24983181246745445,0.3521473390158725,0.5490137299683506,0.29361193617873255,0.028967886929597432,0.3287813503493323,0.35928212174564966,0.38262813564640163,0.0005683488585454533,0,0,DATA
16220,648.8,0.37740044201441264,0.06451108333939232,0.8042404085689399,0.17177532004497686,0.4144665287990196,0.16612914302167872,0.4225273182189543,0.674875408496732,0.23298210198310795,0.5710007452385741,0.44187402313937657,0.3343876949597478,0.4475480302075915,0.25027203406460735,0.3521321850455482,0.5486379980714919,0.29405689096429205,0.029035288422618467,0.329010142444377,0.3597341763138191,0.3831481813415048,0.00025553925468056277,0,0,DATA
16240,649.6,0.3772306278280543,0.06325377296262874,0.8045575885151878,0.17221409754536354,0.4144665287990196,0.16612914302167872,0.4225273182189543,0.674875408496732,0.23298210198310795,0.5710007452385741,0.44187402313937657,0.3343876949597478,0.4477186927277424,0.2500520536382594,0.3520919778753157,0.5488333195447415,0.29376576060685766,0.02900080576458462,0.32853669144564956,0.359336321059755,0.3831096538529937,0.00014361670557712833,0,0,DATA
16260,650.4,0.3770926619846656,0.06373867394046628,0.8048158683695354,0.17225707740820348,0.4144665287990196,0.16612914302167872,0.4225273182189543,0.674875408496732,0.23298210198310795,0.5710007452385741,0.44187402313937657,0.3343876949597478,0.4476680622784418,0.25012183178414954,0.35205094289713434,0.548773115247146,0.29390688716040997,0.02901155796331903,0.3287547146389763,0.3595844702248006,0.3832417583514854,5.3814524457370304e-05,0,0,DATA
16280,651.2,0.40966520288671027,0.13225682374732978,0.7890845767972258,0.17529612257518037,0.4144665287990196,0.16612914302167872,0.4225273182189543,0.674875408496732,0.23298210198310795,0.5710007452385741,0.44187402313937657,0.3343876949597478,0.43326406168421033,0.26932784717383834,0.3588788659931093,0.531968107255186,0.3172330104534869,0.03205393173835375,0.3595302244276687,0.38909075537295973,0.39345172105303733,0.013479313026631745,0.07073209458379659,0,DATA
16300,652.0,0.44315859623764037,0.13896326308239215,0.7723669032331887,0.19166969767125053,0.4144665287990196,0.16612914302167872,0.4225273182189543,0.674875408496732,0.23298210198310795,0.5710007452385741,0.44187402313937657,0.3343876949597478,0.4275345092455778,0.2769674548045624,0.36796085552559715,0.5252835272205076,0.32421809896976406,0.033296405086916385,0.36556794411907223,0.3950940652175666,0.3969023229165945,0.007483716533948155,0,0,DATA
16320,652.8,0.47662966628959275,0.09966945184783389,0.7394236394426777,0.20481423279548303,0.4144665287990196,0.16612914302167872,0.4225273182189543,0.674875408496732,0.23298210198310795,0.5710007452385741,0.44187402313937657,0.3343876949597478,0.4340673438732452,0.26825706994810333,0.37771437709625344,0.5329051369625709,0.3119551336126235,0.03188124158530726,0.3499559808775372,0.3775022291094038,0.38874844931382474,0.008332247018260927,0,0,DATA
16340,653.6,0.5101475105266465,0.10106792344179102,0.7338777764080889,0.2039134644362463,0.4144665287990196,0.16612914302167872,0.4225273182189543,0.674875408496732,0.23298210198310795,0.5710007452385741,0.44187402313937657,0.3343876949597478,0.43573351522681447,0.26603552653747364,0.38767918085723163,0.5348489943446704,0.312825856261723,0.03152413559065759,0.35610976575561304,0.383011350848097,0.39074338504612915,0.004617506175059054,0,0,DATA
16360,654.4,0.5433621572293448,0.10245951679965871,0.7288344314160426,0.20150147702468107,0.4144665287990196,0.16612914302167872,0.4225273182189543,0.674875408496732,0.23298210198310795,0.5710007452385741,0.44187402313937657,0.3343876949597478,0.4359411320277331,0.26575870965448767,0.3976436977930917,0.5350912111866227,0.31483791190989796,0.03147974695351094,0.3623006634408905,0.38845671529301334,0.3925303549897545,0.0034829835399215656,0,0,DATA
16380,655.2,0.5771553112430869,0.1052754707879125,0.7229086258912496,0.19931025099304384,0.4144665287990196,0.16612914302167872,0.4225273182189543,0.674875408496732,0.23298210198310795,0.5710007452385741,0.44187402313937657,0.3343876949597478,0.4354120667304754,0.2664641317063029,0.4077296152167356,0.5344739675120862,0.3176164243959664,0.03159291101620919,0.3690005147339819,0.3943448634304616,0.39441236690184106,0.0037734682575722802,0.09547151726754535,0,DATA
16400,656.0,0.6105316545688788,0.10949722700661552,0.7178024028126824,0.19727908853225265,0.35538066789215683,0.595667980190951,0.5655088337418299,0.883797998366013,0.23298210198310795,0.5710007452385741,0.44187402313937657,0.3343876949597478,0.5546376527427667,0.2554498192726432,0.45779924688865026,0.5449562639922951,0.31365943212896674,0.02389122353471709,0.376343241270908,0.400973851413452,0.39670047640542566,0.0601031767059552,0,0,DATA
16420,656.8,0.6432991479177141,0.1183715083767777,0.7145661801969914,0.1952631167814287,0.35538066789215683,0.595667980190951,0.5655088337418299,0.883797998366013,0.23298210198310795,0.5710007452385741,0.44187402313937657,0.3343876949597478,0.58854172945872,0.25463032432619065,0.47970130999348004,0.5284139731075446,0.31674003406431206,0.02200164810367012,0.38579920796560174,0.4099045986714942,0.400096117941746,0.01887521158907855,0,0,DATA
16440,657.6,0.676822196560248,0.12011565162852059,0.7095290484951496,0.19252935451135916,0.35538066789215683,0.595667980190951,0.5655088337418299,0.883797998366013,0.23298210198310795,0.5710007452385741,0.44187402313937657,0.3343876949597478,0.59834668239064,0.2548728359527429,0.4933117691398611,0.5233902408283085,0.31913264155690124,0.02149780922707432,0.3921940486544374,0.4155223499631387,0.4019040089142865,0.007885974568284456,0,0,DATA
16460,658.4,0.7102636113205967,0.1255360344926467,0.7040308634264025,0.18953992021640684,0.35538066789215683,0.595667980190951,0.5655088337418299,0.883797998366013,0.23298210198310795,0.5710007452385741,0.44187402313937657,0.3343876949597478,0.6001498878687496,0.2564632966426639,0.5044176039834486,0.5216934077442932,0.32285013282989417,0.021534844363225048,0.39995084773840806,0.4224303871107395,0.40408877469376303,0.00483316700387267,0,0,DATA
16480,659.2,0.7438565757499581,0.12378867916872897,0.6981197997123062,0.18726736309388087,0.35538066789215683,0.595667980190951,0.5655088337418299,0.883797998366013,0.23298210198310795,0.5710007452385741,0.44187402313937657,0.3343876949597478,0.6010577941302051,0.25645117535894324,0.5148038769666908,0.5212455152554258,0.32445049043159124,0.021484931495075663,0.4047882857518941,0.42644946304056314,0.4052536904850822,0.003768766842806137,0.05708599363609917,0,DATA
16500,660.0,0.7769037649782136,0.1251049563673427,0.6935246737703296,0.18701066097444843,0.35538066789215683,0.595667980190951,0.5655088337418299,0.883797998366013,0.23298210198310795,0.5710007452385741,0.44187402313937657,0.3343876949597478,0.6010537477969329,0.2568160965894389,0.5248596685995971,0.5210650778068141,0.3269621394621127,0.021515722040353277,0.4110052092885953,0.43218120377112346,0.40755572907831916,0.003474919732224709,0,0,DATA
16520,660.8,0.8098513176638178,0.12723228261578393,0.6897139970169616,0.1906234132838979,0.35538066789215683,0.595667980190951,0.5655088337418299,0.883797998366013,0.23298210198310795,0.5710007452385741,0.44187402313937657,0.3343876949597478,0.6006057953847785,0.2575212243081511,0.5347953921534458,0.5209364901535352,0.33004862138991287,0.02159902175635933,0.417683514974419,0.4388397170125554,0.4109394645576937,0.0036962678949051067,0,0,DATA
16540,661.6,0.8109706576273672,0.06086494222103939,0.7038819331194706,0.19051023699072558,0.35538066789215683,0.595667980190951,0.5655088337418299,0.883797998366013,0.23298210198310795,0.5710007452385741,0.44187402313937657,0.3343876949597478,0.6144085511440286,0.23914990731323632,0.5380111706119459,0.5232207707713674,0.31019222920746303,0.01936497344348323,0.39419403402973285,0.41675571204880296,0.4046156462618297,0.011796617070888304,0,0,DATA
16560,662.4,0.8107433331238478,0.07924920749521294,0.718344521756753,0.19165038576723903,0.35538066789215683,0.595667980190951,0.5655088337418299,0.883797998366013,0.23298210198310795,0.5710007452385741,0.44187402313937657,0.3343876949597478,0.6146886821642271,0.23878610649153048,0.5389281660037568,0.5232626056721212,0.3146783617855601,0.01932146776835621,0.4043947929661549,0.42851674472660456,0.41119423051722714,0.0005203090779050864,0,0,DATA
16580,663.2,0.809031443774091,0.09656661492913485,0.7350218321696065,0.19554517159402085,0.35538066789215683,0.595667980190951,0.5655088337418299,0.883797998366013,0.23298210198310795,0.5710007452385741,0.44187402313937657,0.3343876949597478,0.6111360659091631,0.24352584032651686,0.5388437678578512,0.52266904688216,0.3223131048106126,0.019886667427650724,0.414314840152343,0.44049400153675616,0.41856893746590945,0.0027922494119853405,0.028969984478740454,0,DATA
16600,664.0,0.8071957288524385,0.10567241630382242,0.7385962312362879,0.19346335726989972,0.3494198069852941,0.540844511357454,0.5530496834150327,0.8833680555555555,0.23298210198310795,0.5710007452385741,0.44187402313937657,0.3343876949597478,0.5928074914705804,0.2462456040714841,0.5349443861890293,0.5304734522289678,0.3256006893988477,0.02105656669960407,0.4183048975312239,0.444633317389893,0.4202284730817935,0.008315906617457272,0,0,DATA
16620,664.8,0.8063434501738731,0.12864359273695994,0.7409980364381841,0.1844958080919889,0.3494198069852941,0.540844511357454,0.5530496834150327,0.8833680555555555,0.23298210198310795,0.5710007452385741,0.44187402313937657,0.3343876949597478,0.5824849720880467,0.2534934625962528,0.533595593165884,0.5320107826578502,0.3334861251058368,0.022225839323388157,0.42780327340914504,0.45347511887021275,0.42239586314379945,0.006306390310149235,0,0,DATA
16640,665.6,0.8050849660109771,0.1312772629454502,0.7440952268323151,0.18889368219885386,0.3494198069852941,0.540844511357454,0.5530496834150327,0.8833680555555555,0.23298210198310795,0.5710007452385741,0.44187402313937657,0.3343876949597478,0.5788351455295035,0.2564052478120607,0.5329266735847322,0.5323798033292179,0.3361014825472186,0.022677664564850004,0.4292244827387881,0.45564583464995545,0.4243189376786891,0.0024101771185009446,0,0,DATA
16660,666.4,0.8042013954353109,0.15320825101042454,0.7465506715502429,0.18931275897479052,0.3494198069852941,0.540844511357454,0.5530496834150327,0.8833680555555555,0.23298210198310795,0.5710007452385741,0.44187402313937657,0.3343876949597478,0.5731346900682961,0.26341946003499583,0.5325404478894967,0.531722924948354,0.3440596987625111,0.023613372184474922,0.43831125279323013,0.46502005685378395,0.42821790536553794,0.004366964459792695,0,0,DATA
16680,667.2,0.80565345729638,0.1563182256081585,0.7436891075745227,0.1897992559117262,0.3494198069852941,0.540844511357454,0.5530496834150327,0.8833680555555555,0.23298210198310795,0.5710007452385741,0.44187402313937657,0.3343876949597478,0.5707714587644097,0.2663945165892419,0.5327295131717507,0.5314170123231742,0.3461345657799727,0.024012267247239715,0.4392733422093935,0.4657446395660689,0.42821151613476205,0.0018424510467954607,0.12133616567296829,0,DATA
16700,668.0,0.8066583658035864,0.16147079722474977,0.7424822795273537,0.19174291324587253,0.3494198069852941,0.540844511357454,0.5530496834150327,0.8833680555555555,0.23298210198310795,0.5710007452385741,0.44187402313937657,0.3343876949597478,0.5689804493337596,0.26872975360816126,0.5329972635429402,0.5311448985290396,0.348373439058261,0.024323833306676222,0.44129398694803756,0.46783896723341056,0.42917191718300834,0.0014646656069196757,0,0,DATA
16720,668.8,0.8077422568920731,0.1581930938009048,0.7412154364404913,0.1901962322054895,0.3494198069852941,0.540844511357454,0.5530496834150327,0.8833680555555555,0.23298210198310795,0.5710007452385741,0.44187402313937657,0.3343876949597478,0.569131464223572,0.2685125677551605,0.5333052057828792,0.5311779840106337,0.3475915178736855,0.024295659550309334,0.43994631517882443,0.4662099430514729,0.4281626037984881,0.00022538099425071603,0,0,DATA
16740,669.6,0.8059830369113457,0.175660862983959,0.7450278714084761,0.19162073153591244,0.3494198069852941,0.540844511357454,0.5530496834150327,0.8833680555555555,0.23298210198310795,0.5710007452385741,0.44187402313937657,0.3343876949597478,0.5655085371620743,0.27333838737051547,0.5330281522589082,0.5305765377337051,0.353655587283104,0.02494027111345872,0.4473440658494976,0.4741313871519868,0.4318448557859543,0.0029086000669412138,0,0,DATA
16760,670.4,0.8048385259552538,0.18540373659909917,0.7473126171223845,0.19094482639902785,0.3494198069852941,0.540844511357454,0.5530496834150327,0.8833680555555555,0.23298210198310795,0.5710007452385741,0.44187402313937657,0.3343876949597478,0.5623756555844457,0.27751413786736123,0.5327046889009376,0.5300551032740966,0.35787546976334017,0.02550385795655286,0.4514692622471169,0.4784174676073085,0.4336278411337163,0.0025440318108149915,0,0,DATA
16780,671.2,0.7725484631619742,0.2577970650386595,0.767321455006425,0.1908713178967057,0.3494198069852941,0.540844511357454,0.5530496834150327,0.8833680555555555,0.23298210198310795,0.5710007452385741,0.44187402313937657,0.3343876949597478,0.5462331921388492,0.2990369949794918,0.5258267367069576,0.5273649064408295,0.3821870317634778,0.028495543155289342,0.4779703486410932,0.5069120869394568,0.4462453418908681,0.014847757583902351,0.18270144232862046,0,DATA
16800,672.0,0.739569716775599,0.25386994718680833,0.7701384275138532,0.19783899756121007,0.4166784960511983,0.17632715080163852,0.42798951525054474,0.6757060185185184,0.23298210198310795,0.5710007452385741,0.44187402313937657,0.3343876949597478,0.44015028689843083,0.31851858381845255,0.4818209672215682,0.5108158515399891,0.39122609038711953,0.03744773293133854,0.47036714672456337,0.50028735024012,0.4444561786342108,0.05652342118825617,0,0,DATA
16820,672.8,0.7073311743233618,0.22808512631715278,0.7737161107144707,0.19184379241014243,0.4166784960511983,0.17632715080163852,0.42798951525054474,0.6757060185185184,0.23298210198310795,0.5710007452385741,0.44187402313937657,0.3343876949597478,0.41374022770893293,0.3171433106266372,0.46184914246098163,0.4982984585411478,0.3838857855147379,0.03904495666503756,0.45432104652637717,0.4839994978468889,0.43705998102847954,0.015919052380633274,0,0,DATA
16840,673.6,0.6762912817370539,0.20942088957132685,0.7748925520131925,0.18659779764434067,0.4166784960511983,0.17632715080163852,0.42798951525054474,0.6757060185185184,0.23298210198310795,0.5710007452385741,0.44187402313937657,0.3343876949597478,0.409736699668707,0.3115047423802614,0.449339217589681,0.49911597864422275,0.37496450844589013,0.038612661634306676,0.4408826615705297,0.4701541575443333,0.430401267629495,0.007384007052634127,0,0,DATA
16860,674.4,0.6452506363122172,0.19801077976907305,0.7778394047130273,0.1900654130327707,0.4166784960511983,0.17632715080163852,0.42798951525054474,0.6757060185185184,0.23298210198310795,0.5710007452385741,0.44187402313937657,0.3343876949597478,0.4109317643151125,0.3066183411617175,0.43906770458907507,0.5021567115766975,0.36821612545193366,0.03793001630391957,0.4306998591046277,0.46061280188725795,0.42701592286931794,0.005450992955185104,0,0,DATA
16880,675.2,0.613610731418636,0.17288019413937972,0.7813647244543264,0.1924308156078712,0.4166784960511983,0.17632715080163852,0.42798951525054474,0.6757060185185184,0.23298210198310795,0.5710007452385741,0.44187402313937657,0.3343876949597478,0.41656770669126975,0.2981158568198402,0.42934187066124124,0.5092259249357147,0.3570802032265298,0.03652538778338025,0.41502470782229395,0.4455267228365641,0.4214367549858507,0.007954753548622776,0.10136061077636119,0,DATA
16900,676.0,0.5821442412435059,0.16701836658335906,0.7853494997450914,0.1934966287578272,0.4166784960511983,0.17632715080163852,0.42798951525054474,0.6757060185185184,0.23298210198310795,0.5710007452385741,0.44187402313937657,0.3343876949597478,0.4194894731908813,0.2939237998015913,0.4198161575461138,0.512782836694645,0.3516305629534967,0.03583143057155753,0.4071836338230127,0.43819070768135493,0.41862018828761705,0.005546512210995984,0,0,DATA
16920,676.8,0.5507948665577342,0.1404905615246798,0.7892073367430557,0.193891357227656,0.4166784960511983,0.17632715080163852,0.42798951525054474,0.6757060185185184,0.23298210198310795,0.5710007452385741,0.44187402313937657,0.3343876949597478,0.4259368422030875,0.28523839727968636,0.4103750749275634,0.5203492224617006,0.34014565223465226,0.03438641956413447,0.3910742042619795,0.4225065346671011,0.41254948500369487,0.008191284717553815,0,0,DATA
16940,677.6,0.5174621224023798,0.12793996596763516,0.7964898510417071,0.1942259810522087,0.4166784960511983,0.17632715080163852,0.42798951525054474,0.6757060185185184,0.23298210198310795,0.5710007452385741,0.44187402313937657,0.3343876949597478,0.43050667797372866,0.2791186097671424,0.400542873869374,0.525694034103293,0.3326863515743907,0.03338079870628532,0.3808439200678211,0.41303796428526307,0.4092211745941761,0.00684060811379152,0,0,DATA
16960,678.4,0.48362599112828886,0.11970656291672138,0.8037942922805199,0.19583419733785662,0.4166784960511983,0.17632715080163852,0.42798951525054474,0.6757060185185184,0.23298210198310795,0.5710007452385741,0.44187402313937657,0.3343876949597478,0.43360664334561294,0.2749773206591234,0.390487625984358,0.5293146613432447,0.32711820471958925,0.032706518806909626,0.3722442208403999,0.405329530810288,0.40675030457596273,0.005765500788306436,0,0,DATA
16980,679.2,0.44976521257541485,0.11701921931803269,0.8114487030111223,0.19806523412453123,0.4166784960511983,0.17632715080163852,0.42798951525054474,0.6757060185185184,0.23298210198310795,0.5710007452385741,0.44187402313937657,0.3343876949597478,0.4351009751129028,0.2729824777190848,0.3803602881227497,0.531059248696909,0.3237902324546852,0.03238358244970269,0.3659280098364701,0.40000186455808584,0.40532093522085755,0.004538837522978918,0.035105765795409805,0,DATA
17000,680.0,0.4186004469896933,0.09969939684858703,0.8143826157922975,0.1997374646467071,0.41618268314270157,0.1704514622466212,0.4276068048747277,0.6761931508714596,0.23298210198310795,0.5710007452385741,0.44187402313937657,0.3343876949597478,0.4375412445662685,0.26743035383484415,0.3706703270860369,0.5350554453657121,0.31561356403679985,0.03158789423646126,0.3533539102877826,0.38788837933973347,0.4006744095915975,0.005894118124773029,0,0,DATA
17020,680.8,0.38755571005111444,0.0890064953598961,0.8176357986206676,0.20136968332052085,0.41618268314270157,0.1704514622466212,0.4276068048747277,0.6761931508714596,0.23298210198310795,0.5710007452385741,0.44187402313937657,0.3343876949597478,0.4405188347149033,0.2627707042527385,0.36124394401792154,0.5388740652310824,0.3090790017806166,0.030873204561802606,0.34351843887026445,0.3785414480724337,0.3971057401162913,0.0056878742662852715,0,0,DATA
17040,681.6,0.3880313403406234,0.013491553806351598,0.8024174550984124,0.19577459385362012,0.41618268314270157,0.1704514622466212,0.4276068048747277,0.6761931508714596,0.23298210198310795,0.5710007452385741,0.44187402313937657,0.3343876949597478,0.4572702494857381,0.24022862574311432,0.3585159114582838,0.5585208118713119,0.281459409648089,0.027379636644348327,0.31036391960229737,0.343305585505551,0.38090245813826656,0.014007175280032239,0,0,DATA
17060,682.4,0.3882785659669852,0.08893718588150497,0.8173171976685529,0.1988797323146021,0.41618268314270157,0.1704514622466212,0.4276068048747277,0.6761931508714596,0.23298210198310795,0.5710007452385741,0.44187402313937657,0.3343876949597478,0.4464520911812063,0.25459077917127004,0.3577494190719285,0.5459306560049682,0.30407995553397205,0.029594920617108802,0.3435715660716592,0.3783137200780251,0.39658998884690727,0.008648934706347608,0,0,DATA
17080,683.2,0.38836435682713255,0.08975697169858074,0.8174595770977298,0.2255368650847191,0.41618268314270157,0.1704514622466212,0.4276068048747277,0.6761931508714596,0.23298210198310795,0.5710007452385741,0.44187402313937657,0.3343876949597478,0.4430344886682609,0.259128965228498,0.35753748743665276,0.5419527617198814,0.3080242670101586,0.03030843829006451,0.34394511445635434,0.3813672196826496,0.402088557216801,0.002722573401816364,0.02692709150957422,0,DATA
17100,684.0,0.3887977299627116,0.08993736125419012,0.8178198625229436,0.23851753697175349,0.41618268314270157,0.1704514622466212,0.4276068048747277,0.6761931508714596,0.23298210198310795,0.5710007452385741,0.44187402313937657,0.3343876949597478,0.4419713261076993,0.26054093012123697,0.3575649163045417,0.5407151979932312,0.30949743925205286,0.03053175504334629,0.3441760019907567,0.3829322029482768,0.4048451586974106,0.0008341854403965029,0,0,DATA
17120,684.8,0.3894759065485169,0.08924325096612039,0.8182771888781656,0.23133010498518283,0.41618268314270157,0.1704514622466212,0.4276068048747277,0.6761931508714596,0.23298210198310795,0.5710007452385741,0.44187402313937657,0.3343876949597478,0.4417981405000254,0.26077016870839914,0.3577155620479275,0.540513985895813,0.3093455607682873,0.0305681025457816,0.3441254584637342,0.3822086488581195,0.40348570500427205,0.00018435664607395022,0,0,DATA
17140,685.6,0.39000901442307695,0.08957519217430761,0.8187377491228189,0.23083140196474142,0.41618268314270157,0.1704514622466212,0.4276068048747277,0.6761931508714596,0.23298210198310795,0.5710007452385741,0.44187402313937657,0.3343876949597478,0.44167647716400393,0.2609318838228402,0.35787270842460084,0.5403722966705817,0.30957366816876747,0.030593725805202206,0.34445696857085184,0.3825363446876583,0.4036042064300312,0.00014684160904530433,0,0,DATA
17160,686.4,0.39007313662644544,0.08901261496275319,0.8189258921031471,0.22777713948945236,0.41618268314270157,0.1704514622466212,0.4276068048747277,0.6761931508714596,0.23298210198310795,0.5710007452385741,0.44187402313937657,0.3343876949597478,0.441758119377624,0.2608228767379373,0.35793331800031025,0.5404676213198434,0.3093237879988743,0.030576473176100096,0.3442823907229694,0.3820751548902797,0.4029624153186591,8.37529580774617e-05,0,0,DATA
17180,687.2,0.389732362629881,0.08924277773198457,0.8189247110771023,0.22778271977096176,0.41618268314270157,0.1704514622466212,0.4276068048747277,0.6761931508714596,0.23298210198310795,0.5710007452385741,0.44187402313937657,0.3343876949597478,0.4417342778601714,0.2608546201878512,0.35787993833374454,0.54043982883616,0.3093524796803095,0.03058150051166311,0.3443060648261401,0.38209926891899687,0.402963683134178,3.632154464407641e-05,0.05322067071736955,0,DATA
17200,688.0,0.38955282700687116,0.08981114126554557,0.8189425146931756,0.22765969619199608,0.41534696691176465,0.16814222400758844,0.42758808210784316,0.677515318627451,0.23298210198310795,0.5710007452385741,0.44187402313937657,0.3343876949597478,0.4409611823559586,0.2608477846037257,0.357820979578215,0.5400566988761164,0.30942216913613335,0.03062304778888622,0.34450106383817714,0.3822837459347448,0.4030108302901364,0.00027962994795593943,0,0,DATA
17220,688.8,0.3897800533140607,0.09016532249981306,0.8192475231516513,0.22537364409217422,0.41534696691176465,0.16814222400758844,0.42758808210784316,0.677515318627451,0.23298210198310795,0.5710007452385741,0.44187402313937657,0.3343876949597478,0.4406548756454986,0.260944904674083,0.357851009476066,0.5398549854857078,0.3095004472114299,0.03065123463246567,0.34474918328501725,0.3823337610174502,0.40270572180065,0.00014448555955609566,0,0,DATA
17240,689.6,0.39004740918803427,0.08988890687711988,0.8195848472693871,0.2270124689401537,0.41534696691176465,0.16814222400758844,0.42758808210784316,0.677515318627451,0.23298210198310795,0.5710007452385741,0.44187402313937657,0.3343876949597478,0.4406210309131262,0.26089664432083604,0.35791616317895575,0.539862193296145,0.3095546848578161,0.03064742014706695,0.34475955303428185,0.3825417456632863,0.40310309104367326,4.908626283635827e-05,0,0,DATA
17260,690.4,0.3901131025326797,0.08993122653176054,0.8198517718550276,0.2260576732134418,0.41534696691176465,0.16814222400758844,0.42758808210784316,0.677515318627451,0.23298210198310795,0.5710007452385741,0.44187402313937657,0.3343876949597478,0.44060199036593994,0.26089401571816134,0.3579495048921982,0.5398539873238892,0.3095589734297339,0.030648154554817092,0.3448430044821953,0.3825564099970926,0.4029917803274016,1.833695436779618e-05,0,0,DATA
17280,691.2,0.4188976872800403,0.1261834227059258,0.8073274565273797,0.22888362524511122,0.41534696691176465,0.16814222400758844,0.42758808210784316,0.677515318627451,0.23298210198310795,0.5710007452385741,0.44187402313937657,0.3343876949597478,0.43298331700520937,0.2710438420661252,0.36400427020311665,0.530969737469542,0.3223621076481165,0.03227413985764462,0.36259593683580393,0.39933950602110346,0.4087421798026844,0.007941088339870969,0.05344255592810135,0,DATA
17300,692.0,0.44789676554382435,0.12710263071831054,0.7942134871474678,0.23175048186646635,0.41534696691176465,0.16814222400758844,0.42758808210784316,0.677515318627451,0.23298210198310795,0.5710007452385741,0.44187402313937657,0.3343876949597478,0.43050468131438935,0.2743461682139821,0.3719105062317868,0.5280792565502036,0.32535150081917963,0.032810160284411555,0.36614064181753225,0.401859499726976,0.4090748478102136,0.004562399289115689,0,0,DATA
17320,692.8,0.476248991851014,0.06019421443067475,0.7664973275883487,0.22822801537994983,0.41534696691176465,0.16814222400758844,0.42758808210784316,0.677515318627451,0.23298210198310795,0.5710007452385741,0.44187402313937657,0.3343876949597478,0.44381185802754686,0.25660250949780117,0.3802363445648977,0.5436046742648728,0.3028012992814696,0.029971047326440663,0.33950448865209204,0.3720994839569723,0.39424027481070406,0.013125557920816452,0,0,DATA
17340,693.6,0.5034731387213005,0.06578486969813094,0.7670787591845657,0.22196547606708458,0.41534696691176465,0.16814222400758844,0.42758808210784316,0.677515318627451,0.23298210198310795,0.5710007452385741,0.44187402313937657,0.3343876949597478,0.44662997343532834,0.2528447953578346,0.38845116690759113,0.5468925890387468,0.303438377608937,0.029382513536019818,0.34730186645237515,0.37932875098559066,0.3966941378243323,0.0049302172968138285,0,0,DATA
17360,694.4,0.5315855695910844,0.06886771212556962,0.7653235725680716,0.21455468901085545,0.41534696691176465,0.16814222400758844,0.42758808210784316,0.677515318627451,0.23298210198310795,0.5710007452385741,0.44187402313937657,0.3343876949597478,0.44682801114790066,0.25258067699552744,0.39681922409305376,0.5471236670761865,0.3055151019732972,0.02934131664223738,0.35380645227400864,0.38491673943995175,0.39804685321005717,0.0029434044201140375,0,0,DATA
17380,695.2,0.5600595593472433,0.08498184839537798,0.7628961014933897,0.204141747042399,0.41534696691176465,0.16814222400758844,0.42758808210784316,0.677515318627451,0.23298210198310795,0.5710007452385741,0.44187402313937657,0.3343876949597478,0.4435034538450126,0.2570133996423817,0.40530917909748587,0.5432450271013155,0.31232310233737165,0.03003568453547274,0.36546141051822734,0.39528765637985663,0.4006219164637826,0.005415744984724802,0.025494554518613394,0,DATA
17400,696.0,0.5888589390082957,0.0922634761164879,0.7603826280927242,0.19602953252579808,0.35101813555283223,0.5822335721102816,0.5448101341230936,0.8742190904139433,0.23298210198310795,0.5710007452385741,0.44187402313937657,0.3343876949597478,0.5569225223014672,0.24687301761297287,0.4467262098919067,0.54810223004278,0.30908177853924423,0.02297061353071411,0.3736312428587487,0.4023949199286514,0.40234328733456776,0.054992160426761416,0,0,DATA
17420,696.8,0.6172616054968997,0.10890659244903172,0.7581977639056053,0.18848748331646373,0.35101813555283223,0.5822335721102816,0.5448101341230936,0.8742190904139433,0.23298210198310795,0.5710007452385741,0.44187402313937657,0.3343876949597478,0.5874531884085693,0.24849097557726252,0.4651158790928398,0.5320279180070842,0.3144237995792858,0.021527973533565177,0.38553204985206324,0.41332303558232064,0.40562539554466315,0.016846097757441614,0,0,DATA
17440,697.6,0.6454801865992122,0.1179189565198767,0.7568903870979662,0.18199518805503903,0.35101813555283223,0.5822335721102816,0.5448101341230936,0.8742190904139433,0.23298210198310795,0.5710007452385741,0.44187402313937657,0.3343876949597478,0.5947197917858225,0.251499824906386,0.4765586818846054,0.5268901916538957,0.31951199688890636,0.021404859294816756,0.39451923633933594,0.42153025486268686,0.40817380501132644,0.007239418499380738,0,0,DATA
17460,698.4,0.6737081618170773,0.13323775918998387,0.7561637351779158,0.17596680819984822,0.35101813555283223,0.5822335721102816,0.5448101341230936,0.8742190904139433,0.23298210198310795,0.5710007452385741,0.44187402313937657,0.3343876949597478,0.593682824238276,0.2566917444527531,0.4859193975178867,0.5248127156544853,0.32700806163675933,0.02190263557595249,0.40614702206694175,0.43248253741276854,0.41190708398257825,0.0051965342423982985,0,0,DATA
17480,699.2,0.7022449644922072,0.14132533389875082,0.754796211012702,0.16995920247998753,0.35101813555283223,0.5822335721102816,0.5448101341230936,0.8742190904139433,0.23298210198310795,0.5710007452385741,0.44187402313937657,0.3343876949597478,0.5916733432851711,0.26051384123511795,0.49472034076964844,0.5239064077398554,0.3324738687449712,0.022338696622089423,0.4148159076524318,0.4404139100097511,0.4144304982711307,0.004877506995743834,0.11708593729205208,0,DATA
17500,700.0,0.7300226113415451,0.16011165811527098,0.7541353499759603,0.16467975746559277,0.35101813555283223,0.5822335721102816,0.5448101341230936,0.8742190904139433,0.23298210198310795,0.5710007452385741,0.44187402313937657,0.3343876949597478,0.5871253709137703,0.2669206410504531,0.5031939295835379,0.5229769940178883,0.3412554911317778,0.02314299974052454,0.42775379450155904,0.4527577662537648,0.41880510732647813,0.006476120333541817,0,0,DATA
17520,700.8,0.7582055799082451,0.16647981198184839,0.7529862986909345,0.1611654043935228,0.35101813555283223,0.5822335721102816,0.5448101341230936,0.8742190904139433,0.23298210198310795,0.5710007452385741,0.44187402313937657,0.3343876949597478,0.5844236668903688,0.2706257640776953,0.5116544296267117,0.5224752845159679,0.34647364677502557,0.023617789162884154,0.43570783950452485,0.460245470821021,0.42158849382746433,0.004955775697939128,0,0,DATA
17540,701.6,0.7585213465728171,0.1426226291211664,0.7633090283450407,0.157410710261447,0.35101813555283223,0.5822335721102816,0.5448101341230936,0.8742190904139433,0.23298210198310795,0.5710007452385741,0.44187402313937657,0.3343876949597478,0.5886231640840915,0.26505728978487697,0.514258890639224,0.5231597730655156,0.3404292140680009,0.02289807013371123,0.4282926656239877,0.45348710049268687,0.41987123665193055,0.004124144166351114,0,0,DATA
17560,702.4,0.7585892984330483,0.1544989719090729,0.7738940814803204,0.15801583110512224,0.35101813555283223,0.5822335721102816,0.5448101341230936,0.8742190904139433,0.23298210198310795,0.5710007452385741,0.44187402313937657,0.3343876949597478,0.5873889812567481,0.2667121234776453,0.5150544988336262,0.5229494476328033,0.344622176488526,0.023110155805650314,0.43517380373825254,0.46148725600484714,0.4244267707086946,0.001228208238171306,0,0,DATA
17580,703.2,0.7583677020487681,0.17552321651286773,0.7851762517621624,0.15399397897055206,0.35101813555283223,0.5822335721102816,0.5448101341230936,0.8742190904139433,0.23298210198310795,0.5710007452385741,0.44187402313937657,0.3343876949597478,0.5826036350417481,0.27309536207453833,0.515246646051248,0.5221505014418567,0.3529912574209649,0.023937692397542686,0.4457956163592828,0.47283510044060467,0.42957441990438233,0.0037869106765049767,0.13489063274029847,0,DATA
17600,704.0,0.757660983063097,0.1872121051800628,0.7854229702620544,0.1302520995200312,0.3458115893927015,0.5616401406401808,0.5276759940087146,0.8688422521786492,0.23298210198310795,0.5710007452385741,0.44187402313937657,0.3343876949597478,0.5729472037455089,0.2771898477867934,0.5103583199975175,0.5249314742338489,0.35634156455818167,0.024858686914048442,0.450379171729005,0.47506913971526393,0.42657038504076333,0.0062130810207416025,0,0,DATA
17620,704.8,0.7576573497988939,0.2075118391441708,0.784996111687978,0.11902757302818706,0.3458115893927015,0.5616401406401808,0.5276759940087146,0.8688422521786492,0.23298210198310795,0.5710007452385741,0.44187402313937657,0.3343876949597478,0.5657873302241745,0.28410211901042015,0.5088910591959157,0.5250552753827027,0.36323638997691576,0.025905755312741603,0.4584129669469923,0.4819377964266592,0.4272633618670712,0.005179801848854304,0,0,DATA
17640,705.6,0.7575422637003518,0.20008903816901585,0.7848197914747327,0.12392342597985416,0.3458115893927015,0.5616401406401808,0.5276759940087146,0.8688422521786492,0.23298210198310795,0.5710007452385741,0.44187402313937657,0.3343876949597478,0.5651981563725567,0.2840974161044648,0.5084267128747413,0.5253522137614892,0.3622113888819117,0.025940476861322982,0.45538556529457286,0.47938234804808194,0.42707352364796586,0.0003527410262491963,0,0,DATA
17660,706.4,0.7572776573236131,0.2097282958983686,0.7844336285783634,0.12164328078428412,0.3458115893927015,0.5616401406401808,0.5276759940087146,0.8688422521786492,0.23298210198310795,0.5710007452385741,0.44187402313937657,0.3343876949597478,0.5629971600939072,0.286794997396897,0.5082318416392739,0.5251039212545978,0.3652135050285412,0.026319347949993938,0.4591111145316923,0.4828412664760075,0.4279403819064886,0.001697816268849665,0,0,DATA
17680,707.2,0.7569684043489191,0.19742003773507835,0.7847938442180914,0.12011974738418586,0.3458115893927015,0.5616401406401808,0.5276759940087146,0.8688422521786492,0.23298210198310795,0.5710007452385741,0.44187402313937657,0.3343876949597478,0.5649215954246034,0.2841579594989054,0.5081084371439479,0.5254602225382455,0.36161950528640774,0.025962508249898618,0.454198003799383,0.4778118239676612,0.425848565114438,0.0015616259080046084,0.14031602271511157,0,DATA
17700,708.0,0.7573999772184515,0.20666555453719332,0.7844072150709974,0.12263634582167016,0.3458115893927015,0.5616401406401808,0.5276759940087146,0.8688422521786492,0.23298210198310795,0.5710007452385741,0.44187402313937657,0.3343876949597478,0.5635573674953681,0.2859555928341001,0.5081620460979519,0.5252435198352658,0.36426616224527364,0.02620867446034683,0.45790519926471673,0.48173201636203383,0.42768521232243184,0.0010718234061446637,0,0,DATA
17720,708.8,0.7575540145278197,0.2035350118985741,0.7833921103597297,0.12453526296341276,0.3458115893927015,0.5616401406401808,0.5276759940087146,0.8688422521786492,0.23298210198310795,0.5710007452385741,0.44187402313937657,0.3343876949597478,0.5638055130707076,0.2856183308958451,0.5082104766191204,0.5252880780167236,0.36352938536520857,0.02616287967356994,0.4564807687288891,0.48039596706925375,0.4273570419081074,0.00021127934492100783,0,0,DATA
17740,709.6,0.7562543533706217,0.2169132688906948,0.7841319454300651,0.12167404210652812,0.3458115893927015,0.5616401406401808,0.5276759940087146,0.8688422521786492,0.23298210198310795,0.5710007452385741,0.44187402313937657,0.3343876949597478,0.5610705227749639,0.2892630642721624,0.5079520769324595,0.5248332064764368,0.3677271049913273,0.026662877972113374,0.4617201063083649,0.48542316607007463,0.42884652893741265,0.0022127077862406455,0,0,DATA
17760,710.4,0.7557485768078599,0.20630124256414245,0.7841578536121736,0.12127465623872892,0.3458115893927015,0.5616401406401808,0.5276759940087146,0.8688422521786492,0.23298210198310795,0.5710007452385741,0.44187402313937657,0.3343876949597478,0.5624785512148168,0.28738511691362295,0.5077683439482812,0.5250681659357801,0.3648490837860754,0.026404802069382987,0.45737932210161325,0.48104503409475396,0.42713074720412086,0.0011565695941902117,0,0,DATA
17780,711.2,0.7277083202404894,0.2761729185213055,0.7987316554130095,0.12516856690808,0.3458115893927015,0.5616401406401808,0.5276759940087146,0.8688422521786492,0.23298210198310795,0.5710007452385741,0.44187402313937657,0.3343876949597478,0.5482279077957686,0.30638580197406673,0.5018247701738798,0.5226931451150822,0.3870903550929724,0.029067476503694047,0.4826347015311716,0.5081471847713309,0.43922970552503743,0.01306496741796446,0.12590254767047712,0,DATA
17800,712.0,0.6987087837271662,0.2630597954478926,0.8021896313033099,0.14755958741844327,0.4208417585784313,0.16307394805694964,0.43218852124183005,0.6724040032679739,0.23298210198310795,0.5710007452385741,0.44187402313937657,0.3343876949597478,0.435107936692166,0.3241706685606476,0.4672153029990339,0.5054686340657591,0.39465381035935954,0.03845550194369188,0.4722811401772019,0.5003785230574276,0.43970548148734095,0.05517143495500978,0,0,DATA
17820,712.8,0.6694713829709235,0.24996792085633265,0.8059301098861644,0.15476904766377655,0.4208417585784313,0.16307394805694964,0.43218852124183005,0.6724040032679739,0.23298210198310795,0.5710007452385741,0.44187402313937657,0.3343876949597478,0.40392123902531285,0.325840403650985,0.45069260868776917,0.4890404176871639,0.3919591952581689,0.04078757425759192,0.46194500590590026,0.4911373826689448,0.43719497191776296,0.01645970902281844,0,0,DATA
17840,713.6,0.641288054351014,0.21973306276726598,0.8085910314179081,0.15521222237276955,0.4208417585784313,0.16307394805694964,0.43218852124183005,0.6724040032679739,0.23298210198310795,0.5710007452385741,0.44187402313937657,0.3343876949597478,0.4009145499239609,0.31787556391314753,0.4398173013842087,0.4915194930054066,0.38042508540379194,0.03999127130776737,0.44474658125264044,0.4742493676397586,0.43059527566714656,0.00728227871424995,0,0,DATA
17860,714.4,0.614673837617312,0.20140791418907675,0.8086476817172357,0.15533551355804442,0.4208417585784313,0.16307394805694964,0.43218852124183005,0.6724040032679739,0.23298210198310795,0.5710007452385741,0.44187402313937657,0.3343876949597478,0.40386082439497506,0.31035507038990334,0.43096572367906316,0.4967528770025358,0.37086335786196933,0.03885311131948606,0.43210500853448985,0.46162578907006824,0.4252239025189349,0.006439448566467961,0,0,DATA
17880,715.2,0.5863613153594772,0.17725452644285924,0.811633199940133,0.15623112918951423,0.4208417585784313,0.16307394805694964,0.43218852124183005,0.6724040032679739,0.23298210198310795,0.5710007452385741,0.44187402313937657,0.3343876949597478,0.409816918162985,0.3013359737639892,0.4223646206933742,0.5042404721994979,0.35971644287840576,0.0373471126695217,0.4173782526290154,0.4472871465500305,0.41969514481323705,0.007858764459871012,0.053910447249464616,0,DATA
17900,716.0,0.5576469737200436,0.16890595496820116,0.815086548893902,0.15691695416733561,0.4208417585784313,0.16307394805694964,0.43218852124183005,0.6724040032679739,0.23298210198310795,0.5710007452385741,0.44187402313937657,0.3343876949597478,0.4133569463030662,0.2962926447633107,0.4137542780533865,0.5085321507698777,0.3534993615844637,0.03650178460149677,0.40898662550201914,0.4393094368161933,0.4165719271621015,0.00573123326024914,0,0,DATA
17920,716.8,0.5287813770005866,0.1511852555300976,0.8188496082020935,0.15748797323495026,0.4208417585784313,0.16307394805694964,0.43218852124183005,0.6724040032679739,0.23298210198310795,0.5710007452385741,0.44187402313937657,0.3343876949597478,0.41814030162709226,0.2898178502204381,0.4051093999503042,0.514161225703327,0.34494433309077466,0.03541299865159322,0.3968778382445246,0.42763405739627947,0.41208223121501103,0.006634342656660315,0,0,DATA
17940,717.6,0.5004956950729009,0.14722191724669037,0.8215142974265004,0.1582193879849999,0.4208417585784313,0.16307394805694964,0.43218852124183005,0.6724040032679739,0.23298210198310795,0.5710007452385741,0.44187402313937657,0.3343876949597478,0.4204076092638156,0.2867656771382223,0.3965759433145655,0.5168209660627966,0.34056505985881597,0.034903512922660834,0.390168304390506,0.4212641339397064,0.4094716175358431,0.004617645784892599,0,0,DATA
17960,718.4,0.4719363399740238,0.12863135663617323,0.8242498445821992,0.15897770213090961,0.4208417585784313,0.16307394805694964,0.43218852124183005,0.6724040032679739,0.23298210198310795,0.5710007452385741,0.44187402313937657,0.3343876949597478,0.4249918192830412,0.2806446682426128,0.3880184417530797,0.5221735755202142,0.3319918146403776,0.03388832582396084,0.37756731855766346,0.4090125342370247,0.40466264755248443,0.006420906825440313,0,0,DATA
17980,719.2,0.4436246032868276,0.11560066711461349,0.8271144660965948,0.1601564939868528,0.4208417585784313,0.16307394805694964,0.43218852124183005,0.6724040032679739,0.23298210198310795,0.5710007452385741,0.44187402313937657,0.3343876949597478,0.4291035270883364,0.2751597725078932,0.3795057265803228,0.5269718772902215,0.32474193419708575,0.03298842615850572,0.36726561971447946,0.39911517673087465,0.40082878420531837,0.006036439570923906,0.03468020013438405,0,DATA
18000,720.0,0.41635086726998505,0.09373306169160846,0.8287774107166077,0.16167148907641377,0.417935474537037,0.1729294990784032,0.4295503131808278,0.6749434912854031,0.23298210198310795,0.5710007452385741,0.44187402313937657,0.3343876949597478,0.4376887908547631,0.2667810546203431,0.37048572920787814,0.53545386811721,0.3142941408735115,0.03150293525412739,0.3533964192659115,0.38556377025326405,0.39554000496309877,0.008661326342140471,0,0,DATA
18020,720.8,0.3890013891507458,0.08586362362786995,0.8305006817841079,0.16380718231817623,0.417935474537037,0.1729294990784032,0.4295503131808278,0.6749434912854031,0.23298210198310795,0.5710007452385741,0.44187402313937657,0.3343876949597478,0.4419169519780761,0.2620639965962313,0.36203633959110454,0.5399264776909224,0.30830905797707764,0.030713229539418685,0.34512340263006824,0.3776766500483471,0.39248259785684164,0.005798202921399487,0,0,DATA
18040,721.6,0.3889679042022792,0.0092977194884364,0.8182983574926557,0.16236327039931822,0.417935474537037,0.1729294990784032,0.4295503131808278,0.6749434912854031,0.23298210198310795,0.5710007452385741,0.44187402313937657,0.3343876949597478,0.4592642401843511,0.23921042602995635,0.35949449086689444,0.5600269070771973,0.2808216567873974,0.02716342260977804,0.3120498791263111,0.34323850292355895,0.37765500028444526,0.014247569165586671,0,0,DATA
18060,722.4,0.38877190432797043,0.02987871548456657,0.8305674995006117,0.1618039967634184,0.417935474537037,0.1729294990784032,0.4295503131808278,0.6749434912854031,0.23298210198310795,0.5710007452385741,0.44187402313937657,0.3343876949597478,0.4601464174870462,0.23811703373899035,0.3586907762760266,0.5610146918740279,0.2848928268777726,0.02699515008148388,0.3226969059514927,0.35505651658594606,0.38367798047124296,0.0009264280615096654,0,0,DATA
18080,723.2,0.388585822282973,0.030130585966328918,0.8307050668107828,0.16622719507019001,0.417935474537037,0.1729294990784032,0.4295503131808278,0.6749434912854031,0.23298210198310795,0.5710007452385741,0.44187402313937657,0.3343876949597478,0.4603581778766847,0.23785953978659402,0.3584105846693168,0.5612493190450454,0.2849571792293084,0.026955380646568664,0.32278795119723236,0.35560363839338,0.3846161843279047,0.00024981531624819936,0.009039175789898674,0,DATA
18100,724.0,0.3885438924501425,0.03370566175539937,0.8308584866369166,0.17086414506295602,0.417935474537037,0.1729294990784032,0.4295503131808278,0.6749434912854031,0.23298210198310795,0.5710007452385741,0.44187402313937657,0.3343876949597478,0.4596709400778714,0.2387833128218148,0.3583177219224094,0.5604438136280282,0.2862839891689124,0.027094528217841578,0.3242402795115211,0.3575350036895588,0.38611399766806886,0.000567957860313828,0,0,DATA
18120,724.8,0.388468117615636,0.034943195534162245,0.8309462394802762,0.16661653742377164,0.417935474537037,0.1729294990784032,0.4295503131808278,0.6749434912854031,0.23298210198310795,0.5710007452385741,0.44187402313937657,0.3343876949597478,0.4592048866446873,0.23940695419043467,0.35827395038309084,0.5598989662271263,0.2866907434435616,0.027188723295187917,0.3247376886247969,0.3576164273232521,0.38546446693443565,0.0003778221137075155,0,0,DATA
18140,725.6,0.388393684797637,0.03860353002546445,0.8311311590467778,0.15971178142068698,0.417935474537037,0.1729294990784032,0.4295503131808278,0.6749434912854031,0.23298210198310795,0.5710007452385741,0.44187402313937657,0.3343876949597478,0.4582964003715585,0.2406189402585852,0.3582451880295155,0.5588387300564865,0.2877436340854772,0.027372270676139867,0.3262239197710184,0.35843067482581525,0.3846713525173395,0.0007164115649515579,0,0,DATA
18160,726.4,0.3882744417211329,0.04120388449865294,0.8312869506922026,0.15205915933358158,0.417935474537037,0.1729294990784032,0.4295503131808278,0.6749434912854031,0.23298210198310795,0.5710007452385741,0.44187402313937657,0.3343876949597478,0.4574777800502503,0.24171063533152318,0.358211518277377,0.5578835723593635,0.2885177585127966,0.027538011997759695,0.3272713712740779,0.3587284432847067,0.3835579048746025,0.0006479950487948786,0,0,DATA
18180,727.2,0.38822370695072905,0.045346226501441315,0.8314458035161044,0.15138585073075514,0.417935474537037,0.1729294990784032,0.4295503131808278,0.6749434912854031,0.23298210198310795,0.5710007452385741,0.44187402313937657,0.3343876949597478,0.45636230213327234,0.2431979996141853,0.3581907630499507,0.5565821512595435,0.29006102301596287,0.027764436133570294,0.3289499316858928,0.3603555581186292,0.38407923418339057,0.0008745324756888143,0.013603867950432395,0,DATA
18200,728.0,0.3880727791918049,0.04613614571635943,0.831585538222958,0.15003720736045809,0.416603136914488,0.1718634436043836,0.42802049291939004,0.6758513752723312,0.23298210198310795,0.5710007452385741,0.44187402313937657,0.3343876949597478,0.45556328019032066,0.24358559537842572,0.35772449197914613,0.5559888424059475,0.2903707157581906,0.027849557933550755,0.329263660761446,0.36054839632783797,0.3839478342923898,0.0005509629259988769,0,0,DATA
18220,728.8,0.38795762762904307,0.04751906975621727,0.831661679655177,0.14465282043880412,0.416603136914488,0.1718634436043836,0.42802049291939004,0.6758513752723312,0.23298210198310795,0.5710007452385741,0.44187402313937657,0.3343876949597478,0.455033159559065,0.24408909283885805,0.3575604288297248,0.5554720333601033,0.2906786314508064,0.027934296959202166,0.32980902835128056,0.360562939368729,0.38308591571581635,0.0003992270803697869,0,0,DATA
18240,729.6,0.3877666357675548,0.05176097093698544,0.8316665325800847,0.14034110922990772,0.416603136914488,0.1718634436043836,0.42802049291939004,0.6758513752723312,0.23298210198310795,0.5710007452385741,0.44187402313937657,0.3343876949597478,0.45398332412172704,0.24542787440760283,0.3574711015939858,0.5542777248570621,0.2919734391346902,0.028141619551901004,0.33146856103627165,0.3617917862253213,0.3828419726962304,0.0008259814139405611,0,0,DATA
18260,730.4,0.3875433373135579,0.054504536671003335,0.831590970331492,0.14048922992611576,0.416603136914488,0.1718634436043836,0.42802049291939004,0.6758513752723312,0.23298210198310795,0.5710007452385741,0.44187402313937657,0.3343876949597478,0.4530922246863819,0.24659770728375127,0.35739741074792475,0.5532472587013153,0.2930933028595196,0.028321902732478994,0.33250621518936085,0.36283669622317205,0.38324191128802676,0.000711541052518222,0,0,DATA
18280,731.2,0.4158369404118485,0.13024477333725104,0.8189186063983498,0.1410562140830215,0.416603136914488,0.1718634436043836,0.42802049291939004,0.6758513752723312,0.23298210198310795,0.5710007452385741,0.44187402313937657,0.3343876949597478,0.4369194451558663,0.2681559234131452,0.3633169601447475,0.5343817608713605,0.31891215434591796,0.031708611089445116,0.3659265576888897,0.39504650074507713,0.3943776129458886,0.014550181685577432,0.09361863124225375,0,DATA
18300,732.0,0.44541665357382276,0.1383059719085599,0.8050068407817499,0.14957592182811624,0.416603136914488,0.1718634436043836,0.42802049291939004,0.6758513752723312,0.23298210198310795,0.5710007452385741,0.44187402313937657,0.3343876949597478,0.43037475959673677,0.27688052385192985,0.37130456472780893,0.5267471178724035,0.32647445986936796,0.033120808342048766,0.3722846266264881,0.4008653638955251,0.3967707641926513,0.007752296860325192,0,0,DATA
18320,732.8,0.4757081591985084,0.1237220548989389,0.7783245087089689,0.14035048812716877,0.416603136914488,0.1718634436043836,0.42802049291939004,0.6758513752723312,0.23298210198310795,0.5710007452385741,0.44187402313937657,0.3343876949597478,0.43147397650101826,0.27541440722087135,0.38006206228391126,0.5280297846400734,0.32211378642239674,0.03288185412783835,0.3671728945330206,0.3921628552246848,0.389096657445292,0.003774277030480777,0,0,DATA
18340,733.6,0.5057486750041897,0.13145226947876526,0.7730749764088626,0.14454788509453087,0.416603136914488,0.1718634436043836,0.42802049291939004,0.6758513752723312,0.23298210198310795,0.5710007452385741,0.44187402313937657,0.3343876949597478,0.4301803965105392,0.2771390323139052,0.3889978198699351,0.526520682098317,0.3263265890781255,0.03316304323595808,0.3752231770660661,0.4001079242244559,0.3927873375312799,0.003984654223178914,0,0,DATA
18360,734.4,0.5346464801198256,0.13516588173435712,0.7691443599252453,0.14770397104056435,0.416603136914488,0.1718634436043836,0.42802049291939004,0.6758513752723312,0.23298210198310795,0.5710007452385741,0.44187402313937657,0.3343876949597478,0.42901246393972114,0.27869623127338106,0.39774708622002575,0.52515811633317,0.3298214802837638,0.03341773562485543,0.3817020596947066,0.40650935379933795,0.3958827229494846,0.0038247992934615227,0,0,DATA
18380,735.2,0.5633904443187532,0.14200381772683607,0.7654547757273508,0.15124929979640672,0.416603136914488,0.1718634436043836,0.42802049291939004,0.6758513752723312,0.23298210198310795,0.5710007452385741,0.44187402313937657,0.3343876949597478,0.42722611761005513,0.28107801303911795,0.40640809860682775,0.5230740522854685,0.33434319928440315,0.0338087704044021,0.38944811009190483,0.41424097865233095,0.39956947946994414,0.004276380160734968,0.17879494504990712,0,DATA
18400,736.0,0.5924736768371879,0.14540294831430042,0.761521511359065,0.15282579158203474,0.3497500085103486,0.5583907186166088,0.5428444989106754,0.8746755855119825,0.23298210198310795,0.5710007452385741,0.44187402313937657,0.3343876949597478,0.5342040332912109,0.2687051471684598,0.4472646028292996,0.5485454097701645,0.32938106720470817,0.026283972494841632,0.3958377559569204,0.4203949472590807,0.4023196545749614,0.053402428591428595,0,0,DATA
18420,736.8,0.6229539485398861,0.14777093534437988,0.7550158893030681,0.15288536146550732,0.3497500085103486,0.5583907186166088,0.5428444989106754,0.8746755855119825,0.23298210198310795,0.5710007452385741,0.44187402313937657,0.3343876949597478,0.565800130719241,0.26565632377568454,0.46592241115360766,0.5342717727525372,0.3295907809786909,0.024223067621971937,0.4015798806982923,0.4254924667832003,0.4041083882624384,0.017767576381704453,0,0,DATA
18440,737.6,0.6529544329751131,0.14784478369059434,0.7492763110029427,0.15345359743209286,0.3497500085103486,0.5583907186166088,0.5428444989106754,0.8746755855119825,0.23298210198310795,0.5710007452385741,0.44187402313937657,0.3343876949597478,0.575263451794945,0.264762354294792,0.4778198553822979,0.5299870969551315,0.3308002338230162,0.023615392176140892,0.4064616012637985,0.4298570531153525,0.405798266576179,0.007418244928428926,0,0,DATA
18460,738.4,0.6824618081741244,0.15338086843495227,0.7446246787004873,0.15408294059228242,0.3497500085103486,0.5583907186166088,0.5428444989106754,0.8746755855119825,0.23298210198310795,0.5710007452385741,0.44187402313937657,0.3343876949597478,0.576939870321341,0.26604426717894447,0.48758563744269723,0.5285079312498573,0.3342827229786388,0.02363607165632749,0.41364718374085285,0.4366404066781802,0.40854237736415794,0.004241371156982606,0,0,DATA
18480,739.2,0.711927286272415,0.15825976068678205,0.74007763478694,0.15412904586581805,0.3497500085103486,0.5583907186166088,0.5428444989106754,0.8746755855119825,0.23298210198310795,0.5710007452385741,0.44187402313937657,0.3343876949597478,0.5764182285063755,0.2677949308747025,0.4967031224614581,0.527893420309461,0.33792718114556536,0.023820940755553032,0.42058242747853336,0.44312555655185965,0.4110932190880818,0.0037965968431614705,0.0802816484954553,0,DATA
18500,740.0,0.7418076111320597,0.16217813817410504,0.7354239511583691,0.1537530727113662,0.3497500085103486,0.5583907186166088,0.5428444989106754,0.8746755855119825,0.23298210198310795,0.5710007452385741,0.44187402313937657,0.3343876949597478,0.5754388766895481,0.2694172756798804,0.5057132361876118,0.5275719238152856,0.34134447345380875,0.024020661252397258,0.4271951067196774,0.44923527011470127,0.4134303926591116,0.0038706034493863153,0,0,DATA
18520,740.8,0.7716045673076923,0.16544687185771745,0.730532728920213,0.15448524537859726,0.3497500085103486,0.5583907186166088,0.5428444989106754,0.8746755855119825,0.23298210198310795,0.5710007452385741,0.44187402313937657,0.3343876949597478,0.5744586370709412,0.27081922455284524,0.5146736311023408,0.5273610691881068,0.3445347368991268,0.024201404203957798,0.43348374698061765,0.45510800541854907,0.4158240273031239,0.003780861135433559,0,0,DATA
18540,741.6,0.7724008740782637,0.09702360377911848,0.7425787661301845,0.15167445019951853,0.3497500085103486,0.5583907186166088,0.5428444989106754,0.8746755855119825,0.23298210198310795,0.5710007452385741,0.44187402313937657,0.3343876949597478,0.588533451481865,0.25208129415272695,0.5175289739985793,0.5296926271827039,0.3237410529661591,0.021781834210711528,0.40868290854528666,0.43123069118630736,0.40808951803506827,0.011889362569093528,0,0,DATA
18560,742.4,0.7730920453117144,0.12199168846060716,0.7507723462274432,0.15360956253082997,0.3497500085103486,0.5583907186166088,0.5428444989106754,0.8746755855119825,0.23298210198310795,0.5710007452385741,0.44187402313937657,0.3343876949597478,0.5875125980220294,0.2534509787435083,0.5185307228264756,0.529518211617231,0.32967368507326567,0.021954520507643554,0.420447092684024,0.4440077445679017,0.4143392653512137,0.001130762292837743,0,0,DATA
18580,743.2,0.774290564249204,0.1262819897115532,0.7577161591316016,0.16331995399790206,0.3497500085103486,0.5583907186166088,0.5428444989106754,0.8746755855119825,0.23298210198310795,0.5710007452385741,0.44187402313937657,0.3343876949597478,0.5863053787213801,0.25506316847100763,0.5190829364517173,0.5293157264038061,0.33264500183209766,0.022158834785375045,0.423791679552732,0.4490177518737327,0.4187806939520585,0.0011238742177967682,0.037884596913465955,0,DATA
18600,744.0,0.7752025135641865,0.12363287119443567,0.7565014332097815,0.16952051266881346,0.35401569308278863,0.6144759484315516,0.5554650905501088,0.8779469635076252,0.23298210198310795,0.5710007452385741,0.44187402313937657,0.3343876949597478,0.6022033921679639,0.2557008659646769,0.5229738755544775,0.5210478709336795,0.3327789725469771,0.021360556791097145,0.42267147682451744,0.4483961324204274,0.4194109513597164,0.006808883347671084,0,0,DATA
18620,744.8,0.7769700475008381,0.12281869696114928,0.7541367864897105,0.16592062491377257,0.35401569308278863,0.6144759484315516,0.5554650905501088,0.8779469635076252,0.23298210198310795,0.5710007452385741,0.44187402313937657,0.3343876949597478,0.6071437727909292,0.2556642064274575,0.5245123394120024,0.5185960103908066,0.3323403585456416,0.021092247869593322,0.422226384574519,0.4473545867229177,0.4181544393873627,0.0021718346725698536,0,0,DATA
18640,745.6,0.7783043064982405,0.11946920231172771,0.7530549186395318,0.1674146970075599,0.35401569308278863,0.6144759484315516,0.5554650905501088,0.8779469635076252,0.23298210198310795,0.5710007452385741,0.44187402313937657,0.3343876949597478,0.6093292808541975,0.25471535006445367,0.5252540729587143,0.5179776845406744,0.33127180504545406,0.02089706408730254,0.42093706494419514,0.4461064875169547,0.41781378854590245,0.0012920326576613312,0,0,DATA
18660,746.4,0.7796442608827719,0.11375247253195044,0.7516636483403057,0.16939558158198784,0.35401569308278863,0.6144759484315516,0.5554650905501088,0.8779469635076252,0.23298210198310795,0.5710007452385741,0.44187402313937657,0.3343876949597478,0.6111854465269312,0.25283000881721485,0.5257579834434796,0.5179922723279269,0.32924540283017895,0.02064383726640006,0.4186401098493453,0.44386849384962507,0.41713863385746813,0.0014151391349126092,0,0,DATA
18680,747.2,0.7797669735629295,0.11000059794970363,0.7525056296805229,0.17396738559971708,0.35401569308278863,0.6144759484315516,0.5554650905501088,0.8779469635076252,0.23298210198310795,0.5710007452385741,0.44187402313937657,0.3343876949597478,0.6125301898910231,0.2512138815600141,0.5259349262517422,0.5181279642744813,0.32796915347864686,0.020440936946807507,0.4173322988205215,0.4431020613565959,0.41771298007674695,0.001045937809851775,0.03300017938491109,0,DATA
18700,748.0,0.7803000487053796,0.1183348880419807,0.7527693006374936,0.1803625401340854,0.35401569308278863,0.6144759484315516,0.5554650905501088,0.8779469635076252,0.23298210198310795,0.5710007452385741,0.44187402313937657,0.3343876949597478,0.6111834119808726,0.25306264460869143,0.5260999548741355,0.517876971705218,0.3307419904302248,0.020662940346688172,0.4208253640773165,0.4472610091625248,0.42036137975094984,0.0011201898604070726,0,0,DATA
18720,748.8,0.7828018947963801,0.1217445314396448,0.7489315195119329,0.18146241891637388,0.35401569308278863,0.6144759484315516,0.5554650905501088,0.8779469635076252,0.23298210198310795,0.5710007452385741,0.44187402313937657,0.3343876949597478,0.6100633534943178,0.25457197367464063,0.5266748511399636,0.5176823364155207,0.33197673991692483,0.020846057758894653,0.42192203442947007,0.44808388928035114,0.4203835413447671,0.0010680946061106626,0,0,DATA
18740,749.6,0.7852783080379588,0.12996847122874922,0.7460199138848153,0.1825272728090449,0.35401569308278863,0.6144759484315516,0.5554650905501088,0.8779469635076252,0.23298210198310795,0.5710007452385741,0.44187402313937657,0.3343876949597478,0.6080003085926394,0.2573274755353746,0.5273673668004435,0.5173361079359928,0.334837185939401,0.02118318111010541,0.4251245718680041,0.4511017515454405,0.42134984300904543,0.0018370208076307626,0,0,DATA
18760,750.4,0.7859282040807776,0.14084299284248034,0.7453402221220066,0.1835899739233265,0.35401569308278863,0.6144759484315516,0.5554650905501088,0.8779469635076252,0.23298210198310795,0.5710007452385741,0.44187402313937657,0.3343876949597478,0.6050977455832525,0.2611989921454395,0.5277115996675795,0.516851631135654,0.33891295608009664,0.02166109487841944,0.4294684213694986,0.4554839019820823,0.4230886281375411,0.0023727708288626323,0,0,DATA
18780,751.2,0.7978983366851016,0.17545713275168578,0.7175085773495465,0.18599696381589761,0.35401569308278863,0.6144759484315516,0.5554650905501088,0.8779469635076252,0.23298210198310795,0.5710007452385741,0.44187402313937657,0.3343876949597478,0.5969580072995031,0.2720524063030365,0.5303285973746283,0.5154947931987302,0.3486773597914813,0.023026194230621622,0.44014177489955353,0.4636147900241484,0.42300124916975357,0.0072033833827983935,0.09130680996773534,0,DATA
18800,752.0,0.8103281590413945,0.16746876148051634,0.6854370030384916,0.19674736853454652,0.3385048594090414,0.7602898213902429,0.6060836226851851,0.9432591230936819,0.23298210198310795,0.5710007452385741,0.44187402313937657,0.3343876949597478,0.6370215282097575,0.26981441152290125,0.5478971483793857,0.4965820301336705,0.3436322365799358,0.020566732779928917,0.4330180760001334,0.45435897416548765,0.4171781630806734,0.01995668889838237,0,0,DATA
18820,752.8,0.82156879111153,0.13408539076655457,0.6606125376427833,0.19718371991641367,0.3385048594090414,0.7602898213902429,0.6060836226851851,0.9432591230936819,0.23298210198310795,0.5710007452385741,0.44187402313937657,0.3343876949597478,0.6560510923327659,0.25979566928895137,0.5555282464155414,0.4920766191891413,0.3302174206987325,0.018764851700408692,0.4169479610494341,0.4358500478134042,0.40717587460803906,0.012226468131037985,0,0,DATA
18840,753.6,0.8316856971153845,0.12287666505677,0.6376939422231097,0.1929239178113008,0.3385048594090414,0.7602898213902429,0.6060836226851851,0.9432591230936819,0.23298210198310795,0.5710007452385741,0.44187402313937657,0.3343876949597478,0.6641137939687232,0.25365160342002674,0.5599421260871977,0.49111730130562503,0.3226263140095552,0.01789159569256559,0.4099041328823565,0.42608837989384796,0.3999246470760159,0.006206882392179387,0,0,DATA
18860,754.4,0.8423597690946036,0.116432189416631,0.6136211927979185,0.18810280109367866,0.3385048594090414,0.7602898213902429,0.6060836226851851,0.9432591230936819,0.23298210198310795,0.5710007452385741,0.44187402313937657,0.3343876949597478,0.6678859443439394,0.25000393048011044,0.5635078451043305,0.491055062587975,0.3171789453017929,0.01743626204915811,0.40464660713710643,0.41794146753431655,0.3930429722280947,0.003661847444088447,0,0,DATA
18880,755.2,0.853177240447461,0.10966214527823151,0.5893266659844303,0.18449814155920052,0.3385048594090414,0.7602898213902429,0.6060836226851851,0.9432591230936819,0.23298210198310795,0.5710007452385741,0.44187402313937657,0.3343876949597478,0.6704392987255683,0.24701401623938368,0.5668492297935704,0.49127334251752397,0.3121076578044438,0.01709528360745768,0.3992431783896204,0.409748120152034,0.38631464913235286,0.0029615511038651823,0.03289864358346945,0,DATA
18900,756.0,0.8646563586706049,0.1048820868523562,0.5636070804970973,0.18015134433788924,0.3385048594090414,0.7602898213902429,0.6060836226851851,0.9432591230936819,0.23298210198310795,0.5710007452385741,0.44187402313937657,0.3343876949597478,0.6722091173094907,0.24477862560792055,0.5702622600272027,0.49150612854129433,0.30765972138794495,0.01684960236787589,0.39448306156643254,0.4019813650579816,0.37944629637469046,0.002472746483005948,0,0,DATA
18920,756.8,0.8758415752786157,0.10317313538251775,0.5386662070047208,0.17765492506974062,0.3385048594090414,0.7602898213902429,0.6060836226851851,0.9432591230936819,0.23298210198310795,0.5710007452385741,0.44187402313937657,0.3343876949597478,0.6730989426933336,0.24362950200692685,0.5736350645849746,0.49163577764986977,0.30449887073100435,0.016724975777403808,0.39104834960162405,0.39580292381712057,0.3735739730882919,0.00180391784753615,0,0,DATA
18940,757.6,0.8868417572691469,0.10080531649442773,0.5141616481147563,0.17641032038537377,0.3385048594090414,0.7602898213902429,0.6060836226851851,0.9432591230936819,0.23298210198310795,0.5710007452385741,0.44187402313937657,0.3343876949597478,0.6738631322749854,0.24262177563796355,0.5769569441703177,0.49175754604352545,0.30140506719260407,0.016616860249173804,0.38740034666650136,0.38958000452456476,0.367943757794767,0.0016979318453194114,0,0,DATA
18960,758.4,0.8978513333752305,0.08799864182866314,0.4894698606915406,0.17461267391610352,0.3385048594090414,0.7602898213902429,0.6060836226851851,0.9432591230936819,0.23298210198310795,0.5710007452385741,0.44187402313937657,0.3343876949597478,0.6767817908292914,0.23873358882086043,0.5802655190281981,0.4922423101749241,0.2948689328947498,0.01620423903999071,0.379541234536769,0.37907194900558394,0.3605912380558527,0.0033718067430964873,0,0,DATA
18980,759.2,0.9075240973793364,0.07695668869620771,0.46786103237704785,0.17253575174552055,0.3385048594090414,0.7602898213902429,0.6060836226851851,0.9432591230936819,0.23298210198310795,0.5710007452385741,0.44187402313937657,0.3343876949597478,0.6799761985533989,0.23447538589864197,0.5832893719264246,0.49277420777397957,0.28864498347599193,0.015757917911597856,0.3727372404217095,0.3698993798420168,0.3540846299736552,0.003492154514850817,0.02308700660886231,0,DATA
19000,760.0,0.917247694350176,0.06186371924395595,0.4452264316661936,0.17133929598366807,0.33846949891067535,0.7774450148590997,0.6061265148420478,0.9433500136165578,0.23298210198310795,0.5710007452385741,0.44187402313937657,0.3343876949597478,0.6889074986268837,0.22896446787068908,0.5862504929636904,0.4910640167512136,0.28093743498875046,0.014958117097446006,0.3641178518928059,0.35889688566584244,0.34689510292281733,0.005801113046234503,0,0,DATA
19020,760.8,0.9284522229030502,0.04252146625348611,0.4205249281406893,0.17068488283718566,0.33846949891067535,0.7774450148590997,0.6061265148420478,0.9433500136165578,0.23298210198310795,0.5710007452385741,0.44187402313937657,0.3343876949597478,0.6956487617769279,0.2218953616249717,0.5894917802709736,0.49122793829905015,0.271507216098155,0.014182166893968461,0.3536815557020919,0.34592499780792985,0.33880795931886176,0.005683885567681605,0,0,DATA
19040,761.6,0.9284634172846489,0.0009016401221422199,0.4479400805280639,0.16802964213058308,0.33846949891067535,0.7774450148590997,0.6061265148420478,0.9433500136165578,0.23298210198310795,0.5710007452385741,0.44187402313937657,0.3343876949597478,0.7064113042095235,0.2081210784344802,0.5904665172832944,0.4927338086779981,0.25976797821159375,0.012831419156658166,0.34251889460334906,0.33723832787726415,0.33888884479284315,0.008503854211802608,0,0,DATA
19060,762.4,0.9284808634992457,0.01679887069358992,0.4505081025973068,0.17853351370110165,0.33846949891067535,0.7774450148590997,0.6061265148420478,0.9433500136165578,0.23298210198310795,0.5710007452385741,0.44187402313937657,0.3343876949597478,0.7063016485192981,0.20844001803733808,0.590762602092056,0.4926291667216819,0.2632326120730378,0.01285588283283653,0.34939488048869605,0.3454215031265873,0.3440179538314344,0.00024156003394829964,0,0,DATA
19080,763.2,0.9284973277505445,0.01679655260419404,0.45090872123032766,0.18721902078865682,0.33846949891067535,0.7774450148590997,0.6061265148420478,0.9433500136165578,0.23298210198310795,0.5710007452385741,0.44187402313937657,0.3343876949597478,0.7062692386110037,0.2085350508531646,0.5908548850274572,0.4925978552679158,0.26368607252779896,0.012863163445312551,0.3494773698298016,0.3464126050397505,0.3458565086189212,7.324188650738768e-05,0.005038965781258212,0,DATA
19100,764.0,0.928513955662393,0.016796129128559645,0.45130946785879544,0.1835620344765429,0.33846949891067535,0.7774450148590997,0.6061265148420478,0.9433500136165578,0.23298210198310795,0.5710007452385741,0.44187402313937657,0.3343876949597478,0.7062596045683985,0.20856344212473493,0.5908860617695657,0.49258847665343325,0.2636061799105191,0.012865336672082065,0.34956067534761115,0.34617028658919535,0.345226897283455,2.3067352094655973e-05,0,0,DATA
19120,764.8,0.9285306817705712,0.01679582664596365,0.45171024674969185,0.1741370095406256,0.33846949891067535,0.7774450148590997,0.6061265148420478,0.9433500136165578,0.23298210198310795,0.5710007452385741,0.44187402313937657,0.3343876949597478,0.7062567778769622,0.20857187481107914,0.5908989272749157,0.4925856736559793,0.2632836216832354,0.012865980655762341,0.3496440553543877,0.3453512419914698,0.3434437142574241,8.041627710175803e-06,0,0,DATA
19140,765.6,0.9285473096824197,0.016795524163367655,0.4521109933781598,0.1744426422151519,0.33846949891067535,0.7774450148590997,0.6061265148420478,0.9433500136165578,0.23298210198310795,0.5710007452385741,0.44187402313937657,0.3343876949597478,0.7062559933908764,0.20857431992185554,0.5909062787880088,0.492584843343634,0.26334668548783097,0.012866165846019987,0.3497274092694126,0.34550523383679416,0.3436066448682418,3.5270366517773746e-06,0,0,DATA
19160,766.4,0.9285431854365676,0.016412339210761052,0.45248674295839575,0.174360413341961,0.33846949891067535,0.7774450148590997,0.6061265148420478,0.9433500136165578,0.23298210198310795,0.5710007452385741,0.44187402313937657,0.3343876949597478,0.7063362268850981,0.20846776166835862,0.5909076181503079,0.4925980057232716,0.26326291179834826,0.012856080187513145,0.34964846035524666,0.3454556369933327,0.3436262463211864,6.271037000589914e-05,0,0,DATA
19180,767.2,0.9285382101558569,0.0164094353778395,0.45258176882486695,0.1738181277024905,0.33846949891067535,0.7774450148590997,0.6061265148420478,0.9433500136165578,0.23298210198310795,0.5710007452385741,0.44187402313937657,0.3343876949597478,0.7063609067382781,0.2084349811190915,0.5909069751500483,0.49260205607131513,0.2632320925114614,0.012852978360565169,0.3496653089392302,0.3454277596000163,0.3435406125569008,1.9367800902235038e-05,0.00492283061335185,0,DATA
19200,768.0,0.9285316637338694,0.01715518593477903,0.45257531677673746,0.1707072425851407,0.3385610702614379,0.7802348963064166,0.6062211499183007,0.9432792075163399,0.23298210198310795,0.5710007452385741,0.44187402313937657,0.3343876949597478,0.7069928698825234,0.20865318709391456,0.5909319053227039,0.49217697151178097,0.2633566028212371,0.01283874302345309,0.3499610094679826,0.34541172641222084,0.34302803046274066,0.0002916997639079803,0,0,DATA
19220,768.8,0.9285251173118818,0.0171576410806455,0.4525697968573708,0.16569689120580244,0.3385610702614379,0.7802348963064166,0.6062211499183007,0.9432792075163399,0.23298210198310795,0.5710007452385741,0.44187402313937657,0.3343876949597478,0.7071819432451651,0.20871933632720407,0.5909380096258832,0.4920493602138153,0.2631950850252929,0.012834525998803047,0.34995957825805835,0.3449087080724261,0.3420242938367125,8.710896637017147e-05,0,0,DATA
19240,769.6,0.9285186690862243,0.01715810142049546,0.452563351617099,0.16595321250828377,0.3385610702614379,0.7802348963064166,0.6062211499183007,0.9432792075163399,0.23298210198310795,0.5710007452385741,0.44187402313937657,0.3343876949597478,0.7072385685825892,0.2087393099923489,0.5909384867894489,0.4920110607125309,0.26321610644396976,0.01283327202915297,0.3499571837008124,0.3449313011214011,0.3420733710155526,2.5692055378205108e-05,0,0,DATA
19260,770.4,0.9285123190568962,0.017158868653578734,0.45255697051245214,0.16633408160271868,0.3385610702614379,0.7802348963064166,0.6062211499183007,0.9432792075163399,0.23298210198310795,0.5710007452385741,0.44187402313937657,0.3343876949597478,0.7072553950648689,0.2087455169171557,0.5909372964323597,0.49199954400898765,0.26323391438502075,0.012832916015197418,0.3499549443672507,0.34496651058681826,0.34214742964030753,8.074588058589368e-06,0,0,DATA
19280,771.2,0.8862546741452992,0.09408194557665565,0.49657056038448694,0.1710032640707948,0.3385610702614379,0.7802348963064166,0.6062211499183007,0.9432792075163399,0.23298210198310795,0.5710007452385741,0.44187402313937657,0.3343876949597478,0.6911065968557067,0.23028584053305928,0.5820628338937976,0.48930378130561697,0.29055358735269465,0.014938093165422148,0.3810753641285691,0.3809552075821477,0.3613973606492333,0.015521194787875928,0.060025578928861845,0,DATA
19300,772.0,0.8439911047218035,0.09448635079493954,0.4996190170109945,0.19572684845235605,0.3385610702614379,0.7802348963064166,0.6062211499183007,0.9432792075163399,0.23298210198310795,0.5710007452385741,0.44187402313937657,0.3343876949597478,0.6861770322971185,0.23686117107894983,0.5705251455532948,0.4884808983119658,0.29253716313171807,0.015609819884730952,0.37339410365648495,0.37605115121087046,0.3629384955225654,0.007680861148327223,0,0,DATA
19320,772.8,0.8016913990489359,0.07912003669115866,0.5272895947328071,0.20320756324944433,0.3385610702614379,0.7802348963064166,0.6062211499183007,0.9432792075163399,0.23298210198310795,0.5710007452385741,0.44187402313937657,0.3343876949597478,0.6879250888913359,0.23453120229365837,0.5581809008598417,0.48877185440750287,0.28891629306860994,0.015370173862680327,0.3643217524247617,0.3704939292310373,0.3648173652295824,0.005474090024320644,0,0,DATA
19340,773.6,0.7595469417735045,0.08014483192665257,0.5549417204221379,0.2028904803101003,0.3385610702614379,0.7802348963064166,0.6062211499183007,0.9432792075163399,0.23298210198310795,0.5710007452385741,0.44187402313937657,0.3343876949597478,0.6882342988701474,0.2341191543240092,0.5456272914239653,0.4888232734029216,0.2887670467076109,0.015327967682108104,0.36183320420173914,0.37073888528301335,0.3676062536218272,0.004424955794779066,0,0,DATA
19360,774.4,0.7174643154537456,0.0818984547165805,0.5823103254221791,0.20299250872472893,0.3385610702614379,0.7802348963064166,0.6062211499183007,0.9432792075163399,0.23298210198310795,0.5710007452385741,0.44187402313937657,0.3343876949597478,0.687958801077906,0.23448655431429427,0.533023857066053,0.48877732230389986,0.2891897699791798,0.01536558776326205,0.35959184905376673,0.371244593476508,0.37052359134127655,0.004415444046812915,0,0,DATA
19380,775.2,0.6753952074953913,0.08262363461225673,0.6097093827612418,0.20263771474884282,0.3385610702614379,0.7802348963064166,0.6062211499183007,0.9432792075163399,0.23298210198310795,0.5710007452385741,0.44187402313937657,0.3343876949597478,0.6877238639621415,0.23479982468216914,0.5204083140874249,0.4887381556778446,0.2894019274681966,0.015397700218764018,0.3569479108881789,0.3713050816472378,0.373204263069381,0.004387916820755826,0.12701171681385046,0,DATA
19400,776.0,0.6333429238415451,0.0829150813191446,0.6370930383061458,0.20107053470839184,0.41522858796296297,0.17302141770539814,0.42607519744008715,0.676494417211329,0.23298210198310795,0.5710007452385741,0.44187402313937657,0.3343876949597478,0.5175724050106806,0.2510755895877805,0.457351804932629,0.5656760027007695,0.2990731866561282,0.02543641649752525,0.35413076394914567,0.37106958225864983,0.3755752295881654,0.08316124433728939,0,0,DATA
19420,776.8,0.591117520058237,0.08345951450374325,0.6644168564764873,0.19918078629224129,0.41522858796296297,0.17302141770539814,0.42607519744008715,0.676494417211329,0.23298210198310795,0.5710007452385741,0.44187402313937657,0.3343876949597478,0.46641263635647656,0.2561107603511515,0.4295675173916955,0.5551509380026625,0.3020066343648169,0.02869806773746692,0.3513682201003917,0.37085044538531503,0.37788735904687965,0.02799307565283617,0,0,DATA
19440,777.6,0.5489672364672364,0.08485949957790109,0.6917827462274373,0.19700821272687022,0.41522858796296297,0.17302141770539814,0.42607519744008715,0.676494417211329,0.23298210198310795,0.5710007452385741,0.44187402313937657,0.3343876949597478,0.45077070889464227,0.258013307400927,0.41238067157530534,0.5463787007468576,0.30319714134676656,0.029758777843107577,0.3489713353620447,0.37097289226552593,0.38028928617356655,0.01157710677599999,0,0,DATA
19460,778.4,0.5066353551303,0.08510703762913992,0.7194044126179632,0.19443170934145976,0.41522858796296297,0.17302141770539814,0.42607519744008715,0.676494417211329,0.23298210198310795,0.5710007452385741,0.44187402313937657,0.3343876949597478,0.4460261476653318,0.2586533821702065,0.39833492274963167,0.5436863827475626,0.30344578162102426,0.0300903142134463,0.3461283075932582,0.3706343807972509,0.3824833446681081,0.006476794941421227,0,0,DATA
19480,779.2,0.46424098819549187,0.08623760446877705,0.7469555472880175,0.19185205863530425,0.41522858796296297,0.17302141770539814,0.42607519744008715,0.676494417211329,0.23298210198310795,0.5710007452385741,0.44187402313937657,0.3343876949597478,0.44436536026021484,0.25916196331608876,0.3852183810456199,0.542601698472063,0.30374322178027124,0.030239866465491975,0.34361188787616226,0.37061510947654486,0.3847853465268553,0.00509530341833699,0.02759345284348029,0,DATA
19500,780.0,0.4218119579562595,0.08692275090368828,0.7745420845490287,0.18964864339151385,0.41522858796296297,0.17302141770539814,0.42607519744008715,0.676494417211329,0.23298210198310795,0.5710007452385741,0.44187402313937657,0.3343876949597478,0.44372324328734836,0.25950637866162857,0.3723733221841775,0.5421084323128599,0.30388741985961204,0.030315047000308556,0.3409174478544825,0.37045898165658725,0.3871011667346635,0.00461053039328289,0,0,DATA
19520,780.8,0.3796112014517345,0.08872143141444609,0.8017058568833326,0.18881472232092306,0.41522858796296297,0.17302141770539814,0.42607519744008715,0.676494417211329,0.23298210198310795,0.5710007452385741,0.44187402313937657,0.3343876949597478,0.4431528852882293,0.2601133338083027,0.3596576456597946,0.5415197757399632,0.30438961714626855,0.03041710548013473,0.3386295232247415,0.3708040421532174,0.38977505203028245,0.004630996556725368,0,0,DATA
19540,781.6,0.3794581133735545,0.012981522069297802,0.7853650973534403,0.18553968670083654,0.41522858796296297,0.17302141770539814,0.42607519744008715,0.676494417211329,0.23298210198310795,0.5710007452385741,0.44187402313937657,0.3343876949597478,0.45888715885097475,0.23908824573566345,0.3558107942060619,0.5598994565576556,0.27755203919281635,0.027168481186425845,0.30503478996506767,0.33524772937854574,0.3736585598142018,0.013535404363039127,0,0,DATA
19560,782.4,0.37941549616641534,0.06263063768216093,0.801556979487365,0.18566988554688513,0.41522858796296297,0.17302141770539814,0.42607519744008715,0.676494417211329,0.23298210198310795,0.5710007452385741,0.44187402313937657,0.3343876949597478,0.4531811266410971,0.2466824716854733,0.3546477891564429,0.5532493274778119,0.2919972576941021,0.028327032561332392,0.32812428919557,0.35996943670704545,0.3851756757381083,0.004821087736435488,0,0,DATA
19580,783.2,0.3794606337460198,0.0632282700927317,0.801671411059266,0.18620442828787656,0.41522858796296297,0.17302141770539814,0.42607519744008715,0.676494417211329,0.23298210198310795,0.5710007452385741,0.44187402313937657,0.3343876949597478,0.45134381417191394,0.2491280765453761,0.3543083665332741,0.5511078688132689,0.2935989663003713,0.028703988654615435,0.32839525599009944,0.3603053009328641,0.3854053507988279,0.0015407799840849352,0.01896848102781951,0,DATA
19600,784.0,0.379335400693397,0.06298658311873902,0.8017506542754101,0.18746600991020482,0.4194428700299564,0.1686629553189023,0.42705635552832244,0.6705364923747277,0.23298210198310795,0.5710007452385741,0.44187402313937657,0.3343876949597478,0.4496230052274786,0.2506790848846976,0.35445496506997853,0.5494719601713904,0.29454085519474593,0.028973280292144785,0.32828938323320667,0.3603335106598185,0.3856287015759684,0.001139471940153754,0,0,DATA
19620,784.8,0.3791430995475113,0.061955013133102026,0.80212743935207,0.1825837006682016,0.4194428700299564,0.1686629553189023,0.42705635552832244,0.6705364923747277,0.23298210198310795,0.5710007452385741,0.44187402313937657,0.3343876949597478,0.44932339224113177,0.25085554779051566,0.35445856139035387,0.549233922225308,0.29431621948838305,0.029009459239902502,0.3279136520251067,0.35950722703518423,0.3845724703842986,0.00015989073751341656,0,0,DATA
19640,785.6,0.37884664482780295,0.06306172657544051,0.8024251351590279,0.18307698190442961,0.4194428700299564,0.1686629553189023,0.42705635552832244,0.6705364923747277,0.23298210198310795,0.5710007452385741,0.44187402313937657,0.3343876949597478,0.44900109852233666,0.2512183664261159,0.35439738479532773,0.5488913660481104,0.2947427231892248,0.029068419225678616,0.328356585619492,0.36002925833388816,0.3848819121276636,0.0002487629831404899,0,0,DATA
19660,786.4,0.37843644602606,0.06431323135705869,0.8027045378344515,0.18327439420219796,0.4194428700299564,0.1686629553189023,0.42705635552832244,0.6705364923747277,0.23298210198310795,0.5710007452385741,0.44187402313937657,0.3343876949597478,0.44864159440255835,0.2516776333556491,0.3542928900684539,0.5484819805234545,0.2952271330208257,0.029140561516816713,0.3288310283068754,0.3605513825185907,0.3851379510931416,0.0003077552587284482,0,0,DATA
19680,787.2,0.378288104103821,0.06577806075862372,0.8030820335802475,0.1832376037648785,0.4194428700299564,0.1686629553189023,0.42705635552832244,0.6705364923747277,0.23298210198310795,0.5710007452385741,0.44187402313937657,0.3343876949597478,0.4482261289922962,0.2522255656669472,0.3542303898467215,0.5480002816626744,0.29582222563007865,0.02922601011438344,0.32946279083221275,0.3612172155747758,0.3854298571601376,0.00034196598109755466,0.021177419339842792,0,DATA
19700,788.0,0.3780449372590916,0.06585487840345522,0.8034716766356915,0.18314991430184643,0.4194428700299564,0.1686629553189023,0.42705635552832244,0.6705364923747277,0.23298210198310795,0.5710007452385741,0.44187402313937657,0.3343876949597478,0.4480853576638029,0.2524114543008895,0.3541605747428086,0.5478369516814566,0.29596984587417074,0.029255011279627305,0.32952281313228826,0.36130743323409253,0.38549693599364393,0.0001321583554494965,0,0,DATA
19720,788.8,0.3779190168321601,0.06583928369970764,0.803646315331445,0.18308056856239882,0.4194428700299564,0.1686629553189023,0.42705635552832244,0.6705364923747277,0.23298210198310795,0.5710007452385741,0.44187402313937657,0.3343876949597478,0.44804640115304195,0.2524628543740228,0.35411318692197913,0.5477917733895095,0.2960062999452091,0.029263034019852644,0.32952631890455364,0.36132146830198847,0.3855117952714375,4.591480157458324e-05,0,0,DATA
19740,789.6,0.37795528400997147,0.06676708512831796,0.8038624537815878,0.183440023287541,0.4194428700299564,0.1686629553189023,0.42705635552832244,0.6705364923747277,0.23298210198310795,0.5710007452385741,0.44187402313937657,0.3343876949597478,0.44783987589980545,0.2527380587959738,0.3541065866830707,0.5475509085519158,0.29636308700420505,0.029305894361021698,0.3299479206015886,0.36180062931655194,0.3857805177610743,0.00016277663803195472,0,0,DATA
19760,790.4,0.37800886647394005,0.0669710912728744,0.8040716338797584,0.18362790925747122,0.4194428700299564,0.1686629553189023,0.42705635552832244,0.6705364923747277,0.23298210198310795,0.5710007452385741,0.44187402313937657,0.3343876949597478,0.4477350770334777,0.2528777418430348,0.3541158589288316,0.5474286675952214,0.29651644146326583,0.02932765638996726,0.330082075571839,0.3619744908936124,0.38590634914768335,8.458471971654428e-05,0,0,DATA
19780,791.2,0.41026976495726497,0.1248094626019045,0.7896919772002716,0.18633242766159103,0.4194428700299564,0.1686629553189023,0.42705635552832244,0.6705364923747277,0.23298210198310795,0.5710007452385741,0.44187402313937657,0.3343876949597478,0.43555757939448303,0.26911439072928156,0.36089342928405804,0.5332215943326007,0.3164760640209511,0.03189891140583306,0.35679367246421867,0.38751857395845535,0.39475418420632263,0.011730572293489302,0.06630171324588964,0,DATA
19800,792.0,0.4425102713360986,0.12746713476136104,0.7752075317008925,0.1901348854488498,0.3512909773284314,0.5804679287616792,0.5568520220588236,0.8834160539215686,0.23298210198310795,0.5710007452385741,0.44187402313937657,0.3343876949597478,0.5466516115132762,0.26041763613248314,0.4060399933587214,0.5464653761771203,0.31267644417025664,0.024792582291578477,0.3614079535038922,0.3910646562269169,0.39551626585073146,0.05497911693008498,0,0,DATA
19820,792.8,0.4760249078263784,0.08732285717291709,0.7421971556708559,0.17784463152125646,0.3512909773284314,0.5804679287616792,0.5568520220588236,0.8834160539215686,0.23298210198310795,0.5710007452385741,0.44187402313937657,0.3343876949597478,0.5884101194424874,0.24656821202867935,0.42662203624407913,0.5325108342644165,0.2961720209323376,0.021311845997014345,0.34545109456056333,0.3705777342878249,0.382135443068465,0.025396658306124253,0,0,DATA
19840,793.6,0.509167052905564,0.09462892758369387,0.7374794611248119,0.1729528162039324,0.3512909773284314,0.5804679287616792,0.5568520220588236,0.8834160539215686,0.23298210198310795,0.5710007452385741,0.44187402313937657,0.3343876949597478,0.5994033970349877,0.2444590845125557,0.43975649957631546,0.5280687592262283,0.2979650913365043,0.02056519055213,0.3540584128315023,0.37822410157242714,0.38438778143802427,0.008745622813620069,0,0,DATA
19860,794.4,0.5420589610042734,0.10410598037382907,0.7334178329083938,0.17612509368696766,0.3512909773284314,0.5804679287616792,0.5568520220588236,0.8834160539215686,0.23298210198310795,0.5710007452385741,0.44187402313937657,0.3343876949597478,0.6007111992268093,0.2464799210389565,0.4506041392767153,0.526404439867117,0.3029647700600144,0.020667501138126293,0.3636152899240147,0.38769204359160114,0.38871757860891804,0.004725426139540727,0,0,DATA
19880,795.2,0.5744415902044578,0.10841049052481479,0.7305771880236313,0.17907488186288367,0.3512909773284314,0.5804679287616792,0.5568520220588236,0.8834160539215686,0.23298210198310795,0.5710007452385741,0.44187402313937657,0.3343876949597478,0.6001995927526489,0.2482914348391527,0.460658783318874,0.5257544862040991,0.3071081244411697,0.020846073520591698,0.37124549084749336,0.3953331588441952,0.3924813144655769,0.004125921438838433,0.0852005828815869,0,DATA
19900,796.0,0.6056393497569968,0.11766465541883936,0.7295278267580103,0.1803055572836271,0.3512909773284314,0.5804679287616792,0.5568520220588236,0.8834160539215686,0.23298210198310795,0.5710007452385741,0.44187402313937657,0.3343876949597478,0.5981027361826555,0.2514260551495384,0.4702267060375548,0.525235604333903,0.3128886874396034,0.02121996315956753,0.3809768364624868,0.4050826358747009,0.3969730099226779,0.004933133199686625,0,0,DATA
19920,796.8,0.6365355811127871,0.1274014211404915,0.7287449080453895,0.17949397490647112,0.3512909773284314,0.5804679287616792,0.5568520220588236,0.8834160539215686,0.23298210198310795,0.5710007452385741,0.44187402313937657,0.3343876949597478,0.5954289584101107,0.2550927356447168,0.479585291437875,0.5247391529725862,0.31899186322003725,0.021672658089977443,0.39089420527978147,0.414840554583018,0.40116510176291836,0.005233014556014474,0,0,DATA
19940,797.6,0.6686245050904979,0.13442370907932585,0.7253081172479171,0.17790274691116675,0.3512909773284314,0.5804679287616792,0.5568520220588236,0.8834160539215686,0.23298210198310795,0.5710007452385741,0.44187402313937657,0.3343876949597478,0.593152144611192,0.2581589804161439,0.48913154109329027,0.524344437486332,0.324046226055815,0.022056599781650574,0.3994335470913629,0.42287709451532174,0.40424989405308565,0.004963102741920337,0,0,DATA
19960,798.4,0.7022050967823028,0.14257150848019734,0.7188933173299398,0.1762369407716176,0.3512909773284314,0.5804679287616792,0.5568520220588236,0.8834160539215686,0.23298210198310795,0.5710007452385741,0.44187402313937657,0.3343876949597478,0.5907580625973334,0.26136023767981603,0.49904734024519387,0.5239408498614252,0.3291206674177629,0.022461509705902955,0.408125825206477,0.4307613120246832,0.4068932619249927,0.005170379476478119,0,0,DATA
19980,799.2,0.7351925171778113,0.1451189399380977,0.7138156056964683,0.17519646636756075,0.3512909773284314,0.5804679287616792,0.5568520220588236,0.8834160539215686,0.23298210198310795,0.5710007452385741,0.44187402313937657,0.3343876949597478,0.5895048773870167,0.2630338956671298,0.5089494382738218,0.5237306134729267,0.33252050050287707,0.02267456756318231,0.41472673954204464,0.436750407756498,0.40909659589404934,0.004276313742086128,0.10163361943756366,0,DATA
20000,800.0,0.7666209071769733,0.14870171151876496,0.7122958967596276,0.1756409661227908,0.3551059963916122,0.5548676896078961,0.5555712997004357,0.876287445533769,0.23298210198310795,0.5710007452385741,0.44187402313937657,0.3343876949597478,0.5812084728289224,0.2653403231091787,0.5181614273218856,0.5267256020309494,0.3368272865387344,0.023335678618341623,0.42214158438677574,0.444057731683068,0.4124858233479015,0.006604940349402362,0,0,DATA
20020,800.8,0.7984709522163566,0.1605800388265425,0.7107343751864623,0.17897455075897015,0.3551059963916122,0.5548676896078961,0.5555712997004357,0.876287445533769,0.23298210198310795,0.5710007452385741,0.44187402313937657,0.3343876949597478,0.5762251027268607,0.2693581829879711,0.5276135334945753,0.5272083571425841,0.3436324992350723,0.02397091962833545,0.43295062000313045,0.455043973605724,0.417728913481951,0.006151112051181258,0,0,DATA
20040,801.6,0.7984561573026645,0.11101620189600808,0.7234246809347764,0.1782415743072536,0.3551059963916122,0.5548676896078961,0.5555712997004357,0.876287445533769,0.23298210198310795,0.5710007452385741,0.44187402313937657,0.3343876949597478,0.5851384974516544,0.2566856666110592,0.5304460584145068,0.5290879179686432,0.32959110953867327,0.02236269027990642,0.41566018739784105,0.43894927393009436,0.4133188395977368,0.008139478673879022,0,0,DATA
20060,802.4,0.7992975689207307,0.153989771280295,0.7336505671406537,0.17998946224836748,0.3551059963916122,0.5548676896078961,0.5555712997004357,0.876287445533769,0.23298210198310795,0.5710007452385741,0.44187402313937657,0.3343876949597478,0.5787880662983923,0.26491651112558595,0.5314725123302801,0.5281477112880109,0.34276972214067036,0.02343305914334522,0.4350630747163444,0.45954953866329695,0.4227550653068786,0.005202576527854071,0,0,DATA
20080,803.2,0.7979670086517513,0.14924839371516027,0.7479326089370615,0.19466191953427645,0.3551059963916122,0.5548676896078961,0.5555712997004357,0.876287445533769,0.23298210198310795,0.5710007452385741,0.44187402313937657,0.3343876949597478,0.577878626241092,0.26605817876170623,0.5315010308485264,0.5280315974986008,0.3448904007974079,0.023584857222923753,0.4357568199957763,0.46313873385096044,0.42841580455149414,0.0006932087372222839,0.06731687138647574,0,DATA
20100,804.0,0.7961446156988436,0.15216079381902375,0.7519160885322755,0.19619068002916001,0.3551059963916122,0.5548676896078961,0.5555712997004357,0.876287445533769,0.23298210198310795,0.5710007452385741,0.44187402313937657,0.3343876949597478,0.5769941902020905,0.2672161510816241,0.5311268838838897,0.5278948293581427,0.3464445447409652,0.02373713671966621,0.43735399736578295,0.4652871352299769,0.42997204726956323,0.0008055184411853341,0,0,DATA
20120,804.8,0.7964106295563097,0.1554236288403792,0.7520350621527281,0.18680290161667346,0.3551059963916122,0.5548676896078961,0.5555712997004357,0.876287445533769,0.23298210198310795,0.5710007452385741,0.44187402313937657,0.3343876949597478,0.5760436640359055,0.26847713658357897,0.5310705027045666,0.5277395996902577,0.3473832364521071,0.023902742454382234,0.43873612886990887,0.4657423862548994,0.4286402616311289,0.0007559642824876978,0,0,DATA
20140,805.6,0.797990968556226,0.15794039857535916,0.749138519242166,0.1853717478311142,0.3551059963916122,0.5548676896078961,0.5555712997004357,0.876287445533769,0.23298210198310795,0.5710007452385741,0.44187402313937657,0.3343876949597478,0.5752299845417042,0.26956012775995986,0.5313854595407521,0.527604943849168,0.348157310134836,0.024045222523463052,0.43947959598177166,0.4660530836971501,0.42816544450661514,0.0007372091689225776,0,0,DATA
20160,806.4,0.8015737271137087,0.15941456771685913,0.7421555306264215,0.18439563873489653,0.3551059963916122,0.5548676896078961,0.5555712997004357,0.876287445533769,0.23298210198310795,0.5710007452385741,0.44187402313937657,0.3343876949597478,0.5746763051737287,0.2702977924724941,0.5322323258886791,0.5275129511768886,0.34824539371185703,0.024142451717535034,0.43938921762671923,0.46516679557090146,0.42680387676040876,0.000712736809478883,0,0,DATA
20180,807.2,0.8061169767052121,0.1594255123939155,0.7334009130412807,0.18451704223155435,0.3551059963916122,0.5548676896078961,0.5555712997004357,0.876287445533769,0.23298210198310795,0.5710007452385741,0.44187402313937657,0.3343876949597478,0.5745079029811543,0.2705221563958301,0.5334404682072729,0.5274849703115077,0.3476995252111574,0.024172058319133594,0.4385513218988144,0.46346557843414826,0.4250954697241639,0.0005336361448347408,0.07215916736168099,0,DATA
20200,808.0,0.8084002704981567,0.15836810241960458,0.7293978101596431,0.18607326784799244,0.3579060287309368,0.6005035102028253,0.572620336328976,0.8854466230936819,0.23298210198310795,0.5710007452385741,0.44187402313937657,0.3343876949597478,0.5874574681845675,0.27088139757128205,0.5390561328553607,0.5208305671220752,0.3475104245028354,0.023467520490909485,0.43778439609135134,0.46245396490016544,0.4244756570101899,0.006308157008984312,0,0,DATA
20220,808.8,0.8070208411890398,0.1604268373666091,0.7329045816211182,0.18752256557385555,0.3579060287309368,0.6005035102028253,0.572620336328976,0.8854466230936819,0.23298210198310795,0.5710007452385741,0.44187402313937657,0.3343876949597478,0.5909100034067205,0.2715656157090789,0.5404511520948725,0.5187621904421003,0.34861878311671635,0.023329903129108574,0.43903335850062486,0.4641985342281726,0.42581307673187035,0.0018439241998205642,0,0,DATA
20240,809.6,0.805612902212167,0.1757423219833512,0.7366680428469597,0.18854397331088696,0.3579060287309368,0.6005035102028253,0.572620336328976,0.8854466230936819,0.23298210198310795,0.5710007452385741,0.44187402313937657,0.3343876949597478,0.5887295122038505,0.27605921684310575,0.5405739906815827,0.5176056354765218,0.35414525787424367,0.023842351842054292,0.44563065679711544,0.4712743194209505,0.42911475238056107,0.0022656436412023715,0,0,DATA
20260,810.4,0.805713127932797,0.17621447752659117,0.7370986875078369,0.18795007176811496,0.3579060287309368,0.6005035102028253,0.572620336328976,0.8854466230936819,0.23298210198310795,0.5710007452385741,0.44187402313937657,0.3343876949597478,0.587976212178909,0.277539500735421,0.540631889658928,0.5172421435428349,0.35514491245179597,0.024014104036226346,0.44592569309071284,0.4715530300263584,0.429184479140775,0.000763827631534005,0,0,DATA
20280,811.2,0.7737766046589576,0.22819663601967932,0.7548845268341269,0.189739574576889,0.3579060287309368,0.6005035102028253,0.572620336328976,0.8854466230936819,0.23298210198310795,0.5710007452385741,0.44187402313937657,0.3343876949597478,0.5768339688878782,0.29253859028118023,0.5339425894646255,0.5153137204154707,0.37211247050774426,0.025996402781248654,0.4638884196984382,0.4914732908475903,0.4385925109806815,0.010943544343697561,0.11429238039402324,0,DATA
20300,812.0,0.7413388545856378,0.2197119523930892,0.7571356516285662,0.19974033061374913,0.3579060287309368,0.6005035102028253,0.572620336328976,0.8854466230936819,0.23298210198310795,0.5710007452385741,0.44187402313937657,0.3343876949597478,0.5752730794621528,0.2946626057294628,0.5251238718909375,0.5150321574041922,0.3701044756074009,0.026281739637117833,0.45445722119202603,0.483267280424308,0.43663896583534284,0.004167874149231994,0,0,DATA
20320,812.8,0.7083411890397184,0.17432044976473027,0.7615503420967259,0.20991780379343383,0.3579060287309368,0.6005035102028253,0.572620336328976,0.8854466230936819,0.23298210198310795,0.5710007452385741,0.44187402313937657,0.3343876949597478,0.5843370281863906,0.2825901896280071,0.5155487468541881,0.5165363910928011,0.353895434065683,0.02466707838549126,0.4305840251251306,0.46085330072219693,0.4296696411394739,0.010237163287480958,0,0,DATA
20340,813.6,0.6762190747025306,0.17030122955354737,0.7641167633770375,0.21127577305376113,0.3579060287309368,0.6005035102028253,0.572620336328976,0.8854466230936819,0.23298210198310795,0.5710007452385741,0.44187402313937657,0.3343876949597478,0.5879002490480103,0.2778430831384392,0.5059305653323538,0.5171283339067753,0.3481966151152285,0.024044803726667587,0.42306519842928214,0.45372691308041246,0.4267677458462211,0.005976169624340629,0,0,DATA
20360,814.4,0.6449800726914697,0.1601346127631117,0.7648779883310678,0.2096056735012733,0.3579060287309368,0.6005035102028253,0.572620336328976,0.8854466230936819,0.23298210198310795,0.5710007452385741,0.44187402313937657,0.3343876949597478,0.5911042048324877,0.2735722984902468,0.4964849204534807,0.5176617483386327,0.34153290849134255,0.02349113813066443,0.4129029963017018,0.44347382349298625,0.42197513945455967,0.00564012843718098,0,0,DATA
20380,815.2,0.6119368767806267,0.14729131077990731,0.7688826225383661,0.20375328267892773,0.3579060287309368,0.6005035102028253,0.572620336328976,0.8854466230936819,0.23298210198310795,0.5710007452385741,0.44187402313937657,0.3343876949597478,0.5947624849843038,0.2686949385404918,0.48671215584854177,0.5182712882376022,0.33415456900329144,0.022865906530203258,0.40195796316771104,0.43234401469749084,0.41657500495335026,0.006102801568836673,0.044187393233972194,0,DATA
20400,816.0,0.5777302180220378,0.1410372732277216,0.7745568813002672,0.19834776013718625,0.4130275565087146,0.1730630729203705,0.4218927015250545,0.6766700708061002,0.23298210198310795,0.5710007452385741,0.44187402313937657,0.3343876949597478,0.47748999447672036,0.2770561208742867,0.4343931903826584,0.5502169368012167,0.33589878984429,0.030400565002139213,0.39374986814749924,0.424162793299295,0.41255369362679045,0.05931754610242059,0,0,DATA
20420,816.8,0.5427403126047428,0.1307010371930558,0.7825213094666545,0.19509987177136587,0.4130275565087146,0.1730630729203705,0.4218927015250545,0.6766700708061002,0.23298210198310795,0.5710007452385741,0.44187402313937657,0.3343876949597478,0.44447885689172517,0.2766703294847187,0.41134962060526137,0.5339042637035032,0.33204014065695275,0.03227620571689373,0.38421027828345133,0.41509485741530383,0.4088457970482938,0.018813499583986742,0,0,DATA
20440,817.6,0.5072511443145634,0.1199993385149504,0.7920006982750152,0.19384650726953007,0.4130275565087146,0.1730630729203705,0.4218927015250545,0.6766700708061002,0.23298210198310795,0.5710007452385741,0.44187402313937657,0.3343876949597478,0.4368228723386287,0.27355811643797884,0.39698382433110463,0.5316323779503249,0.32670879965412747,0.03235295159543913,0.3747276429158455,0.4064348244783504,0.405810799719283,0.008377997957997688,0,0,DATA
20460,818.4,0.4728300902358807,0.11369040141756319,0.7994309454646344,0.1935202498416025,0.4130275565087146,0.1730630729203705,0.4218927015250545,0.6766700708061002,0.23298210198310795,0.5710007452385741,0.44187402313937657,0.3343876949597478,0.4358509537631511,0.2708579501366884,0.3854456640923343,0.5324965018132313,0.3222041649771138,0.03208889338940896,0.36680590669907787,0.3992234872377519,0.403214664058626,0.005070081705179474,0,0,DATA
20480,819.2,0.44064477019440257,0.10266897718216858,0.8022697973610129,0.19357479876487738,0.4130275565087146,0.1730630729203705,0.4218927015250545,0.6766700708061002,0.23298210198310795,0.5710007452385741,0.44187402313937657,0.3343876949597478,0.4378738772799407,0.2669619014603908,0.37522529881199274,0.5354559879097749,0.3158711264748503,0.03151391430219984,0.35652804337590016,0.38923496399653956,0.3990635411779186,0.00537977915780959,0.030800693154650574,0,DATA
20500,820.0,0.40900777845860564,0.08507935990085377,0.8034566167679884,0.19320183459864543,0.4130275565087146,0.1730630729203705,0.4218927015250545,0.6766700708061002,0.23298210198310795,0.5710007452385741,0.44187402313937657,0.3343876949597478,0.44217457396405363,0.2608679940187334,0.3655154209633729,0.5406532899726602,0.3069969836681695,0.030558947979554954,0.34340216199761,0.3761904681423237,0.3934835114306392,0.006701493991463377,0,0,DATA
20520,820.8,0.3773329811358304,0.08010782185643064,0.8044384272445078,0.19306252707671134,0.4130275565087146,0.1730630729203705,0.4218927015250545,0.6766700708061002,0.23298210198310795,0.5710007452385741,0.44187402313937657,0.3343876949597478,0.4445088059586164,0.25764779113379765,0.3559507501710042,0.5434305074124094,0.30184767702058335,0.030055426619198033,0.33527494941058944,0.3681475058507618,0.3897878921064412,0.005039701890622417,0,0,DATA
20540,821.6,0.3774749402966315,0.017081527378938973,0.7882502825390886,0.18676422969050513,0.4130275565087146,0.1730630729203705,0.4218927015250545,0.6766700708061002,0.23298210198310795,0.5710007452385741,0.44187402313937657,0.3343876949597478,0.4584445973972585,0.2390343678146193,0.3531111603570618,0.5597051147913195,0.27841226338544317,0.027184574192524964,0.30685519451066917,0.33747910674167897,0.3750414481973015,0.011796268190587619,0,0,DATA
20560,822.4,0.3776489441930619,0.04229888068240971,0.8045447073181992,0.18548609933601662,0.4130275565087146,0.1730630729203705,0.4218927015250545,0.6766700708061002,0.23298210198310795,0.5710007452385741,0.44187402313937657,0.3343876949597478,0.4573296906351223,0.24051119974383756,0.3522958242311295,0.5584092454456423,0.2852512651425576,0.027408840305848302,0.3202358215671657,0.3523613632406377,0.3826594317063451,0.001135691605762268,0,0,DATA
20580,823.2,0.37754400504860064,0.043001342717520805,0.8044809701511807,0.1922422990467448,0.4130275565087146,0.1730630729203705,0.4218927015250545,0.6766700708061002,0.23298210198310795,0.5710007452385741,0.44187402313937657,0.3343876949597478,0.4568477015791081,0.2411509386924342,0.35202918617301293,0.5578483814433369,0.28600170683416337,0.027506154189601752,0.32048307111891416,0.3532778590467571,0.38408961274755665,0.0004627886875758029,0.012900402815256241,0,DATA
20600,824.0,0.3773785442328641,0.04562948125891063,0.8044948725536447,0.18432935849714097,0.41796530330882353,0.16893734702384855,0.4253926674836601,0.6715696486928104,0.23298210198310795,0.5710007452385741,0.44187402313937657,0.3343876949597478,0.4549959925175858,0.2431156659966252,0.3528944384526828,0.5559401632604803,0.28727295918435297,0.02782479257248253,0.32150401485281566,0.3535088989659446,0.38288817493788674,0.0015605628817943844,0,0,DATA
20620,824.8,0.3772687607361321,0.04531469729648981,0.8045137917008381,0.17179896794416075,0.41796530330882353,0.16893734702384855,0.4253926674836601,0.6715696486928104,0.23298210198310795,0.5710007452385741,0.44187402313937657,0.3343876949597478,0.4545065844312375,0.24361694467840467,0.3531309596022701,0.5554448198764164,0.2870156329552387,0.027907202241040336,0.3213599283979396,0.3521136653704898,0.3803286306700527,0.00040906930590502616,0,0,DATA
20640,825.6,0.3771282090560583,0.04797886421865438,0.8045115970299871,0.17011528655875216,0.41796530330882353,0.16893734702384855,0.4253926674836601,0.6715696486928104,0.23298210198310795,0.5710007452385741,0.44187402313937657,0.3343876949597478,0.4538002869516784,0.24451329502114455,0.35317240009433076,0.5546434959652669,0.2879008551181046,0.028046149231180238,0.32239704589662044,0.35298219526354474,0.3803769155955755,0.0005480294381198791,0,0,DATA
20660,826.4,0.37747228899572643,0.04893121859885168,0.8046385517018807,0.17063609616476033,0.41796530330882353,0.16893734702384855,0.4253926674836601,0.6715696486928104,0.23298210198310795,0.5710007452385741,0.44187402313937657,0.3343876949597478,0.45338840328796925,0.24504885935042178,0.35325708902927927,0.5541697719687737,0.2884381637565435,0.028128775139219138,0.3228721945710117,0.35352212036572617,0.38069007733574695,0.00034404564264496157,0,0,DATA
20680,827.2,0.37783365148944187,0.04802341911028794,0.8047959079892806,0.17014847854059217,0.41796530330882353,0.16893734702384855,0.4253926674836601,0.6715696486928104,0.23298210198310795,0.5710007452385741,0.44187402313937657,0.3343876949597478,0.4534554760814549,0.2449553447924071,0.35335838183344404,0.5542500656445238,0.28826509415258306,0.02811459048318253,0.32261281853180923,0.35322971819284693,0.3805318592088503,8.729338522170393e-05,0.014407025733086382,0,DATA
20700,828.0,0.37804264601139603,0.04927456969118941,0.8049841282980217,0.1694159273907519,0.41796530330882353,0.16893734702384855,0.4253926674836601,0.6715696486928104,0.23298210198310795,0.5710007452385741,0.44187402313937657,0.3343876949597478,0.4532128562975113,0.24527761258765512,0.35343265852430383,0.5539676218549281,0.28866864287548777,0.028164075492203598,0.3231927217303089,0.3537551883072367,0.38064097609539815,0.00021305475668381701,0,0,DATA
20720,828.8,0.37804654113247865,0.051209286672259186,0.8050403540847455,0.16773588030114456,0.41796530330882353,0.16893734702384855,0.4253926674836601,0.6715696486928104,0.23298210198310795,0.5710007452385741,0.44187402313937657,0.3343876949597478,0.4527337797963035,0.24591601368092908,0.35345575950698915,0.5534088830576872,0.2893010950689325,0.028262120731891736,0.32397863270429816,0.35437871715093755,0.38060962018342637,0.00038019285905567984,0,0,DATA
20740,829.6,0.3779486721237641,0.052991998495609836,0.805036854922422,0.16562218883465565,0.41796530330882353,0.16893734702384855,0.4253926674836601,0.6715696486928104,0.23298210198310795,0.5710007452385741,0.44187402313937657,0.3343876949597478,0.4522156873630375,0.24660669331944943,0.3534421373099647,0.552804497021794,0.2899079396649452,0.028368328378250447,0.3246714437994308,0.3548598091831889,0.38044362697217887,0.0004074647562702649,0,0,DATA
20760,830.4,0.3780398965141612,0.052830553037100166,0.8050788118438189,0.1637526070604351,0.41796530330882353,0.16893734702384855,0.4253926674836601,0.6715696486928104,0.23298210198310795,0.5710007452385741,0.44187402313937657,0.3343876949597478,0.4520941631793448,0.24676869248262281,0.3534572077728408,0.5526627353483609,0.28991685740031825,0.02839326146072438,0.3246335018783857,0.3546391047768615,0.38006510546794725,9.953126991405863e-05,0,0,DATA
20780,831.2,0.4100958592571644,0.12860941746657906,0.7902201470043373,0.168279642185047,0.41796530330882353,0.16893734702384855,0.4253926674836601,0.6715696486928104,0.23298210198310795,0.5710007452385741,0.44187402313937657,0.3343876949597478,0.4361441443940464,0.26803537427182894,0.36019348108773425,0.5340543850611087,0.3157640034262455,0.03173799621146786,0.35838450723088155,0.38735694715787033,0.3918282722217214,0.014650991296465993,0.078198083191791,0,DATA
20800,832.0,0.4413862834129378,0.1289622692067934,0.7763347676229386,0.18441907383880923,0.35581848277505446,0.5620138672854644,0.5549444274237473,0.8746459694989106,0.23298210198310795,0.5710007452385741,0.44187402313937657,0.3343876949597478,0.5413464655662644,0.2614633449837593,0.40505984493813907,0.548595094724988,0.31335980780468253,0.025183428333350345,0.3620066568818423,0.39120450203606744,0.39476678388373365,0.0522135714368975,0,0,DATA
20820,832.8,0.47268129006410253,0.10943726802860167,0.746188194734379,0.19308206552707377,0.35581848277505446,0.5620138672854644,0.5549444274237473,0.8746459694989106,0.23298210198310795,0.5710007452385741,0.44187402313937657,0.3343876949597478,0.5770074121653499,0.2540247358674447,0.4250917054900052,0.5344839259836027,0.30500517359937973,0.022564621883702615,0.3544263431630865,0.38147583019728226,0.38916348948763435,0.02104380542242207,0,0,DATA
20840,833.6,0.5052786419054801,0.11582139704919701,0.7425904251165037,0.18571457869343785,0.35581848277505446,0.5620138672854644,0.5549444274237473,0.8746459694989106,0.23298210198310795,0.5710007452385741,0.44187402313937657,0.3343876949597478,0.5863650290507506,0.253580709258317,0.4379467075422543,0.5300271308454663,0.30764157459701813,0.02202686835454434,0.36277991121602515,0.3887328726050697,0.3910079042536654,0.007552215182259163,0,0,DATA
20860,834.4,0.5378846350238814,0.11734073389360875,0.7392042882760823,0.18207293782720693,0.35581848277505446,0.5620138672854644,0.5549444274237473,0.8746459694989106,0.23298210198310795,0.5710007452385741,0.44187402313937657,0.3343876949597478,0.5888532533790444,0.25387291559201397,0.4486504667127933,0.5286369155144708,0.31011646968631446,0.02191959489317493,0.3692316172093858,0.3944818008277652,0.3929215417088157,0.004494729944176583,0,0,DATA
20880,835.2,0.5701261888302329,0.12385463654780028,0.735272532823051,0.17965191516806714,0.35581848277505446,0.5620138672854644,0.5549444274237473,0.8746459694989106,0.23298210198310795,0.5710007452385741,0.44187402313937657,0.3343876949597478,0.5882318011201524,0.2557844702352967,0.4586323207632888,0.5279918643222754,0.3143162996407335,0.022118021228147062,0.3774991379417265,0.40211404374888865,0.39565563909249385,0.004171620317556746,0.1413565827096455,0,DATA
20900,836.0,0.6031877801868611,0.12345773119534074,0.7302495761280733,0.1767862584055263,0.35581848277505446,0.5620138672854644,0.5549444274237473,0.8746459694989106,0.23298210198310795,0.5710007452385741,0.44187402313937657,0.3343876949597478,0.5881287155665011,0.25624680312959286,0.4685698111633294,0.527812240651953,0.316457740755549,0.022163546986762293,0.3829481027330728,0.4067741471944832,0.3970733918990352,0.003500969615995997,0,0,DATA
20920,836.8,0.6352996166415283,0.12371020299012768,0.7268027877443005,0.1739474193625648,0.35581848277505446,0.5620138672854644,0.5549444274237473,0.8746459694989106,0.23298210198310795,0.5710007452385741,0.44187402313937657,0.3343876949597478,0.5880447708235006,0.25645619510042206,0.47829454393882165,0.5277495170380386,0.3186655501738146,0.022186178831528753,0.3887821010651664,0.41197958278390345,0.3988929814091844,0.0033393564964406632,0,0,DATA
20940,837.6,0.6655348230371209,0.13252446823718678,0.7264174298260204,0.17126587751049213,0.35581848277505446,0.5620138672854644,0.5549444274237473,0.8746459694989106,0.23298210198310795,0.5710007452385741,0.44187402313937657,0.3343876949597478,0.586168591698718,0.25898700696084737,0.48756135711454374,0.5274222006702173,0.3238596316169701,0.022507161142691686,0.39827777685945254,0.4211685686011542,0.402605993985818,0.004557934720309982,0,0,DATA
20960,838.4,0.6960384654663148,0.1343856359747445,0.7260187088864496,0.16738440101251764,0.35581848277505446,0.5620138672854644,0.5549444274237473,0.8746459694989106,0.23298210198310795,0.5710007452385741,0.44187402313937657,0.3343876949597478,0.585214892736396,0.2602673774854911,0.4967471659773911,0.5272588648890564,0.32716282659143364,0.02267055673838263,0.40504322825240024,0.4275060002503474,0.4050595578548834,0.0038066261166043724,0,0,DATA
20980,839.2,0.7291054248889727,0.1407999409153539,0.7210361009916887,0.16431967057614086,0.35581848277505446,0.5620138672854644,0.5549444274237473,0.8746459694989106,0.23298210198310795,0.5710007452385741,0.44187402313937657,0.3343876949597478,0.5835817790101715,0.26244749402625484,0.5064469701150035,0.5269853634817867,0.3314220398953756,0.022950462898786852,0.4132258205342234,0.43488385869905677,0.407469801477275,0.004504344801533555,0.06602465210930715,0,DATA
21000,840.0,0.7622583388323279,0.14696062069534063,0.716322877088188,0.16202863199244505,0.35806044900599127,0.5431584317133732,0.5660719635076252,0.8799608523965141,0.23298210198310795,0.5710007452385741,0.44187402313937657,0.3343876949597478,0.5765185801783215,0.26529733223537705,0.5194347333878776,0.5290920437931507,0.33611265628934733,0.02359318309528762,0.421378030454189,0.44233564237030276,0.4100726811459942,0.007633600104615446,0,0,DATA
21020,840.8,0.7963679468849507,0.15254174653301492,0.7101079537299364,0.15978296082882307,0.35806044900599127,0.5431584317133732,0.5660719635076252,0.8799608523965141,0.23298210198310795,0.5710007452385741,0.44187402313937657,0.3343876949597478,0.5732275841028548,0.2677149989326625,0.5304940800607907,0.5295287084822413,0.3403493874364213,0.023993209141942744,0.429189417728133,0.4493009701920594,0.4123179457546204,0.0055893364818884,0,0,DATA
21040,841.6,0.7992007800716442,0.07805763731774759,0.7175914326609067,0.156876422230237,0.35806044900599127,0.5431584317133732,0.5660719635076252,0.8799608523965141,0.23298210198310795,0.5710007452385741,0.44187402313937657,0.3343876949597478,0.587881948215421,0.2475847483615733,0.5344067790318703,0.5322666517115028,0.3173621622020334,0.021427170270732834,0.4014590364655588,0.4220282829627236,0.40271817470402504,0.012899104551578314,0,0,DATA
21060,842.4,0.8018002987786996,0.09461972104267431,0.7256481335546504,0.15862919545755655,0.35806044900599127,0.5431584317133732,0.5660719635076252,0.8799608523965141,0.23298210198310795,0.5710007452385741,0.44187402313937657,0.3343876949597478,0.5888002198669562,0.24618305663322598,0.5361264876516757,0.5325083617499089,0.3204159570939198,0.021258387939613273,0.4102151138756893,0.4317653077849604,0.40782716900236937,0.001346557333229322,0,0,DATA
21080,843.2,0.8038379053544494,0.11355565338383679,0.7352055436936181,0.1588646545296812,0.35806044900599127,0.5431584317133732,0.5660719635076252,0.8799608523965141,0.23298210198310795,0.5710007452385741,0.44187402313937657,0.3343876949597478,0.5850991555707726,0.2510646101702473,0.5370702976185249,0.53191811712949,0.32769395449633965,0.02187505294084538,0.4201084901550979,0.44263797098547814,0.41330776386028556,0.0031754759333513425,0.034066696015151034,0,DATA
21100,844.0,0.805469273713759,0.12712973807234118,0.7329439797731317,0.15957680098131702,0.35806044900599127,0.5431584317133732,0.5660719635076252,0.8799608523965141,0.23298210198310795,0.5710007452385741,0.44187402313937657,0.3343876949597478,0.5811382784973316,0.2563298199441349,0.5376960279640346,0.5312659507792667,0.33291254156718475,0.022547017427396565,0.4254120849182642,0.4477866240017595,0.41508405170969775,0.0032839390642794655,0,0,DATA
21120,844.8,0.807114127702363,0.12677509833313813,0.730387647089261,0.1617942076335406,0.35806044900599127,0.5431584317133732,0.5660719635076252,0.8799608523965141,0.23298210198310795,0.5710007452385741,0.44187402313937657,0.3343876949597478,0.5800244897205319,0.25781008374932435,0.5382291664052944,0.5310827132650717,0.3336574821551387,0.022737523510341126,0.4250879332835297,0.4474285797638602,0.41499973930715467,0.001042397007749644,0,0,DATA
21140,845.6,0.8090559273923245,0.12176630197352216,0.7282277923164282,0.16342777849760826,0.35806044900599127,0.5431584317133732,0.5660719635076252,0.8799608523965141,0.23298210198310795,0.5710007452385741,0.44187402313937657,0.3343876949597478,0.5807422003230114,0.2568516999101887,0.5387968858725641,0.5312030498834,0.33224254867113845,0.022614286495004375,0.42304080372310904,0.44532882181256306,0.4142293503018138,0.0007479379696282984,0,0,DATA
21160,846.4,0.8100704264077425,0.12525151278623883,0.7277659423965711,0.16605488470712018,0.35806044900599127,0.5431584317133732,0.5660719635076252,0.8799608523965141,0.23298210198310795,0.5710007452385741,0.44187402313937657,0.3343876949597478,0.5802256192330848,0.25754004378600864,0.539180246505983,0.5311171684904532,0.33334401090589616,0.022702829604620757,0.4245454178673078,0.44704996158572735,0.4152635405872013,0.0005294285330551171,0,0,DATA
21180,847.2,0.8123820662078933,0.1363063691406322,0.7242195530387778,0.1688275225027713,0.35806044900599127,0.5431584317133732,0.5660719635076252,0.8799608523965141,0.23298210198310795,0.5710007452385741,0.44187402313937657,0.3343876949597478,0.5777491250716842,0.2608419067279848,0.5397806990540402,0.5307044841001655,0.3369641756606877,0.02312955190011096,0.42872041049753673,0.45114757905974207,0.41682086324005724,0.0021262698838113527,0.061489367275492965,0,DATA
21200,848.0,0.8169545128414613,0.1489218605737141,0.71663657120171,0.1687805134785968,0.35646012050653597,0.5806927797347161,0.574913449754902,0.8895945669934641,0.23298210198310795,0.5710007452385741,0.44187402313937657,0.3343876949597478,0.5848665410682928,0.26502873422695494,0.5433966647607441,0.5250523623523762,0.3409487083386332,0.023104681982744863,0.43316450003006945,0.4548286695061506,0.41726528435427446,0.004973403067427551,0,0,DATA
21220,848.8,0.8217273781841796,0.15542574497122486,0.70779184861747,0.1713857010580281,0.35646012050653597,0.5806927797347161,0.574913449754902,0.8895945669934641,0.23298210198310795,0.5710007452385741,0.44187402313937657,0.3343876949597478,0.5856359501437981,0.268105870107949,0.5454837561947261,0.5231290898741263,0.34326028139131726,0.023329621166911615,0.4349516823407694,0.4559918983163697,0.41702801041799914,0.0019778787968271114,0,0,DATA
21240,849.6,0.8238550962585889,0.15580146045935464,0.7076800726725594,0.17243440261672804,0.35646012050653597,0.5806927797347161,0.574913449754902,0.8895945669934641,0.23298210198310795,0.5710007452385741,0.44187402313937657,0.3343876949597478,0.5857878726139425,0.26913421120892356,0.5465567044205467,0.522538958088567,0.34413615292491423,0.023410517377215515,0.43550515696192116,0.4566390654989002,0.41747893587417184,0.0007510705989798491,0,0,DATA
21260,850.4,0.8248564042337022,0.16164547934897458,0.7098995866787478,0.17254681686095996,0.35646012050653597,0.5806927797347161,0.574913449754902,0.8895945669934641,0.23298210198310795,0.5710007452385741,0.44187402313937657,0.3343876949597478,0.5846062053881657,0.2710790388283095,0.5470888635630666,0.5221573778917623,0.34658903540740593,0.023646955621510257,0.4384869289140294,0.4598540302760506,0.4190330308555197,0.001219551329227575,0,0,DATA
21280,851.2,0.7905266400096361,0.23189788319512844,0.7324237209501416,0.1750406397758499,0.35646012050653597,0.5806927797347161,0.574913449754902,0.8895945669934641,0.23298210198310795,0.5710007452385741,0.44187402313937657,0.3343876949597478,0.5694987004127402,0.2913331601910484,0.5400392608187687,0.5195840696981058,0.37003816073167145,0.02633805385577303,0.46422676446195654,0.4880956615426061,0.4322677131608626,0.014137076360820733,0.15615472825554821,0,DATA
21300,852.0,0.7555405315170939,0.23058578383615408,0.7393583757879736,0.18578665943648687,0.35646012050653597,0.5806927797347161,0.574913449754902,0.8895945669934641,0.23298210198310795,0.5710007452385741,0.44187402313937657,0.3343876949597478,0.5652419897854972,0.2970420087793572,0.5305772972120455,0.5188580007175727,0.3717166446747828,0.02711969246427676,0.4580916339874247,0.4837285985179212,0.43245515504934756,0.006475840940758352,0,0,DATA
21320,852.8,0.721573439071141,0.21327374200832805,0.7449052562018649,0.1841622575401658,0.35646012050653597,0.5806927797347161,0.574913449754902,0.8895945669934641,0.23298210198310795,0.5710007452385741,0.44187402313937657,0.3343876949597478,0.5676005053811678,0.2939072916440586,0.5206056187163784,0.5192461014873868,0.3649491698792894,0.026687926518052938,0.44548277484988197,0.4715119872321355,0.427523479254787,0.005154970408878745,0,0,DATA
21340,853.6,0.6882243288608177,0.1878899440625905,0.7491935395920739,0.17648223472425428,0.35646012050653597,0.5806927797347161,0.574913449754902,0.8895945669934641,0.23298210198310795,0.5710007452385741,0.44187402313937657,0.3343876949597478,0.5736386576284739,0.2858594130786625,0.5106108020235105,0.5202509646464317,0.35359849934609644,0.02559467464884858,0.42951709030756413,0.4552071287472474,0.419917064826264,0.008026949168523367,0,0,DATA
21360,854.4,0.6538909968367689,0.1667170345877613,0.7548627506864283,0.1805610000428523,0.35646012050653597,0.5806927797347161,0.574913449754902,0.8895945669934641,0.23298210198310795,0.5710007452385741,0.44187402313937657,0.3343876949597478,0.5798964142923798,0.2775166348560915,0.5004023572905998,0.5212934754257643,0.34330195627872373,0.024483004013276837,0.41531510233169355,0.441979938412672,0.415540851039943,0.00826965987312922,0,0,DATA
21380,855.2,0.6194983542295124,0.1636283872899273,0.7606244346928939,0.18312648204025495,0.35646012050653597,0.5806927797347161,0.574913449754902,0.8895945669934641,0.23298210198310795,0.5710007452385741,0.44187402313937657,0.3343876949597478,0.5824223572240967,0.2741489801459267,0.4901173689232028,0.5217143313149882,0.3388297898370628,0.024040481828738334,0.4083534516924018,0.43585100437376706,0.41359180708563914,0.005392862003092913,0.09244950148152398,0,DATA
21400,856.0,0.5853384369239149,0.1618172521513029,0.7666194986513895,0.1845163442822259,0.41881552968409586,0.1703138407475254,0.42688589324618736,0.6714038671023965,0.23298210198310795,0.5710007452385741,0.44187402313937657,0.3343876949597478,0.4686543755663095,0.28572620182135,0.43841057395636807,0.5414640868724797,0.3435285500003874,0.03188206709600469,0.40199602696753167,0.43023207226894356,0.4116808835223038,0.05901733276668175,0,0,DATA
21420,856.8,0.5512936384489694,0.15624802063094423,0.7720536042726837,0.18632884640437583,0.41881552968409586,0.1703138407475254,0.42688589324618736,0.6714038671023965,0.23298210198310795,0.5710007452385741,0.44187402313937657,0.3343876949597478,0.43569351968824865,0.2876399834982765,0.41574912778657913,0.5240267680949859,0.34178675084473165,0.03408659240381696,0.39404619578865796,0.42300690186441425,0.409162045776509,0.019178694574925437,0,0,DATA
21440,857.6,0.5166437541897102,0.14328884285246835,0.778931427945306,0.18806637891935896,0.41881552968409586,0.1703138407475254,0.42688589324618736,0.6714038671023965,0.23298210198310795,0.5710007452385741,0.44187402313937657,0.3343876949597478,0.42852669025831036,0.2845855482233812,0.40167421824119803,0.5219705710174645,0.33600347063581154,0.03415293948105246,0.38330811255994013,0.41313035425445704,0.40582014310496395,0.008098724750071562,0,0,DATA
21460,858.4,0.48190817726663315,0.12216496676210481,0.7869513050444941,0.18931704601762317,0.41881552968409586,0.1703138407475254,0.42688589324618736,0.6714038671023965,0.23298210198310795,0.5710007452385741,0.44187402313937657,0.3343876949597478,0.4308126554083052,0.27775453233561087,0.39015727422373747,0.526529061536347,0.32675860671067813,0.033199816588767014,0.369515422159017,0.40026471827327903,0.40143310669355153,0.006877975018408589,0,0,DATA
21480,859.2,0.44674816307399023,0.11295354769474317,0.7962222913065143,0.19168838199920912,0.41881552968409586,0.1703138407475254,0.42688589324618736,0.6714038671023965,0.23298210198310795,0.5710007452385741,0.44187402313937657,0.3343876949597478,0.43343284295744966,0.27312603023041854,0.3793185880380443,0.5301534063635155,0.3209022490520793,0.03249629007701283,0.36065304894594774,0.39256657728457056,0.39932740617600526,0.006029125280009984,0.03388606430842295,0,DATA
21500,860.0,0.41175033648609016,0.10342498503676258,0.801290638123276,0.19360827396918198,0.41881552968409586,0.1703138407475254,0.42688589324618736,0.6714038671023965,0.23298210198310795,0.5710007452385741,0.44187402313937657,0.3343876949597478,0.43621989738036887,0.2690694820546262,0.3687174385988774,0.5335752076628713,0.31482892129110535,0.03185616424295931,0.3508557279285278,0.38346808014582406,0.3960494042167031,0.0058149173459594765,0,0,DATA
21520,860.8,0.37775951326043233,0.09015961486090161,0.8038202757465384,0.19611463156542275,0.41881552968409586,0.1703138407475254,0.42688589324618736,0.6714038671023965,0.23298210198310795,0.5710007452385741,0.44187402313937657,0.3343876949597478,0.4398417414441754,0.2641382139526474,0.35839902088973913,0.537851763745764,0.3074322461623688,0.03107143240860976,0.33925734273770436,0.3723732944769509,0.39179419729282194,0.006290509958307877,0,0,DATA
21540,861.6,0.37797541425758335,0.01369190705128205,0.7874941533790362,0.1947067050880407,0.41881552968409586,0.1703138407475254,0.42688589324618736,0.6714038671023965,0.23298210198310795,0.5710007452385741,0.44187402313937657,0.3343876949597478,0.4569865133033375,0.24124787533536035,0.3553488347863994,0.5578693189839885,0.279465030079034,0.027510178488243314,0.3054482153397863,0.3367907621945444,0.37598251533374216,0.014361765526596293,0,0,DATA
21560,862.4,0.3781493526897938,0.02857176807878363,0.8041833682059625,0.19491125173451102,0.41881552968409586,0.1703138407475254,0.42688589324618736,0.6714038671023965,0.23298210198310795,0.5710007452385741,0.44187402313937657,0.3343876949597478,0.4590051740453108,0.23854713483787465,0.35447030602616164,0.5602290196037181,0.28225016626460964,0.02710108079565721,0.3147727904026143,0.34780471340471203,0.38244510136711407,0.0018659766665655904,0,0,DATA
21580,863.2,0.378163525693397,0.029576409868896463,0.8044706580390039,0.1997256653370783,0.41881552968409586,0.1703138407475254,0.42688589324618736,0.6714038671023965,0.23298210198310795,0.5710007452385741,0.44187402313937657,0.3343876949597478,0.4593997974919791,0.23801821238986054,0.35420972372884696,0.5606907925510591,0.2823217406465751,0.027021265701896703,0.31523493968598837,0.348777033031647,0.38363192011476516,0.0003947093973323638,0.008872922960668939,0,DATA
21600,864.0,0.3781553099338026,0.03641429118771215,0.8046842274907887,0.20494859748473532,0.41729860260076246,0.1691642504581795,0.4259366489651416,0.6730715550108932,0.23298210198310795,0.5710007452385741,0.44187402313937657,0.3343876949597478,0.4577603441680114,0.2394555877372247,0.35386403533144495,0.5591523782153933,0.284512115225357,0.027266886251152644,0.31801116295195275,0.3520969064575555,0.38575475952910565,0.0011408390229112886,0,0,DATA
21620,864.8,0.37854973185855534,0.03893039358955104,0.8050873348044749,0.19737180151381056,0.41729860260076246,0.1691642504581795,0.4259366489651416,0.6730715550108932,0.23298210198310795,0.5710007452385741,0.44187402313937657,0.3343876949597478,0.45674012666643493,0.24059130901394882,0.35384315741642236,0.558074408826243,0.2853729791684713,0.02744775685261563,0.31917710976037605,0.352545484400255,0.3847570347160934,0.0007256055644410675,0,0,DATA
21640,865.6,0.37881018125733196,0.040722981598503356,0.8052979624663441,0.18855777475635052,0.41729860260076246,0.1691642504581795,0.4259366489651416,0.6730715550108932,0.23298210198310795,0.5710007452385741,0.44187402313937657,0.3343876949597478,0.45605761793408206,0.2414339500394727,0.35389158841565876,0.5573118339473047,0.285858928066246,0.027578493158171468,0.31998836037608613,0.35249639510640596,0.38334181942128914,0.000524526919037723,0,0,DATA
21660,866.4,0.3786330350783476,0.04383927370959354,0.8054209612150933,0.18702299775651288,0.41729860260076246,0.1691642504581795,0.4259366489651416,0.6730715550108932,0.23298210198310795,0.5710007452385741,0.44187402313937657,0.3343876949597478,0.45519844397104725,0.24255930413823515,0.35386891701784295,0.556319569916406,0.28697194433881557,0.0277508041280002,0.3212240477344752,0.35359090463968623,0.383515342907274,0.0006690664865376857,0,0,DATA
21680,867.2,0.37874141109435233,0.04952773552298369,0.8057425573672236,0.18450719106911578,0.41729860260076246,0.1691642504581795,0.4259366489651416,0.6730715550108932,0.23298210198310795,0.5710007452385741,0.44187402313937657,0.3343876949597478,0.4537461148013249,0.2444896796756131,0.3538848745618592,0.5546282175628559,0.2889869529034249,0.028046221856894475,0.32358542689345826,0.3557328627451426,0.3839566874814362,0.0011328874170388563,0.014858320656895106,0,DATA
21700,868.0,0.37899462669683265,0.05073681563316674,0.8061198903143885,0.18194700386273982,0.41729860260076246,0.1691642504581795,0.4259366489651416,0.6730715550108932,0.23298210198310795,0.5710007452385741,0.44187402313937657,0.3343876949597478,0.4530565092272697,0.2454073347676778,0.3539428371015849,0.553824587229796,0.2896941284898962,0.028187028311203795,0.32419516864746045,0.3561243190732237,0.3837456668537277,0.000555074401948528,0,0,DATA
21720,868.8,0.3790078832013576,0.05017573004113008,0.8063382953689264,0.1819093796844801,0.41729860260076246,0.1691642504581795,0.4259366489651416,0.6730715550108932,0.23298210198310795,0.5710007452385741,0.44187402313937657,0.3343876949597478,0.4529674555293809,0.24552552732952687,0.3539630097294529,0.553720964099927,0.2897010344920559,0.028205195328987933,0.32401706672245845,0.3559642952358495,0.38370990609335726,7.580629586861898e-05,0,0,DATA
21740,869.6,0.37909157920646896,0.050340653179371114,0.8065738634023325,0.17983872009663526,0.41729860260076246,0.1691642504581795,0.4259366489651416,0.6730715550108932,0.23298210198310795,0.5710007452385741,0.44187402313937657,0.3343876949597478,0.45290610556098365,0.2456071635767891,0.35398663767888666,0.5536494709920972,0.2897285414034356,0.02821773772090267,0.3241468887854583,0.35591060814340547,0.38338777425538706,5.5538055031084665e-05,0,0,DATA
21760,870.4,0.37926761249371543,0.05241684790046127,0.8069503424902654,0.17946807638586415,0.41729860260076246,0.1691642504581795,0.4259366489651416,0.6730715550108932,0.23298210198310795,0.5710007452385741,0.44187402313937657,0.3343876949597478,0.45245169967903553,0.24621298897287303,0.35403069305403856,0.5531193553530812,0.29046866220156126,0.028310835762098606,0.3250878691489303,0.35685217204459363,0.3837367978221043,0.00036809555106131114,0,0,DATA
21780,871.2,0.3795387652924418,0.05418431005656003,0.8073195268679257,0.1799372435504489,0.41729860260076246,0.1691642504581795,0.4259366489651416,0.6730715550108932,0.23298210198310795,0.5710007452385741,0.44187402313937657,0.3343876949597478,0.45194421086167036,0.24688962599540587,0.35410085175431666,0.5525272924331321,0.2912421993958575,0.028414950649045635,0.32592292144664714,0.3577710594965349,0.3842151619527237,0.0004180948467253735,0.035623165497906194,0,DATA
21800,872.0,0.37983099756996813,0.05536768979158155,0.8076972348734321,0.17760537449566258,0.41638654854302826,0.16792408215094373,0.4260511982570806,0.6746224809368191,0.23298210198310795,0.5710007452385741,0.44187402313937657,0.3343876949597478,0.45119620734608024,0.24723243207584755,0.3542153419444235,0.5519818876351164,0.29161265258239744,0.02849324024195832,0.32653026139726227,0.35818298334222215,0.38404994533114895,0.00040176659537954906,0,0,DATA
21820,872.8,0.38020106680492716,0.04127325353781693,0.7918589872017034,0.16147562407088661,0.41638654854302826,0.16792408215094373,0.4260511982570806,0.6746224809368191,0.23298210198310795,0.5710007452385741,0.44187402313937657,0.3343876949597478,0.4539316379046937,0.24338883174892595,0.35432740354079695,0.5552714030778838,0.2845352083868403,0.027910457548139474,0.31779885120840246,0.3462547733437119,0.3747872748136928,0.0022303641606361744,0,0,DATA
21840,873.6,0.38064815469457014,0.043209849911860616,0.8079431366823489,0.1445272124607785,0.41638654854302826,0.16792408215094373,0.4260511982570806,0.6746224809368191,0.23298210198310795,0.5710007452385741,0.44187402313937657,0.3343876949597478,0.4543455818337286,0.2427779986355817,0.35445491047653405,0.5557837915990734,0.2857664924431253,0.027819306393704734,0.32187973723207763,0.35024923315444073,0.37575382810690333,0.00038409465937207693,0,0,DATA
21860,874.4,0.38099364211496567,0.03933974486077336,0.8081567170547478,0.13605653764058376,0.41638654854302826,0.16792408215094373,0.4260511982570806,0.6746224809368191,0.23298210198310795,0.5710007452385741,0.44187402313937657,0.3343876949597478,0.45528248707316743,0.241511119287274,0.35456571491553823,0.5568856838929466,0.28410158967147847,0.02762662061089129,0.32044350877020167,0.34798729524778516,0.3735671212203406,0.0007715296755835729,0,0,DATA
21880,875.2,0.3811004142575834,0.04160413169901366,0.8083455655816858,0.12506543522469868,0.41638654854302826,0.16792408215094373,0.4260511982570806,0.6746224809368191,0.23298210198310795,0.5710007452385741,0.44187402313937657,0.3343876949597478,0.45508803740896864,0.241765083797489,0.3546213783971892,0.5566614768057399,0.28420782976973247,0.027665544122595725,0.32140838763940893,0.34787194872809774,0.3717664481088959,0.00016802588535492582,0.012481239509704098,0,DATA
21900,876.0,0.382090396922658,0.057163403477249894,0.8096016425862409,0.11049128958144308,0.41638654854302826,0.16792408215094373,0.4260511982570806,0.6746224809368191,0.23298210198310795,0.5710007452385741,0.44187402313937657,0.3343876949597478,0.45176225543627935,0.2461978692484596,0.3548459738013502,0.5527821930939099,0.289003946552855,0.02834474255616555,0.32808130828462934,0.3532130625094481,0.37159852726462644,0.0026610542759402853,0,0,DATA
21920,876.8,0.38300355732570807,0.05570899296408417,0.8104121924442679,0.10642394426077582,0.41638654854302826,0.16792408215094373,0.4260511982570806,0.6746224809368191,0.23298210198310795,0.5710007452385741,0.44187402313937657,0.3343876949597478,0.4510699470522374,0.24712046994006442,0.35510511610723894,0.5519747385560865,0.28933242628809197,0.02848688905622186,0.32784428613157846,0.35265036081013323,0.3708608501283299,0.000624683793845171,0,0,DATA
21940,877.6,0.3837273297406569,0.05161166165954559,0.8110875539353917,0.10395312053662546,0.41638654854302826,0.16792408215094373,0.4260511982570806,0.6746224809368191,0.23298210198310795,0.5710007452385741,0.44187402313937657,0.3343876949597478,0.45172269411097793,0.24624999738227504,0.35533485100614487,0.5527363483643514,0.2881946819678569,0.028352789879385817,0.3264851803909775,0.35111170884622966,0.36999330330209484,0.0005843181718119447,0,0,DATA
21960,878.4,0.38434164597997317,0.05312714667314858,0.8117641140735224,0.09557598879006093,0.41638654854302826,0.16792408215094373,0.4260511982570806,0.6746224809368191,0.23298210198310795,0.5710007452385741,0.44187402313937657,0.3343876949597478,0.4516002663757434,0.24641319141874707,0.35553277788607307,0.5525935374784982,0.28833032323777497,0.0283779149924642,0.3273495496719081,0.35120602096631687,0.36877577136328676,0.00016118288387824883,0,0,DATA
21980,879.2,0.38494388407072233,0.05682085767132859,0.8124710765185355,0.08909734824636269,0.41638654854302826,0.16792408215094373,0.4260511982570806,0.6746224809368191,0.23298210198310795,0.5710007452385741,0.44187402313937657,0.3343876949597478,0.45078785874555527,0.24749638870917906,0.35571862594910886,0.551645735018188,0.28944510429065656,0.028544884535099225,0.32908887417833255,0.35236817766287276,0.36827106432460227,0.0006938176612186394,0.038501214359122876,0,DATA
22000,880.0,0.38545565060960285,0.05846445182816699,0.8131982421727202,0.08371610686622953,0.40462945942265793,0.164220660004759,0.41939304193899785,0.6881072984749455,0.23298210198310795,0.5710007452385741,0.44187402313937657,0.3343876949597478,0.449162023482631,0.24581256554494568,0.35401756757212133,0.5516747289688426,0.28861073700361795,0.02843460820353741,0.32999409827968096,0.3528079941916264,0.36767432323953564,0.0016702389347150552,0,0,DATA
22020,880.8,0.3856395068711245,0.06183321875474557,0.8137341155021836,0.0800545719630665,0.40462945942265793,0.164220660004759,0.41939304193899785,0.6881072984749455,0.23298210198310795,0.5710007452385741,0.44187402313937657,0.3343876949597478,0.44796683184917224,0.24625067333511766,0.3535458598739446,0.5508580792570272,0.28934515629030455,0.028547093265696506,0.3314855509685094,0.3539868807230848,0.36759968525640785,0.0007016690406024909,0,0,DATA
22040,881.6,0.4145643487095692,0.1358048803731566,0.8023664990515306,0.0840286739867573,0.40462945942265793,0.164220660004759,0.41939304193899785,0.6881072984749455,0.23298210198310795,0.5710007452385741,0.44187402313937657,0.3343876949597478,0.4320742254192683,0.2670941709253243,0.35947856435056497,0.5324900272469719,0.31479555815731913,0.03185482942084026,0.36458566069343223,0.38634763900531144,0.3795408349750889,0.014222936165576969,0,0,DATA
22060,882.4,0.4464042467948718,0.14075425422033722,0.7875761512800339,0.12242159865399392,0.40462945942265793,0.164220660004759,0.41939304193899785,0.6881072984749455,0.23298210198310795,0.5710007452385741,0.44187402313937657,0.3343876949597478,0.4262670749823892,0.2747330448795969,0.3679447542914646,0.5257670150513961,0.3224788494463656,0.03310091262193079,0.36997532029506564,0.39409755629651877,0.38744822885126934,0.007304071444017124,0,0,DATA
22080,883.2,0.478407412644545,0.1419700706482091,0.7724550839553321,0.13338719591805331,0.40462945942265793,0.164220660004759,0.41939304193899785,0.6881072984749455,0.23298210198310795,0.5710007452385741,0.44187402313937657,0.3343876949597478,0.4242696084014724,0.27736513566568277,0.3772052761021659,0.5234522363678947,0.32543698362604867,0.03353438301624228,0.37383806657120866,0.3975447555665976,0.3892437705220539,0.004630026392568006,0.1483489465461662,0,DATA
22100,884.0,0.509720258295626,0.1418391459791087,0.7422178678667699,0.13495320363486663,0.40462945942265793,0.164220660004759,0.41939304193899785,0.6881072984749455,0.23298210198310795,0.5710007452385741,0.44187402313937657,0.3343876949597478,0.42369786260770836,0.2781181039941605,0.38655913023210325,0.5227898793067739,0.3248070187062108,0.033658812133658525,0.37400082261607226,0.3948403907742863,0.385109313908019,0.0035595227507263516,0,0,DATA
22120,884.8,0.538718812845651,0.14345013364216627,0.7423323974329787,0.1354199862773745,0.40462945942265793,0.164220660004759,0.41939304193899785,0.6881072984749455,0.23298210198310795,0.5710007452385741,0.44187402313937657,0.3343876949597478,0.42318803146033707,0.2787950710383599,0.39545498292658976,0.5221964802109886,0.32782325617646707,0.03377059008640621,0.380467834504542,0.40136553388362783,0.38837280643253397,0.0033608836286857327,0,0,DATA
22140,885.6,0.5688947741222556,0.1459786918191308,0.7410645573864206,0.13962353671912386,0.40462945942265793,0.164220660004759,0.41939304193899785,0.6881072984749455,0.23298210198310795,0.5710007452385741,0.44187402313937657,0.3343876949597478,0.42250408489896313,0.2797061574411698,0.4044606906030227,0.5213989637288966,0.33120455544067867,0.03392112430368543,0.3872608820213371,0.408452152439942,0.3922934363634495,0.0035335802135389263,0,0,DATA
22160,886.4,0.5992093558844478,0.13337374081147974,0.7372998754469445,0.14238509893101287,0.40462945942265793,0.164220660004759,0.41939304193899785,0.6881072984749455,0.23298210198310795,0.5710007452385741,0.44187402313937657,0.3343876949597478,0.4249459406421577,0.27645009707987045,0.41352846507601293,0.5242479217811435,0.3293179942593887,0.03338448761248631,0.38752888158281995,0.4086198400286661,0.3930452938460298,0.004921896859161372,0,0,DATA
22180,887.2,0.6301829986802414,0.13726908410671765,0.7334268538014588,0.14570595110494433,0.40462945942265793,0.164220660004759,0.41939304193899785,0.6881072984749455,0.23298210198310795,0.5710007452385741,0.44187402313937657,0.3343876949597478,0.4248604752731161,0.2765639750941472,0.42275326240502664,0.5241482500894845,0.33215553890835525,0.03340320337036737,0.3945071431309767,0.4155428846296674,0.3964228746433097,0.003141380237444017,0.1064142934456104,0,DATA
22200,888.0,0.6614575804948047,0.1396835455515279,0.7285559722037712,0.14824786826463396,0.3540670104847494,0.6129351991630287,0.558083809912854,0.8799598311546841,0.23298210198310795,0.5710007452385741,0.44187402313937657,0.3343876949597478,0.549967869723309,0.2666560734260164,0.4709217788174688,0.5416880284253373,0.32861624917847654,0.02520079816277685,0.40075366775227594,0.4215565128071668,0.3992031650740036,0.06106127084358862,0,0,DATA
22220,888.8,0.6921339502681415,0.14198051160965908,0.7246009560997457,0.14999133941891785,0.3540670104847494,0.6129351991630287,0.558083809912854,0.8799598311546841,0.23298210198310795,0.5710007452385741,0.44187402313937657,0.3343876949597478,0.5870177251861592,0.26432685342185386,0.4918143713936021,0.5243277106959934,0.3296354782408353,0.022924084096313788,0.40701672490939067,0.42759841546930744,0.4019752871649074,0.020090556014382033,0,0,DATA
22240,889.6,0.7207143193815989,0.14353607357782444,0.7238587730995071,0.1517141751536486,0.3540670104847494,0.6129351991630287,0.558083809912854,0.8799598311546841,0.23298210198310795,0.5710007452385741,0.44187402313937657,0.3343876949597478,0.5978060138116997,0.2640636447716914,0.5040840266802682,0.5190651707083045,0.33199272396408147,0.022303010078608954,0.41320658691930057,0.4338863427526666,0.4052256797683644,0.007773717520789665,0,0,DATA
22260,890.4,0.7491969504147813,0.14468372405968483,0.7234161095051714,0.15170471321679763,0.3540670104847494,0.6129351991630287,0.558083809912854,0.8799598311546841,0.23298210198310795,0.5710007452385741,0.44187402313937657,0.3343876949597478,0.6008014937981712,0.2643060243115636,0.5137462757832363,0.5174462409451326,0.3345468881389627,0.022157219717917294,0.4192736405998141,0.43990818388006137,0.4081335321580075,0.0043000362097705596,0,0,DATA
22280,891.2,0.7791149172008548,0.1467135325016759,0.7219267703019049,0.15193171371863548,0.3540670104847494,0.6129351991630287,0.558083809912854,0.8799598311546841,0.23298210198310795,0.5710007452385741,0.44187402313937657,0.3343876949597478,0.6012738780212944,0.2649470845372828,0.5229277235392021,0.5168895187207114,0.3374800902836802,0.022184677944894152,0.4257712894931719,0.44627959890327634,0.4111028654024645,0.003431630734936094,0.049888696127210315,0,DATA
22300,892.0,0.7794025669829897,0.0738600715392995,0.7342715559192915,0.1518031600122343,0.3540670104847494,0.6129351991630287,0.558083809912854,0.8799598311546841,0.23298210198310795,0.5710007452385741,0.44187402313937657,0.3343876949597478,0.6167148200903305,0.2447404335355331,0.5257425643202402,0.5192723731870682,0.3151987900370513,0.01969913003075583,0.3991563921881256,0.42088632478932864,0.40326409689938797,0.012820811283941302,0,0,DATA
22320,892.8,0.776457364462879,0.14419502576671694,0.7492739988455013,0.15259004067220935,0.3540670104847494,0.6129351991630287,0.558083809912854,0.8799598311546841,0.23298210198310795,0.5710007452385741,0.44187402313937657,0.3343876949597478,0.6065767623232837,0.2583722254186851,0.5259685240253285,0.5175255061290156,0.3362276100192646,0.021346423864491062,0.4297018219603125,0.4530106869201339,0.417427806645037,0.007998603118429001,0,0,DATA
22340,893.6,0.7733539349233282,0.14945893822272496,0.7650217083786176,0.16473942064320718,0.3540670104847494,0.6129351991630287,0.558083809912854,0.8799598311546841,0.23298210198310795,0.5710007452385741,0.44187402313937657,0.3343876949597478,0.602429923377408,0.2639356584713129,0.5253845917335492,0.5168172090756395,0.3425353218234524,0.022035913191993568,0.4343362429414287,0.46043481685166165,0.4242738539369617,0.0034314014300942572,0,0,DATA
22360,894.4,0.7716787710009216,0.15169208642324453,0.7794077275571072,0.17766554299868856,0.3540670104847494,0.6129351991630287,0.558083809912854,0.8799598311546841,0.23298210198310795,0.5710007452385741,0.44187402313937657,0.3343876949597478,0.600716910571536,0.26622996988324676,0.5248576276223101,0.5165265597726086,0.34637856646454135,0.022323236223420233,0.43777167327285316,0.46660146133648317,0.43062303904051763,0.001511429443014985,0,0,DATA
22380,895.2,0.7733764873470755,0.1493672883148986,0.7770137852931155,0.17201346577001728,0.3540670104847494,0.6129351991630287,0.558083809912854,0.8799598311546841,0.23298210198310795,0.5710007452385741,0.44187402313937657,0.3343876949597478,0.6006912143325271,0.26626731983649,0.5250560588216306,0.5165207329154914,0.34565146988601836,0.022327804830836698,0.4367025088459472,0.4647276949603109,0.42871518994714897,8.715913052418738e-05,0.04481018649446958,0,DATA
22400,896.0,0.773611176575331,0.1491346612095693,0.7757031512108875,0.1686768321783079,0.35362204690904137,0.6031323452080587,0.5500549768518518,0.8742487064270152,0.23298210198310795,0.5710007452385741,0.44187402313937657,0.3343876949597478,0.597987558045552,0.2661199468820721,0.5229167996622799,0.5179462475361879,0.34525385948123966,0.02246654123675845,0.43639426903302103,0.463954728379991,0.42770877956527625,0.0016634294669145937,0,0,DATA
22420,896.8,0.7831248952572482,0.16129765140564772,0.7581706675739923,0.1706746887792532,0.35362204690904137,0.6031323452080587,0.5500549768518518,0.8742487064270152,0.23298210198310795,0.5710007452385741,0.44187402313937657,0.3343876949597478,0.5946222332182831,0.2694813722506487,0.5242729028376771,0.517948197265534,0.347953906855922,0.022940768943170504,0.43965571212045684,0.46566270876383176,0.42650105037384506,0.0026942844570809386,0,0,DATA
22440,897.6,0.7922078593723814,0.15466985739274344,0.7411504920643949,0.16354452113540005,0.35362204690904137,0.6031323452080587,0.5500549768518518,0.8742487064270152,0.23298210198310795,0.5710007452385741,0.44187402313937657,0.3343876949597478,0.5950044725128123,0.26863401753760846,0.5265871562544744,0.5181807549747895,0.344784056348338,0.022847070883065694,0.4354171522364022,0.45900911456443216,0.42073410027725267,0.001181282474788899,0,0,DATA
22460,898.4,0.8008977763113794,0.1498005632541478,0.7250586097369952,0.15975803158243942,0.35362204690904137,0.6031323452080587,0.5500549768518518,0.8742487064270152,0.23298210198310795,0.5710007452385741,0.44187402313937657,0.3343876949597478,0.5961416960702761,0.2670164087648896,0.5291063148367031,0.5184209475824171,0.34164711191624475,0.02264572673269077,0.43198904150328366,0.4535931666432775,0.41609242935792107,0.0017579969708038101,0,0,DATA
22480,899.2,0.810287243903972,0.14418923218325794,0.70804031768008,0.1633847277569285,0.35362204690904137,0.6031323452080587,0.5500549768518518,0.8742487064270152,0.23298210198310795,0.5710007452385741,0.44187402313937657,0.3343876949597478,0.5976612426624022,0.2649599534332248,0.5318338506058162,0.5186894019521865,0.3383694559534607,0.022386768265795803,0.4282187441820632,0.4484837097338144,0.41266044267721597,0.0021011792309679755,0.07946419172637004,0,DATA
22500,900.0,0.8218110414571812,0.13817483791059157,0.6878037952087271,0.16638772601338786,0.35362204690904137,0.6031323452080587,0.5500549768518518,0.8742487064270152,0.23298210198310795,0.5710007452385741,0.44187402313937657,0.3343876949597478,0.5993801294372998,0.2626589864373788,0.535072108822724,0.5189804420626607,0.3346402137102792,0.02209754592122127,0.4240704414893679,0.44261205461962977,0.40845213232509053,0.0024193706625504907,0,0,DATA
22520,900.8,0.8334979103821015,0.13422518513281378,0.6672475685864511,0.16981651926600808,0.35362204690904137,0.6031323452080587,0.5500549768518518,0.8742487064270152,0.23298210198310795,0.5710007452385741,0.44187402313937657,0.3343876949597478,0.6007252225531025,0.2608627935608472,0.5384978287620297,0.5192059919430252,0.3315359075893411,0.021872746107068474,0.42071670883878565,0.43754557863208193,0.40457507329587095,0.002189001977213297,0,0,DATA
22540,901.6,0.8440201708354281,0.12588903683802577,0.6478872164307167,0.17234958305009135,0.35362204690904137,0.6031323452080587,0.5500549768518518,0.8742487064270152,0.23298210198310795,0.5710007452385741,0.44187402313937657,0.3343876949597478,0.6028793416297488,0.25798981417534705,0.5417352194390199,0.5195654220974522,0.32709819735981627,0.021515147820207844,0.4156146311803889,0.4307607721365201,0.4000434018148684,0.0027548297130455626,0,0,DATA
22560,902.4,0.8554268856313894,0.12181942087732527,0.6266065953252821,0.166856184462563,0.35362204690904137,0.6031323452080587,0.5500549768518518,0.8742487064270152,0.23298210198310795,0.5710007452385741,0.44187402313937657,0.3343876949597478,0.6043801967044898,0.25598842789070086,0.5451018467492689,0.5198156877024045,0.32338535374284005,0.02126755921248965,0.41201200353421397,0.4244807425210489,0.39415479590649516,0.002289622889878736,0,0,DATA
22580,903.2,0.8672481525997152,0.044896343954248366,0.6063741979878741,0.13068307064468748,0.35362204690904137,0.6031323452080587,0.5500549768518518,0.8742487064270152,0.23298210198310795,0.5710007452385741,0.44187402313937657,0.3343876949597478,0.6209842993807582,0.23384955046684552,0.548594301005692,0.5225830750761981,0.2948652241050967,0.018612856754034103,0.3795605466911668,0.3863887345624734,0.3715057389669391,0.014078478118848917,0.013468903186274509,0,DATA
22600,904.0,0.8789858544913692,0.03650432194779621,0.5857274936208989,0.12283242775640074,0.2757321027369281,0.8713365371604871,0.5478400735294118,0.9971006944444445,0.23298210198310795,0.5710007452385741,0.44187402313937657,0.3343876949597478,0.7028250285516737,0.20850123280173855,0.5514867817495831,0.4943368693232938,0.276460895896764,0.013011883060007471,0.3744219373935217,0.3784003905393021,0.36468890118573555,0.0366938425266379,0,0,DATA
22620,904.8,0.889863782051282,0.03013416237221384,0.5661300806188586,0.11760597411295971,0.2757321027369281,0.8713365371604871,0.5478400735294118,0.9971006944444445,0.23298210198310795,0.5710007452385741,0.44187402313937657,0.3343876949597478,0.7287149808138207,0.19911309282104336,0.5546388907603321,0.4860859631825679,0.26811827287506423,0.011343443833297011,0.37012997647486323,0.3716260429560955,0.3588765260261912,0.012810067084530391,0,0,DATA
22640,905.6,0.8996447911429529,0.02704641151332328,0.5502874048848475,0.11233024371200694,0.2757321027369281,0.8713365371604871,0.5478400735294118,0.9971006944444445,0.23298210198310795,0.5710007452385741,0.44187402313937657,0.3343876949597478,0.7371303941728318,0.19543208058634545,0.5576385353728077,0.48371876262041136,0.26408595582003724,0.01078836233784036,0.36768254280283896,0.36706676867057486,0.3543756492928314,0.005032023402061529,0,0,DATA
22660,906.4,0.909842218137255,0.019059586827814372,0.534916024424335,0.10806337701596579,0.2757321027369281,0.8713365371604871,0.5478400735294118,0.9971006944444445,0.23298210198310795,0.5710007452385741,0.44187402313937657,0.3343876949597478,0.741332251364492,0.19209146600399357,0.5606798884253538,0.48328814131575715,0.25960424895738565,0.010434452079102919,0.36345302223539333,0.3608734233874738,0.3495011498350989,0.003527941608852716,0,0,DATA
22680,907.2,0.9098882722159376,0.0002971224259488434,0.5527221162677315,0.10389970827505139,0.2757321027369281,0.8713365371604871,0.5478400735294118,0.9971006944444445,0.23298210198310795,0.5710007452385741,0.44187402313937657,0.3343876949597478,0.7465329260463818,0.18583579159676566,0.561601965697641,0.48381564117842624,0.2548227186066161,0.009891683409696183,0.359518465659063,0.3583031091213916,0.3503101747953536,0.004126142120468301,8.913672778465301e-05,0,DATA
22700,908.0,0.9099341299019609,0.00029666417640971147,0.5551565256122966,0.1103926090289307,0.2757321027369281,0.8713365371604871,0.5478400735294118,0.9971006944444445,0.23298210198310795,0.5710007452385741,0.44187402313937657,0.3343876949597478,0.7480932246833518,0.18395896096472636,0.561888218993392,0.4839739071759609,0.2542520606738511,0.009731506815917328,0.3600143357653649,0.3596917102375381,0.35222187431344215,0.0012411275215868007,0,0,DATA
22720,908.8,0.9099799875879839,0.00029666417640971147,0.5575909349568617,0.11729450200193045,0.2757321027369281,0.8713365371604871,0.5478400735294118,0.9971006944444445,0.23298210198310795,0.5710007452385741,0.44187402313937657,0.3343876949597478,0.748561314274443,0.18339591177511455,0.5619837250961822,0.48402138697522124,0.25448610461523363,0.009683693675076753,0.3605103891714826,0.36112139387541226,0.35421544101278574,0.0003755482944977073,0,0,DATA
22740,909.6,0.9100258452740071,0.00029666417640971147,0.5600253443014268,0.11423548877275086,0.2757321027369281,0.8713365371604871,0.5478400735294118,0.9971006944444445,0.23298210198310795,0.5710007452385741,0.44187402313937657,0.3343876949597478,0.7487017411517702,0.18322699701823103,0.5620220070410842,0.48403563091499935,0.254558192968166,0.009669371318180959,0.3610064425776003,0.3615549868930685,0.3542168264716934,0.00011587452637092562,0,0,DATA
22760,910.4,0.9100259762024469,7.98634680199146e-07,0.5624500131263332,0.11184799716018033,0.2757321027369281,0.8713365371604871,0.5478400735294118,0.9971006944444445,0.23298210198310795,0.5710007452385741,0.44187402313937657,0.3343876949597478,0.7488060009787315,0.1830934802394817,0.562033519119527,0.48405025939089336,0.2546262154830008,0.00965831653417617,0.3613730563115777,0.36192531834827946,0.3543011286169905,8.309622805115675e-05,0,0,DATA
22780,911.2,0.9100259762024469,5.367778006952077e-07,0.5648745517926256,0.11024329048225774,0.2757321027369281,0.8713365371604871,0.5478400735294118,0.9971006944444445,0.23298210198310795,0.5710007452385741,0.44187402313937657,0.3343876949597478,0.7488373339167648,0.1830533518859306,0.5620369727430599,0.4840546570986523,0.2548288529466076,0.009654995257980017,0.36185785930208436,0.3624921045376231,0.3545862826694471,2.497163837238599e-05,1.610333402085623e-07,0,DATA
22800,912.0,0.9100207063327469,0.07692361370087761,0.5672671567448673,0.11490930580127055,0.2756841894744009,0.8703965557273832,0.5477804159858387,0.9971296296296296,0.23298210198310795,0.5710007452385741,0.44187402313937657,0.3343876949597478,0.7324296928430596,0.20456971313319613,0.5620201980452822,0.48150029701187214,0.28051969362011275,0.011494724005391858,0.39310455708782344,0.3944446643504877,0.3676555715228016,0.012646925672916106,0,0,DATA
22820,912.8,0.9100162220336855,0.076924988449495,0.5696600479128904,0.15172189480561962,0.2756841894744009,0.8703965557273832,0.5477804159858387,0.9971296296296296,0.23298210198310795,0.5710007452385741,0.44187402313937657,0.3343876949597478,0.7275071118237382,0.21102500643698865,0.562014223933146,0.4807339408696365,0.2861523813185789,0.01207559083110015,0.39358278836106275,0.3988434436409642,0.3756160698980636,0.0037946161450833813,0,0,DATA
22840,913.6,0.9100119013951734,0.07692515211004469,0.5718009005147003,0.16557221881160725,0.2756841894744009,0.8703965557273832,0.5477804159858387,0.9971296296296296,0.23298210198310795,0.5710007452385741,0.44187402313937657,0.3343876949597478,0.7260303031492263,0.21296164025308034,0.5620115243654177,0.48050402829884664,0.2881249574152976,0.012252457564405786,0.3940101602179422,0.4008699331586234,0.3789209403349449,0.0011387140194439593,0,0,DATA
22860,914.4,0.9100075480245517,0.07692518484215463,0.5739417209496686,0.15522403783756283,0.2756841894744009,0.8703965557273832,0.5477804159858387,0.9971296296296296,0.23298210198310795,0.5710007452385741,0.44187402313937657,0.3343876949597478,0.7255872536731297,0.2135426395628986,0.5620098002872687,0.48043505338198583,0.2883161851819108,0.012305752657872236,0.39443746672365554,0.400476503610429,0.3773860788216324,0.000341924288021304,0,0,DATA
22880,915.2,0.9100032273860398,0.07692521757426458,0.5756609703843965,0.14343157696197026,0.2756841894744009,0.8703965557273832,0.5477804159858387,0.9971296296296296,0.23298210198310795,0.5710007452385741,0.44187402313937657,0.3343876949597478,0.7254543319565576,0.2137169485208349,0.5620083757297365,0.48041435976130364,0.2881550416398728,0.012321763104810304,0.39478046557574265,0.39981218131842977,0.37545697185116117,0.00010288507734684815,0.17657069676632997,0,DATA
22900,916.0,0.909998874015418,0.07692525030637452,0.5758288922416672,0.1444489845704817,0.2756841894744009,0.8703965557273832,0.5477804159858387,0.9971296296296296,0.23298210198310795,0.5710007452385741,0.44187402313937657,0.3343876949597478,0.725414448567843,0.21376925037320654,0.5620070341546461,0.4804081505294752,0.2882469266459966,0.012326568973522809,0.3948131923659165,0.3999634410551817,0.3757020034099354,3.117560539221224e-05,0,0,DATA
22920,916.8,0.8689825289089993,0.12152500208045391,0.6096252789566019,0.1446746074158845,0.2756841894744009,0.8703965557273832,0.5477804159858387,0.9971296296296296,0.23298210198310795,0.5710007452385741,0.44187402313937657,0.3343876949597478,0.7160365356786719,0.22627287142566027,0.5533931992097711,0.47884529644783386,0.3036683432724163,0.013493177974912637,0.4112091013972514,0.4197615510425504,0.3867845529132197,0.010165122962166614,0,0,DATA
22940,917.6,0.8277710349631303,0.12381532674501426,0.6111177656085502,0.14815424666566102,0.2756841894744009,0.8703965557273832,0.5477804159858387,0.9971296296296296,0.23298210198310795,0.5710007452385741,0.44187402313937657,0.3343876949597478,0.7127421936323628,0.2306652486474733,0.5421546349976762,0.47829627886008186,0.30369158600438917,0.01391468259966094,0.4041814298042914,0.413231092039763,0.3840760017312593,0.006308427826738998,0,0,DATA
22960,918.4,0.7867289624183006,0.12496572948089493,0.6281290954606635,0.15749609529837386,0.2756841894744009,0.8703965557273832,0.5477804159858387,0.9971296296296296,0.23298210198310795,0.5710007452385741,0.44187402313937657,0.3343876949597478,0.7115123064439353,0.23230507458006378,0.5301642304996335,0.4780913094880005,0.30399121372566007,0.014073602585064161,0.3998354423601004,0.4115204224440545,0.38626555707672927,0.004953372539686936,0,0,DATA
22980,919.2,0.7459100246669179,0.12638895435310876,0.645272257256744,0.16209182710167086,0.2756841894744009,0.8703965557273832,0.5477804159858387,0.9971296296296296,0.23298210198310795,0.5710007452385741,0.44187402313937657,0.3343876949597478,0.7108444630642421,0.2331955253240608,0.5179951322224303,0.47798000580584854,0.30372869381916345,0.014160253240579932,0.3956695771179255,0.40952844656181736,0.3876020838421026,0.0045757974669644414,0.11351512882153658,0,DATA
23000,920.0,0.7052498376487346,0.12825730318836936,0.662516786566978,0.16560529319439812,0.4232672930283224,0.16898087622335295,0.43081299360021785,0.6674227260348584,0.23298210198310795,0.5710007452385741,0.44187402313937657,0.3343876949597478,0.5138553665338008,0.2649782499674564,0.47305488519747696,0.5605831917493713,0.322054331618325,0.027051728383458234,0.3917337851104399,0.4076684540946279,0.38883014301167734,0.09123735606626342,0,0,DATA
23020,920.8,0.6643561724903637,0.13011979297595105,0.6797486052806943,0.16840272482798246,0.4232672930283224,0.16898087622335295,0.43081299360021785,0.6674227260348584,0.23298210198310795,0.5710007452385741,0.44187402313937657,0.3343876949597478,0.4543675147192764,0.27503456450099795,0.4509851414067331,0.5396664751091391,0.32729434100278265,0.03151423652302401,0.3877464117365417,0.40568400575545965,0.3898875909691234,0.03053797004626994,0,0,DATA
23040,921.6,0.6237532339324618,0.13161702514873472,0.6972049483645674,0.17059236213124493,0.4232672930283224,0.16898087622335295,0.43081299360021785,0.6674227260348584,0.23298210198310795,0.5710007452385741,0.44187402313937657,0.3343876949597478,0.4362067404186345,0.2784706838694398,0.4358376011723506,0.5288680282745973,0.32852968134905625,0.03296997785688672,0.3837159855108493,0.40361817756848095,0.39085389517087155,0.012248144634488756,0,0,DATA
23060,922.4,0.5832504883630804,0.05517262260139099,0.7146675651131773,0.17230298080071169,0.4232672930283224,0.16898087622335295,0.43081299360021785,0.6674227260348584,0.23298210198310795,0.5710007452385741,0.44187402313937657,0.3343876949597478,0.4468118326633841,0.2580970869667162,0.42278776253246564,0.5443573728483339,0.30299813791090846,0.029983013452147746,0.3485301987277575,0.3703497143271968,0.3800447381528777,0.014676175929119387,0,0,DATA
23080,923.2,0.5425051323948382,0.05641177054786362,0.7321134051111492,0.172997145151711,0.4232672930283224,0.16898087622335295,0.43081299360021785,0.6674227260348584,0.23298210198310795,0.5710007452385741,0.44187402313937657,0.3343876949597478,0.4497331392680497,0.2523319693209114,0.4103162861871693,0.5487005849735691,0.2985989698911984,0.029158483330311027,0.3443659547122925,0.3679994707466289,0.3806563676177172,0.007052633531922241,0.016923531164359087,0,DATA
23100,924.0,0.5016636422197084,0.05815490991927808,0.7497655833943944,0.17409192465586149,0.4232672930283224,0.16898087622335295,0.43081299360021785,0.6674227260348584,0.23298210198310795,0.5710007452385741,0.44187402313937657,0.3343876949597478,0.4502434719814523,0.25109051305116603,0.3979981303468032,0.5495764794651431,0.29702773178892256,0.02898811622141502,0.34042534808248137,0.36593355989555737,0.3814656899775578,0.00468998160783803,0,0,DATA
23120,924.8,0.4607725301659126,0.06036375729505873,0.7673042471768987,0.17195766961285144,0.4232672930283224,0.16898087622335295,0.43081299360021785,0.6674227260348584,0.23298210198310795,0.5710007452385741,0.44187402313937657,0.3343876949597478,0.4499327138465592,0.251336553435461,0.38571555006339625,0.549298080205549,0.2962767520875009,0.02903292333047469,0.3366383973785353,0.3636870500655608,0.3816657208155694,0.0042797929341983525,0,0,DATA
23140,925.6,0.419996340550109,0.06142585225865389,0.7848178632584392,0.17037133715260225,0.4232672930283224,0.16898087622335295,0.43081299360021785,0.6674227260348584,0.23298210198310795,0.5710007452385741,0.44187402313937657,0.3343876949597478,0.4496164464637363,0.2517077521405561,0.37346777615905546,0.54895434716159,0.2954454919668438,0.02909251948590631,0.33241072065712074,0.36105210170627533,0.38180855362686356,0.004311746664086254,0,0,DATA
23160,926.4,0.3792300687636165,0.062038798293417886,0.8023558225063384,0.16957845081093004,0.4232672930283224,0.16898087622335295,0.43081299360021785,0.6674227260348584,0.23298210198310795,0.5710007452385741,0.44187402313937657,0.3343876949597478,0.449392847581589,0.2519907366418186,0.3612325269125898,0.5487010554698851,0.29452489194632514,0.02913705940701559,0.32801023656330774,0.35832612490308496,0.38204978089706926,0.0042472775432918315,0,0,DATA
23180,927.2,0.3794795529055639,0.01792614649426414,0.7860207634529701,0.16809276343524526,0.4232672930283224,0.16898087622335295,0.43081299360021785,0.6674227260348584,0.23298210198310795,0.5710007452385741,0.44187402313937657,0.3343876949597478,0.45858942479476705,0.23972408948843427,0.35761434380845897,0.5594326676531663,0.27810720351635415,0.027255723007901623,0.30714806086136204,0.335681874558234,0.3710769293029119,0.008360469156897735,0.005377843948279242,0,DATA
23200,928.0,0.38001027133609855,0.029118526597969225,0.802798853560671,0.16818415363385836,0.41997536254084966,0.1712676866537003,0.4287451491013072,0.6710355392156863,0.23298210198310795,0.5710007452385741,0.44187402313937657,0.3343876949597478,0.45963830505743974,0.2384866563690871,0.35606134328793704,0.5605758243441763,0.2812150083566501,0.027062501309924606,0.31508677461049117,0.34530753633799455,0.377021658728169,0.0012797713008472582,0,0,DATA
23220,928.8,0.38033048956762194,0.0315328663044097,0.8034476284284686,0.1603316566471555,0.41997536254084966,0.1712676866537003,0.4287451491013072,0.6710355392156863,0.23298210198310795,0.5710007452385741,0.44187402313937657,0.3343876949597478,0.459445957797889,0.2387914415510863,0.3556626889604004,0.5603272581234013,0.2815735443820696,0.027106732584478856,0.31624630911293156,0.34574669862854446,0.3760075258268962,0.0002985955896955365,0,0,DATA
23240,929.6,0.3803029618631641,0.033666914143379044,0.8039161612413523,0.15298149541230038,0.41997536254084966,0.1712676866537003,0.4287451491013072,0.6710355392156863,0.23298210198310795,0.5710007452385741,0.44187402313937657,0.3343876949597478,0.4589401035738402,0.23948041050059748,0.35553731184420323,0.5597298465366214,0.28208838867780656,0.02721038168132497,0.31718812927020446,0.34600035594362016,0.3749719811885458,0.0004400667632523762,0,0,DATA
23260,930.4,0.3800472913524384,0.03985803171943892,0.8042204317395802,0.15337999384310505,0.41997536254084966,0.1712676866537003,0.4287451491013072,0.6710355392156863,0.23298210198310795,0.5710007452385741,0.44187402313937657,0.3343876949597478,0.457488212615653,0.2414206141067476,0.35544600790209174,0.5580337992544526,0.2842750884098277,0.027504441062800446,0.31967429629812893,0.3485567998644478,0.3760308490846001,0.0011611328354829327,0,0,DATA
23280,931.2,0.41108430351307196,0.11491861885493414,0.7917743151809375,0.15454516936066576,0.41997536254084966,0.1712676866537003,0.4287451491013072,0.6710355392156863,0.23298210198310795,0.5710007452385741,0.44187402313937657,0.3343876949597478,0.4412899220297428,0.2630196395865313,0.36193638927319133,0.5391351412216058,0.31028023164589313,0.030859861901630967,0.35341671027272514,0.38117111973493595,0.38751514433483925,0.014762565812264483,0.03447558565648024,0,DATA
23300,932.0,0.4424275900263952,0.11811926276100083,0.7779154815526707,0.16681463089807413,0.41997536254084966,0.1712676866537003,0.4287451491013072,0.6710355392156863,0.23298210198310795,0.5710007452385741,0.44187402313937657,0.3343876949597478,0.4357582996336958,0.27039552752416507,0.3704655938523191,0.5326813860547653,0.31655304878061424,0.03203937076655253,0.3581938584121631,0.385789330665288,0.39011875347249647,0.007145571637602858,0,0,DATA
23320,932.8,0.4733763236865259,0.12452768617310071,0.7639827627123595,0.17208339196252284,0.41997536254084966,0.1712676866537003,0.4287451491013072,0.6710355392156863,0.23298210198310795,0.5710007452385741,0.44187402313937657,0.3343876949597478,0.4327530439983407,0.27440265246084317,0.3795235892946849,0.5291751957687487,0.32099739436310815,0.03268735455871084,0.36416043074096693,0.3908895072165056,0.3917454628531365,0.00535679200479966,0,0,DATA
23340,933.6,0.5058209475029328,0.13163578270668505,0.7482872726843046,0.1418522565530345,0.41997536254084966,0.1712676866537003,0.4287451491013072,0.6710355392156863,0.23298210198310795,0.5710007452385741,0.44187402313937657,0.3343876949597478,0.4303587670356814,0.2775950569712502,0.38905435892884005,0.5263818550322156,0.32355299820029226,0.03320721400875967,0.37035349611207113,0.3924899100438554,0.3860860401259034,0.0050391503690738375,0,0,DATA
23360,934.4,0.5390718286513324,0.13499600479203278,0.7311764905600856,0.14454197546372188,0.41997536254084966,0.1712676866537003,0.4287451491013072,0.6710355392156863,0.23298210198310795,0.5710007452385741,0.44187402313937657,0.3343876949597478,0.42893483730896065,0.2794936405082697,0.3988962748602505,0.5247205984003454,0.3259441492495528,0.033517907070472835,0.3749256047510463,0.3956199123614774,0.3861754098046283,0.004388143065050217,0,0,DATA
23380,935.2,0.572573928743506,0.13995846811467683,0.7139086247403404,0.15636187517898573,0.41997536254084966,0.1712676866537003,0.4287451491013072,0.6710355392156863,0.23298210198310795,0.5710007452385741,0.44187402313937657,0.3343876949597478,0.4274655410931891,0.2814527052997159,0.4088842906590301,0.5230064178967366,0.3289944023536586,0.03383968819069249,0.3801574369345896,0.40030694793457267,0.38831700280035875,0.004472125601999111,0.2020444392053491,0,DATA
23400,936.0,0.6065422322775265,0.15038049938704615,0.6965449459554792,0.1664454095525313,0.34931938487200437,0.5929527607336239,0.5659420104847495,0.8938425925925926,0.23298210198310795,0.5710007452385741,0.44187402313937657,0.3343876949597478,0.5429079464036388,0.2701208381829556,0.4574291603281721,0.5434856077067027,0.3248999712906616,0.025928718615285683,0.38764717439336915,0.40706867095222066,0.39095292502311,0.05843971403211732,0,0,DATA
23420,936.8,0.6401005661345736,0.1558588680833028,0.6794993362113317,0.17512734314192185,0.34931938487200437,0.5929527607336239,0.5659420104847495,0.8938425925925926,0.23298210198310795,0.5710007452385741,0.44187402313937657,0.3343876949597478,0.5763902105705597,0.2682552212828794,0.4790398713388946,0.5276772840732804,0.3256436110248586,0.02386346293820757,0.3931410666944518,0.41172619563782753,0.3926054979950944,0.01898619735923988,0,0,DATA
23440,937.6,0.6739418363499247,0.16041136088295926,0.6621281171216816,0.1807288775703075,0.34931938487200437,0.5929527607336239,0.5659420104847495,0.8938425925925926,0.23298210198310795,0.5710007452385741,0.44187402313937657,0.3343876949597478,0.5854788663327082,0.26897023419676036,0.49262975138733506,0.5227754497352657,0.32764783432473776,0.023413707744419598,0.3982560740394545,0.41566423451670387,0.3934500010498426,0.007797849574823305,0,0,DATA
23460,938.4,0.7072375604889392,0.14924362805803748,0.629273359186037,0.18113685802647608,0.34931938487200437,0.5929527607336239,0.5659420104847495,0.8938425925925926,0.23298210198310795,0.5710007452385741,0.44187402313937657,0.3343876949597478,0.5905506869545862,0.26605777287994653,0.5036988174710603,0.5216957700827336,0.32285092647975255,0.022876806190578233,0.39387717415015977,0.4080406568794615,0.38697232014732835,0.006351116007472364,0,0,DATA
23480,939.2,0.7398219504147813,0.1487832971185653,0.6256917131109473,0.17557223808240746,0.34931938487200437,0.5929527607336239,0.5659420104847495,0.8938425925925926,0.23298210198310795,0.5710007452385741,0.44187402313937657,0.3343876949597478,0.5921689026384389,0.2650551418218502,0.5138622591806046,0.5213879777698555,0.32413006376187303,0.022700523163611163,0.3994935905445214,0.41274244667190735,0.38815337399140554,0.004261429483831107,0.09081116872853554,0,DATA
23500,940.0,0.7716262032323613,0.1549714536955504,0.6232683617156355,0.17212811412849288,0.34931938487200437,0.5929527607336239,0.5659420104847495,0.8938425925925926,0.23298210198310795,0.5710007452385741,0.44187402313937657,0.3343876949597478,0.5913548544624277,0.2664870363459771,0.5235901847851597,0.5210790545957975,0.3280950786284792,0.022868713087810404,0.4078450334597691,0.4205071420522324,0.39096736012010047,0.003991289434897738,0,0,DATA
23520,940.8,0.8040840508211832,0.15036502849002847,0.6196476142172199,0.1714123967665018,0.34931938487200437,0.5929527607336239,0.5659420104847495,0.8938425925925926,0.23298210198310795,0.5710007452385741,0.44187402313937657,0.3343876949597478,0.5920779893027841,0.26562680564566904,0.5333247104601788,0.5211476025257734,0.3289754215882271,0.022754554337352576,0.4117698833956416,0.42399834550206417,0.39247385075115226,0.0037726304052278317,0,0,DATA
23540,941.6,0.8058017664865091,0.08125641549354784,0.6306173264370203,0.1719970537642509,0.34931938487200437,0.5929527607336239,0.5659420104847495,0.8938425925925926,0.23298210198310795,0.5710007452385741,0.44187402313937657,0.3343876949597478,0.6068077384841519,0.24601832479656205,0.536605788452403,0.523586968359643,0.30763012399883805,0.020313825315231137,0.38666392377407466,0.4000478228022521,0.3851386898227127,0.012539769340899676,0,0,DATA
23560,942.4,0.8061354703473269,0.1317151039982871,0.6435474104839296,0.17229296840620598,0.34931938487200437,0.5929527607336239,0.5659420104847495,0.8938425925925926,0.23298210198310795,0.5710007452385741,0.44187402313937657,0.3343876949597478,0.600630338652567,0.25426421332315696,0.5376601896608421,0.5225527240121379,0.32224119025572606,0.021324536681204535,0.4095001567575157,0.4242066556545797,0.3960325674246237,0.0051592298555396265,0,0,DATA
23580,943.2,0.8064051502011059,0.1274339380589419,0.6567198430911467,0.18467561499684554,0.34931938487200437,0.5929527607336239,0.5659420104847495,0.8938425925925926,0.23298210198310795,0.5710007452385741,0.44187402313937657,0.3343876949597478,0.599676163550354,0.2555392534181188,0.5380331427926673,0.5223922915157636,0.3244187999272019,0.02148267540128212,0.4104761128739769,0.42773811969082653,0.401186997989032,0.0008673894430000217,0.03823018141768257,0,DATA
23600,944.0,0.8059595025243003,0.1323030072442013,0.6712207234257276,0.19563212330855675,0.3481644880174292,0.5680322497192396,0.5546006093409587,0.8866173066448801,0.23298210198310795,0.5710007452385741,0.44187402313937657,0.3343876949597478,0.591389663406758,0.2570425764790191,0.5348758503998243,0.5257838800571113,0.3282425589918573,0.02205635327571609,0.4152347870796357,0.4350425327611145,0.4076893153451278,0.004315705199113118,0,0,DATA
23620,944.8,0.8053936298076922,0.13420586263877443,0.6853759213445285,0.19769090575233772,0.3481644880174292,0.5680322497192396,0.5546006093409587,0.8866173066448801,0.23298210198310795,0.5710007452385741,0.44187402313937657,0.3343876949597478,0.5885041137308189,0.2580263729077697,0.5338098294114837,0.5267347566807057,0.33087299894291805,0.02229712611010603,0.41871379427790356,0.4401429379956405,0.4118687123511094,0.0016451223643434432,0,0,DATA
23640,945.6,0.8036395487682253,0.13253356220064424,0.7020520876535787,0.19976345008724794,0.3481644880174292,0.5680322497192396,0.5546006093409587,0.8866173066448801,0.23298210198310795,0.5710007452385741,0.44187402313937657,0.3343876949597478,0.5879896319200446,0.25785326771371847,0.5331216660966935,0.5270785501831184,0.33244528300371157,0.022310026145683167,0.42102929115656806,0.44433330593870113,0.41602600962568775,0.00045858343987189204,0,0,DATA
23660,946.4,0.8022451281527568,0.1329222653798804,0.7174551359965174,0.20217720142257212,0.3481644880174292,0.5680322497192396,0.5546006093409587,0.8866173066448801,0.23298210198310795,0.5710007452385741,0.44187402313937657,0.3343876949597478,0.5877536597091726,0.2579101730456892,0.532622388773008,0.5271680836225691,0.33437498091689993,0.022327730241990466,0.42398649797375665,0.449072192723716,0.42027838539382584,0.0002640516221760758,0,0,DATA
23680,947.2,0.8011145610754986,0.12891014896875783,0.732886629418007,0.20327799558487106,0.3481644880174292,0.5680322497192396,0.5546006093409587,0.8866173066448801,0.23298210198310795,0.5710007452385741,0.44187402313937657,0.3343876949597478,0.5885254124922467,0.2568038520501661,0.5322351864896782,0.5273353677287935,0.33487461530469653,0.022190334409476282,0.42524183667815385,0.4519807601864921,0.42364154341226384,0.0007550920206423525,0.04472620736898838,0,DATA
23700,948.0,0.7999950247192894,0.12558952904266718,0.7482203042110196,0.20527853479911404,0.3481644880174292,0.5680322497192396,0.5546006093409587,0.8866173066448801,0.23298210198310795,0.5710007452385741,0.44187402313937657,0.3343876949597478,0.5894542685116481,0.2555421821722038,0.5318839231698753,0.5275017746580741,0.3354168138249791,0.022031467942263586,0.4267564163950782,0.4552287613041421,0.42726502332883104,0.0008472630723888411,0,0,DATA
23720,948.8,0.7994681032135076,0.12668300788833525,0.7626048121180086,0.21227072731229152,0.3481644880174292,0.5680322497192396,0.5546006093409587,0.8866173066448801,0.23298210198310795,0.5710007452385741,0.44187402313937657,0.3343876949597478,0.5895032947598781,0.2554698552856022,0.5316678906577202,0.52751342497726,0.3375120492372282,0.022022602115411193,0.4299653252135869,0.46057534016466734,0.4323709184844858,0.00011246188232890326,0,0,DATA
23740,949.6,0.799438906171443,0.12939444502250588,0.7637947245364647,0.21621779798569796,0.3481644880174292,0.5680322497192396,0.5546006093409587,0.8866173066448801,0.23298210198310795,0.5710007452385741,0.44187402313937657,0.3343876949597478,0.5889486008361714,0.25620735961718943,0.5315969495252402,0.5274220197733195,0.3386867183314337,0.02211602266581034,0.4312820431425335,0.4624057564028001,0.4338616065897003,0.00045437979592466426,0,0,DATA
23760,950.4,0.800509933540724,0.12877648764060992,0.7624884438121029,0.2178906352979285,0.3481644880174292,0.5680322497192396,0.5546006093409587,0.8866173066448801,0.23298210198310795,0.5710007452385741,0.44187402313937657,0.3343876949597478,0.5889119637092575,0.25625558284973476,0.5318005829330451,0.5274162267205038,0.33861262108496587,0.022122156911869795,0.4309878095187589,0.4621481784378125,0.4338840130006996,9.61645890880658e-05,0,0,DATA
23780,951.2,0.7679975869888552,0.18072202610936047,0.7823567782169911,0.22234530208743117,0.3481644880174292,0.5680322497192396,0.5546006093409587,0.8866173066448801,0.23298210198310795,0.5710007452385741,0.44187402313937657,0.3343876949597478,0.5779924094927456,0.27081480059074853,0.5250340801794942,0.5255963949582529,0.3556208369605914,0.02400003930891092,0.44923722247686304,0.48282989151535566,0.4442826260749479,0.01074842490369221,0.06633286754129637,0,DATA
23800,952.0,0.7352261330547175,0.173886369170466,0.7843185461590593,0.23581857962489897,0.4171596711601307,0.17142509729725147,0.4251613562091503,0.6726736111111111,0.23298210198310795,0.5710007452385741,0.44187402313937657,0.3343876949597478,0.46510202850680316,0.2877575704301295,0.47987913315035363,0.5386722290383368,0.36284542069381276,0.03232339754802626,0.4403410225028913,0.4754771960893376,0.4431652296337106,0.058329365951487966,0,0,DATA
23820,952.8,0.703082251864421,0.12007825483381744,0.7854275082951089,0.2440206274192218,0.4171596711601307,0.17142509729725147,0.4251613562091503,0.6726736111111111,0.23298210198310795,0.5710007452385741,0.44187402313937657,0.3343876949597478,0.4425346182217167,0.2777741293676822,0.4595824339916492,0.5323802444270171,0.3461357046353557,0.032518386825977894,0.41261079295738257,0.44867806753686595,0.4337972744570607,0.01761585016874606,0,0,DATA
23840,953.6,0.671413084464555,0.11897230288016239,0.7864380352285851,0.2485357846334293,0.4171596711601307,0.17142509729725147,0.4251613562091503,0.6726736111111111,0.23298210198310795,0.5710007452385741,0.44187402313937657,0.3343876949597478,0.4359966450464583,0.2744694305019246,0.446842899090066,0.5307636072722668,0.3417442691319126,0.03250835272340742,0.4060366840826426,0.4426565270768944,0.4316201281002363,0.00752740231419972,0,0,DATA
23860,954.4,0.6393704436902966,0.10810759629016559,0.7880248904407406,0.25567303948854353,0.4171596711601307,0.17142509729725147,0.4251613562091503,0.6726736111111111,0.23298210198310795,0.5710007452385741,0.44187402313937657,0.3343876949597478,0.43631684147778016,0.2704359029969982,0.4362920840569968,0.532940469240391,0.3354983011322798,0.032012434435622884,0.39559964433422323,0.4330918983352021,0.4286103228083727,0.0049681796564391605,0,0,DATA
23880,955.2,0.6066234079101727,0.1023711287632069,0.7910756609573603,0.2505548316631577,0.4171596711601307,0.17142509729725147,0.4251613562091503,0.6726736111111111,0.23298210198310795,0.5710007452385741,0.44187402313937657,0.3343876949597478,0.437617558587838,0.2676196338379719,0.42624996203325005,0.5349989623749329,0.3304323061191196,0.031605962440001766,0.38736580427073897,0.42465131454084115,0.4242142001653942,0.0047197027642769855,0.03071133862896207,0,DATA
23900,956.0,0.5747966354009553,0.0982412156787486,0.7917799881208715,0.2476248200969525,0.4171596711601307,0.17142509729725147,0.4251613562091503,0.6726736111111111,0.23298210198310795,0.5710007452385741,0.44187402313937657,0.3343876949597478,0.4388750554685916,0.26561837742661565,0.4165537031991904,0.5366283390209879,0.3259919431750283,0.0312994704330068,0.37948934996781436,0.41655229179764725,0.4200021154294405,0.004318337375389836,0,0,DATA
23920,956.8,0.5422108052622758,0.08748364628177298,0.7940399737305666,0.24447171155412115,0.4171596711601307,0.17142509729725147,0.4251613562091503,0.6726736111111111,0.23298210198310795,0.5710007452385741,0.44187402313937657,0.3343876949597478,0.4415113941061826,0.2620058810720556,0.4068018012198498,0.5397527565170634,0.31964144177913195,0.03072873284374186,0.36912115330322726,0.4060947828397465,0.41506427169988375,0.005333578990497208,0,0,DATA
23940,957.6,0.509736035172616,0.08617019898421276,0.7959752154042884,0.24081862877212462,0.4171596711601307,0.17142509729725147,0.4251613562091503,0.6726736111111111,0.23298210198310795,0.5710007452385741,0.44187402313937657,0.3343876949597478,0.44257811962994753,0.26055436692237066,0.3970565289072191,0.5410118763537883,0.3160485058041053,0.030500128081184255,0.36248786870101557,0.3992897141267073,0.4113729714583149,0.004087837328693518,0,0,DATA
23960,958.4,0.4770273286932294,0.08618100455156028,0.7982687611929867,0.23776817163910915,0.4171596711601307,0.17142509729725147,0.4251613562091503,0.6726736111111111,0.23298210198310795,0.5710007452385741,0.44187402313937657,0.3343876949597478,0.442895868117934,0.26012193823632257,0.38726411885275863,0.5413869649408056,0.31332728817422434,0.03043215138277164,0.35640915878981694,0.39313531308107696,0.40806701666604983,0.003514195742831683,0,0,DATA
23980,959.2,0.44410092095064524,0.08383040227003954,0.8007301315462301,0.23509674811745024,0.4171596711601307,0.17142509729725147,0.4251613562091503,0.6726736111111111,0.23298210198310795,0.5710007452385741,0.44187402313937657,0.3343876949597478,0.4434848191434493,0.25933404099168234,0.37741185021047785,0.5420753890758834,0.31003284834451295,0.030307899452196703,0.34937591039934046,0.3860810593737589,0.4045028434335423,0.0037430389708120924,0.025149120681011862,0,DATA
24000,960.0,0.41152631792567457,0.08034962823402064,0.8033087716655356,0.23182896242867473,0.4184926470588235,0.1661604528813479,0.42710733251633987,0.6720976307189542,0.23298210198310795,0.5710007452385741,0.44187402313937657,0.3343876949597478,0.44291836656221484,0.2584029800269304,0.36816037634856286,0.5422576932676422,0.3064900450646667,0.03022982638170469,0.34198440820379994,0.37862064262127126,0.40071436991771375,0.003582995802633789,0,0,DATA
24020,960.8,0.37891836088067704,0.07235326561001681,0.8073771034154122,0.22771313055922582,0.4184926470588235,0.1661604528813479,0.42710733251633987,0.6720976307189542,0.23298210198310795,0.5710007452385741,0.44187402313937657,0.3343876949597478,0.44442766693888536,0.2558846802027838,0.3585372632105389,0.5442714933680507,0.30141457712194564,0.02985411424272014,0.33307793809517416,0.36970942250068833,0.3964480363831928,0.004550237779613682,0,0,DATA
24040,961.6,0.3793938929738563,0.018059297981767024,0.791453082911095,0.2194416599802097,0.4184926470588235,0.1661604528813479,0.42710733251633987,0.6720976307189542,0.23298210198310795,0.5710007452385741,0.44187402313937657,0.3343876949597478,0.456282190253819,0.23992687931962986,0.3557501910086993,0.5581776554670945,0.2809491630553089,0.027395028637810136,0.3082706533616466,0.3424825886588275,0.3827161952063907,0.010199798799975734,0,0,DATA
24060,962.4,0.3797511966859393,0.042717221438577625,0.80733805702097,0.21241681479789482,0.4184926470588235,0.1661604528813479,0.42710733251633987,0.6720976307189542,0.23298210198310795,0.5710007452385741,0.44187402313937657,0.3343876949597478,0.4546603833223688,0.24204375762259067,0.3549891031276849,0.556308312849889,0.2878183451730342,0.02771917050023458,0.32138227830876254,0.35648022649869937,0.38901688858712635,0.0014999243718084772,0,0,DATA
24080,963.2,0.3800967168384448,0.04412609503782699,0.8075516249989796,0.21309442784066995,0.4184926470588235,0.1661604528813479,0.42710733251633987,0.6720976307189542,0.23298210198310795,0.5710007452385741,0.44187402313937657,0.3343876949597478,0.4538779777870914,0.24307330572126873,0.35483333599540673,0.5554023360329113,0.2887418680993935,0.027877013905959924,0.32205764537456527,0.3572447116665806,0.3894516862453217,0.0006559069220778794,0.013237828511348096,0,DATA
24100,964.0,0.3802044709443606,0.04793520348327967,0.8076637569149127,0.20304030304142875,0.4184926470588235,0.1661604528813479,0.42710733251633987,0.6720976307189542,0.23298210198310795,0.5710007452385741,0.44187402313937657,0.3343876949597478,0.45284334335296306,0.24444872051559888,0.3548092342179656,0.554197311418682,0.2897964854936796,0.028087866374181814,0.32362526595711605,0.35781813296080067,0.38805103594186624,0.000811383668633194,0,0,DATA
24120,964.8,0.38014149436484,0.046753212655536065,0.8076314141179766,0.1884368420968657,0.4184926470588235,0.1661604528813479,0.42710733251633987,0.6720976307189542,0.23298210198310795,0.5710007452385741,0.44187402313937657,0.3343876949597478,0.4527811710965507,0.2445303875221297,0.3547887786030339,0.5541253917872104,0.2890633094653826,0.02810044278114495,0.32313340575072735,0.35586269238026197,0.384938661771606,5.4764959291621805e-05,0,0,DATA
24140,965.6,0.3802970700833752,0.04945247103018014,0.8077321912345916,0.18388188081618578,0.4184926470588235,0.1661604528813479,0.42710733251633987,0.6720976307189542,0.23298210198310795,0.5710007452385741,0.44187402313937657,0.3343876949597478,0.4521956751609518,0.24531067996898928,0.3548153128194468,0.5534424975959813,0.2898057071336908,0.028220272797406194,0.324264379667615,0.35654824788074313,0.38447331012267394,0.000464107532957105,0,0,DATA
24160,966.4,0.38065532302664656,0.050276432537565564,0.8080498289093997,0.18060209994995388,0.4184926470588235,0.1661604528813479,0.42710733251633987,0.6720976307189542,0.23298210198310795,0.5710007452385741,0.44187402313937657,0.3343876949597478,0.4518469944637212,0.2457754769251151,0.35489850620245766,0.553035758769303,0.2901520046703374,0.028291738936358977,0.32472914239418504,0.3567167962881709,0.3840561828885645,0.00029889034545578047,0,0,DATA
24180,967.2,0.3809145613373555,0.05098514756893852,0.8081934866538399,0.1777063632043469,0.4184926470588235,0.1661604528813479,0.42710733251633987,0.6720976307189542,0.23298210198310795,0.5710007452385741,0.44187402313937657,0.3343876949597478,0.45159356009796364,0.24611335622073727,0.3549779042626098,0.5527401019386132,0.2903902751770956,0.0283437313944448,0.32509320761776406,0.3568056536116332,0.38364518106133005,0.0002235705738439416,0.015295544270681556,0,DATA
24200,968.0,0.38119248968283903,0.05102215509209578,0.8082642516727552,0.17674890374786523,0.42713290611383437,0.16579800969639447,0.4335277947984749,0.6634095860566449,0.23298210198310795,0.5710007452385741,0.44187402313937657,0.3343876949597478,0.45140827411658646,0.2480395365174602,0.3568578180722048,0.5516843687995632,0.2915443322504838,0.028575211859341445,0.3251777492999067,0.35680152585001923,0.38350472438778443,0.001330460029231706,0,0,DATA
24220,968.8,0.3812752364567622,0.051132026539699504,0.8083812387474871,0.17646276746494569,0.42713290611383437,0.16579800969639447,0.4335277947984749,0.6634095860566449,0.23298210198310795,0.5710007452385741,0.44187402313937657,0.3343876949597478,0.4513296153181765,0.24864815461180614,0.3574391690376072,0.5513407303531851,0.2919362952782729,0.02864943451466989,0.32526164464867924,0.35686850627797295,0.3835014992944164,0.00042287595271943884,0,0,DATA
24240,969.6,0.3812464976642367,0.053691970308305824,0.8084900308942599,0.1708414128689399,0.42713290611383437,0.16579800969639447,0.4335277947984749,0.6634095860566449,0.23298210198310795,0.5710007452385741,0.44187402313937657,0.3343876949597478,0.45076842948724616,0.2495475242953197,0.3576075391807975,0.5506104525959632,0.29267140986172846,0.028782469524120485,0.3263016328269712,0.35735723821134163,0.38278554409794685,0.0005429752192114093,0,0,DATA
24260,970.4,0.381047355507374,0.05437742980844798,0.8083689294870091,0.16514847125715748,0.42713290611383437,0.16579800969639447,0.4335277947984749,0.6634095860566449,0.23298210198310795,0.5710007452385741,0.44187402313937657,0.3343876949597478,0.45045612724293727,0.25000926386041356,0.35761623037081347,0.5502234316912619,0.2927999459149171,0.02885212240826874,0.32651176791420544,0.3569859689966725,0.3816995851331127,0.0002609109998062316,0,0,DATA
24280,971.2,0.41052851228632475,0.13016939744925646,0.795531964877038,0.165190063479091,0.42713290611383437,0.16579800969639447,0.4335277947984749,0.6634095860566449,0.23298210198310795,0.5710007452385741,0.44187402313937657,0.3343876949597478,0.4344461233650747,0.27136953666936814,0.36380988065139785,0.5315382933478533,0.3185625449008161,0.032229559627436774,0.36015739340432473,0.38935205724798805,0.392815573249023,0.014521308989133841,0.07704702400369917,0,DATA
24300,972.0,0.44082198183760685,0.13936685695273085,0.7821897246733361,0.18051745403664338,0.42713290611383437,0.16579800969639447,0.4335277947984749,0.6634095860566449,0.23298210198310795,0.5710007452385741,0.44187402313937657,0.3343876949597478,0.42771165570598635,0.2803529071730273,0.3720296043413424,0.5236793742664795,0.32685966508552794,0.03369296722345366,0.3672266230752306,0.39661980195427887,0.39695445719025735,0.007979187284230693,0,0,DATA
24320,972.8,0.4715220823906485,0.11743091705413775,0.7528417808670341,0.1905544071319387,0.42713290611383437,0.16579800969639447,0.4335277947984749,0.6634095860566449,0.23298210198310795,0.5710007452385741,0.44187402313937657,0.3343876949597478,0.43029786278696436,0.276905855152519,0.3809425425644646,0.5266960038172226,0.3206174164007469,0.033128310072310596,0.35872267846514116,0.3861847582730889,0.39140448092825614,0.0049820657748695,0,0,DATA
24340,973.6,0.501707175925926,0.12010597783380621,0.7517024712718746,0.18260734529570294,0.42713290611383437,0.16579800969639447,0.4335277947984749,0.6634095860566449,0.23298210198310795,0.5710007452385741,0.44187402313937657,0.3343876949597478,0.43051196214752746,0.27662075656467366,0.38995529367380943,0.5269456027914269,0.3228345748307403,0.03308176449590931,0.3656018595650322,0.3921553022298403,0.3929500096326971,0.0031706496859177555,0,0,DATA
24360,974.4,0.5315471420940171,0.12441813315658419,0.750627612476032,0.17650013526195651,0.42713290611383437,0.16579800969639447,0.4335277947984749,0.6634095860566449,0.23298210198310795,0.5710007452385741,0.44187402313937657,0.3343876949597478,0.429670639337913,0.2777426304786979,0.39892551190191206,0.5259640044296076,0.3262115698673957,0.03326500314259963,0.37307974316859305,0.39891497895044237,0.395090672842213,0.003644471650580442,0,0,DATA
24380,975.2,0.5628613624937155,0.13327937019583577,0.7471939619189635,0.17094986372360352,0.42713290611383437,0.16579800969639447,0.4335277947984749,0.6634095860566449,0.23298210198310795,0.5710007452385741,0.44187402313937657,0.3343876949597478,0.4275573827167858,0.2805603390238956,0.40819256365427947,0.5234985218464451,0.3311910816243881,0.033726985903107985,0.38220035195281976,0.40713719552512684,0.39758281349113284,0.0047326723062307745,0.15766712145686648,0,DATA
24400,976.0,0.5951200351935646,0.14556745227182757,0.7425875659234047,0.16665191321846567,0.3514156539351852,0.5541534670269231,0.558094958469499,0.8842109204793028,0.23298210198310795,0.5710007452385741,0.44187402313937657,0.3343876949597478,0.5330824365470375,0.2689456916112163,0.45262580627484483,0.5489859359208731,0.3280443945852546,0.026370848075939,0.39264604012407445,0.4166924490463119,0.40064070397259927,0.05385764795449879,0,0,DATA
24420,976.8,0.6270506012233954,0.15071702415044613,0.7384126380230109,0.16403293709439445,0.3514156539351852,0.5541534670269231,0.558094958469499,0.8842109204793028,0.23298210198310795,0.5710007452385741,0.44187402313937657,0.3343876949597478,0.5636585426016031,0.26690317751342574,0.4726611979272789,0.5347191399424855,0.3295915125165355,0.024456793506698955,0.40025699650140933,0.42362401502120023,0.40303866915746245,0.01755133726826341,0,0,DATA
24440,977.6,0.6579541645718117,0.159251550808155,0.7357610328017103,0.16256270395459083,0.3514156539351852,0.5541534670269231,0.558094958469499,0.8842109204793028,0.23298210198310795,0.5710007452385741,0.44187402313937657,0.3343876949597478,0.5710391238198538,0.26868009074824706,0.48516156372617647,0.5301403927159496,0.33411846783838683,0.02420318189930114,0.409321198789916,0.43227603347359644,0.4064522565576745,0.007219286750656528,0,0,DATA
24460,978.4,0.6877793685583208,0.1632991672417114,0.7348251141281611,0.15970125860599124,0.3514156539351852,0.5541534670269231,0.558094958469499,0.8842109204793028,0.23298210198310795,0.5710007452385741,0.44187402313937657,0.3343876949597478,0.5724032987342822,0.2703464973200892,0.4951749663030127,0.5286251019728143,0.33792517867501204,0.024275846795090383,0.41671810242593055,0.4392932007073962,0.40923565068325163,0.004347994687702268,0,0,DATA
24480,979.2,0.7181275334653091,0.1726361843735647,0.7336942873913261,0.15734056495552523,0.3514156539351852,0.5541534670269231,0.558094958469499,0.8842109204793028,0.23298210198310795,0.5710007452385741,0.44187402313937657,0.3343876949597478,0.5708517776109214,0.2734607840885608,0.5045521017065311,0.5278437191502588,0.3434853997153117,0.024644593970793188,0.4262963769127025,0.4485223231554381,0.4129161743294265,0.004680981098450239,0.11453890477311336,0,DATA
24500,980.0,0.7485946795919222,0.1750326489096732,0.7331182771981185,0.15619176395587367,0.3514156539351852,0.5541534670269231,0.558094958469499,0.8842109204793028,0.23298210198310795,0.5710007452385741,0.44187402313937657,0.3343876949597478,0.5698830637213306,0.27506608018921264,0.5137633430141753,0.5275254280447284,0.3471543101284382,0.024845221733885054,0.4332331899138271,0.45528665503727667,0.41594859587427185,0.003928417099295626,0,0,DATA
24520,980.8,0.7794024360545498,0.1745551706259427,0.7318364422080559,0.15611558881558538,0.3514156539351852,0.5541534670269231,0.558094958469499,0.8842109204793028,0.23298210198310795,0.5710007452385741,0.44187402313937657,0.3343876949597478,0.5696927199940367,0.2754139750999636,0.5229963442636204,0.5274466524529998,0.34959440386208307,0.024887654085188043,0.4389473828948478,0.4608650470052623,0.41862205600240177,0.003257079962496671,0,0,DATA
24540,981.6,0.7803334354575161,0.1002631988960114,0.743902194526214,0.15549020244446193,0.3514156539351852,0.5541534670269231,0.558094958469499,0.8842109204793028,0.23298210198310795,0.5710007452385741,0.44187402313937657,0.3343876949597478,0.5852369309391341,0.2547165914888082,0.5259617545130768,0.5300232387860287,0.3267866129941722,0.022185877397590394,0.4118299445471002,0.4348916452522182,0.41046272098852354,0.013069001601903071,0,0,DATA
24560,982.4,0.7800389773965141,0.10193426321503184,0.7572118609457387,0.1585801031730621,0.3514156539351852,0.5541534670269231,0.558094958469499,0.8842109204793028,0.23298210198310795,0.5710007452385741,0.44187402313937657,0.3343876949597478,0.589549270715669,0.24897527441478728,0.5267895413951034,0.5307377274347718,0.3253063923954097,0.021460337421036334,0.4151014119464129,0.4398030693663434,0.4146293315808776,0.0036271479108607916,0,0,DATA
24580,983.2,0.7789640221740405,0.10770877215238513,0.7712287417043885,0.15785926488335142,0.3514156539351852,0.5541534670269231,0.558094958469499,0.8842109204793028,0.23298210198310795,0.5710007452385741,0.44187402313937657,0.3343876949597478,0.5896303257717853,0.24886974179503993,0.5268121368629919,0.5307499662165873,0.3277341899951895,0.02144700492179499,0.41999960062858943,0.44603086229541383,0.41874806493095357,6.972771458406875e-05,0.03231263164571554,0,DATA
24600,984.0,0.7783412937824703,0.14126961449944217,0.7729285625082879,0.1510452408243073,0.34711316210511983,0.5611485724563747,0.5408757999727669,0.8773195806100218,0.23298210198310795,0.5710007452385741,0.44187402313937657,0.3343876949597478,0.5845654949159846,0.25733159458197796,0.5218667781620436,0.5290514552510186,0.338062635705662,0.022449928963905342,0.43363935604987813,0.459159197391188,0.42278206883302116,0.006157347447895654,0,0,DATA
24620,984.8,0.7780930861928105,0.13571592891759682,0.774330975470507,0.1518683175272824,0.34711316210511983,0.5611485724563747,0.5408757999727669,0.8773195806100218,0.23298210198310795,0.5710007452385741,0.44187402313937657,0.3343876949597478,0.5842123196314319,0.2583151184551427,0.5203310469579308,0.5287362809567127,0.3379455163528781,0.02255489122038509,0.4316487228916518,0.45739111319948117,0.4224394138179281,0.000957476787276775,0,0,DATA
24640,985.6,0.7761206165158371,0.1418047082657501,0.7784088467170367,0.15785904262691808,0.34711316210511983,0.5611485724563747,0.5408757999727669,0.8773195806100218,0.23298210198310795,0.5710007452385741,0.44187402313937657,0.3343876949597478,0.582827723382954,0.260315033834575,0.5194561089645324,0.5284286213912355,0.34069084625565316,0.02280520521350673,0.43450531494482436,0.4612545648872703,0.42537309658401334,0.0014198165404361955,0,0,DATA
24660,986.4,0.7746044979156194,0.1351332363023037,0.781066345853065,0.15779744700740633,0.34711316210511983,0.5611485724563747,0.5408757999727669,0.8773195806100218,0.23298210198310795,0.5710007452385741,0.44187402313937657,0.3343876949597478,0.5838133536207343,0.2590469962986397,0.5188752426604673,0.528569825040313,0.339057734803466,0.022640499135272114,0.43206500226660793,0.4590738425607055,0.42487281958957934,0.0009448446925935938,0,0,DATA
24680,987.2,0.7736958218116308,0.13287429417950447,0.7825459343347329,0.15848536256688786,0.34711316210511983,0.5611485724563747,0.5408757999727669,0.8773195806100218,0.23298210198310795,0.5710007452385741,0.44187402313937657,0.3343876949597478,0.5845834205378562,0.2580340812434754,0.5185101607874101,0.5286912491093342,0.33822092818257987,0.02251024343711251,0.4312756078930241,0.4585011985912366,0.42495059089307385,0.0007160212817811281,0.05078377960007251,0,DATA
24700,988.0,0.7723104025263952,0.13443716014376325,0.784437564772653,0.1593068480467655,0.34711316210511983,0.5611485724563747,0.5408757999727669,0.8773195806100218,0.23298210198310795,0.5710007452385741,0.44187402313937657,0.3343876949597478,0.5844862387604984,0.2581678091969185,0.5181096981755934,0.5286729760212914,0.3387002450378538,0.022527178260378453,0.4320019965092645,0.4594988987992568,0.4256836835646447,0.00021045744753918813,0,0,DATA
24720,988.8,0.7723730517848164,0.1364578797480259,0.7835868785086996,0.15904987100331466,0.34711316210511983,0.5611485724563747,0.5408757999727669,0.8773195806100218,0.23298210198310795,0.5710007452385741,0.44187402313937657,0.3343876949597478,0.5840327331103959,0.258773729072145,0.5180027157363168,0.5285967689087294,0.33927976260693304,0.022604694173243917,0.4326526769498632,0.46003881290911497,0.42572898945644766,0.0003888026548685142,0,0,DATA
24740,989.6,0.7724298747276688,0.13555202410584785,0.7827685191976669,0.15771153829843557,0.34711316210511983,0.5611485724563747,0.5408757999727669,0.8773195806100218,0.23298210198310795,0.5710007452385741,0.44187402313937657,0.3343876949597478,0.5840869111002226,0.2587018654549031,0.5179825538225329,0.5286056117224371,0.3389445169437485,0.022595473312751507,0.4321380274193558,0.4593084941770165,0.42512653703567227,4.873450695084639e-05,0,0,DATA
24760,990.4,0.7714654231083459,0.14316630125440455,0.7827778010050712,0.15709700773829624,0.34711316210511983,0.5611485724563747,0.5408757999727669,0.8773195806100218,0.23298210198310795,0.5710007452385741,0.44187402313937657,0.3343876949597478,0.5825041662959738,0.2608123039713264,0.51777397040834,0.5283417648663499,0.3413284408623086,0.022866490560223128,0.4349927043163948,0.462102646198782,0.42605164778584664,0.001300588911621677,0,0,DATA
24780,991.2,0.7406743272896765,0.2168634366798114,0.7989037616807462,0.15857302164203757,0.34711316210511983,0.5611485724563747,0.5408757999727669,0.8773195806100218,0.23298210198310795,0.5710007452385741,0.44187402313937657,0.3343876949597478,0.5665529444153636,0.2820806334453673,0.5112452652621615,0.5256832110696344,0.3654118483865354,0.025676074200912145,0.46153853145795865,0.4904086707982875,0.4383538014674577,0.014582752166943177,0.09693063891084566,0,DATA
24800,992.0,0.7100627998261271,0.2149342180266531,0.8002544654584429,0.16998251923631352,0.4222533275462963,0.1647509285266639,0.42931483183551195,0.6678465413943355,0.23298210198310795,0.5710007452385741,0.44187402313937657,0.3343876949597478,0.4511813734680248,0.3037003858073423,0.4716211618725311,0.5237404938303412,0.3762445669792257,0.03500205000936348,0.4549146792595249,0.48506083873705086,0.43762284138640845,0.05887180889964808,0,0,DATA
24820,992.8,0.6796219375837941,0.20386326709642633,0.8008599404458644,0.1658685376453405,0.4222533275462963,0.1647509285266639,0.42931483183551195,0.6678465413943355,0.23298210198310795,0.5710007452385741,0.44187402313937657,0.3343876949597478,0.41889480187917083,0.30708644525547135,0.45334134978475205,0.5059041783118496,0.3739776792547319,0.037474401218184385,0.44451922143645184,0.4743145302536227,0.43224668495130186,0.017984147708254017,0,0,DATA
24840,993.6,0.6496387684347243,0.196007627029735,0.8011342561685628,0.1550525539674169,0.4222533275462963,0.1647509285266639,0.42931483183551195,0.6678465413943355,0.23298210198310795,0.5710007452385741,0.44187402313937657,0.3343876949597478,0.4108585148165198,0.3059026838712365,0.4415609406371137,0.5024779154726416,0.36921214502120164,0.0378461919144777,0.4354351947245011,0.4641763367461494,0.4259754042214811,0.007000152531508079,0,0,DATA
24860,994.4,0.6199342804696665,0.1580037387421059,0.8012705474136474,0.16062070973196096,0.4222533275462963,0.1647509285266639,0.42931483183551195,0.6678465413943355,0.23298210198310795,0.5710007452385741,0.44187402313937657,0.3343876949597478,0.4164284452381266,0.29490646673542986,0.4317888754201601,0.5107609892513483,0.3543965147564843,0.036140795313446356,0.4143200000654548,0.44363158678806597,0.41845207614601093,0.008779404258122347,0,0,DATA
24880,995.2,0.5903335532931121,0.1545969837370938,0.8016966610858958,0.16417076361254226,0.4222533275462963,0.1647509285266639,0.42931483183551195,0.6678465413943355,0.23298210198310795,0.5710007452385741,0.44187402313937657,0.3343876949597478,0.4188148429156612,0.29065371019328445,0.4226411031479975,0.5140805663611883,0.34912485765216383,0.03547396066532428,0.40712237536258866,0.43683157884048285,0.415797529371782,0.005262308830614182,0.1107507082011927,0,DATA
24900,996.0,0.5607054948047595,0.13942294358859636,0.8017519865432864,0.1671161122607268,0.4222533275462963,0.1647509285266639,0.42931483183551195,0.6678465413943355,0.23298210198310795,0.5710007452385741,0.44187402313937657,0.3343876949597478,0.4227173106501061,0.2851291519890615,0.41367487918379475,0.5187940793305222,0.34113648462761653,0.03456602597118301,0.39513821269699734,0.42514748358544907,0.41116151859465666,0.00613108330095687,0,0,DATA
24920,996.8,0.5295643290703034,0.13049076567893708,0.8042459801977841,0.16891371921002493,0.4222533275462963,0.1647509285266639,0.42931483183551195,0.6678465413943355,0.23298210198310795,0.5710007452385741,0.44187402313937657,0.3343876949597478,0.42576380833146793,0.28097077471309007,0.4044453671902981,0.5223965168091889,0.33509220005424334,0.03388215340469441,0.3858359071171419,0.41627433806597325,0.40769059513824624,0.00547812898360998,0,0,DATA
24940,997.6,0.4981559711224233,0.12721032455027104,0.8075108758597125,0.16936421373735394,0.4222533275462963,0.1647509285266639,0.42931483183551195,0.6678465413943355,0.23298210198310795,0.5710007452385741,0.44187402313937657,0.3343876949597478,0.42736665027289633,0.27880473801427214,0.39508075842319434,0.524280956129312,0.33116484607906016,0.03352710712026904,0.37889503820848514,0.4097050081762422,0.4049640159951062,0.004377829135783366,0,0,DATA
24960,998.4,0.4682346656611362,0.11636990801837192,0.808817091040829,0.16874653128736955,0.4222533275462963,0.1647509285266639,0.42931483183551195,0.6678465413943355,0.23298210198310795,0.5710007452385741,0.44187402313937657,0.3343876949597478,0.43012399032702375,0.27511961037569505,0.3859879016461929,0.5275021899756643,0.3249576369376417,0.03292465380617386,0.3688358535396914,0.3997146767805616,0.4005488402744749,0.005178441489901986,0,0,DATA
24980,999.2,0.43786738520194396,0.11120374444987244,0.8111759355728547,0.17004344317341888,0.4222533275462963,0.1647509285266639,0.42931483183551195,0.6678465413943355,0.23298210198310795,0.5710007452385741,0.44187402313937657,0.3343876949597478,0.4320360866926468,0.27256754628494206,0.3768829157166621,0.5297342702038523,0.32050536769477966,0.03250979134800155,0.36116770092685835,0.39241209980953606,0.39758628120349704,0.00452304879530228,0.03336112333496173,0,DATA
25000,1000.0,0.40737955238185014,0.10177619672706814,0.8139334677720088,0.1715069805594752,0.4259373723447712,0.16496600439361092,0.4316350081699346,0.6638082107843137,0.23298210198310795,0.5710007452385741,0.44187402313937657,0.3343876949597478,0.4346497218668678,0.26993586310301065,0.36839862441922155,0.5323569293819286,0.31536836888370534,0.03204774620951277,0.35185062171354864,0.3835171275547475,0.3941054562900668,0.004576536551197645,0,0,DATA
25020,1000.8,0.3780596667085638,0.08907557022111422,0.81539564334692,0.17326883044069563,0.4259373723447712,0.16496600439361092,0.4316350081699346,0.6638082107843137,0.23298210198310795,0.5710007452385741,0.44187402313937657,0.3343876949597478,0.43810094398538446,0.26559018272676416,0.3596961610385992,0.5362553806293101,0.3086292046273801,0.03133932332179278,0.341198829091492,0.37318773747830397,0.38998628761681703,0.00549978862512851,0,0,DATA
25040,1001.6,0.3781633293007375,0.01394760477670903,0.801353467347701,0.17018326568162848,0.4259373723447712,0.16496600439361092,0.4316350081699346,0.6638082107843137,0.23298210198310795,0.5710007452385741,0.44187402313937657,0.3343876949597478,0.4549131833642645,0.24325064828945675,0.357107191168769,0.5558312675374039,0.28140481879099577,0.02784447151934256,0.3083599402323209,0.33863607454330424,0.37459980210775534,0.013913581228672553,0,0,DATA
25060,1002.4,0.3779868050318419,0.0901687951597986,0.8151214723055674,0.17315083550519822,0.4259373723447712,0.16496600439361092,0.4316350081699346,0.6638082107843137,0.23298210198310795,0.5710007452385741,0.44187402313937657,0.3343876949597478,0.4439504051974797,0.25789072126552964,0.35629343011135184,0.5430298419659749,0.3041409944843089,0.030114006523235766,0.3415667125233509,0.37351640431247785,0.39005084344250984,0.00880553740009162,0,0,DATA
25080,1003.2,0.37793986718619066,0.09015368313266066,0.8152321396049422,0.1989046612937524,0.4259373723447712,0.16496600439361092,0.4316350081699346,0.6638082107843137,0.23298210198310795,0.5710007452385741,0.44187402313937657,0.3343876949597478,0.4406647452731432,0.26227851179075284,0.35603944484653993,0.5391931167411951,0.3078109289549158,0.030807339822390947,0.34157341360324045,0.3761095547011603,0.3952223148364285,0.0026424785714572,0.027046104939798195,0,DATA
25100,1004.0,0.37797400677685605,0.08969895950877263,0.8152509569275515,0.21654489995856765,0.4259373723447712,0.16496600439361092,0.4316350081699346,0.6638082107843137,0.23298210198310795,0.5710007452385741,0.44187402313937657,0.3343876949597478,0.4397745392568587,0.26346752633363113,0.3559704185811361,0.5381535064616136,0.30916218069337964,0.030996255429533985,0.34140211553634014,0.37770416223300246,0.3986902723155272,0.000716082274855534,0,0,DATA
25120,1004.8,0.37814905810080446,0.08989786187845479,0.8153476070734086,0.21889889179580224,0.4259373723447712,0.16496600439361092,0.4316350081699346,0.6638082107843137,0.23298210198310795,0.5710007452385741,0.44187402313937657,0.3343876949597478,0.43946570795434015,0.26387992336000565,0.3559864714795441,0.5377928922971673,0.30956120508526164,0.031061886665389383,0.34153601677817413,0.3780831276731456,0.3992325737072856,0.00024576040910036695,0,0,DATA
25140,1005.6,0.37812948429906157,0.09006809434146444,0.8153330545163341,0.21310271240252388,0.4259373723447712,0.16496600439361092,0.4316350081699346,0.6638082107843137,0.23298210198310795,0.5710007452385741,0.44187402313937657,0.3343876949597478,0.43933730974635254,0.2640513075575607,0.3559871768507005,0.537643001094396,0.30945611341115664,0.031089180456645202,0.34159728449161453,0.37756332219155064,0.39809327717863846,0.00010016259223301811,0,0,DATA
25160,1006.4,0.37850511799270997,0.09093847931434085,0.8156759218379747,0.20965731391003015,0.4259373723447712,0.16496600439361092,0.4316350081699346,0.6638082107843137,0.23298210198310795,0.5710007452385741,0.44187402313937657,0.3343876949597478,0.43911600943965223,0.2643464306092326,0.35606627153771364,0.5373847894152098,0.30970582767220906,0.031136212987002986,0.34208913868382285,0.37774492326667375,0.39765803542584616,0.00019850601512844124,0,0,DATA
25180,1007.2,0.3791491549878498,0.0913867367687269,0.8163168305397451,0.21213690121020332,0.4259373723447712,0.16496600439361092,0.4316350081699346,0.6638082107843137,0.23298210198310795,0.5710007452385741,0.44187402313937657,0.3343876949597478,0.43895548528222106,0.2645604796119623,0.3562252477127969,0.5371975028351293,0.3101335937623792,0.0311703432384532,0.34252543080495934,0.37849326498800456,0.3984458223789953,0.00017784977841471075,0.05416333374838166,0,DATA
25200,1008.0,0.37954380603737226,0.09052051156954696,0.8168755453349881,0.21348112608648068,0.42985447303921565,0.16207759660329324,0.4347370302287582,0.6600224673202615,0.23298210198310795,0.5710007452385741,0.44187402313937657,0.3343876949597478,0.43828048114553053,0.2652047424028442,0.3572243834621922,0.5365378693713431,0.3105339422594816,0.031283842863094324,0.3423696138942405,0.37852774204443773,0.3987638773781368,0.0007728008923225856,0,0,DATA
25220,1008.8,0.37996071492165245,0.09002163554090771,0.8174236694813426,0.21514695875117593,0.42985447303921565,0.16207759660329324,0.4347370302287582,0.6600224673202615,0.23298210198310795,0.5710007452385741,0.44187402313937657,0.3343876949597478,0.4381827438705377,0.26525833595208975,0.35761167505270963,0.536462203959224,0.3106520391393395,0.031295609198714734,0.34236307008891165,0.378742593920214,0.39920093443179655,0.0001795408049186098,0,0,DATA
25240,1009.6,0.38061460428188365,0.08892627460946836,0.818082707936253,0.21750886479925044,0.42985447303921565,0.16207759660329324,0.4347370302287582,0.6600224673202615,0.23298210198310795,0.5710007452385741,0.44187402313937657,0.3343876949597478,0.438383448483642,0.26496771295606036,0.35786517929551337,0.5367078677637908,0.31052827959802226,0.031250153174847355,0.3421875112793643,0.3788691295609651,0.3997391600514463,0.00024827728397915544,0,0,DATA
25260,1010.4,0.38076438641696,0.08900935589048892,0.8185243209084707,0.22052324188097827,0.42985447303921565,0.16207759660329324,0.4347370302287582,0.6600224673202615,0.23298210198310795,0.5710007452385741,0.44187402313937657,0.3343876949597478,0.43842621279855903,0.2649037888159373,0.35797268481672057,0.5367612119913108,0.310688769329653,0.03124023502516909,0.34233902281323125,0.37936624010022657,0.400479879116507,7.13979920824263e-05,0,0,DATA
25280,1011.2,0.4118837525661974,0.12743702521604436,0.8046633420858236,0.22398743251404638,0.42985447303921565,0.16207759660329324,0.4347370302287582,0.6600224673202615,0.23298210198310795,0.5710007452385741,0.44187402313937657,0.3343876949597478,0.4303692315346675,0.2756443589850559,0.3645400033644226,0.5273624362748057,0.32424633798175706,0.03297325668667619,0.36116176800877153,0.3971493064768089,0.40658355955121595,0.008454956660237397,0.051800975970691984,0,DATA
25300,1012.0,0.4437555317265795,0.1343170968975197,0.789638852559659,0.22744864886158717,0.42985447303921565,0.16207759660329324,0.4347370302287582,0.6600224673202615,0.23298210198310795,0.5710007452385741,0.44187402313937657,0.3343876949597478,0.4265073221023902,0.28079295010660454,0.37320327255241337,0.5228571859978928,0.32932155636731486,0.03381686718719538,0.3672832546082052,0.4021144657583802,0.40773886910744245,0.005891256580605575,0,0,DATA
25320,1012.8,0.4757763074513993,0.0599223463423831,0.7605765603753186,0.2241298852131545,0.42985447303921565,0.16207759660329324,0.4347370302287582,0.6600224673202615,0.23298210198310795,0.5710007452385741,0.44187402313937657,0.3343876949597478,0.4409716468892857,0.26150699728763094,0.38252661621102285,0.5397323248008273,0.3047882610370362,0.030699863464332792,0.3381170510942464,0.36971015666114415,0.3918524083208823,0.014357873754826203,0,0,DATA
25340,1013.6,0.5063931047846488,0.06741800419180341,0.7578189528775022,0.22023195035603427,0.42985447303921565,0.16207759660329324,0.4347370302287582,0.6600224673202615,0.23298210198310795,0.5710007452385741,0.44187402313937657,0.3343876949597478,0.4437368561769761,0.25781999563977653,0.3917531467485881,0.5429584302685998,0.305737878796868,0.03011730987615428,0.34668715220110113,0.3776147035325052,0.39456944788574216,0.005226247157703349,0,0,DATA
25360,1014.4,0.5377299758044243,0.08390838096144751,0.7538053325029345,0.21637208500001262,0.42985447303921565,0.16207759660329324,0.4347370302287582,0.6600224673202615,0.23298210198310795,0.5710007452385741,0.44187402313937657,0.3343876949597478,0.44110343984165795,0.2613312006409205,0.40110184882401045,0.5398861196003687,0.31235398270309056,0.03067199291105459,0.35874795303800033,0.3888881557963455,0.39840131333832,0.0051644411372948435,0,0,DATA
25380,1015.2,0.5686274509803921,0.08789316280128569,0.7498704743801569,0.2065584489723731,0.42985447303921565,0.16207759660329324,0.4347370302287582,0.6600224673202615,0.23298210198310795,0.5710007452385741,0.44187402313937657,0.3343876949597478,0.43947661075469646,0.2635003010564185,0.41039492923359044,0.537988154849139,0.31590007764500194,0.031016597181213315,0.3657343891845737,0.39449974252787706,0.39914233639567026,0.004363003304013143,0.026367948840385704,0,DATA
25400,1016.0,0.5991914841524216,0.10329978153053364,0.7465433450011911,0.199861197032633,0.3508755021105664,0.5856678887525872,0.547989855664488,0.876991081154684,0.23298210198310795,0.5710007452385741,0.44187402313937657,0.3343876949597478,0.5543584538972683,0.25187930053024093,0.45131209144459494,0.5468811227862453,0.3131705133766719,0.023572054993109944,0.37734441743488556,0.40510733264631843,0.4023384997895709,0.05580666862658464,0,0,DATA
25420,1016.8,0.629712801920982,0.10497101134821797,0.7430504767452479,0.19325400492873554,0.3508755021105664,0.5856678887525872,0.547989855664488,0.876991081154684,0.23298210198310795,0.5710007452385741,0.44187402313937657,0.3343876949597478,0.5884720485783262,0.2488609447213393,0.469996716839294,0.5313335033501672,0.3133851702087762,0.02150677930170738,0.38341859926448274,0.41017150843993155,0.4034466605543143,0.0186055252948862,0,0,DATA
25440,1017.6,0.6603144442873302,0.11821482352105722,0.73931991246114,0.1872038820757274,0.3508755021105664,0.5856678887525872,0.547989855664488,0.876991081154684,0.23298210198310795,0.5710007452385741,0.44187402313937657,0.3343876949597478,0.5959249264263473,0.2516637053870638,0.48202844935463685,0.5262056840932944,0.3189442953169597,0.02135511635672013,0.3940903397500666,0.41986518021180363,0.40635073097524643,0.007429123676362799,0,0,DATA
25460,1018.4,0.6919080659774592,0.12283375572018028,0.7339569367717431,0.18142070335991783,0.3508755021105664,0.5856678887525872,0.547989855664488,0.876991081154684,0.23298210198310795,0.5710007452385741,0.44187402313937657,0.3343876949597478,0.5971908140189378,0.2537978346025356,0.49227262966416674,0.5245056756892632,0.32261640750195286,0.021468740823600754,0.4011840418298622,0.42584426685107873,0.40770555330861663,0.004548065705864061,0,0,DATA
25480,1019.2,0.7228711363017428,0.13320022563162429,0.729266772460684,0.17663797486731542,0.3508755021105664,0.5856678887525872,0.547989855664488,0.876991081154684,0.23298210198310795,0.5710007452385741,0.44187402313937657,0.3343876949597478,0.5953936216153117,0.2573406849423814,0.5018481285251253,0.5236328467211534,0.3281236696606028,0.02186555333457012,0.41058521099708467,0.43429814673793504,0.4102277440514764,0.004971847201476809,0.0995843103123569,0,DATA
25500,1020.0,0.753582169379504,0.14066984841221905,0.7245952795853825,0.1722000193191987,0.3508755021105664,0.5856678887525872,0.547989855664488,0.876991081154684,0.23298210198310795,0.5710007452385741,0.44187402313937657,0.3343876949597478,0.593285843110299,0.2604950344229017,0.5111700951297427,0.5231095612333997,0.3329302042730702,0.02224887384284546,0.4187809681498146,0.441582959048323,0.41236382644789293,0.004861364863383473,0,0,DATA
25520,1020.8,0.7849196295772584,0.14245296556177986,0.719326958668174,0.1683629488132395,0.3508755021105664,0.5856678887525872,0.547989855664488,0.876991081154684,0.23298210198310795,0.5710007452385741,0.44187402313937657,0.3343876949597478,0.5922790549573873,0.2619406120689348,0.5205475517526563,0.522890166486839,0.3358041650901368,0.022427721518535164,0.42470804286574804,0.44659949462193976,0.41368054570960855,0.003943274140619494,0,0,DATA
25540,1021.6,0.7849353737221384,0.10772384678606425,0.7320197102711222,0.16487382148314966,0.3508755021105664,0.5856678887525872,0.547989855664488,0.876991081154684,0.23298210198310795,0.5710007452385741,0.44187402313937657,0.3343876949597478,0.5992701334544142,0.2526501321055444,0.5233640950099553,0.5240398672200207,0.3260580427387286,0.02126133528148968,0.41335809450502736,0.436169908688505,0.4109481147424583,0.006366033905905418,0,0,DATA
25560,1022.4,0.7846731240573152,0.1414112525626356,0.7447460162446299,0.16871147612364068,0.3508755021105664,0.5856678887525872,0.547989855664488,0.876991081154684,0.23298210198310795,0.5710007452385741,0.44187402313937657,0.3343876949597478,0.5942931017904421,0.2592954617339672,0.524153985557532,0.5232057182377952,0.33709490836928846,0.022091571074979614,0.4293258680773928,0.4537940783222703,0.4199241080639368,0.0041374172799905256,0,0,DATA
25580,1023.2,0.7856634013113791,0.14436382968291905,0.7552211306808299,0.1704019676506198,0.3508755021105664,0.5856678887525872,0.547989855664488,0.876991081154684,0.23298210198310795,0.5710007452385741,0.44187402313937657,0.3343876949597478,0.5921799510959911,0.2621157822161735,0.5245989109451585,0.5228521333439177,0.34066336857160584,0.022448174935601608,0.432799977263559,0.45848474810475437,0.4234228992718316,0.0017927988547612832,0.0809500070064775,0,DATA
25600,1024.0,0.7874986579834926,0.14208953743697328,0.7541603522642681,0.1491522671477768,0.35333256740196073,0.5988953883440322,0.5589501633986927,0.881828022875817,0.23298210198310795,0.5710007452385741,0.44187402313937657,0.3343876949597478,0.595727307144909,0.26284106024316334,0.5281866786281676,0.5207158163059639,0.3399041877321164,0.02231448727565208,0.432045156016291,0.4554988789655459,0.41875014639744196,0.0026201339196389264,0,0,DATA
25620,1024.8,0.7885687033894755,0.12843545538023518,0.7542404205623392,0.13393792851895317,0.35333256740196073,0.5988953883440322,0.5589501633986927,0.881828022875817,0.23298210198310795,0.5710007452385741,0.44187402313937657,0.3343876949597478,0.5996588711914993,0.25923550067537365,0.5294877184683267,0.5205528140665634,0.3350428371454587,0.021794352923199343,0.4268135459344067,0.44875384185058625,0.4137861879782826,0.002946054484846361,0,0,DATA
25640,1025.6,0.7897038202300151,0.13047364842736778,0.7546968228944129,0.1368104645889219,0.35333256740196073,0.5988953883440322,0.5589501633986927,0.881828022875817,0.23298210198310795,0.5710007452385741,0.44187402313937657,0.3343876949597478,0.6004103198655786,0.2587245268582338,0.5301164049568878,0.5204325766380937,0.33532284281260677,0.021710566695344345,0.42794712698778226,0.4502203167441661,0.4148940364164186,0.0006303696599267624,0,0,DATA
25660,1026.4,0.7912497250502765,0.11673224005536927,0.7548420999577926,0.13786507785590185,0.35333256740196073,0.5988953883440322,0.5589501633986927,0.881828022875817,0.23298210198310795,0.5710007452385741,0.44187402313937657,0.3343876949597478,0.6035214502259221,0.2547236403689323,0.530629650915711,0.5208774547025727,0.33090697574341177,0.02120841650059609,0.42278880001571106,0.445181978805131,0.4132346575618859,0.002541754269489401,0,0,DATA
25680,1027.2,0.7926172726034858,0.11470641632158629,0.7552275161846587,0.13957659787462712,0.35333256740196073,0.5988953883440322,0.5589501633986927,0.881828022875817,0.23298210198310795,0.5710007452385741,0.44187402313937657,0.3343876949597478,0.6048802123181195,0.25295614377668263,0.531070809689532,0.5210818219525988,0.32974646054288637,0.020989075342592714,0.42232906327821296,0.44493193569219197,0.413506196817601,0.0011891391527560358,0.03441192489647588,0,DATA
25700,1028.0,0.7918682309996647,0.1131719903126084,0.7585092232047216,0.14544984729973234,0.35333256740196073,0.5988953883440322,0.5589501633986927,0.881828022875817,0.23298210198310795,0.5710007452385741,0.44187402313937657,0.3343876949597478,0.6056100704076641,0.2519962555164939,0.5310458585848759,0.521196837037921,0.3294938309164428,0.020870804948843285,0.4222218259578703,0.445740194016366,0.4151962053959089,0.0005715658181298378,0,0,DATA
25720,1028.8,0.7902915579960615,0.1169661422665741,0.7621085629326666,0.1446335591447848,0.35333256740196073,0.5988953883440322,0.5589501633986927,0.881828022875817,0.23298210198310795,0.5710007452385741,0.44187402313937657,0.3343876949597478,0.6050322559241947,0.2527706515855477,0.5307072719227223,0.5210985462451287,0.3308386682713768,0.02096561334531618,0.42414402008432484,0.4479406933001205,0.41634423818964017,0.0005635990715589142,0,0,DATA
25740,1029.6,0.7899099997905145,0.11908778768994152,0.7640924382169451,0.14406028727763107,0.35333256740196073,0.5988953883440322,0.5589501633986927,0.881828022875817,0.23298210198310795,0.5710007452385741,0.44187402313937657,0.3343876949597478,0.6044133660402466,0.2535970311248067,0.5305255687009114,0.5209948014174732,0.33185856876565445,0.021067115144218305,0.42531314166941814,0.44925087522692614,0.4170056436302295,0.0005423242150059959,0,0,DATA
25760,1030.4,0.789449884521116,0.12300071537518582,0.7664676356677779,0.14249249365065358,0.35333256740196073,0.5988953883440322,0.5589501633986927,0.881828022875817,0.23298210198310795,0.5710007452385741,0.44187402313937657,0.3343876949597478,0.603405984261161,0.2549405647384528,0.5303744335277945,0.520826725500193,0.33347626009095016,0.02123265949231359,0.42726132917980275,0.4512798031196962,0.417826811893389,0.000834016855282893,0,0,DATA
25780,1031.2,0.7579287971866095,0.18816408120537698,0.785127237550603,0.1413010670297316,0.35333256740196073,0.5988953883440322,0.5589501633986927,0.881828022875817,0.23298210198310795,0.5710007452385741,0.44187402313937657,0.3343876949597478,0.5894194629030951,0.27358936725500016,0.523709664635613,0.5184955849209524,0.3547614883080508,0.023589398563827666,0.45075437842154287,0.4765196698876268,0.4288758231809889,0.013100030922264916,0.06763059205287508,0,DATA
25800,1032.0,0.7267538519146975,0.18520914587634502,0.7864234023929318,0.16437104952815995,0.4262702120778866,0.16753695457897233,0.43208707788671025,0.6636373229847494,0.23298210198310795,0.5710007452385741,0.44187402313937657,0.3343876949597478,0.4650636814605553,0.29367353149977987,0.47964183151750195,0.5356950749803877,0.36492354066153715,0.032990293936523675,0.44359664820401346,0.471798554404173,0.4302531260647108,0.06283592626847684,0,0,DATA
25820,1032.8,0.6951909984079101,0.1441774072611641,0.7889942081808491,0.17307988779332045,0.4262702120778866,0.16753695457897233,0.43208707788671025,0.6636373229847494,0.23298210198310795,0.5710007452385741,0.44187402313937657,0.3343876949597478,0.43637361213698134,0.2882098939609631,0.4597932823456432,0.524081859088009,0.35321210190443164,0.03411296731071626,0.4213855432141671,0.4507154138196344,0.4233265490217663,0.018000752011416505,0,0,DATA
25840,1033.6,0.6623103174229092,0.139151010144095,0.7940531248075913,0.1720837283947682,0.4262702120778866,0.16753695457897233,0.43208707788671025,0.6636373229847494,0.23298210198310795,0.5710007452385741,0.44187402313937657,0.3343876949597478,0.4288221347344937,0.28516341150653873,0.4469337745872354,0.5218293616139775,0.3485167580335129,0.03420459601358812,0.41381063149568775,0.4435467778239741,0.420350018632681,0.007819155871773268,0,0,DATA
25860,1034.4,0.6300107295856378,0.1333631596196839,0.7980942695807559,0.17069324328749735,0.4262702120778866,0.16753695457897233,0.43208707788671025,0.6636373229847494,0.23298210198310795,0.5710007452385741,0.44187402313937657,0.3343876949597478,0.42777214012387377,0.28262886862337633,0.4362930088138861,0.5225716357502488,0.34391532716121687,0.033962903652628745,0.40584380267310183,0.4358450149679776,0.4169840714421292,0.004741767755710539,0,0,DATA
25880,1035.2,0.5976828612053795,0.1297808599375789,0.8022271208806866,0.17017086298372014,0.4262702120778866,0.16753695457897233,0.43208707788671025,0.6636373229847494,0.23298210198310795,0.5710007452385741,0.44187402313937657,0.3343876949597478,0.4282094246739298,0.2808654618474382,0.42631192672202706,0.5236719814132458,0.3401729326199371,0.03372520704398351,0.39877187938419434,0.42913413877868545,0.4141426764160148,0.004060591139284401,0.0674506043769458,0,DATA
25900,1036.0,0.565775404045165,0.12321749734740586,0.8058986924149502,0.16986544987227545,0.4262702120778866,0.16753695457897233,0.43208707788671025,0.6636373229847494,0.23298210198310795,0.5710007452385741,0.44187402313937657,0.3343876949597478,0.42971891618288294,0.2784986982894083,0.4166170360908243,0.5256101089467372,0.3355785119575282,0.03335273329544941,0.39049935722293494,0.42119823245970794,0.4108242365727443,0.004523715232728598,0,0,DATA
25920,1036.8,0.5338736750041897,0.12120391406888836,0.8093743332172987,0.16906503190163594,0.4262702120778866,0.16753695457897233,0.43208707788671025,0.6636373229847494,0.23298210198310795,0.5710007452385741,0.44187402313937657,0.3343876949597478,0.4305946161240576,0.27722486590401446,0.40700920580285865,0.5266848751100215,0.33232496105590725,0.03314919954990672,0.38400870626380257,0.41497510378374647,0.4080408527833284,0.0039191208715113795,0,0,DATA
25940,1037.6,0.5018810161618066,0.12086221213811783,0.812507626353673,0.1689045853993804,0.4262702120778866,0.16753695457897233,0.43208707788671025,0.6636373229847494,0.23298210198310795,0.5710007452385741,0.44187402313937657,0.3343876949597478,0.43092908351187176,0.2767470396477805,0.39740839835956854,0.5270910219320456,0.3297937576021277,0.03307262521242515,0.3781001523502926,0.4093638345336484,0.405541565593117,0.0034710336957794095,0,0,DATA
25960,1038.4,0.47157340633903133,0.1091555133740913,0.8127380374555906,0.16889334649012053,0.4262702120778866,0.16753695457897233,0.43208707788671025,0.6636373229847494,0.23298210198310795,0.5710007452385741,0.44187402313937657,0.3343876949597478,0.4334878304686616,0.2733258161169829,0.38816355806379865,0.5300810071758393,0.3234705426714426,0.03251690422624468,0.36740203310051045,0.39868763250313205,0.4008101547898629,0.005074936927785767,0,0,DATA
25980,1039.2,0.4411505140250544,0.10135953242695718,0.8140985416002751,0.16922224527575613,0.4262702120778866,0.16753695457897233,0.43208707788671025,0.6636373229847494,0.23298210198310795,0.5710007452385741,0.44187402313937657,0.3343876949597478,0.4358926105545967,0.2701165743925461,0.3790012985891325,0.5328880180810251,0.31804022574890844,0.03199869868156799,0.35847116308779836,0.3899257027834519,0.3970043742096933,0.004925427095012702,0.030407859728087152,0,DATA
26000,1040.0,0.4100702954793028,0.08896765592734147,0.8164067858555129,0.16947685557657546,0.42011778322440085,0.16830255931471697,0.42655262799564275,0.6690536492374728,0.23298210198310795,0.5710007452385741,0.44187402313937657,0.3343876949597478,0.439430707971305,0.26439206639609064,0.36817612888262596,0.5375193207876072,0.3104235769500978,0.031124115430308647,0.3477600176298493,0.3794708427811085,0.39266555400414915,0.006695925039890101,0,0,DATA
26020,1040.8,0.37931782355036037,0.07838320369614854,0.8183539692038367,0.17068138934924518,0.42011778322440085,0.16830255931471697,0.42655262799564275,0.6690536492374728,0.23298210198310795,0.5710007452385741,0.44187402313937657,0.3343876949597478,0.44271487216486805,0.25971106737242,0.3584705588655961,0.541501902396224,0.3037431107772948,0.030393954229975904,0.3377651790212485,0.3697911758846071,0.38873034156819086,0.005890244411421182,0,0,DATA
26040,1041.6,0.3793125536806603,0.011056798600597745,0.8046317794369405,0.16953722088258114,0.42011778322440085,0.16830255931471697,0.42655262799564275,0.6690536492374728,0.23298210198310795,0.5710007452385741,0.44187402313937657,0.3343876949597478,0.45783866649300264,0.23945537423856456,0.35555778118785014,0.559191646127219,0.27912461898142327,0.027262923452645423,0.30808912505570885,0.33862848609571145,0.3749714726818314,0.012764088379911998,0,0,DATA
26060,1042.4,0.3792581856460533,0.04938956048928305,0.8183358337117596,0.16960845133532979,0.42011778322440085,0.16830255931471697,0.42655262799564275,0.6690536492374728,0.23298210198310795,0.5710007452385741,0.44187402313937657,0.3343876949597478,0.45432592479481915,0.2441118396272398,0.35467253059725884,0.5551070425837896,0.28969472640513777,0.027973155490398194,0.32615216705922545,0.3580690565719847,0.38415620982092796,0.003018152559150019,0,0,DATA
26080,1043.2,0.3794089497444277,0.050227842147133564,0.8183230420306769,0.17493840538291777,0.42011778322440085,0.16830255931471697,0.42655262799564275,0.6690536492374728,0.23298210198310795,0.5710007452385741,0.44187402313937657,0.3343876949597478,0.4530960631372154,0.24574349810804053,0.3544386158807401,0.5536762825145873,0.2910315708469179,0.02822359818048112,0.32651507420582393,0.3589636799552338,0.3853598213686899,0.001031811618307732,0.015068352644140068,0,DATA
26100,1044.0,0.3794190966985085,0.05160813937182222,0.8183521998454661,0.17749804982602352,0.42011778322440085,0.16830255931471697,0.42655262799564275,0.6690536492374728,0.23298210198310795,0.5710007452385741,0.44187402313937657,0.3343876949597478,0.4524372422227497,0.2466194788751936,0.35437057232614144,0.5529088816737779,0.2918847033349853,0.028358324814642753,0.32707505404947346,0.3597825400246728,0.3860870989901197,0.0005342817454057994,0,0,DATA
26120,1044.8,0.37931867458521873,0.052571762844336595,0.8183444632310212,0.17098749744343372,0.42011778322440085,0.16830255931471697,0.42655262799564275,0.6690536492374728,0.23298210198310795,0.5710007452385741,0.44187402313937657,0.3343876949597478,0.452037235019182,0.24715208767764352,0.35432907061597096,0.5524425736707692,0.29208906411395735,0.028440329680270843,0.3274388716929322,0.35949452876842813,0.3849175556695387,0.0003247059053960351,0,0,DATA
26140,1045.6,0.3790539700121502,0.05531011411407404,0.8181214661292652,0.1692481955164768,0.42011778322440085,0.16830255931471697,0.42655262799564275,0.6690536492374728,0.23298210198310795,0.5710007452385741,0.44187402313937657,0.3343876949597478,0.4513421790914668,0.24807860867390497,0.3542610321425755,0.5516317852087809,0.29296560481973777,0.028583156458299543,0.32843667186586223,0.3602960990384869,0.3848982282418621,0.0005632051324573895,0,0,DATA
26160,1046.4,0.3786141159188035,0.0567422125471535,0.8178420483554738,0.16415852138391057,0.42011778322440085,0.16830255931471697,0.42655262799564275,0.6690536492374728,0.23298210198310795,0.5710007452385741,0.44187402313937657,0.3343876949597478,0.4508329216422055,0.2487575525340457,0.354148251240954,0.5510376845540799,0.29332980145948956,0.028687986252357058,0.3288656568656665,0.3601881748476553,0.38398126832752827,0.00043366073700782753,0,0,DATA
26180,1047.2,0.3784356277233115,0.05742291812574708,0.8175910835564744,0.16085244138920807,0.42011778322440085,0.16830255931471697,0.42655262799564275,0.6690536492374728,0.23298210198310795,0.5710007452385741,0.44187402313937657,0.3343876949597478,0.4505371962359225,0.24915183325409407,0.35407693444941424,0.5506926814909141,0.29349864475278614,0.02874892962117843,0.3290520484982056,0.3600188620008243,0.3833415681460778,0.0002537743059570589,0.017226875437724123,0,DATA
26200,1048.0,0.37851755619448635,0.05730121040263303,0.8174418041405114,0.15727911799814093,0.4246380123229847,0.17040818742714545,0.4306175108932462,0.6650731889978214,0.23298210198310795,0.5710007452385741,0.44187402313937657,0.3343876949597478,0.45106361310737153,0.2501852874183393,0.355210911602228,0.5504391628445161,0.29394495182777075,0.028840519623114555,0.3289898952200023,0.359584448441918,0.38257952030252396,0.0008979493961693471,0,0,DATA
26220,1048.8,0.3786260631389308,0.05750623794708049,0.8172809825568836,0.14998878344250233,0.4246380123229847,0.17040818742714545,0.4306175108932462,0.6650731889978214,0.23298210198310795,0.5710007452385741,0.44187402313937657,0.3343876949597478,0.4511784823844722,0.2505527313800581,0.3555738912064054,0.550312875502207,0.2938959911952084,0.028876833358531022,0.3290614433099447,0.3589108809179337,0.38112285282160085,0.0002817642809989825,0,0,DATA
26240,1049.6,0.3786309729554215,0.05690208420200801,0.8172025257008395,0.1494617411114198,0.4246380123229847,0.17040818742714545,0.4306175108932462,0.6650731889978214,0.23298210198310795,0.5710007452385741,0.44187402313937657,0.3343876949597478,0.4513398154540677,0.2504938015199535,0.35568381614912176,0.550423006967057,0.2937338649492846,0.028861554827605454,0.328805072404005,0.3585939600932813,0.38090769806126157,0.00011006262413881807,0,0,DATA
26260,1050.4,0.3786891051826714,0.057783496809905514,0.8172493033170503,0.14847788329067066,0.4246380123229847,0.17040818742714545,0.4306175108932462,0.6650731889978214,0.23298210198310795,0.5710007452385741,0.44187402313937657,0.3343876949597478,0.4512031187272879,0.2507229180921334,0.35572900139965913,0.5502401003175772,0.2939832704891515,0.02889515065763685,0.32917861941585613,0.35887379908467865,0.380860646015074,0.00013699951649901823,0,0,DATA
26280,1051.2,0.4088064105182671,0.12856114334808236,0.8045948467626073,0.15142505163414957,0.4246380123229847,0.17040818742714545,0.4306175108932462,0.6650731889978214,0.23298210198310795,0.5710007452385741,0.44187402313937657,0.3343876949597478,0.43629880393623677,0.27060939409447693,0.36206719109529545,0.5328447049208799,0.31824831591071956,0.03203399621460085,0.36098224778735744,0.3897066986350835,0.39191484305944513,0.01370966016301034,0.0723279532870551,0,DATA
26300,1052.0,0.43873439332998154,0.12881980597916104,0.7921368746864252,0.16287713362068088,0.4246380123229847,0.17040818742714545,0.4306175108932462,0.6650731889978214,0.23298210198310795,0.5710007452385741,0.44187402313937657,0.3343876949597478,0.43177319034639494,0.27664776243188194,0.37025352439444636,0.5275627139572565,0.32327008818939174,0.033011721843340114,0.36457971498689534,0.3932035768256564,0.3941223641135391,0.006250105075465917,0,0,DATA
26320,1052.8,0.4689746732026144,0.09024022246704412,0.7655829386797074,0.15138514671501338,0.4246380123229847,0.17040818742714545,0.4306175108932462,0.6650731889978214,0.23298210198310795,0.5710007452385741,0.44187402313937657,0.3343876949597478,0.4385172188069869,0.26765698954971073,0.37905988315744454,0.535430114628638,0.31047596169092806,0.03155980608860537,0.3498851503552316,0.3747044199027541,0.3824225731911719,0.00818038670192045,0,0,DATA
26340,1053.6,0.4987178832537289,0.0900412028649448,0.7642335230053116,0.15456811245934937,0.4246380123229847,0.17040818742714545,0.4306175108932462,0.6650731889978214,0.23298210198310795,0.5710007452385741,0.44187402313937657,0.3343876949597478,0.44058222146160536,0.2649040321964716,0.387947864897078,0.5378390946325668,0.3111371896955838,0.03112032529561484,0.35548430138973564,0.38048692594425215,0.3856662804862367,0.004568647249163689,0,0,DATA
26360,1054.4,0.5291699726097704,0.09068698947647051,0.761753577866264,0.1574259835752797,0.4246380123229847,0.17040818742714545,0.4306175108932462,0.6650731889978214,0.23298210198310795,0.5710007452385741,0.44187402313937657,0.3343876949597478,0.4410661070695705,0.26425896524172704,0.3970091981837368,0.5384035709139217,0.313106363957016,0.03101769135870836,0.36133704487774465,0.38637746202994944,0.3887599453519939,0.003396761949789495,0,0,DATA
26380,1055.2,0.5600107230392157,0.09968294210161467,0.7588840067974227,0.16015458648847927,0.4246380123229847,0.17040818742714545,0.4306175108932462,0.6650731889978214,0.23298210198310795,0.5710007452385741,0.44187402313937657,0.3343876949597478,0.43932212270067983,0.26658431189034404,0.4062041557599179,0.5363689054051678,0.31817297998883187,0.03138826448351538,0.3705296617999232,0.3955559821365637,0.3930217411041396,0.004421429531229593,0.08647167870229472,0,DATA
26400,1056.0,0.5909735315066198,0.10198210738256042,0.7566100638899725,0.1636776823618381,0.35153833061002177,0.5798196669808802,0.5495844396786491,0.8772062227668845,0.23298210198310795,0.5710007452385741,0.44187402313937657,0.3343876949597478,0.5529513169560597,0.2525747490038717,0.44877557287083997,0.5472369670200343,0.3124801840653325,0.023711773871590267,0.3771871010242922,0.40233833665752367,0.3965990301908311,0.05673672475092475,0,0,DATA
26420,1056.8,0.6218331028992794,0.10787431775339656,0.7541348135802757,0.16672594130388674,0.35153833061002177,0.5798196669808802,0.5495844396786491,0.8772062227668845,0.23298210198310795,0.5710007452385741,0.44187402313937657,0.3343876949597478,0.585802711054798,0.25002169904176413,0.46802750799657505,0.5320877949517189,0.31418477377933285,0.0217472450833201,0.3852208493892192,0.4104293858856859,0.40055965809670807,0.01821879306219365,0,0,DATA
26440,1057.6,0.6519791797595107,0.11281962574112868,0.7522912689684725,0.16780348004633577,0.35153833061002177,0.5798196669808802,0.5495844396786491,0.8772062227668845,0.23298210198310795,0.5710007452385741,0.44187402313937657,0.3343876949597478,0.5946196146069959,0.2506404702896969,0.4801337646749442,0.5273699575516535,0.3175808481512298,0.021336993392635433,0.39285947903399776,0.417991414943529,0.40407068357643,0.007180643826166584,0,0,DATA
26460,1058.4,0.682350649928775,0.12040099779401911,0.750184525027396,0.16740555882187186,0.35153833061002177,0.5798196669808802,0.5495844396786491,0.8772062227668845,0.23298210198310795,0.5710007452385741,0.44187402313937657,0.3343876949597478,0.5956725975415482,0.25294888583888603,0.49014365041400043,0.5256892583097829,0.32233990850083905,0.02147757485285921,0.4015449731007914,0.42642644249376865,0.40763876617112804,0.004457094740932588,0,0,DATA
26480,1059.2,0.7128957966733703,0.1234805286226052,0.7476589217912385,0.16620267287313603,0.35153833061002177,0.5798196669808802,0.5495844396786491,0.8772062227668845,0.23298210198310795,0.5710007452385741,0.44187402313937657,0.3343876949597478,0.5953417909479107,0.25450367913564687,0.4995610969520823,0.5250772649582212,0.32585793332474866,0.02162727062920167,0.4083806941339134,0.4328893146084013,0.410283232471089,0.003767682142826726,0.06387872434857148,0,DATA
26500,1060.0,0.7428826972829731,0.13276998296663264,0.7460371080768631,0.16548288132648445,0.35153833061002177,0.5798196669808802,0.5495844396786491,0.8772062227668845,0.23298210198310795,0.5710007452385741,0.44187402313937657,0.3343876949597478,0.5932917635575738,0.2575711643410028,0.5086835800415234,0.5245685360507116,0.3313602798841837,0.021998825941585826,0.4177694932505699,0.4420439531989551,0.4141259289457292,0.0047466652283779665,0,0,DATA
26520,1060.8,0.7739689058048433,0.13497064593761568,0.7422176396315752,0.16553319419540874,0.35153833061002177,0.5798196669808802,0.5495844396786491,0.8772062227668845,0.23298210198310795,0.5710007452385741,0.44187402313937657,0.3343876949597478,0.5922146161165663,0.2591075955344848,0.5179484287579484,0.5243388941744744,0.33466481765870226,0.0221886609655501,0.4241031064542796,0.4480006508450284,0.4166198447060266,0.0039594757836382,0,0,DATA
26540,1061.6,0.77525337926303,0.0667008337953813,0.7513716748509334,0.16442262330344287,0.35153833061002177,0.5798196669808802,0.5495844396786491,0.8772062227668845,0.23298210198310795,0.5710007452385741,0.44187402313937657,0.3343876949597478,0.6062281324341333,0.24045297749270378,0.5209976227990952,0.5266594450365814,0.3137056961581754,0.019883559781905806,0.3988828833328948,0.42358477415638285,0.40857421485695644,0.011905776133498266,0,0,DATA
26560,1062.4,0.7770522378288924,0.09667110773534568,0.7600164038297653,0.16752855338057976,0.35153833061002177,0.5798196669808802,0.5495844396786491,0.8772062227668845,0.23298210198310795,0.5710007452385741,0.44187402313937657,0.3343876949597478,0.6041384298020109,0.24324826878335953,0.5222901413102704,0.5263066507073147,0.32148362812877745,0.02022145474198987,0.4129597104178194,0.43883666714690434,0.4160320100646728,0.002059170811317771,0,0,DATA
26580,1063.2,0.7783988040996316,0.10403541924157779,0.7693088063191171,0.17442227965569998,0.35153833061002177,0.5798196669808802,0.5495844396786491,0.8772062227668845,0.23298210198310795,0.5710007452385741,0.44187402313937657,0.3343876949597478,0.6019650135960654,0.24614886339230121,0.5229606757804781,0.5259430615058167,0.32590083738652575,0.0205749304936767,0.4180332287723305,0.4455287983778626,0.4209731592950434,0.0019148484283649885,0.031210625772473334,0,DATA
26600,1064.0,0.7796912969247529,0.12352287147698132,0.7673372850827078,0.1745859745848916,0.3540633510348583,0.5850090527313084,0.5539055691721132,0.8766230936819173,0.23298210198310795,0.5710007452385741,0.44187402313937657,0.3343876949597478,0.5986736517749669,0.2530057826901124,0.5246431758729859,0.5241602827674603,0.3330063459976853,0.02132295623783621,0.42569240398423425,0.4530071909590446,0.4235653850896021,0.00394359373713916,0,0,DATA
26620,1064.8,0.7802189712690631,0.13809421117294174,0.7670775933285334,0.16866743848581967,0.3540633510348583,0.5850090527313084,0.5539055691721132,0.8766230936819173,0.23298210198310795,0.5710007452385741,0.44187402313937657,0.3343876949597478,0.5946262618924856,0.25914283359432466,0.5252587375130434,0.5231154522565948,0.3387943003846473,0.02206043682316004,0.4315745363806456,0.45827150057013133,0.42455522332006923,0.003600000808917018,0,0,DATA
26640,1065.6,0.7791418229952237,0.1368162061494565,0.7691682825959087,0.17568255374014158,0.3540633510348583,0.5850090527313084,0.5539055691721132,0.8766230936819173,0.23298210198310795,0.5710007452385741,0.44187402313937657,0.3343876949597478,0.5936804259826732,0.2606261074590125,0.5252172048675543,0.5228467332791571,0.3399250993600531,0.022238472681713396,0.4312660425699587,0.4588735872116141,0.42618150310687064,0.0008235474733297629,0,0,DATA
26660,1066.4,0.7779025198487515,0.15556560425786709,0.7707276337783981,0.17509586581969733,0.3540633510348583,0.5850090527313084,0.5539055691721132,0.8766230936819173,0.23298210198310795,0.5710007452385741,0.44187402313937657,0.3343876949597478,0.5894593016069634,0.26632092108877375,0.5249444914131485,0.5221098886521314,0.3464064016086188,0.022960471157497015,0.43882981142052635,0.46653462238838633,0.4291424827200186,0.003396217153292321,0,0,DATA
26680,1067.2,0.7774531407114129,0.16150055188530754,0.7711622390702899,0.17720534913348224,0.3540633510348583,0.5850090527313084,0.5539055691721132,0.8766230936819173,0.23298210198310795,0.5710007452385741,0.44187402313937657,0.3343876949597478,0.5869466252924878,0.2696911505133855,0.5247683077579857,0.5216811120970634,0.34947871252036766,0.023393336368144155,0.4412008357024132,0.46916005553084084,0.4305183349361307,0.00201969646475005,0.12059074767199271,0,DATA
26700,1068.0,0.7771904655291605,0.16936083631302554,0.7718231951772966,0.18139770171414296,0.3540633510348583,0.5850090527313084,0.5539055691721132,0.8766230936819173,0.23298210198310795,0.5710007452385741,0.44187402313937657,0.3343876949597478,0.5845421626683243,0.27290309898053006,0.5246602908731637,0.5212773691755728,0.35288952193057627,0.023809743573748283,0.4444246056584512,0.4728691563556456,0.4326748196249469,0.001908142658710014,0,0,DATA
26720,1068.8,0.7766731017994805,0.1765677033173571,0.772458418144314,0.1804095390869713,0.3540633510348583,0.5850090527313084,0.5539055691721132,0.8766230936819173,0.23298210198310795,0.5710007452385741,0.44187402313937657,0.3343876949597478,0.5823073818101656,0.27588460628188627,0.5245192394244844,0.520904005953974,0.3558268361846639,0.024199342338392067,0.4473309243076513,0.47574018103883026,0.4336652865189487,0.001785779869398041,0,0,DATA
26740,1069.6,0.7770296199409251,0.19570768267637131,0.772580291579334,0.17939504760306565,0.3540633510348583,0.5850090527313084,0.5539055691721132,0.8766230936819173,0.23298210198310795,0.5710007452385741,0.44187402313937657,0.3343876949597478,0.5776175518873251,0.2821382526928171,0.5245517927995839,0.5201220977099288,0.36264398733282643,0.02502575163451116,0.45508259436654996,0.48340258929284036,0.4363995052989192,0.003658676569623598,0,0,DATA
26760,1070.4,0.7785871446602144,0.19738146271292753,0.7709076962518064,0.18164104441049592,0.3540633510348583,0.5850090527313084,0.5539055691721132,0.8766230936819173,0.23298210198310795,0.5710007452385741,0.44187402313937657,0.3343876949597478,0.575859109102796,0.2844830050263321,0.5248886390031645,0.5198289429354359,0.36433237394932144,0.025338783791366275,0.45572909225952474,0.48410642733380543,0.4368373753059357,0.0014800137738749108,0,0,DATA
26780,1071.2,0.747486337617312,0.27054411737879086,0.7893799404889781,0.18263267873256714,0.3540633510348583,0.5850090527313084,0.5539055691721132,0.8766230936819173,0.23298210198310795,0.5710007452385741,0.44187402313937657,0.3343876949597478,0.5599674187876061,0.3056719740328283,0.5184585233852292,0.5171803035897826,0.38852005021766856,0.028246181824970185,0.4824684415647239,0.5127921644949289,0.4495180807252321,0.014503591646540451,0.19878817819600453,0,DATA
26800,1072.0,0.7161420364085805,0.2673114064781336,0.7921950930129034,0.19650209141492198,0.424129518995098,0.17166433370300355,0.4301319955065359,0.6654983660130719,0.23298210198310795,0.5710007452385741,0.44187402313937657,0.3343876949597478,0.4401422596542618,0.32583740095424346,0.47529058481965336,0.5071524293500091,0.3984871233398791,0.03830874411385791,0.4754695274674998,0.5074617069183327,0.4493764146367127,0.06105284154011179,0,0,DATA
26820,1072.8,0.6844160133337522,0.236827552750642,0.7953694058593983,0.2031096100088622,0.424129518995098,0.17166433370300355,0.4301319955065359,0.6654983660130719,0.23298210198310795,0.5710007452385741,0.44187402313937657,0.3343876949597478,0.4105963211970317,0.32335154998697035,0.45567773840426673,0.49362238560503063,0.3902253326024674,0.04002276455288206,0.45756564393083654,0.49053600652571294,0.4437463162005179,0.017214878613296607,0,0,DATA
26840,1073.6,0.6527363389265962,0.22854028417344377,0.798212989431361,0.20457922939168352,0.424129518995098,0.17166433370300355,0.4301319955065359,0.6654983660130719,0.23298210198310795,0.5710007452385741,0.44187402313937657,0.3343876949597478,0.4034728660610743,0.32028535949517295,0.44314115285414796,0.49159375328295063,0.38492529618641314,0.040122370583873336,0.44848351833291855,0.4818852012232734,0.44034007824277743,0.00757541039262453,0,0,DATA
26860,1074.4,0.6213937397875816,0.20842653200487724,0.8007234598224388,0.2025637323393376,0.424129518995098,0.17166433370300355,0.4301319955065359,0.6654983660130719,0.23298210198310795,0.5710007452385741,0.44187402313937657,0.3343876949597478,0.40555971747568603,0.3137336517404351,0.4327982313699192,0.49591303286762545,0.3754892998203141,0.03916414332137349,0.4346715917159045,0.4681227719401326,0.4344132736908913,0.006327160217859451,0,0,DATA
26880,1075.2,0.5903437984435227,0.1918371722791914,0.8026521264825703,0.20178913358158176,0.424129518995098,0.17166433370300355,0.4301319955065359,0.6654983660130719,0.23298210198310795,0.5710007452385741,0.44187402313937657,0.3343876949597478,0.4096695384424636,0.3071231186908217,0.4231748672423982,0.5012732098758209,0.3665851431758172,0.03807386780646598,0.4222115928888448,0.45577817990331043,0.42914712251111425,0.006781239381303983,0.10690360979888369,0,DATA
26900,1076.0,0.56063665917756,0.18429044648291804,0.8027264437307919,0.20093451171175383,0.424129518995098,0.17166433370300355,0.4301319955065359,0.6654983660130719,0.23298210198310795,0.5710007452385741,0.44187402313937657,0.3343876949597478,0.4124872971497142,0.30302687555298113,0.41404935875828974,0.5047302107983664,0.3605180832194256,0.03738674912540591,0.41326633816678715,0.4467548947190922,0.4248920546531668,0.005346503443066549,0,0,DATA
26920,1076.8,0.5310654890962796,0.16079354576947708,0.8029682908241248,0.19835087879554908,0.424129518995098,0.17166433370300355,0.4301319955065359,0.6654983660130719,0.23298210198310795,0.5710007452385741,0.44187402313937657,0.3343876949597478,0.418266973911712,0.2952188704118655,0.4051017604959884,0.5115240517499232,0.349633758748655,0.03606509903704274,0.3980017132838213,0.4312560912538391,0.41795413772811485,0.007511760055138261,0,0,DATA
26940,1077.6,0.5012766832160215,0.147985612970182,0.8046855045844299,0.19588857746993765,0.424129518995098,0.17166433370300355,0.4301319955065359,0.6654983660130719,0.23298210198310795,0.5710007452385741,0.44187402313937657,0.3343876949597478,0.42269054282816343,0.2892902476857282,0.39616183178244374,0.5167001475712176,0.34175178499287684,0.035072099129876314,0.38726422174011266,0.4204440909535998,0.4129909103951488,0.006430706785377789,0,0,DATA
26960,1078.4,0.47162633416080113,0.13483397314334236,0.8054445922414656,0.19532411342437725,0.424129518995098,0.17166433370300355,0.4301319955065359,0.6654983660130719,0.23298210198310795,0.5710007452385741,0.44187402313937657,0.3343876949597478,0.4267794578667351,0.2838292017163719,0.3872532798667841,0.5214751280751815,0.33406737907157297,0.0341663130650332,0.37622531352973987,0.4094246451043746,0.40813000862074766,0.006152837641195878,0,0,DATA
26980,1079.2,0.4420499269419306,0.12084442571124016,0.806326376774786,0.1959868022300448,0.424129518995098,0.17166433370300355,0.4301319955065359,0.6654983660130719,0.23298210198310795,0.5710007452385741,0.44187402313937657,0.3343876949597478,0.430943937339048,0.2782738146445764,0.37836966877612344,0.5263350613472357,0.32626202835807483,0.0332542142736901,0.364890570019789,0.39824434892832244,0.4034269196785089,0.006201159211589684,0.036253327713372044,0,DATA
27000,1080.0,0.41125159732696503,0.09880229385277807,0.8081975396899695,0.19685037271671108,0.42643812125544667,0.1661164899041596,0.43190291394335517,0.6632213371459694,0.23298210198310795,0.5710007452385741,0.44187402313937657,0.3343876949597478,0.4352687326073427,0.2709202080773416,0.3697327933920918,0.5321742622650005,0.3161183393204714,0.032129393618657895,0.35028828393644773,0.38391553618516616,0.3976812717643722,0.006771759073187056,0,0,DATA
27020,1080.8,0.37987839366515846,0.08795690752262446,0.8108983413103866,0.1977473979753929,0.42643812125544667,0.1661164899041596,0.43190291394335517,0.6632213371459694,0.23298210198310795,0.5710007452385741,0.44187402313937657,0.3343876949597478,0.4388437023171634,0.26567741793472816,0.36055335800790295,0.5365831421912176,0.3090875243339316,0.031308176807499415,0.34021564899610834,0.37420268393273676,0.3937717489055091,0.005999065078874322,0,0,DATA
27040,1081.6,0.38006719247528076,0.01220377440506117,0.7956849339367592,0.19509098912256684,0.42643812125544667,0.1661164899041596,0.43190291394335517,0.6632213371459694,0.23298210198310795,0.5710007452385741,0.44187402313937657,0.3343876949597478,0.4558243511847979,0.2428937036190264,0.35783917514277197,0.5564653237828857,0.28138003311156184,0.027757136139602328,0.306909474036382,0.33910952735036504,0.3780930252049147,0.01415951534948908,0,0,DATA
27060,1082.4,0.3799682760390481,0.04725604051718494,0.810693806656531,0.19535368400454475,0.42643812125544667,0.1661164899041596,0.43190291394335517,0.6632213371459694,0.23298210198310795,0.5710007452385741,0.44187402313937657,0.3343876949597478,0.4535575699615422,0.24587322383571047,0.3570041478316238,0.5538421730629158,0.2905797670262652,0.028214668001976813,0.3239123717379394,0.3576395818120974,0.3871457306344486,0.0020271095836959887,0,0,DATA
27080,1083.2,0.3797154532218871,0.04985871744764882,0.8107262199127608,0.20349524247614398,0.42643812125544667,0.1661164899041596,0.43190291394335517,0.6632213371459694,0.23298210198310795,0.5710007452385741,0.44187402313937657,0.3343876949597478,0.45233097343916806,0.2474958294412456,0.3567005468466755,0.5524175719989611,0.29227908480269915,0.028464617997470052,0.32490936059793873,0.3594539678448796,0.38914726490067936,0.0010509343709525127,0.014957615234294645,0,DATA
27100,1084.0,0.37969961088067716,0.0502755593849583,0.8108609290730106,0.20691645398647596,0.42643812125544667,0.1661164899041596,0.43190291394335517,0.6632213371459694,0.23298210198310795,0.5710007452385741,0.44187402313937657,0.3343876949597478,0.4518754576756209,0.24809932686535283,0.356606139659537,0.5518880654051339,0.29285962413947947,0.028557759297702184,0.32509987073667046,0.3600000700506695,0.38992612654928366,0.0003844734582643024,0,0,DATA
27120,1084.8,0.37980919798474955,0.05227276448230086,0.8111383555044381,0.1989854716799933,0.42643812125544667,0.1661164899041596,0.43190291394335517,0.6632213371459694,0.23298210198310795,0.5710007452385741,0.44187402313937657,0.3343876949597478,0.45131938987611475,0.2488395935198409,0.3566008307952506,0.5512398981781369,0.29334815579558493,0.028672026599043637,0.32597615548270753,0.360110999209201,0.3887198261708526,0.0004338811060935292,0,0,DATA
27140,1085.6,0.3798990148944193,0.052948668953796726,0.8114745935146022,0.19712088721845206,0.42643812125544667,0.1661164899041596,0.43190291394335517,0.6632213371459694,0.23298210198310795,0.5710007452385741,0.44187402313937657,0.3343876949597478,0.4510106295972488,0.24925092676820615,0.35661809968699537,0.5508798514145212,0.29367605099557503,0.02873558296534374,0.32633172825527257,0.36031373733662836,0.3885413361427767,0.0002457874729919855,0,0,DATA
27160,1086.4,0.3799794376885369,0.05249952946798908,0.8117141238966248,0.19044177664426037,0.42643812125544667,0.1661164899041596,0.43190291394335517,0.6632213371459694,0.23298210198310795,0.5710007452385741,0.44187402313937657,0.3343876949597478,0.45101232080560866,0.24924856768668963,0.3566401691412835,0.5508818765594595,0.2933707862753404,0.028735222470536795,0.32621606309617757,0.3595541141583165,0.38720606797998464,8.706581388166304e-06,0,0,DATA
27180,1087.2,0.3801111844310373,0.052310923557852856,0.8119311939634332,0.19179483012566353,0.42643812125544667,0.1661164899041596,0.43190291394335517,0.6632213371459694,0.23298210198310795,0.5710007452385741,0.44187402313937657,0.3343876949597478,0.4510524354092452,0.24919505030739653,0.35667445679349497,0.5509286925509242,0.29339920918881585,0.028726953354606344,0.32621038409398484,0.35970544751094485,0.387515829980697,4.2639878380379415e-05,0.015693277067355856,0,DATA
27200,1088.0,0.37973132829520695,0.05163006096887236,0.8119329975715666,0.1910070579245678,0.4240101613562091,0.16620391769459603,0.4303387969771242,0.6658547794117646,0.23298210198310795,0.5710007452385741,0.44187402313937657,0.3343876949597478,0.4512319307153443,0.24847848198985414,0.3561670205500894,0.551376724362745,0.2927986472381193,0.02863498193227441,0.3258624285528532,0.359278895110517,0.38721861144058106,0.00046783328901566407,0,0,DATA
27220,1088.8,0.37955545866851015,0.051266636315033795,0.8120019632250999,0.18849648813775402,0.4240101613562091,0.16620391769459603,0.4303387969771242,0.6658547794117646,0.23298210198310795,0.5710007452385741,0.44187402313937657,0.3343876949597478,0.45136209848448006,0.24816175259151663,0.35597785705546137,0.5516001729464817,0.2924442451713184,0.028591698067426896,0.3256956778966851,0.35886798404102094,0.3866616382358562,0.0002120202207004466,0,0,DATA
27240,1089.6,0.3793082985063684,0.050031562535805714,0.8121346325736245,0.19056409887419823,0.4240101613562091,0.16620391769459603,0.4303387969771242,0.6658547794117646,0.23298210198310795,0.5710007452385741,0.44187402313937657,0.3343876949597478,0.4516605143088587,0.24772091311383154,0.3558692043730232,0.5519698005975135,0.29206098161834015,0.02852538319927344,0.3251787502222704,0.3585710843751031,0.3868983506371778,0.00028263599483395,0,0,DATA
27260,1090.4,0.38004477097997313,0.051404041138600594,0.8134157831746671,0.1923761808105484,0.4240101613562091,0.16620391769459603,0.4303387969771242,0.6658547794117646,0.23298210198310795,0.5710007452385741,0.44187402313937657,0.3343876949597478,0.4514618185495854,0.24797295527930857,0.35599126778774876,0.5517444316351383,0.2927169426415411,0.028564753126937348,0.3261312662783179,0.35983292368488984,0.3878605737124882,0.00019093377982528267,0,0,DATA
27280,1091.2,0.4105634374476287,0.12725926570706048,0.8006453689930806,0.19457117727468315,0.4240101613562091,0.16620391769459603,0.4303387969771242,0.6658547794117646,0.23298210198310795,0.5710007452385741,0.44187402313937657,0.3343876949597478,0.4354726126624268,0.2692880308081204,0.3624368067703741,0.5330922909271532,0.3186396673639692,0.0319242983794115,0.36002300656291564,0.3926671221977424,0.399537119791953,0.014583273466198587,0.0666914280395082,0,DATA
27300,1092.0,0.4410189636752137,0.1266148031944913,0.7877902851584495,0.2131386137632181,0.4240101613562091,0.16620391769459603,0.4303387969771242,0.6658547794117646,0.23298210198310795,0.5710007452385741,0.44187402313937657,0.3343876949597478,0.43081118802391877,0.2755021039632446,0.3707661289729545,0.527654542030337,0.3239015267526252,0.0329306702028675,0.3632853100364788,0.39650066093669595,0.4029857193768754,0.006401606665404218,0,0,DATA
27320,1092.8,0.471597889957265,0.09110022876160337,0.7599002369899421,0.21712239146921394,0.4240101613562091,0.16620391769459603,0.4303387969771242,0.6658547794117646,0.23298210198310795,0.5710007452385741,0.44187402313937657,0.3343876949597478,0.4368708212632728,0.26742224506857326,0.37968650015295946,0.5347242880973497,0.3126301389371433,0.03162458654069346,0.3496172558860323,0.3804419797399984,0.39454066933921966,0.007686621104676772,0,0,DATA
27340,1093.6,0.5022125597033685,0.08869368263388794,0.7577341608667828,0.2097950837662746,0.4240101613562091,0.16620391769459603,0.4303387969771242,0.6658547794117646,0.23298210198310795,0.5710007452385741,0.44187402313937657,0.3343876949597478,0.43919408592189924,0.26432445448441155,0.3887916921536426,0.5374348157187437,0.3122825693430034,0.031129290635168404,0.3543443561595351,0.38421974163089123,0.395234173823295,0.00484208241449043,0,0,DATA
27360,1094.4,0.5325935876487348,0.08820227695013973,0.755680308815127,0.2034916953578078,0.4240101613562091,0.16620391769459603,0.4303387969771242,0.6658547794117646,0.23298210198310795,0.5710007452385741,0.44187402313937657,0.3343876949597478,0.43999426051307433,0.2632575237177135,0.3979032656223745,0.5383683683976803,0.3134956704266768,0.030959402091457353,0.35981322906477786,0.3888528904901217,0.3964244250706621,0.003659559608868342,0,0,DATA
27380,1095.2,0.5630539254964806,0.08636176046307033,0.7532913343616797,0.19826857245537355,0.4240101613562091,0.16620391769459603,0.4303387969771242,0.6658547794117646,0.23298210198310795,0.5710007452385741,0.44187402313937657,0.3343876949597478,0.4406208213527114,0.26242209987132464,0.40703340861102066,0.5390993607406933,0.31464115865822095,0.030826626323832842,0.3646912951488098,0.3929697468385655,0.39755251318852763,0.003530709224890701,0.085661002274049,0,DATA
27400,1096.0,0.5935057202635328,0.08572058476021868,0.7508122412583519,0.19332940425396744,0.34990902437363836,0.5902967649729908,0.5469096371187364,0.8776732706971677,0.23298210198310795,0.5710007452385741,0.44187402313937657,0.3343876949597478,0.5596894337401519,0.2464307047542697,0.44880716364834694,0.5469399307527891,0.3068848191564404,0.022786269062374846,0.37002936520041396,0.39756599075969634,0.39889390939369185,0.05894458751394057,0,0,DATA
27420,1096.8,0.6240108356376738,0.08535292717463362,0.7482856885060556,0.18830231292899474,0.34990902437363836,0.5902967649729908,0.5469096371187364,0.8776732706971677,0.23298210198310795,0.5710007452385741,0.44187402313937657,0.3343876949597478,0.5954872255493571,0.24153034209518942,0.4677453643881144,0.5314912161777267,0.30582191559395544,0.020517442846936976,0.37547801469054887,0.40225927584210436,0.40025221584019965,0.01987878506935098,0,0,DATA
27440,1097.6,0.6545530692244845,0.08531777638123376,0.7456806366862914,0.18396898650406762,0.34990902437363836,0.5902967649729908,0.5469096371187364,0.8776732706971677,0.23298210198310795,0.5710007452385741,0.44187402313937657,0.3343876949597478,0.6062339447587325,0.24005039107531334,0.479840693663275,0.5268578320829771,0.30688576026666187,0.019849976066098434,0.3810513907265983,0.40713881405368463,0.40178323833994417,0.00810733316813735,0,0,DATA
27460,1098.4,0.6849923930576504,0.08570981083212138,0.743237406844774,0.180055656469918,0.34990902437363836,0.5902967649729908,0.5469096371187364,0.8776732706971677,0.23298210198310795,0.5710007452385741,0.44187402313937657,0.3343876949597478,0.6093756332868587,0.23971617541559906,0.48986155045078794,0.5254540956487711,0.30873338150728047,0.019664185634649077,0.38680742330528306,0.41225919064480265,0.40349250242368473,0.004498920325117829,0,0,DATA
27480,1099.2,0.7151954237891738,0.08612452670223279,0.7412448163538236,0.1765898459517451,0.34990902437363836,0.5902967649729908,0.5469096371187364,0.8776732706971677,0.23298210198310795,0.5710007452385741,0.44187402313937657,0.3343876949597478,0.6102310495125731,0.23973203116131597,0.4992104439406617,0.5250184596630554,0.3108477486728094,0.0196224214586327,0.39261539770144216,0.4175213249400494,0.40538370315098154,0.003406721820435027,0.025837358010669838,0,DATA
27500,1100.0,0.7454626749203955,0.08670168507170722,0.7390298369645507,0.1739347318385138,0.34990902437363836,0.5902967649729908,0.5469096371187364,0.8776732706971677,0.23298210198310795,0.5710007452385741,0.44187402313937657,0.3343876949597478,0.6103664711226977,0.23989839222848391,0.5083712347251804,0.5248675683244092,0.3130892886514818,0.01962921599855483,0.39845671539762173,0.4228756332859786,0.4074122343495604,0.003154191153937077,0,0,DATA
27520,1100.8,0.7751072958563768,0.08477547736509135,0.7354857666940298,0.17321577611566039,0.34990902437363836,0.5902967649729908,0.5469096371187364,0.8776732706971677,0.23298210198310795,0.5710007452385741,0.44187402313937657,0.3343876949597478,0.6108116012241245,0.23940896239078183,0.5173448423570921,0.5248897181925468,0.31440496052930383,0.01956679005234706,0.40290634244806744,0.42689895773708686,0.4090579565749653,0.0033027225236801814,0,0,DATA
27540,1101.6,0.7750579031024804,0.008189017460616725,0.7491771133563526,0.17016699951936445,0.34990902437363836,0.5902967649729908,0.5469096371187364,0.8776732706971677,0.23298210198310795,0.5710007452385741,0.44187402313937657,0.3343876949597478,0.6270282968344923,0.2178179246662183,0.5200265521683474,0.5275768892496446,0.29071356342516497,0.01706038369197449,0.3750001492679629,0.400057021563585,0.4003781296602259,0.013496481048728887,0,0,DATA
27560,1102.4,0.7750243526897937,0.0313685289241119,0.7602037943524209,0.17149839760436025,0.34990902437363836,0.5902967649729908,0.5469096371187364,0.8776732706971677,0.23298210198310795,0.5710007452385741,0.44187402313937657,0.3343876949597478,0.6270256081102686,0.21783087655862787,0.5208240195250597,0.5275717576655516,0.2958038300046831,0.017061521131044886,0.3864705799700373,0.41276326017376586,0.4068746512044978,0.0002710359911152205,0,0,DATA
27580,1103.2,0.7753670251487347,0.0376328312826716,0.7706855199056784,0.17636978545303025,0.34990902437363836,0.5902967649729908,0.5469096371187364,0.8776732706971677,0.23298210198310795,0.5710007452385741,0.44187402313937657,0.3343876949597478,0.625709297997704,0.21958876678674746,0.521135220948451,0.5273509676077741,0.2993409288959773,0.01725990707121033,0.39114118051590085,0.41896917205982215,0.4114432727622242,0.0011284672546918173,0.01128984938480148,0,DATA
27600,1104.0,0.7760668376592091,0.05095930117740332,0.7701223113545624,0.17424592697022248,0.3534418828295207,0.590119824460297,0.5525660403050109,0.8765458197167756,0.23298210198310795,0.5710007452385741,0.44187402313937657,0.3343876949597478,0.6224663029424867,0.22458944570144354,0.5229593348948249,0.5264721256780349,0.30437701706334375,0.017805917588710356,0.39649908926566524,0.4240583741061941,0.4129466506631409,0.003355929305429106,0,0,DATA
27620,1104.8,0.7761559017303502,0.07462445177007007,0.7706313760763286,0.16542438658598854,0.3534418828295207,0.590119824460297,0.5525660403050109,0.8765458197167756,0.23298210198310795,0.5710007452385741,0.44187402313937657,0.3343876949597478,0.6165237228014615,0.23271589154179906,0.5235252725336768,0.5253801928283697,0.3127546599393176,0.01874061498401147,0.40608477526131337,0.43281281253559545,0.41486828776274975,0.004878321206744187,0,0,DATA
27640,1105.6,0.776495431906737,0.08701144935815074,0.7705862349937888,0.17393481230703547,0.3534418828295207,0.590119824460297,0.5525660403050109,0.8765458197167756,0.23298210198310795,0.5710007452385741,0.44187402313937657,0.3343876949597478,0.612139679265657,0.23862218461856832,0.5237663551623735,0.5246190680578873,0.31864251791252013,0.01943593618270237,0.41109845211531504,0.43867301785344787,0.418451090292175,0.0035104730804234783,0,0,DATA
27660,1106.4,0.7763893144063181,0.11450206493716683,0.7709755491076442,0.18040282134130703,0.3534418828295207,0.590119824460297,0.5525660403050109,0.8765458197167756,0.23298210198310795,0.5710007452385741,0.44187402313937657,0.3343876949597478,0.6050514369333223,0.24809144490372356,0.5238163952758945,0.5234285590814771,0.3290195212312559,0.020576505531510903,0.4221513376696088,0.4504116357225543,0.42395500121430363,0.0055358475770036775,0,0,DATA
27680,1107.2,0.7782835216084298,0.13900741629084815,0.7672949542348511,0.1869202186817654,0.3534418828295207,0.590119824460297,0.5525660403050109,0.8765458197167756,0.23298210198310795,0.5710007452385741,0.44187402313937657,0.3343876949597478,0.5977788404493487,0.2577937213683009,0.5242291908223944,0.5222137190911751,0.33873230441164337,0.021774918802063455,0.43159620067694504,0.4601401789766571,0.42820355538746036,0.005795889498350276,0.12867708225903057,0,DATA
27700,1108.0,0.7797206903594771,0.15738910265636813,0.7649936863844544,0.195395324458785,0.3534418828295207,0.590119824460297,0.5525660403050109,0.8765458197167756,0.23298210198310795,0.5710007452385741,0.44187402313937657,0.3343876949597478,0.5917369073673975,0.2658512764900197,0.5246548349240642,0.5212059080712913,0.3466857328922749,0.02279282550722951,0.4387760554032831,0.46793741749565754,0.4322242294101979,0.004841710768446601,0,0,DATA
27720,1108.8,0.7810723628393664,0.17983623384261926,0.7627706389263467,0.19812601051216625,0.3534418828295207,0.590119824460297,0.5525660403050109,0.8765458197167756,0.23298210198310795,0.5710007452385741,0.44187402313937657,0.3343876949597478,0.5852104298936993,0.2745537397586857,0.525066379375342,0.5201179151738075,0.35544934738882805,0.023915225813972298,0.4475806328821399,0.47679275883404165,0.4357168416822738,0.005213495064547306,0,0,DATA
27740,1109.6,0.7811023127199598,0.2017047604574376,0.7629109832550103,0.19894026356859548,0.3534418828295207,0.590119824460297,0.5525660403050109,0.8765458197167756,0.23298210198310795,0.5710007452385741,0.44187402313937657,0.3343876949597478,0.5786600960624781,0.28328766619143464,0.5251961321856499,0.5190261188730436,0.3642404749389927,0.025065683592554604,0.4563621023699187,0.4856696880603297,0.4391980523560076,0.005138004358092678,0,0,DATA
27760,1110.4,0.78119720310667,0.22240098262352972,0.7634556644940057,0.20073963307501977,0.3534418828295207,0.590119824460297,0.5525660403050109,0.8765458197167756,0.23298210198310795,0.5710007452385741,0.44187402313937657,0.3343876949597478,0.5723487892582324,0.2917027863277651,0.5252549850099513,0.5179742122070012,0.3727458703272389,0.02619688044746133,0.4647685055614966,0.4943104963264496,0.44280801893062616,0.00492842658829253,0,0,DATA
27780,1111.2,0.7511278175800234,0.29839083436016456,0.7804838293528664,0.19914383186293533,0.3534418828295207,0.590119824460297,0.5525660403050109,0.8765458197167756,0.23298210198310795,0.5710007452385741,0.44187402313937657,0.3343876949597478,0.5544975283522653,0.31550448085492194,0.518958069896646,0.5149989953964064,0.3987592602138428,0.029517185467728656,0.49255620212259343,0.523641429252224,0.45513743911075505,0.0159832901821431,0.32696414247064143,0,DATA
27800,1112.0,0.720962297846489,0.2990260009535113,0.780293085424328,0.20927384788165243,0.4218199805964052,0.17008157907034777,0.42978936887254904,0.6689195261437908,0.23298210198310795,0.5710007452385741,0.44187402313937657,0.3343876949597478,0.4313980563866866,0.33718223639025185,0.4763567682175228,0.4971079099982173,0.4098366099806175,0.040261719742309986,0.48673901602751746,0.518818170366166,0.45419447934801244,0.06245950972667724,0,0,DATA
27820,1112.8,0.6908053866578683,0.2757087200392871,0.7826715791871289,0.20383667553541812,0.4218199805964052,0.17008157907034777,0.42978936887254904,0.6689195261437908,0.23298210198310795,0.5710007452385741,0.44187402313937657,0.3343876949597478,0.39936484378900006,0.33715672439486805,0.4572434263641756,0.48110405969706593,0.40374591729970843,0.04252671818314513,0.47185642017666385,0.5036297066569689,0.4471883850634701,0.017057355482139196,0,0,DATA
27840,1113.6,0.6602945758965981,0.2701658988479806,0.7857579218493866,0.19802607900398872,0.4218199805964052,0.17008157907034777,0.42978936887254904,0.6689195261437908,0.23298210198310795,0.5710007452385741,0.44187402313937657,0.3343876949597478,0.39091887245986845,0.3355970808626871,0.4451021535483046,0.4776608957985906,0.39962035218710296,0.042925228166314645,0.46415439808033876,0.49565525917372677,0.44291534716792563,0.007382295892394512,0,0,DATA
27860,1114.4,0.6296226576902129,0.2568630288045142,0.7891548154433223,0.20583497092149441,0.4218199805964052,0.17008157907034777,0.42978936887254904,0.6689195261437908,0.23298210198310795,0.5710007452385741,0.44187402313937657,0.3343876949597478,0.3911786837702569,0.3314043841908622,0.43501866888020246,0.47988714978969726,0.3932425044285151,0.042370871211351524,0.4533782451404623,0.48599968478499445,0.4402637266227522,0.004845330883438488,0,0,DATA
27880,1115.2,0.5994866295877326,0.23347868698300547,0.7911651178641663,0.20920331207203757,0.4218199805964052,0.17008157907034777,0.42978936887254904,0.6689195261437908,0.23298210198310795,0.5710007452385741,0.44187402313937657,0.3343876949597478,0.3961673389458903,0.3235989594792923,0.4256650575782509,0.48628418973329895,0.3827828425984563,0.041033920371511635,0.43839936327553164,0.47155866727720236,0.43491871637459756,0.0073825637297182944,0.18025177477017346,0,DATA
27900,1116.0,0.5691980043887214,0.22145409931615828,0.794308103813418,0.21221260637104633,0.4218199805964052,0.17008157907034777,0.42978936887254904,0.6689195261437908,0.23298210198310795,0.5710007452385741,0.44187402313937657,0.3343876949597478,0.40018909890861826,0.3178904475191041,0.41649836289587305,0.491149325694757,0.37550824146559747,0.04004157271270305,0.42816040035884084,0.46193493238533756,0.43147377105178397,0.006298988868431332,0,0,DATA
27920,1116.8,0.5391921518874644,0.19438913209477587,0.797017189911061,0.21473291555039944,0.4218199805964052,0.17008157907034777,0.42978936887254904,0.6689195261437908,0.23298210198310795,0.5710007452385741,0.44187402313937657,0.3343876949597478,0.40707927001392685,0.3085997031090606,0.4074471254658958,0.4992397834524331,0.36362883456294093,0.038424783860591026,0.411875060189565,0.4461725317437615,0.42559477407873225,0.008410717648443125,0,0,DATA
27940,1117.6,0.5070896113520195,0.17044978438614233,0.8037841392577008,0.21693468711783437,0.4218199805964052,0.17008157907034777,0.42978936887254904,0.6689195261437908,0.23298210198310795,0.5710007452385741,0.44187402313937657,0.3343876949597478,0.4141735843643325,0.29910946242763015,0.3979902207244592,0.5075320609683511,0.35243629606215987,0.036797507093904884,0.3972322028683506,0.4324265465139545,0.4209257095190397,0.008680486591090886,0,0,DATA
27960,1118.4,0.4753753718367689,0.15264136819407628,0.8092158094513292,0.21903815329145154,0.4218199805964052,0.17008157907034777,0.42978936887254904,0.6689195261437908,0.23298210198310795,0.5710007452385741,0.44187402313937657,0.3343876949597478,0.4200416460697881,0.29127603368942245,0.3884931590038256,0.5143828061901827,0.34308569213746476,0.035474873497946056,0.3848523225271997,0.4208001798095282,0.4168616339218353,0.007732850721432316,0,0,DATA
27980,1119.2,0.44384763988394504,0.1299160140733522,0.8144398100454229,0.22045986014082625,0.4218199805964052,0.17008157907034777,0.42978936887254904,0.6689195261437908,0.23298210198310795,0.5710007452385741,0.44187402313937657,0.3343876949597478,0.42657438894677685,0.28256290591415745,0.3790232167775425,0.5220057415163096,0.33238328860203026,0.03402604946680803,0.3705014346071641,0.40711386263383936,0.4118903991268426,0.0082386042928456,0.03897480422200566,0,DATA
28000,1120.0,0.41376231381975875,0.10875708686987963,0.8165707697004366,0.22173554562928427,0.4241101154003267,0.1665635275951848,0.4308923100490196,0.6661376633986928,0.23298210198310795,0.5710007452385741,0.44187402313937657,0.3343876949597478,0.4319925321095571,0.2745053962734292,0.37017313916559025,0.5287435679180639,0.32206327095804277,0.03274343416250195,0.35644699044394057,0.39340008298496304,0.4064959044513482,0.00744191013848694,0,0,DATA
28020,1120.8,0.38348710878582204,0.08742491253980225,0.8184841138987988,0.22257644948360927,0.4241101154003267,0.1665635275951848,0.4308923100490196,0.6661376633986928,0.23298210198310795,0.5710007452385741,0.44187402313937657,0.3343876949597478,0.4380977316677074,0.26611513456878905,0.36116032282487787,0.535991298549459,0.31145718709770776,0.03140144652786873,0.3422417485447947,0.3794702658910859,0.40091507461889847,0.007836092534500924,0,0,DATA
28040,1121.6,0.38318201278909,0.011859727197502935,0.8041981478914505,0.2189463882766715,0.4241101154003267,0.1665635275951848,0.4308923100490196,0.6661376633986928,0.23298210198310795,0.5710007452385741,0.44187402313937657,0.3343876949597478,0.45579798045703535,0.2424398041615532,0.35839240776335046,0.556679088147741,0.28327763314970045,0.0277066085188868,0.3090974620070589,0.34453437663192144,0.38525228347465573,0.014714498086030406,0,0,DATA
28060,1122.4,0.38309321057482815,0.0464953385135063,0.8178853200335858,0.2198996826458847,0.4241101154003267,0.1665635275951848,0.4308923100490196,0.6661376633986928,0.23298210198310795,0.5710007452385741,0.44187402313937657,0.3343876949597478,0.45383457671747307,0.24503517620786336,0.3575433847798972,0.5543997002548049,0.292050042442731,0.028104245553862015,0.3256713805190349,0.36257234179503234,0.39405119686000645,0.001802599589775226,0,0,DATA
28080,1123.2,0.3829230036031506,0.04748735072191907,0.8181301159509746,0.22950621536130544,0.4241101154003267,0.1665635275951848,0.4308923100490196,0.6661376633986928,0.23298210198310795,0.5710007452385741,0.44187402313937657,0.3343876949597478,0.4530372330318376,0.246091551240112,0.35725293442080897,0.5534728408958627,0.2932426096763955,0.02826661231669358,0.3260831031915422,0.36396919733082067,0.39616548351653197,0.0007147230256574488,0.01424620521657572,0,DATA
28100,1124.0,0.3830980549270991,0.04984114864959816,0.8185607986018563,0.23377197458714263,0.4241101154003267,0.1665635275951848,0.4308923100490196,0.6661376633986928,0.23298210198310795,0.5710007452385741,0.44187402313937657,0.3343876949597478,0.45230373236133437,0.24706752716953673,0.3572025600911117,0.5526181025958987,0.29444111929553407,0.028416772121948673,0.32714576915757987,0.3655015074845302,0.3974968808459665,0.0005866169765417576,0,0,DATA
28120,1124.8,0.38328250036659967,0.05114834541194728,0.8190630690895971,0.2257648468468028,0.4241101154003267,0.1665635275951848,0.4308923100490196,0.6661376633986928,0.23298210198310795,0.5710007452385741,0.44187402313937657,0.3343876949597478,0.4518091708400901,0.2477263350418219,0.3572261813344976,0.552041417899134,0.2948002984849564,0.028518274052377616,0.3278059910479679,0.3654112436496582,0.39623554697813623,0.0003923302123051142,0,0,DATA
28140,1125.6,0.3835069117123344,0.05202565343260911,0.819712345208716,0.22367792685574386,0.4241101154003267,0.1665635275951848,0.4308923100490196,0.6661376633986928,0.23298210198310795,0.5710007452385741,0.44187402313937657,0.3343876949597478,0.45147656769937783,0.24816962364929274,0.35728039409011764,0.5516534720250426,0.2952190301750555,0.028586639288941375,0.3283316517492033,0.36579313996369966,0.3961345193473769,0.00027670150126772136,0,0,DATA
28160,1126.4,0.3834989905417295,0.05436006361490352,0.819909821905601,0.2153990920609482,0.4241101154003267,0.1665635275951848,0.4308923100490196,0.6661376633986928,0.23298210198310795,0.5710007452385741,0.44187402313937657,0.3343876949597478,0.4508865606188824,0.24895624508257647,0.3572949944709766,0.5509651577681529,0.29575641878237885,0.028708096198467422,0.32930332692737707,0.3659566793320824,0.39487749097292274,0.0004637429648793878,0,0,DATA
28180,1127.2,0.38340475479721803,0.05707494346907046,0.8199421871681308,0.20850243734197288,0.4241101154003267,0.1665635275951848,0.4308923100490196,0.6661376633986928,0.23298210198310795,0.5710007452385741,0.44187402313937657,0.3343876949597478,0.45013943372535864,0.2499523978717283,0.3572795850788869,0.550093517926815,0.2965089700157203,0.028862183077445126,0.3303769047726476,0.36634382823170836,0.39390405974843395,0.0005862296915884283,0.017122483040721136,0,DATA
28200,1128.0,0.3832341877723311,0.05709113879174667,0.8199151429501013,0.20107388170782706,0.4216106685729847,0.1718470871236373,0.42928479030501093,0.6688507625272331,0.23298210198310795,0.5710007452385741,0.44187402313937657,0.3343876949597478,0.4513912913075062,0.24973089456508135,0.3567890376577113,0.5508301983712124,0.29606462638984,0.028770954153473822,0.3303438606531347,0.365565224126978,0.3923969601630102,0.0006546361033233731,0,0,DATA
28220,1128.8,0.3831963494532429,0.05711442606962071,0.8199505062746174,0.19178022264985659,0.4216106685729847,0.1718470871236373,0.42928479030501093,0.6688507625272331,0.23298210198310795,0.5710007452385741,0.44187402313937657,0.3343876949597478,0.45176195825379695,0.249670964010892,0.3566339273843501,0.5510454971214525,0.29566186419288226,0.02874461528194581,0.3303526805653699,0.3646482144658677,0.3905467784423174,0.00019523592461375325,0,0,DATA
28240,1129.6,0.3830837837271661,0.05784916855170934,0.8199871464654561,0.18901733385430422,0.4216106685729847,0.1718470871236373,0.42928479030501093,0.6688507625272331,0.23298210198310795,0.5710007452385741,0.44187402313937657,0.3343876949597478,0.45171886241644554,0.24985871273962001,0.35656375549986563,0.5509300748384127,0.2957769482402457,0.028768492043768693,0.3306313924511578,0.3646543014911842,0.3901023155306222,0.0001003388168546356,0,0,DATA
28260,1130.4,0.38315546704793024,0.05727131364489639,0.820324017408251,0.1879276972538785,0.4216106685729847,0.1718470871236373,0.42928479030501093,0.6688507625272331,0.23298210198310795,0.5710007452385741,0.44187402313937657,0.3343876949597478,0.45182728319567084,0.2497532379843308,0.35655775743188073,0.55103702260567,0.2956237803167616,0.02875066130927524,0.3304819613411444,0.3644295938154078,0.3898890960422903,7.329786749980342e-05,0,0,DATA
28280,1131.2,0.4124836666771409,0.13369021787859842,0.808204721760857,0.19048517522516056,0.4216106685729847,0.1718470871236373,0.42928479030501093,0.6688507625272331,0.23298210198310795,0.5710007452385741,0.44187402313937657,0.3343876949597478,0.43581183954036107,0.2711188887431806,0.3627148799336195,0.5323464753985903,0.32166443506096465,0.032122034092234075,0.3644913038309885,0.3974827545376407,0.4017664233226746,0.014512738971966107,0.07953350950695673,0,DATA
28300,1132.0,0.4425298451378415,0.13955558285471706,0.7949499135555005,0.20886462931270303,0.4216106685729847,0.1718470871236373,0.42928479030501093,0.6688507625272331,0.23298210198310795,0.5710007452385741,0.44187402313937657,0.3343876949597478,0.42977547979878317,0.27917088616414876,0.37087171416088827,0.5253022968173171,0.3289823873654395,0.03342991776959105,0.37019572387250477,0.4036996391673756,0.40601303468133176,0.007415063796604948,0,0,DATA
28320,1132.8,0.47318084752597617,0.11269109815175207,0.7669944960513214,0.2164704883735732,0.4216106685729847,0.1718470871236373,0.42928479030501093,0.6688507625272331,0.23298210198310795,0.5710007452385741,0.44187402313937657,0.3343876949597478,0.4336061136639325,0.274064429673609,0.37975547493057715,0.5297708419951617,0.3210218603716253,0.03259796766015578,0.35998904696810996,0.39145800641864975,0.3995807796508298,0.005940283708459319,0,0,DATA
28340,1133.6,0.5040182592802078,0.11494774785468503,0.7618861918823403,0.21409615809572186,0.4216106685729847,0.1718470871236373,0.42928479030501093,0.6688507625272331,0.23298210198310795,0.5710007452385741,0.44187402313937657,0.3343876949597478,0.43428140738586135,0.27316435464326827,0.3888964596298725,0.5305585263712965,0.3226019025348369,0.032452172394839225,0.3660375283663332,0.3967582243721898,0.4012510761838773,0.0035721178171883214,0,0,DATA
28360,1134.4,0.5331485933048432,0.11908855698457256,0.7592254228985562,0.2087935916365072,0.4216106685729847,0.1718470871236373,0.42928479030501093,0.6688507625272331,0.23298210198310795,0.5710007452385741,0.44187402313937657,0.3343876949597478,0.4336144255851636,0.2740537586905346,0.39775612518483455,0.5297803334473143,0.32559710620952687,0.03259622006266151,0.3729877650264585,0.4029121274880153,0.403059525418035,0.003472017134308706,0,0,DATA
28380,1135.2,0.5647691207893414,0.12442365455983029,0.7532654700735328,0.19856809947137885,0.4216106685729847,0.1718470871236373,0.42928479030501093,0.6688507625272331,0.23298210198310795,0.5710007452385741,0.44187402313937657,0.3343876949597478,0.43229396055415015,0.27581440722578665,0.40705433562306775,0.5282397766641818,0.32891253911587126,0.03288211599713379,0.3802539189884566,0.4085597369509981,0.403486756163492,0.004126441334832902,0.13640324655554328,0,DATA
28400,1136.0,0.5971654974756996,0.1294296159794232,0.7454658199990634,0.1930088244287948,0.3520456750408497,0.6058452099563809,0.5612017463235295,0.8856883169934641,0.23298210198310795,0.5710007452385741,0.44187402313937657,0.3343876949597478,0.5523660435398998,0.2631356223420999,0.45358378554385814,0.5422491670590001,0.32353960313706304,0.02473557234006283,0.3871756488786715,0.41414557432950766,0.40441552051793256,0.0597601059300756,0,0,DATA
28420,1136.8,0.6293395576713591,0.12838812413967948,0.7388530698856388,0.18775226146389767,0.3520456750408497,0.6058452099563809,0.5612017463235295,0.8856883169934641,0.23298210198310795,0.5710007452385741,0.44187402313937657,0.3343876949597478,0.5886063817219709,0.25904036916186574,0.47429917316118375,0.5261766245580817,0.3224859448180094,0.022379186497411028,0.39187131415922094,0.417654308302225,0.40477220264020136,0.020350326326543617,0,0,DATA
28440,1137.6,0.6606164307336182,0.13416110590986313,0.7333440167497163,0.18307175772315862,0.3520456750408497,0.6058452099563809,0.5612017463235295,0.8856883169934641,0.23298210198310795,0.5710007452385741,0.44187402313937657,0.3343876949597478,0.5982661570048536,0.2594282281034469,0.4870819327894558,0.5211528074458496,0.325296180585228,0.02188643080205802,0.3993340708525617,0.42409810930789965,0.4064524731798264,0.007610131284245314,0,0,DATA
28460,1138.4,0.692556423611111,0.13976360638281288,0.7270565391764559,0.17857088500638932,0.3520456750408497,0.6058452099563809,0.5612017463235295,0.8856883169934641,0.23298210198310795,0.5710007452385741,0.44187402313937657,0.3343876949597478,0.5999875644903989,0.26111328591834715,0.4976241591822109,0.5194495747956269,0.32882428256257756,0.021934197903263702,0.4067055741025881,0.4303907775289231,0.4080148036018492,0.004649563897733559,0,0,DATA
28480,1139.2,0.7228716272833918,0.1455079787328926,0.7233273881771258,0.17366811640751167,0.3520456750408497,0.6058452099563809,0.5612017463235295,0.8856883169934641,0.23298210198310795,0.5710007452385741,0.44187402313937657,0.3343876949597478,0.599297668542546,0.26322722752083955,0.5071530198712165,0.5187375519683072,0.3327933545299935,0.022149910391843244,0.4143205335772101,0.4371425450437243,0.40999513835198115,0.004110899413116986,0.07026990991551343,0,DATA
28500,1140.0,0.7525422702467738,0.14730110436920515,0.721287526859218,0.1699007929246503,0.3520456750408497,0.6058452099563809,0.5612017463235295,0.8856883169934641,0.23298210198310795,0.5710007452385741,0.44187402313937657,0.3343876949597478,0.5987141433745644,0.2643634851797548,0.5162425131002284,0.5184611857228404,0.3357401843667598,0.02227791879827714,0.42056394016083,0.4428052331472673,0.41196774146771703,0.003603092018636215,0,0,DATA
28520,1140.8,0.7841954971091,0.15168626010767555,0.7161340222234313,0.16876913964448248,0.3520456750408497,0.6058452099563809,0.5612017463235295,0.8856883169934641,0.23298210198310795,0.5710007452385741,0.44187402313937657,0.3343876949597478,0.5976182031190911,0.26593220608420104,0.5256165387100205,0.5182247953983539,0.3392516132890677,0.022471318575859645,0.4276179469015261,0.44923072409636783,0.41427613069973995,0.0040128955899038825,0,0,DATA
28540,1141.6,0.7866668368736381,0.07767185667001844,0.7245268861627265,0.16601495956377843,0.3520456750408497,0.6058452099563809,0.5612017463235295,0.8856883169934641,0.23298210198310795,0.5710007452385741,0.44187402313937657,0.3343876949597478,0.6128324457643571,0.24567878939299093,0.5289477277435111,0.520744382421326,0.3163519423749669,0.019974959763540155,0.40018502626722996,0.42236167184793083,0.4049684841292282,0.012932949456655593,0,0,DATA
28560,1142.4,0.7880515360524551,0.09478220188750862,0.7348625367098336,0.16778805518931314,0.3520456750408497,0.6058452099563809,0.5612017463235295,0.8856883169934641,0.23298210198310795,0.5710007452385741,0.44187402313937657,0.3343876949597478,0.6138035460622641,0.24439366104652516,0.5302378712811098,0.5209013964456053,0.3197404984268654,0.01982063270481609,0.40937323429941086,0.43276075449737583,0.4106120375916172,0.0011821240606571342,0,0,DATA
28580,1143.2,0.7866844140166751,0.10536481979372944,0.7495907674823018,0.16962930937355034,0.3520456750408497,0.6058452099563809,0.5612017463235295,0.8856883169934641,0.23298210198310795,0.5710007452385741,0.44187402313937657,0.3343876949597478,0.6118725263913297,0.24697125555632726,0.5303378187148755,0.5205781090261714,0.3247119420949453,0.0201298291893381,0.41627850320923676,0.44132297190287234,0.4161130266039368,0.0015361872048340608,0.03160944593811883,0,DATA
28600,1144.0,0.7859193009468743,0.1320773994509089,0.7518863736905934,0.1660414816908536,0.3472429449210239,0.5783816455173978,0.5438139978213508,0.8794624863834423,0.23298210198310795,0.5710007452385741,0.44187402313937657,0.3343876949597478,0.5979937807191265,0.2542154828881147,0.5253385596197371,0.5238953681963794,0.33340324183126957,0.02146120308328764,0.42726963369980675,0.45218488024600184,0.4198997382610672,0.008707410699709706,0,0,DATA
28620,1144.8,0.787305243945869,0.1388838812734911,0.7497629809508363,0.16401749891205336,0.3472429449210239,0.5783816455173978,0.5438139978213508,0.8794624863834423,0.23298210198310795,0.5710007452385741,0.44187402313937657,0.3343876949597478,0.5924007958347232,0.25829456599797396,0.5241298299209844,0.5246523190836514,0.33671483778879496,0.022108938503607848,0.4298447364806871,0.4543452454750264,0.42012366009365465,0.0036269325643383996,0,0,DATA
28640,1145.6,0.7863722478841964,0.14330116391521608,0.7507252389086101,0.17093243160455712,0.3472429449210239,0.5783816455173978,0.5438139978213508,0.8794624863834423,0.23298210198310795,0.5710007452385741,0.44187402313937657,0.3343876949597478,0.58979527101464,0.26075513007061474,0.5235712818384074,0.5247247994573725,0.3392153700327546,0.022462227367053347,0.4316175019165973,0.45690572997596446,0.42231650391169034,0.001874878991766989,0,0,DATA
28660,1146.4,0.7951779710281548,0.17953538241667813,0.7247177904289475,0.17097275497165562,0.3472429449210239,0.5783816455173978,0.5438139978213508,0.8794624863834423,0.23298210198310795,0.5710007452385741,0.44187402313937657,0.3343876949597478,0.5814044276833079,0.2716388804728163,0.5252529192738656,0.5234783459219379,0.3491282722029506,0.023878434853346647,0.44267084425004133,0.465362359798152,0.4221384115548095,0.006985410389663975,0,0,DATA
28680,1147.2,0.8042045704499746,0.17751320481091126,0.6977300337806898,0.17806732651216453,0.3472429449210239,0.5783816455173978,0.5438139978213508,0.8794624863834423,0.23298210198310795,0.5710007452385741,0.44187402313937657,0.3343876949597478,0.5793118319811195,0.2743377958638621,0.5276529963830852,0.5231751860775092,0.3481914530382304,0.02423623959966421,0.43826974176244693,0.4589719387997828,0.41740972000216386,0.0023971960674845825,0.1310558770589007,0,DATA
28700,1148.0,0.8143588892554885,0.16810962742326194,0.6698231260083183,0.19017135471464577,0.3472429449210239,0.5783816455173978,0.5438139978213508,0.8794624863834423,0.23298210198310795,0.5710007452385741,0.44187402313937657,0.3343876949597478,0.5806588045218692,0.272514468812634,0.530505426465009,0.5234133633327483,0.34354056212532547,0.02399807405876532,0.4309577930140157,0.45007970209436254,0.4124586939719712,0.0020075765579672202,0,0,DATA
28720,1148.8,0.8239692003938328,0.16128687971572,0.6428315628139186,0.20202526256467113,0.3472429449210239,0.5783816455173978,0.5438139978213508,0.8794624863834423,0.23298210198310795,0.5710007452385741,0.44187402313937657,0.3343876949597478,0.5824956733026779,0.27005710133915384,0.5333793208286384,0.5237236126790841,0.3389784956297712,0.023677501735531115,0.4247524435197879,0.4423605870656973,0.4080192037010795,0.0023893768726394224,0,0,DATA
28740,1149.6,0.8350870543195911,0.15446076184870142,0.613274785506152,0.2119677708531108,0.3472429449210239,0.5783816455173978,0.5438139978213508,0.8794624863834423,0.23298210198310795,0.5710007452385741,0.44187402313937657,0.3343876949597478,0.5844802186889945,0.2674085780943446,0.5365762384621364,0.5240556016083304,0.3340375181928289,0.02333384631699429,0.4183342116965788,0.43398092834055546,0.40270637874434884,0.002609995421541278,0,0,DATA
28760,1150.4,0.8469121182126697,0.15140076781903827,0.5820442763243109,0.2197193679869129,0.3472429449210239,0.5783816455173978,0.5438139978213508,0.8794624863834423,0.23298210198310795,0.5710007452385741,0.44187402313937657,0.3343876949597478,0.5857181810511187,0.2657572227925961,0.5400185771697324,0.5242622980781425,0.3300655138620112,0.02312066098803716,0.41322912502696096,0.42652795046613384,0.3971725781605074,0.002110552123822921,0,0,DATA
28780,1151.2,0.8567140431225908,0.14601525557461062,0.5539213766208323,0.22645369728460435,0.3472429449210239,0.5783816455173978,0.5438139978213508,0.8794624863834423,0.23298210198310795,0.5710007452385741,0.44187402313937657,0.3343876949597478,0.5872205273310858,0.2637538727736318,0.5431096830130946,0.5245127999476411,0.3256806010918081,0.022863158748755563,0.4074107251704785,0.4185706935690725,0.391661084748504,0.002198934047431156,0.047789480878033856,0,DATA
28800,1152.0,0.8664954122674711,0.14361308389785704,0.5247527243051964,0.2276652350876332,0.33957409960511986,0.6878023096427575,0.6045852056100218,0.9403496051198257,0.23298210198310795,0.5710007452385741,0.44187402313937657,0.3343876949597478,0.6188134732222949,0.2608698021821117,0.563107040467356,0.5101583622977968,0.3208965440344508,0.02088241130534709,0.4025723998656259,0.4109366568129593,0.38522904039317574,0.01815812464566356,0,0,DATA
28820,1152.8,0.8767172901478968,0.11927948212347061,0.4946857327466789,0.21479857666922564,0.33957409960511986,0.6878023096427575,0.6045852056100218,0.9403496051198257,0.23298210198310795,0.5710007452385741,0.44187402313937657,0.3343876949597478,0.6334014133622787,0.25319117250782747,0.5712528420585239,0.5067037070649468,0.309091034852654,0.01949210045800857,0.388869936420253,0.39294082836989386,0.37251110834174944,0.01013745713514532,0,0,DATA
28840,1153.6,0.888965416561924,0.09995395399226234,0.46108902943797897,0.19594664895383535,0.33957409960511986,0.6878023096427575,0.6045852056100218,0.9403496051198257,0.23298210198310795,0.5710007452385741,0.44187402313937657,0.3343876949597478,0.6418361563118276,0.2454764357288039,0.5762686890828199,0.5063437039796842,0.2975642768917091,0.018463364588655214,0.3768700097888351,0.37569603863606693,0.35866753039321786,0.007055108917622806,0,0,DATA
28860,1154.4,0.9004934692894254,0.06960500058152164,0.43208176865922826,0.18868533715552085,0.33957409960511986,0.6878023096427575,0.6045852056100218,0.9403496051198257,0.23298210198310795,0.5710007452385741,0.44187402313937657,0.3343876949597478,0.6507398594129478,0.23466430774008942,0.580194334262884,0.5072979164234814,0.28337208800557934,0.017211366713534054,0.361234586814289,0.3564337584038143,0.3465639151000064,0.007880492089966265,0,0,DATA
28880,1155.2,0.9112089473877159,0.05536191430946732,0.40560755860677783,0.1816054276606551,0.33957409960511986,0.6878023096427575,0.6045852056100218,0.9403496051198257,0.23298210198310795,0.5710007452385741,0.44187402313937657,0.3343876949597478,0.6564020184604153,0.22743260518729985,0.5836222782175443,0.5080826881761423,0.2741513093321515,0.016410530656515553,0.3523856059146353,0.34422936554942896,0.3374644655569415,0.005440601851639147,0.016608574292840194,0,DATA
28900,1156.0,0.9216488865845486,0.0437908326481345,0.3793022740393225,0.174861335784781,0.33957409960511986,0.6878023096427575,0.6045852056100218,0.9403496051198257,0.23298210198310795,0.5710007452385741,0.44187402313937657,0.3343876949597478,0.6605305933235355,0.2220231915562898,0.5868430486352771,0.5087231075600873,0.26646308540034924,0.01582771703226603,0.3445841041759776,0.3331229261664384,0.3288476577103862,0.0042529196372876705,0,0,DATA
28920,1156.8,0.9216848591733704,0.0009650873115794435,0.4081274539534728,0.16568655128044293,0.33957409960511986,0.6878023096427575,0.6045852056100218,0.9403496051198257,0.23298210198310795,0.5710007452385741,0.44187402313937657,0.3343876949597478,0.6707625723031482,0.20840915877275137,0.5878168340042498,0.5104141344620501,0.25453745449300763,0.014409380021989143,0.33322603654195004,0.323729898073392,0.3277987312464551,0.00827326571070792,0,0,DATA
28940,1157.6,0.9217101938264622,0.0005143212794210765,0.4105807132060566,0.1752607997400511,0.33957409960511986,0.6878023096427575,0.6045852056100218,0.9403496051198257,0.23298210198310795,0.5710007452385741,0.44187402313937657,0.3343876949597478,0.6739268268637852,0.2041987344486855,0.5881142898920908,0.5109372193437646,0.2526184651543645,0.013982583151337253,0.33354144891022175,0.32524806121288297,0.3302618143120081,0.0025573782575146566,0,0,DATA
28960,1158.4,0.9217356594079942,0.022175972376296003,0.4130039970872269,0.1801353833688372,0.33957409960511986,0.6878023096427575,0.6045852056100218,0.9403496051198257,0.23298210198310795,0.5710007452385741,0.44187402313937657,0.3343876949597478,0.6703271565016325,0.2090008694585907,0.5882088744305648,0.5103359870198882,0.25945342499322205,0.014469401294889385,0.34269585924151225,0.33513225829516907,0.3350943462307423,0.0028321299701772975,0,0,DATA
28980,1159.2,0.9217610267931959,0.02217596543011528,0.41542743928002235,0.1836939789867308,0.33957409960511986,0.6878023096427575,0.6045852056100218,0.9403496051198257,0.23298210198310795,0.5710007452385741,0.44187402313937657,0.3343876949597478,0.6692472568516846,0.21044150801663167,0.5882425769429993,0.5101556175658417,0.26075299329532503,0.014616862270241514,0.34318561837863937,0.3362202212133651,0.3364144615991129,0.0008514135734744669,0.006652789629034583,0,DATA
29000,1160.0,0.9217863941783977,0.02217596543011528,0.4178508814728178,0.1890267822547112,0.33930687465958603,0.6795379571645488,0.6043652130991285,0.9406011710239651,0.23298210198310795,0.5710007452385741,0.44187402313937657,0.3343876949597478,0.6666092682628018,0.21081758234548184,0.588196416944572,0.5112865746958581,0.26148479247730594,0.01475977188865772,0.34367538029423883,0.3374856076750421,0.33808941953942806,0.0010200743053867718,0,0,DATA
29020,1160.8,0.9218117615635997,0.02217596543011528,0.42027432366561324,0.18788327427055632,0.33930687465958603,0.6795379571645488,0.6043652130991285,0.9406011710239651,0.23298210198310795,0.5710007452385741,0.44187402313937657,0.3343876949597478,0.6658178716861369,0.2109304046441369,0.5881878960959361,0.511625861834863,0.2617995879910844,0.014802726025517222,0.3441651422098383,0.3381033630115057,0.33846911522931616,0.00030424657465192667,0,0,DATA
29040,1161.6,0.9218371289488017,0.02217596543011528,0.4226977658584087,0.18527416921763665,0.33930687465958603,0.6795379571645488,0.6043652130991285,0.9406011710239651,0.23298210198310795,0.5710007452385741,0.44187402313937657,0.3343876949597478,0.6655804527131375,0.21096425133373342,0.5881906669922378,0.5117276479765644,0.2620083742566771,0.014815619579195192,0.34465490412543776,0.3385745586410927,0.3385556915054513,9.134551963253339e-05,0,0,DATA
29060,1162.4,0.9218349686295457,0.021669463621449003,0.4250968822600099,0.18530923646101408,0.33930687465958603,0.6795379571645488,0.6043652130991285,0.9406011710239651,0.23298210198310795,0.5710007452385741,0.44187402313937657,0.3343876949597478,0.6656155924010577,0.21083258483418582,0.5881910445940846,0.5117759113823781,0.26213745789994874,0.014804817086289923,0.3449316946184403,0.33909476749859313,0.33908629275130153,5.572792977154295e-05,0,0,DATA
29080,1163.2,0.9218328737745096,0.02166969601502949,0.4274960796837819,0.18519049789617656,0.33930687465958603,0.6795379571645488,0.6043652130991285,0.9406011710239651,0.23298210198310795,0.5710007452385741,0.44187402313937657,0.3343876949597478,0.6656260855047818,0.21079314995452408,0.588190717955081,0.511790382270347,0.2623968207149808,0.014801583446805067,0.34541120808961967,0.33980232685566597,0.3396621697678105,1.6751540796426195e-05,0.01459885955702006,0,DATA
29100,1164.0,0.9218314335616724,0.02250747487267662,0.4299272742035744,0.18337524631762994,0.33930687465958603,0.6795379571645488,0.6043652130991285,0.9406011710239651,0.23298210198310795,0.5710007452385741,0.44187402313937657,0.3343876949597478,0.6654532998757932,0.21101589757076678,0.5881903175186841,0.51176540127672,0.26288353196415626,0.014824881163270007,0.34623227049406957,0.34068498355424043,0.34003244088941265,0.0001319778938760711,0,0,DATA
29120,1164.8,0.9218300260809452,0.022507591069466863,0.43085993221039226,0.17759782382174708,0.33930687465958603,0.6795379571645488,0.6043652130991285,0.9406011710239651,0.23298210198310795,0.5710007452385741,0.44187402313937657,0.3343876949597478,0.6654014397857706,0.21108275439074087,0.5881899018168124,0.5117579029117443,0.2628043741101518,0.014831876998091095,0.3464185670780039,0.34038680368926816,0.3391099975733864,3.971087062278519e-05,0,0,DATA
29140,1165.6,0.9218286186002178,0.022507591069466863,0.43092069486532986,0.17037688422689948,0.33930687465958603,0.6795379571645488,0.6043652130991285,0.9406011710239651,0.23298210198310795,0.5710007452385741,0.44187402313937657,0.3343876949597478,0.6653858817587638,0.2111028114367331,0.588189481535298,0.5117556534022516,0.2625347496740875,0.014833976032501162,0.3464304381128459,0.3396826570301192,0.33768085957007854,1.2011784837802816e-05,0,0,DATA
29160,1166.4,0.8803920913985253,0.09943066799254378,0.47670333205160986,0.16867163669654328,0.33930687465958603,0.6795379571645488,0.6043652130991285,0.9406011710239651,0.23298210198310795,0.5710007452385741,0.44187402313937657,0.3343876949597478,0.6492273681968157,0.23264729008899226,0.5794876847384883,0.509062670857096,0.2898799135581393,0.017137323467542886,0.3780688908789941,0.37572884876185986,0.35618027817886955,0.015468263003672322,0,0,DATA
29180,1167.2,0.8389899983764872,0.09993317134431184,0.47993393196036493,0.19224461175849655,0.33930687465958603,0.6795379571645488,0.6043652130991285,0.9406011710239651,0.23298210198310795,0.5710007452385741,0.44187402313937657,0.3343876949597478,0.6442742884243599,0.23925133462316509,0.5681827061648175,0.5082371884762376,0.29194116436469153,0.017872648763391865,0.3706355935970448,0.3709759089769813,0.3576376893690104,0.007620700960099841,0.0927877275719502,0,DATA
29200,1168.0,0.7976050242479471,0.10121846310524699,0.5093686922417663,0.20741320900565693,0.424102073120915,0.17174774124240078,0.432679993872549,0.6675806781045751,0.23298210198310795,0.5710007452385741,0.44187402313937657,0.3343876949597478,0.5003371927646254,0.25939942135335786,0.5080285066422805,0.5701316929410083,0.30506378027792824,0.027218571044416613,0.3687596675319911,0.3735603186647838,0.364084395240079,0.07474646063748806,0,0,DATA
29220,1168.8,0.7559416635243841,0.08075372932814805,0.5387069315725891,0.21186674627821914,0.424102073120915,0.17174774124240078,0.432679993872549,0.6675806781045751,0.23298210198310795,0.5710007452385741,0.44187402313937657,0.3343876949597478,0.4614536581598957,0.259713721914828,0.48123294103357117,0.5508699681225337,0.3023436645631907,0.02937225372121083,0.3581087497426034,0.36628857853573465,0.36507361638837604,0.021997800258303057,0,0,DATA
29240,1169.6,0.7140743490237976,0.08195579152753855,0.5679694334087203,0.2150956077222383,0.424102073120915,0.17174774124240078,0.432679993872549,0.6675806781045751,0.23298210198310795,0.5710007452385741,0.44187402313937657,0.3343876949597478,0.44953616471660485,0.26014458949909836,0.4644021353058352,0.5446957876087533,0.30308578458370494,0.030072039577418608,0.3560686120894686,0.3674975772106149,0.3690285920160626,0.009726388918432397,0,0,DATA
29260,1170.4,0.6723150832181163,0.08259776639975239,0.5972956514643012,0.2174787864423617,0.424102073120915,0.17174774124240078,0.432679993872549,0.6675806781045751,0.23298210198310795,0.5710007452385741,0.44187402313937657,0.3343876949597478,0.4458261019604527,0.2604536027385993,0.4505834477683214,0.5426862496109266,0.3036476405579799,0.030310683540499588,0.35383879248833405,0.36843869728705075,0.37275715192424647,0.005945921177722302,0,0,DATA
29280,1171.2,0.6305168989337188,0.08298200863831448,0.6266433713377016,0.2189450794408427,0.424102073120915,0.17174774124240078,0.432679993872549,0.6675806781045751,0.23298210198310795,0.5710007452385741,0.44187402313937657,0.3343876949597478,0.44463239226350904,0.260653894537247,0.43766022280734374,0.541989248863131,0.30406581775733393,0.030399333269833597,0.35150239650155946,0.3691837025874643,0.3762651583996373,0.00477240881885634,0.08994310765170818,0,DATA
29300,1172.0,0.5886641174899446,0.0832722769892446,0.6560052246668964,0.2194133761547842,0.424102073120915,0.17174774124240078,0.432679993872549,0.6675806781045751,0.23298210198310795,0.5710007452385741,0.44187402313937657,0.3343876949597478,0.4442133230007306,0.2607952572151018,0.4249941712158578,0.5417090328928144,0.3043910100527547,0.03043877117079774,0.3491203182190157,0.3697846393092341,0.37955754318298646,0.004408827844039713,0,0,DATA
29320,1172.8,0.5468451810478465,0.08422825099209359,0.6853426745077164,0.21893593512232076,0.424102073120915,0.17174774124240078,0.432679993872549,0.6675806781045751,0.23298210198310795,0.5710007452385741,0.44187402313937657,0.3343876949597478,0.4438868476812987,0.2611053387392559,0.4124123790855715,0.5413907544710214,0.30488589623193507,0.03049286373284128,0.34700641049989955,0.3705567324709537,0.3827579198929163,0.004406116324624103,0,0,DATA
29340,1173.6,0.5050149520278198,0.08548561899444071,0.714692891912345,0.21826237382255018,0.424102073120915,0.17174774124240078,0.432679993872549,0.6675806781045751,0.23298210198310795,0.5710007452385741,0.44187402313937657,0.3343876949597478,0.4435248578049763,0.2615504262371593,0.39985349335227993,0.5409872157839084,0.3055027929260151,0.030564725232613377,0.3450133553777588,0.37143134295929875,0.3859663442824687,0.0044553210358391215,0,0,DATA
29360,1174.4,0.463166196633568,0.08511604023734663,0.7439926197226193,0.2173700703993262,0.424102073120915,0.17174774124240078,0.432679993872549,0.6675806781045751,0.23298210198310795,0.5710007452385741,0.44187402313937657,0.3343876949597478,0.4434938723810693,0.261580470434544,0.3872975889994996,0.5409567009732625,0.3055940616120747,0.030569938279075917,0.3423557183581257,0.37161444837837065,0.3888725031974032,0.004205644658024014,0,0,DATA
29380,1175.2,0.4212758059954752,0.08593131363122172,0.7732536401996982,0.2145181018253438,0.424102073120915,0.17174774124240078,0.432679993872549,0.6675806781045751,0.23298210198310795,0.5710007452385741,0.44187402313937657,0.3343876949597478,0.4433133693411835,0.26181776024404446,0.3747338356596661,0.5407478045485695,0.3059128917040377,0.030607593827347936,0.34015595368347296,0.37205558889402757,0.39155061654714846,0.004327182063073254,0.025779394089366515,0,DATA
29400,1176.0,0.3794138268288085,0.0877956691490699,0.8026179360190648,0.21396079390829936,0.4201447610294118,0.17919068540181915,0.4274703839869281,0.6697446895424837,0.23298210198310795,0.5710007452385741,0.44187402313937657,0.3343876949597478,0.44495172813510675,0.2615799311926764,0.36071500326474215,0.5416858984712151,0.3062209560043815,0.030489792640236872,0.33840215922115224,0.373182493221939,0.39487368432959175,0.005298340080071758,0,0,DATA
29420,1176.8,0.379346005897017,0.011593058697838112,0.7862742175704336,0.21025266362280706,0.4201447610294118,0.17919068540181915,0.4274703839869281,0.6697446895424837,0.23298210198310795,0.5710007452385741,0.44187402313937657,0.3343876949597478,0.4614457839680424,0.2401718515509211,0.35649511115058874,0.5606369662085606,0.2790686934473324,0.027162568277239504,0.3046388071645749,0.3374139562919494,0.3786089549994716,0.014040675862948132,0,0,DATA
29440,1177.6,0.37905315170940174,0.04298855306098549,0.8023265305099783,0.21122378751978538,0.4201447610294118,0.17919068540181915,0.4274703839869281,0.6697446895424837,0.23298210198310795,0.5710007452385741,0.44187402313937657,0.3343876949597478,0.4598009469016622,0.24254016608007575,0.3551676441369435,0.5586303904107932,0.2874546554365441,0.027514193291501805,0.3203488966602198,0.35482638947124656,0.38749629674946395,0.001780206203060038,0,0,DATA
29460,1178.4,0.3788293295416457,0.04493799982079288,0.8024906513433763,0.20142708173744198,0.4201447610294118,0.17919068540181915,0.4274703839869281,0.6697446895424837,0.23298210198310795,0.5710007452385741,0.44187402313937657,0.3343876949597478,0.45889811196218855,0.24379650553156823,0.3547224013776212,0.55755080321531,0.28813029108430227,0.027702937382431982,0.3211167350972711,0.35463096941340333,0.3858480205985403,0.0008681390500961487,0,0,DATA
29480,1179.2,0.378972794379504,0.0455058530358491,0.8028202017286272,0.1986364679088331,0.4201447610294118,0.17919068540181915,0.4274703839869281,0.6697446895424837,0.23298210198310795,0.5710007452385741,0.44187402313937657,0.3343876949597478,0.4585080123051847,0.24433240626723174,0.35461895616577477,0.5570878030189763,0.2884820867202238,0.027783848468859094,0.3214384794279155,0.3547066073997119,0.38547180989517554,0.00034314853483793,0.01365175591075473,0,DATA
29500,1180.0,0.37951303785403045,0.04690473528361115,0.8032354921243503,0.19048509496379143,0.4201447610294118,0.17919068540181915,0.4274703839869281,0.6697446895424837,0.23298210198310795,0.5710007452385741,0.44187402313937657,0.3343876949597478,0.45809721713605345,0.24488486351730415,0.3547013737318714,0.5566061768093746,0.2888043816375564,0.02786779569446982,0.32218913910107017,0.3546836588179348,0.3842092145897149,0.0003485566617667524,0,0,DATA
29520,1180.8,0.3797612454436904,0.05005169852106451,0.803395411719378,0.1827072876481329,0.4201447610294118,0.17919068540181915,0.4274703839869281,0.6697446895424837,0.23298210198310795,0.5710007452385741,0.44187402313937657,0.3343876949597478,0.4573131163054489,0.24593175039881282,0.35477822259552894,0.555690682953318,0.28966396255040394,0.028027426397350355,0.3235295498329891,0.35526228077779054,0.38319049826992413,0.0006359455252569202,0,0,DATA
29540,1181.6,0.3800851951357466,0.055997298076471774,0.8036460255782364,0.18192041973253853,0.4201447610294118,0.17919068540181915,0.4274703839869281,0.6697446895424837,0.23298210198310795,0.5710007452385741,0.44187402313937657,0.3343876949597478,0.45582931014963196,0.24791058433877944,0.35486930668995803,0.5539593629054262,0.2918270737650528,0.0283301914771767,0.3260227023653349,0.3577018079044628,0.38402001305403655,0.0011845747300708864,0,0,DATA
29560,1182.4,0.3804014200498576,0.05797845080101475,0.8038638386580359,0.18097575819368414,0.4201447610294118,0.17919068540181915,0.4274703839869281,0.6697446895424837,0.23298210198310795,0.5710007452385741,0.44187402313937657,0.3343876949597478,0.4549681262307329,0.24905895728364147,0.35496303915025007,0.5529545844735457,0.2928467310690475,0.02850646473513782,0.32692197105393417,0.3585283917471566,0.3842143294163081,0.000701096441351042,0,0,DATA
29580,1183.2,0.3804709757834758,0.05860022090633074,0.8040473410536457,0.17997348460503768,0.4201447610294118,0.17919068540181915,0.4274703839869281,0.6697446895424837,0.23298210198310795,0.5710007452385741,0.44187402313937657,0.3343876949597478,0.45457919933294677,0.24957756479658855,0.3550057655923975,0.5525008172681791,0.29324487259628307,0.02858620699617662,0.3272212907219062,0.3587458342958249,0.3841599713866405,0.00031675361762687854,0.032264574201482196,0,DATA
29600,1184.0,0.38029353501550184,0.05908415384332511,0.8040047210646193,0.17983982194737796,0.4095781845724401,0.16012721437570254,0.41872021377995644,0.6796510757080609,0.23298210198310795,0.5710007452385741,0.44187402313937657,0.3343876949597478,0.4490231234595295,0.24764966721686704,0.3525312733058151,0.5506867281213311,0.29214090715194185,0.028654340425081633,0.3273708517453039,0.358877767054554,0.3841774297216037,0.003319488579907067,0,0,DATA
29620,1184.8,0.3801037869741914,0.06200792991928129,0.8039192260088185,0.17980465560043646,0.4095781845724401,0.16012721437570254,0.41872021377995644,0.6796510757080609,0.23298210198310795,0.5710007452385741,0.44187402313937657,0.3343876949597478,0.4467423077215535,0.2478899552442183,0.35174907853116516,0.5494261762386676,0.29272603823662696,0.028800875161258947,0.3284853135562641,0.35998016272523997,0.3845686142955276,0.001101099513325728,0,0,DATA
29640,1185.6,0.37985924538084465,0.06365885084790832,0.8038336612020595,0.1794113515126644,0.4095781845724401,0.16012721437570254,0.41872021377995644,0.6796510757080609,0.23298210198310795,0.5710007452385741,0.44187402313937657,0.3343876949597478,0.445711369605149,0.24842429951243927,0.3514630663641674,0.5486435350463548,0.29326522887835016,0.02891674059404554,0.3290796606476938,0.36052662292721654,0.3846917462562428,0.0006170981838743983,0,0,DATA
29660,1186.4,0.42253307907030335,0.13871757225313708,0.7684636705134156,0.1822055681803237,0.4095781845724401,0.16012721437570254,0.41872021377995644,0.6796510757080609,0.23298210198310795,0.5710007452385741,0.44187402313937657,0.3343876949597478,0.4296397566751296,0.2696010447863696,0.36033876778885443,0.53001935594438,0.31726194794677076,0.03229164067604854,0.36056391780994823,0.3887533026873725,0.3919342834973438,0.015374686542878916,0,0,DATA
29680,1187.2,0.4648652877283392,0.13817700145751113,0.7330445433117906,0.19272175811830397,0.4095781845724401,0.16012721437570254,0.41872021377995644,0.6796510757080609,0.23298210198310795,0.5710007452385741,0.44187402313937657,0.3343876949597478,0.42493179266320524,0.27580270854577343,0.371891242034448,0.5245645420587158,0.32045338390108,0.03330712752823058,0.36173030578298004,0.3874293969340399,0.38933487493099334,0.007487367338973927,0.11829834233032133,0,DATA
29700,1188.0,0.5074009264496397,0.10645634631423971,0.6814991715893707,0.1917396548333527,0.4095781845724401,0.16012721437570254,0.41872021377995644,0.6796510757080609,0.23298210198310795,0.5710007452385741,0.44187402313937657,0.3343876949597478,0.43018074103971493,0.26878142423347856,0.38428946843959916,0.5306996584031182,0.3083434308503953,0.032162934715592256,0.34724009712544757,0.3676864407757703,0.3757475769440375,0.008222819697985237,0,0,DATA
29720,1188.8,0.5498504142575833,0.10322160779349719,0.6525472345944087,0.1876053950237899,0.4095781845724401,0.16012721437570254,0.41872021377995644,0.6796510757080609,0.23298210198310795,0.5710007452385741,0.44187402313937657,0.3343876949597478,0.4324347206420237,0.26576931215398225,0.3969233288008127,0.5333327042440206,0.3057749616322362,0.03167670111846495,0.3486457118797469,0.36578343584961714,0.3714424787360674,0.005966650681006214,0,0,DATA
29740,1189.6,0.5922129983136416,0.10144960571804212,0.6235570880298679,0.1868741180930233,0.4095781845724401,0.16012721437570254,0.41872021377995644,0.6796510757080609,0.23298210198310795,0.5710007452385741,0.44187402313937657,0.3343876949597478,0.433483034958562,0.2643695179490059,0.409609629560949,0.5345567585047779,0.3045325028366867,0.031451661561167146,0.3506113985478684,0.3647769801682079,0.36801914480306647,0.005044803093883628,0,0,DATA
29760,1190.4,0.6343829211706049,0.09884808028693834,0.5945569077314934,0.1852903168199419,0.4095781845724401,0.16012721437570254,0.41872021377995644,0.6796510757080609,0.23298210198310795,0.5710007452385741,0.44187402313937657,0.3343876949597478,0.43434384959405525,0.26322115256680395,0.4222712035889522,0.5355613485136256,0.3032574596802178,0.03126745941193438,0.3522047368871446,0.36331192035033855,0.3642791029448873,0.004890251348566151,0,0,DATA
29780,1191.2,0.6767368312175296,0.09505914217727114,0.5657899872959,0.18365212176872225,0.4095781845724401,0.16012721437570254,0.41872021377995644,0.6796510757080609,0.23298210198310795,0.5710007452385741,0.44187402313937657,0.3343876949597478,0.43539777098773336,0.2618157402814365,0.43496399690720733,0.5367910153531483,0.3016787367608845,0.0310425676162131,0.353406559565544,0.36147323148005656,0.36042678411398743,0.0050507089991002245,0.045873452240711585,0,DATA
29800,1192.0,0.7190539176407741,0.08872930038330178,0.5369108707786565,0.18205911971168373,0.2951200810185185,0.9567761802953139,0.572128863698257,0.9855109613289761,0.23298210198310795,0.5710007452385741,0.44187402313937657,0.3343876949597478,0.6601049246400615,0.23558555914719134,0.4906128450286894,0.5021547581063734,0.2847840062428112,0.016815617989810048,0.35356221682915645,0.3585816768862409,0.35617063694649786,0.10219539430268514,0,0,DATA
29820,1192.8,0.7614333260013405,0.08645787930782871,0.5080602117894608,0.18054634347406415,0.2951200810185185,0.9567761802953139,0.572128863698257,0.9855109613289761,0.23298210198310795,0.5710007452385741,0.44187402313937657,0.3343876949597478,0.7279940691616092,0.22708050690578535,0.5162071752208529,0.4724627119663027,0.2791853100665289,0.01297112137779397,0.35535939827324137,0.35734251480764423,0.3525526446264107,0.033996175651705735,0,0,DATA
29840,1193.6,0.8040255585407239,0.0848801351996637,0.47929909932079295,0.17910036516714378,0.2951200810185185,0.9567761802953139,0.572128863698257,0.9855109613289761,0.23298210198310795,0.5710007452385741,0.44187402313937657,0.3343876949597478,0.7486921387807883,0.22408722288307736,0.5328298431117725,0.46361031916806716,0.27703510657023145,0.011826124948952781,0.35749452464411846,0.3564569321009625,0.34909573248557324,0.013438007177602221,0,0,DATA
29860,1194.4,0.8468682571853526,0.08324972737998121,0.4508842039379339,0.1779301806185408,0.2951200810185185,0.9567761802953139,0.572128863698257,0.9855109613289761,0.23298210198310795,0.5710007452385741,0.44187402313937657,0.3343876949597478,0.7552439453086753,0.22273272348675383,0.5468136101944203,0.4610116656022854,0.2759323627449712,0.011448188356767038,0.3597279221685994,0.3557318216322972,0.3457976804216484,0.007296691002286119,0,0,DATA
29880,1195.2,0.8897411021032343,0.07985778393558193,0.4225632037309052,0.17762216990773183,0.2951200810185185,0.9567761802953139,0.572128863698257,0.9855109613289761,0.23298210198310795,0.5710007452385741,0.44187402313937657,0.3343876949597478,0.7579217953903652,0.22137662950342496,0.5600120377519698,0.4603507875531049,0.2745949825440247,0.011253995972671498,0.3612815137330102,0.35442251210492437,0.3424343212028577,0.005744123874189415,0.02395733518067458,0,DATA
29900,1196.0,0.9327103430848833,0.07739147341628959,0.39430150832643024,0.1781524057528978,0.2951200810185185,0.9567761802953139,0.572128863698257,0.9855109613289761,0.23298210198310795,0.5710007452385741,0.44187402313937657,0.3343876949597478,0.7592430756239237,0.2202792343630245,0.5729951066253811,0.4602388450065259,0.2736092810404992,0.011137087703523322,0.36323649864072816,0.35360435105671134,0.33940192204104325,0.00513391474912341,0,0,DATA
29920,1196.8,0.9327327973123007,0.0004683964932126697,0.4294826588660277,0.17489633725229525,0.2951200810185185,0.9567761802953139,0.572128863698257,0.9855109613289761,0.23298210198310795,0.5710007452385741,0.44187402313937657,0.3343876949597478,0.7757933058478372,0.19841155428244278,0.576894742675162,0.46289756993486,0.25227427234737887,0.009341891720124366,0.3395079888249004,0.3330683494447831,0.3360097798601023,0.014105848784758734,0,0,DATA
29940,1197.6,0.9327378380572312,0.00028850081699346406,0.4363780817490213,0.18485855415422747,0.2951200810185185,0.9567761802953139,0.572128863698257,0.9855109613289761,0.23298210198310795,0.5710007452385741,0.44187402313937657,0.3343876949597478,0.7807961530070174,0.19180087946892688,0.5780656920465318,0.46370148376202786,0.24950542683270524,0.008829133033607488,0.34081612327999744,0.33606224787837274,0.33969959868429733,0.00426149044802195,0,0,DATA
29960,1198.4,0.9327300478150659,0.00011115824534942183,0.44325047047470295,0.193377740960547,0.2951200810185185,0.9567761802953139,0.572128863698257,0.9855109613289761,0.23298210198310795,0.5710007452385741,0.44187402313937657,0.3343876949597478,0.7823342490948167,0.1897680211048118,0.578415340907088,0.46394886490018566,0.2494221679027345,0.008674259750429599,0.34211810594804315,0.3389033880996185,0.3430941528170185,0.0013068677708235332,0,0,DATA
29980,1199.2,0.9327222575729006,0.00011115824534942183,0.44351874077388287,0.18669953954596685,0.2951200810185185,0.9567761802953139,0.572128863698257,0.9855109613289761,0.23298210198310795,0.5710007452385741,0.44187402313937657,0.3343876949597478,0.7827956779211566,0.1891581635955773,0.5785185996144001,0.46402307924163305,0.24882069455713893,0.008628053844785828,0.34217020195944603,0.3383144909994814,0.34182480108468094,0.0003915150142954719,3.334747360482655e-05,0,DATA
30000,1200.0,0.9327144673307355,0.00011115824534942183,0.4437870110730628,0.17928059526333898,0.29506404037309364,0.9564669576236867,0.5720512493191721,0.9855385348583878,0.23298210198310795,0.5710007452385741,0.44187402313937657,0.3343876949597478,0.7828475242210028,0.1889634378072677,0.5785262092495953,0.4640945189858647,0.24843867052937646,0.008617114453827335,0.342222297970849,0.3376515196125396,0.3404073007787338,8.47272411170034e-05,0,0,DATA
30020,1200.8,0.9327066770885702,0.00011115824534942183,0.4440552813722427,0.1801954227678934,0.29506404037309364,0.9564669576236867,0.5720512493191721,0.9855385348583878,0.23298210198310795,0.5710007452385741,0.44187402313937657,0.3343876949597478,0.7828630781109567,0.18890502007077484,0.5785268561892991,0.46411595090913416,0.2484717822041913,0.008613833463386757,0.3422743939822519,0.337821925404316,0.34065655483022317,2.487285538352313e-05,0,0,DATA
30040,1201.6,0.932698886846405,0.00011115824534942183,0.4442819463898867,0.18088658615459124,0.29506404037309364,0.9564669576236867,0.5720512493191721,0.9855385348583878,0.23298210198310795,0.5710007452385741,0.44187402313937657,0.3343876949597478,0.7828677442779428,0.18888749474982697,0.5785254143203556,0.4641223804861151,0.24851549012983454,0.008612849240670814,0.3423181689373477,0.3379574831998459,0.3408506747377572,7.877785625822383e-06,0,0,DATA
30060,1202.4,0.9326910966042397,0.00011115824534942183,0.44450861140753073,0.18181135510215957,0.29506404037309364,0.9564669576236867,0.5720512493191721,0.9855385348583878,0.23298210198310795,0.5710007452385741,0.44187402313937657,0.3343876949597478,0.7828691441280387,0.1888822371535426,0.5785233458088178,0.46412430935920934,0.2485759029127107,0.00861255398055349,0.34236194389244345,0.33811640155146283,0.3410915157574653,2.9086526393458842e-06,0,0,DATA
30080,1203.2,0.9326833063620744,0.00011115824534942183,0.44472548622039176,0.18283692120303568,0.29506404037309364,0.9564669576236867,0.5720512493191721,0.9855385348583878,0.23298210198310795,0.5710007452385741,0.44187402313937657,0.3343876949597478,0.7828695640830674,0.1888806598746573,0.5785210893045017,0.4641248880211376,0.24864138094758467,0.008612465403121066,0.3424037608065825,0.3382824625569757,0.34135006865663925,1.4179127433751788e-06,3.334747360482655e-05,0,DATA
30100,1204.0,0.9326755161199092,0.00011115824534942183,0.4449115286852892,0.1838693758451923,0.29506404037309364,0.9564669576236867,0.5720512493191721,0.9855385348583878,0.23298210198310795,0.5710007452385741,0.44187402313937657,0.3343876949597478,0.7828696900695761,0.1888801866909917,0.5785187764023523,0.46412506161971606,0.2487040970994861,0.008612438829945586,0.342439411251129,0.33843996271222765,0.3416022911770784,9.706907745747155e-07,0,0,DATA
30120,1204.8,0.9326754833877994,3.273210993799229e-08,0.44496462786303476,0.1839447082559105,0.29506404037309364,0.9564669576236867,0.5720512493191721,0.9855385348583878,0.23298210198310795,0.5710007452385741,0.44187402313937657,0.3343876949597478,0.782893064223309,0.188848929592185,0.5785180756579643,0.464129003092253,0.24867694533727314,0.008610086609978144,0.34240557433496044,0.3384189689549053,0.3416139603534616,1.844399897585336e-05,0,0,DATA
30140,1205.6,0.9326754833877994,0.0,0.4449851994300581,0.18378373643306187,0.29506404037309364,0.9564669576236867,0.5720512493191721,0.9855385348583878,0.23298210198310795,0.5710007452385741,0.44187402313937657,0.3343876949597478,0.7829000833431721,0.18883954329755218,0.578517865434648,0.4641301866796378,0.2486673380384847,0.008609380313396524,0.34240967555552104,0.3384090301498835,0.3415869039708312,5.538545937415022e-06,0,0,DATA
30160,1206.4,0.9208032852564101,0.07692307692307693,0.4725729056743701,0.1863030899670838,0.29506404037309364,0.9564669576236867,0.5720512493191721,0.9855385348583878,0.23298210198310795,0.5710007452385741,0.44187402313937657,0.3343876949597478,0.7667483429252847,0.21037518894762386,0.5760246407600613,0.4614382340635457,0.2763579407763872,0.010304775900182313,0.3763220079473364,0.3753320685195322,0.3593389429640362,0.013393536914181908,0,0,DATA
30180,1207.2,0.9083434148231941,0.08583072785738227,0.47327906069061326,0.2017659245661688,0.29506404037309364,0.9564669576236867,0.5720512493191721,0.9855385348583878,0.23298210198310795,0.5710007452385741,0.44187402313937657,0.3343876949597478,0.7600322141037144,0.2193300249042509,0.57266010056671,0.4603188804960173,0.28286252885110763,0.011052749495938556,0.37753432523766395,0.3781612847713926,0.36269820923473817,0.00634516832384957,0.09067290016968327,0,DATA
30200,1208.0,0.8953831031611361,0.091735109508547,0.5022432181747256,0.2072464857987424,0.34956980187908493,0.5697468773829079,0.5422526041666667,0.8744904003267974,0.23298210198310795,0.5710007452385741,0.44187402313937657,0.3343876949597478,0.6484958328430805,0.23511591246982333,0.5605854524169709,0.5081941273435481,0.2959368588690692,0.017355286829589325,0.38309684706254077,0.387168278467938,0.3706249869337499,0.046465638991981785,0,0,DATA
30220,1208.8,0.8824574548035026,0.10016451158454834,0.530814077942125,0.19707746862859682,0.34956980187908493,0.5697468773829079,0.5422526041666667,0.8744904003267974,0.23298210198310795,0.5710007452385741,0.44187402313937657,0.3343876949597478,0.6132647440289303,0.24221191132077538,0.5542486718169461,0.5222616723251471,0.30353085312847206,0.019671095960015244,0.38959765017489445,0.39550926584001705,0.3757057439172075,0.016221289421709018,0,0,DATA
30240,1209.6,0.869370175286995,0.10287512307273336,0.5598696551931992,0.18943148234385887,0.34956980187908493,0.5697468773829079,0.5422526041666667,0.8744904003267974,0.23298210198310795,0.5710007452385741,0.44187402313937657,0.3343876949597478,0.6021261889721663,0.24509968219275283,0.5495993089384721,0.5263870644175404,0.3078310609471869,0.020478936373505698,0.39387555431708177,0.40192812907883796,0.3805383047446054,0.006225229602405162,0,0,DATA
30260,1210.4,0.856819538712921,0.11135702745307523,0.5883993417417408,0.1824038644454868,0.34956980187908493,0.5697468773829079,0.5422526041666667,0.8744904003267974,0.23298210198310795,0.5710007452385741,0.44187402313937657,0.3343876949597478,0.5970034225352654,0.24834094668084178,0.5455688663943744,0.5273278153919464,0.31327133108485916,0.021016915826913587,0.4004641260641121,0.4106669076908852,0.3862824248017103,0.004131491156362512,0,0,DATA
30280,1211.2,0.8445705285319256,0.11349859120998824,0.6165137522492524,0.17675929717433275,0.34956980187908493,0.5697468773829079,0.5422526041666667,0.8744904003267974,0.23298210198310795,0.5710007452385741,0.44187402313937657,0.3343876949597478,0.5950168642152434,0.2499129638792041,0.541787441493136,0.5275350859527762,0.31672521736055825,0.02125421251486316,0.40449383163218045,0.4169435975825894,0.39127844751979485,0.0024466668065409314,0.1767557241913859,0,DATA
30300,1212.0,0.8322762825749959,0.1209699571602145,0.6445085443833196,0.1714055055549981,0.34956980187908493,0.5697468773829079,0.5422526041666667,0.8744904003267974,0.23298210198310795,0.5710007452385741,0.44187402313937657,0.3343876949597478,0.5928519098696892,0.25247655150477616,0.5380712223718093,0.5273357693127673,0.32162047220269796,0.021587022607049897,0.41062248724769845,0.42533635324958063,0.3970976675262856,0.0028149203641509857,0,0,DATA
30320,1212.8,0.8212453651332328,0.12466560876487345,0.6702729072597526,0.16682284416040474,0.34956980187908493,0.5697468773829079,0.5422526041666667,0.8744904003267974,0.23298210198310795,0.5710007452385741,0.44187402313937657,0.3343876949597478,0.5914263367290445,0.25428041024175224,0.534639863972641,0.5271466265146016,0.3253200353956762,0.021817378529207957,0.41504743697649604,0.43187947312656216,0.40207348196299775,0.002220263425596336,0,0,DATA
30340,1213.6,0.8105135864441931,0.1332391630530417,0.6957351265848091,0.16260413173631275,0.34956980187908493,0.5697468773829079,0.5422526041666667,0.8744904003267974,0.23298210198310795,0.5710007452385741,0.44187402313937657,0.3343876949597478,0.5891982183863358,0.25722216306353224,0.5313567829281921,0.5267898092750659,0.3304850313017711,0.02219013779997409,0.42142294681896675,0.4403793336591293,0.4078081495837647,0.0028176507363125345,0,0,DATA
30360,1214.4,0.7986425994008715,0.13994027699220712,0.7230507743414104,0.15938321489879467,0.34956980187908493,0.5697468773829079,0.5422526041666667,0.8744904003267974,0.23298210198310795,0.5710007452385741,0.44187402313937657,0.3343876949597478,0.5871225489562985,0.25998100081303255,0.5278789513357599,0.5264482251153344,0.3354118742755634,0.02254146151644983,0.42719232453728884,0.44855818446935974,0.4138109465419541,0.002770779590656617,0,0,DATA
30380,1215.2,0.786483864379085,0.14183726642366346,0.750727147194472,0.157010987926866,0.34956980187908493,0.5697468773829079,0.5422526041666667,0.8744904003267974,0.23298210198310795,0.5710007452385741,0.44187402313937657,0.3343876949597478,0.5861014803466813,0.2613398091786904,0.5242822675034552,0.5262793552373142,0.33878425446573845,0.022715313630563554,0.43105464787612635,0.4549509223963106,0.4193242692733736,0.0019921869358598965,0.0989599437531423,0,DATA
30400,1216.0,0.7754438474107592,0.1497835098248701,0.7768147958061663,0.15903270701269523,0.3541862830201524,0.5982012880072123,0.5553118191721131,0.8775514025054466,0.23298210198310795,0.5710007452385741,0.44187402313937657,0.3343876949597478,0.592093683624348,0.26494186088034977,0.5245414389919403,0.5214822277476511,0.34454506967029763,0.022695006290336925,0.43724267156528274,0.4639498828552193,0.42633846005681136,0.0032844754892703922,0,0,DATA
30420,1216.8,0.7772263726537623,0.07629304927099044,0.7738036813616808,0.15561968916439606,0.3541862830201524,0.5982012880072123,0.5553118191721131,0.8775514025054466,0.23298210198310795,0.5710007452385741,0.44187402313937657,0.3343876949597478,0.6093243413239628,0.2454451474357613,0.5249935207395164,0.5226152556201379,0.3207333154870938,0.020136783375093645,0.4076007695034344,0.43366556756409247,0.41405776131724853,0.012393150963926495,0,0,DATA
30440,1217.6,0.7797534552015251,0.08846096124396573,0.7691249872953259,0.1560668628872212,0.3541862830201524,0.5982012880072123,0.5553118191721131,0.8775514025054466,0.23298210198310795,0.5710007452385741,0.44187402313937657,0.3343876949597478,0.6119382771195224,0.24300314875481782,0.5256598325988195,0.5225292870628298,0.3208735924589752,0.01980304631994687,0.4120376119889061,0.4376792580152112,0.4150554175959474,0.0019074154452687158,0,0,DATA
30460,1218.4,0.7823631208626611,0.08981019655243516,0.7649021665441558,0.14921056142707395,0.3541862830201524,0.5982012880072123,0.5553118191721131,0.8775514025054466,0.23298210198310795,0.5710007452385741,0.44187402313937657,0.3343876949597478,0.6124391184434118,0.2426483350369062,0.526407755945449,0.522456273259841,0.3203043645819279,0.019748610553379762,0.41225467509428704,0.4367884088994604,0.4130918039785095,0.0005345261294768163,0,0,DATA
30480,1219.2,0.7842244322942853,0.09248127990731479,0.7623590141333256,0.14397491525736447,0.3541862830201524,0.5982012880072123,0.5553118191721131,0.8775514025054466,0.23298210198310795,0.5710007452385741,0.44187402313937657,0.3343876949597478,0.612028443336054,0.24328979426089903,0.527023008350079,0.5223408812015233,0.3207509142315462,0.01982179924196895,0.4131867402403977,0.43694259418751713,0.4119956802882544,0.0005557955786602194,0.027744383972194437,0,DATA
30500,1220.0,0.7841425038231105,0.12404220458713056,0.7628939749429382,0.14311768783006037,0.3541862830201524,0.5982012880072123,0.5553118191721131,0.8775514025054466,0.23298210198310795,0.5710007452385741,0.44187402313937657,0.3343876949597478,0.6052774466210853,0.2523192909384453,0.5271903790925212,0.5212016312202347,0.33124171210921194,0.02091518410505588,0.4259017165800115,0.44962534386536185,0.4166839208600516,0.005315954711652397,0,0,DATA
30520,1220.8,0.7842447262024469,0.12370075364466052,0.7617235681022679,0.15137855282496476,0.3541862830201524,0.5982012880072123,0.5553118191721131,0.8775514025054466,0.23298210198310795,0.5710007452385741,0.44187402313937657,0.3343876949597478,0.6033238523045135,0.25493253367781754,0.5272620570149146,0.5208718070088344,0.3329531891713027,0.021236387630128972,0.42555149931075675,0.44998417241153044,0.41800249674542805,0.0015461716594458164,0,0,DATA
30540,1221.6,0.7842954282407407,0.1386346510980361,0.7610951314761222,0.15688574891563864,0.3541862830201524,0.5982012880072123,0.5553118191721131,0.8775514025054466,0.23298210198310795,0.5710007452385741,0.44187402313937657,0.3343876949597478,0.5996016555443329,0.2598979977865744,0.5272942078196743,0.5202501733345464,0.3384708228406499,0.021853172888628276,0.43140951137453665,0.45633006042176316,0.42119198162886207,0.002906603891232392,0,0,DATA
30560,1222.4,0.7840631611886206,0.14631829787867132,0.7608442544787791,0.15611725316105962,0.3541862830201524,0.5982012880072123,0.5553118191721131,0.8775514025054466,0.23298210198310795,0.5710007452385741,0.44187402313937657,0.3343876949597478,0.5968714306923454,0.2635390581177793,0.527255076980157,0.5197947555949376,0.3418054160902405,0.02231042592569851,0.434386341276898,0.45920495304893233,0.4221048835404938,0.0021368053409032326,0,0,DATA
30580,1223.2,0.781854889391654,0.1625130999838316,0.7638988640511613,0.15673481135417083,0.3541862830201524,0.5982012880072123,0.5553118191721131,0.8775514025054466,0.23298210198310795,0.5710007452385741,0.44187402313937657,0.3343876949597478,0.5926514547946654,0.26916592080658563,0.5267796006509388,0.5190913121993743,0.34798729577300297,0.023025312714477556,0.4410335296740453,0.46621935822262894,0.42520044070828894,0.0034407716385681706,0.12810593415225097,0,DATA
30600,1224.0,0.7796544405689627,0.16892168867625346,0.7671694717884798,0.1578837719105464,0.3490307563997821,0.5655236196690832,0.5418506604030501,0.8750313180827887,0.23298210198310795,0.5710007452385741,0.44187402313937657,0.3343876949597478,0.5808899112652766,0.27156572385682787,0.5224057390440705,0.5237721824389477,0.35071494723885377,0.023901346270818347,0.44381099693393944,0.4694387823118925,0.42698912817548784,0.006178402728833114,0,0,DATA
30620,1224.8,0.7793027995118986,0.1819327955467126,0.7676280636153793,0.15832384100568397,0.3490307563997821,0.5655236196690832,0.5418506604030501,0.8750313180827887,0.23298210198310795,0.5710007452385741,0.44187402313937657,0.3343876949597478,0.5746291157636636,0.27592877469562915,0.5210197359400265,0.5247210547703536,0.35545905733987626,0.024648134044491007,0.44903682983609017,0.474754481306247,0.42910829187610267,0.004003283148152755,0,0,DATA
30640,1225.6,0.7786593516947378,0.19033084993400645,0.7683900584006077,0.15827680340704656,0.3490307563997821,0.5655236196690832,0.5418506604030501,0.8750313180827887,0.23298210198310795,0.5710007452385741,0.44187402313937657,0.3343876949597478,0.570987285691848,0.27958914517571176,0.5204688109672095,0.5247117845662201,0.3590370503748019,0.02518893259321489,0.4524197609846212,0.47820890817343703,0.43048474642906037,0.002617708508238392,0,0,DATA
30660,1226.4,0.7470341435185185,0.25930768345587674,0.7852183804054407,0.15991620757085295,0.3490307563997821,0.5655236196690832,0.5418506604030501,0.8750313180827887,0.23298210198310795,0.5710007452385741,0.44187402313937657,0.3343876949597478,0.5554096016307106,0.30000076970586026,0.5136622397583583,0.5222948143317145,0.3818752766094249,0.028009266960070583,0.4770511171590921,0.5046870369647719,0.44220371197368846,0.01426529326671235,0,0,DATA
30680,1227.2,0.7145102097997319,0.25733200603212947,0.7903345006599751,0.17106520362621386,0.3490307563997821,0.5655236196690832,0.5418506604030501,0.8750313180827887,0.23298210198310795,0.5710007452385741,0.44187402313937657,0.3343876949597478,0.5511511886713563,0.3055710673862556,0.5047902423147579,0.521638871971194,0.3833593264051182,0.028802594178276596,0.4707792834967428,0.5000417149334121,0.4421637962629535,0.006233569361116724,0.22224600839069827,0,DATA
30700,1228.0,0.6817064492730853,0.23716894888570014,0.7958102173690788,0.16822103387823978,0.3490307563997821,0.5655236196690832,0.5418506604030501,0.8750313180827887,0.23298210198310795,0.5710007452385741,0.44187402313937657,0.3343876949597478,0.5541079067843002,0.30159650068937394,0.49523985337108195,0.5221477962631629,0.3756675156166023,0.028240693949772185,0.45724845187466245,0.48677403800744473,0.43665905686600553,0.005493891251167189,0,0,DATA
30720,1228.8,0.6492844106125356,0.23086685436196344,0.8008369048409048,0.16198994653939186,0.3490307563997821,0.5655236196690832,0.5418506604030501,0.8750313180827887,0.23298210198310795,0.5710007452385741,0.44187402313937657,0.3343876949597478,0.556318362068168,0.29863954421366323,0.48556610856926374,0.5225210468590844,0.37064520251759925,0.02782518524686611,0.4492485438274231,0.47865368997350316,0.43248199322157693,0.004947052187132224,0,0,DATA
30740,1229.6,0.6176322639098374,0.221111102203665,0.8046727943598369,0.16785614830002368,0.3490307563997821,0.5655236196690832,0.5418506604030501,0.8750313180827887,0.23298210198310795,0.5710007452385741,0.44187402313937657,0.3343876949597478,0.5590302066065711,0.2950208466666264,0.4760170343211517,0.5229744733634012,0.3650758467205306,0.027320009178280712,0.43978299152735045,0.4701583468013869,0.4299856284594218,0.005293205444517317,0,0,DATA
30760,1230.4,0.588167833239065,0.18789350724355763,0.804995727505922,0.17037105314858683,0.3490307563997821,0.5655236196690832,0.5418506604030501,0.8750313180827887,0.23298210198310795,0.5710007452385741,0.44187402313937657,0.3343876949597478,0.5668194549097145,0.28463431081368534,0.46696478160585586,0.5242731171383,0.3513113037329597,0.02589258964103069,0.42066765403837003,0.4513267931118713,0.4226402604045624,0.009076012290460123,0,0,DATA
30780,1231.2,0.5580326889035528,0.18061456293925374,0.8075639497989662,0.1733952901841465,0.3490307563997821,0.5655236196690832,0.5418506604030501,0.8750313180827887,0.23298210198310795,0.5710007452385741,0.44187402313937657,0.3343876949597478,0.5706848077045614,0.2794802456525979,0.45792072548080953,0.5249174733214204,0.34507257815736536,0.025196874235075505,0.4122426919081549,0.4434610769145165,0.41978180730573855,0.006021158026993563,0.05418436888177612,0,DATA
30800,1232.0,0.5278508031150495,0.16462701886697423,0.8100284070442159,0.176162618012162,0.41203950503812636,0.1678664597382037,0.4229739413126362,0.6791159449891067,0.23298210198310795,0.5710007452385741,0.44187402313937657,0.3343876949597478,0.46385779301754787,0.28668935097808573,0.415583831282394,0.538584221019731,0.3448319114205637,0.03227831488386912,0.40030418857059236,0.43204575208428053,0.4155350669929618,0.05212433807030564,0,0,DATA
30820,1232.8,0.4977761477187028,0.1500486477168904,0.8122053821031388,0.1789371548990687,0.41203950503812636,0.1678664597382037,0.4229739413126362,0.6791159449891067,0.23298210198310795,0.5710007452385741,0.44187402313937657,0.3343876949597478,0.43487114655296144,0.2847701386537086,0.3965670853896366,0.5250505039496265,0.33931409069276325,0.03379568261019815,0.3888933040430741,0.4211300187513452,0.41143999692292665,0.01664086822724033,0,0,DATA
30840,1233.6,0.468271194695827,0.131423028199295,0.8131710226120125,0.18132976373278678,0.41203950503812636,0.1678664597382037,0.4229739413126362,0.6791159449891067,0.23298210198310795,0.5710007452385741,0.44187402313937657,0.3343876949597478,0.43008653271228053,0.27897920149146876,0.38466602148700546,0.5255536656104058,0.33071061424518755,0.033388740844864075,0.3757351937332355,0.40830773337576576,0.40641559058696175,0.007492204968517287,0,0,DATA
30860,1234.4,0.43846864132939495,0.11722442646640056,0.814153048469806,0.18390028355218968,0.41203950503812636,0.1678664597382037,0.4229739413126362,0.6791159449891067,0.23298210198310795,0.5710007452385741,0.44187402313937657,0.3343876949597478,0.43163285492398407,0.2732663118575863,0.37483716610926543,0.5291832715331988,0.32284756381399177,0.0326162746383492,0.36429164753834997,0.39721944174859997,0.40206515541871335,0.005696022407775336,0,0,DATA
30880,1235.2,0.4080413956447964,0.09884891956242375,0.8162197931622142,0.18582234025134733,0.41203950503812636,0.1678664597382037,0.4229739413126362,0.6791159449891067,0.23298210198310795,0.5710007452385741,0.44187402313937657,0.3343876949597478,0.43595560803733024,0.2664073030343081,0.3654987879021777,0.5347741525015111,0.313682789391676,0.03155576450342421,0.35126934457832126,0.3845960189277278,0.39716720232759056,0.006840046714570706,0.029654675868727123,0,DATA
30900,1236.0,0.37819098793363504,0.08917405103066868,0.8176914533828025,0.1884428549319028,0.41203950503812636,0.1678664597382037,0.4229739413126362,0.6791159449891067,0.23298210198310795,0.5710007452385741,0.44187402313937657,0.3343876949597478,0.4392841563630027,0.2616406371984332,0.35642868882070744,0.5388217595822847,0.30716819812187013,0.030808270629452603,0.3417236476675046,0.3754595395070255,0.3936229492679693,0.0057217710810058735,0,0,DATA
30920,1236.8,0.37803547767931955,0.01279933514538294,0.8045401543915747,0.18251009021852527,0.41203950503812636,0.1678664597382037,0.4229739413126362,0.6791159449891067,0.23298210198310795,0.5710007452385741,0.44187402313937657,0.3343876949597478,0.45632141119661446,0.23882571699979074,0.35367500194286017,0.5587478470984119,0.27943138417321123,0.027267330045564617,0.30851239946428166,0.340339884933342,0.37767681316926244,0.014201953970033829,0,0,DATA
30940,1237.6,0.37784936290221205,0.08826547312300989,0.8177640743573904,0.18729285672813567,0.41203950503812636,0.1678664597382037,0.4229739413126362,0.6791159449891067,0.23298210198310795,0.5710007452385741,0.44187402313937657,0.3343876949597478,0.4455846986713963,0.25311175957393356,0.3528098117763134,0.5462364695487313,0.3018408836682309,0.029469096815339046,0.34130641569307407,0.37493456980967704,0.39324065568157174,0.00862931508863593,0,0,DATA
30960,1238.4,0.37801626393078597,0.08800692218660969,0.8181081173517064,0.21390007119868917,0.41203950503812636,0.1678664597382037,0.4229739413126362,0.6791159449891067,0.23298210198310795,0.5710007452385741,0.44187402313937657,0.3343876949597478,0.44241798061047494,0.25732517808398436,0.3525853039423499,0.5425464012632453,0.30544649244486344,0.030130777411525804,0.34130518412309196,0.37762846398618194,0.3986260167866588,0.002534881468311878,0,0,DATA
30980,1239.2,0.3783373986613876,0.08793779197042065,0.8183793186078125,0.2298980112789763,0.41203950503812636,0.1678664597382037,0.4229739413126362,0.6791159449891067,0.23298210198310795,0.5710007452385741,0.44187402313937657,0.3343876949597478,0.44148248253759814,0.25856984717646664,0.3525853898855872,0.5414563176805658,0.3068803855981549,0.030327315718482885,0.3413959992339579,0.3793461932306872,0.4019151490573746,0.0007267510361987917,0.026381337591126194,0,DATA
31000,1240.0,0.3785553290493548,0.08706243715434893,0.8185145163238493,0.2289138629903788,0.41616310934095857,0.16268989609364165,0.4245464835239651,0.6737762118736383,0.23298210198310795,0.5710007452385741,0.44187402313937657,0.3343876949597478,0.43993621980663283,0.259564105459306,0.3530714928692036,0.5401860571736633,0.3073311760227049,0.030528215362270232,0.34111648292832997,0.3789817818678032,0.40164260864505025,0.001008874665807032,0,0,DATA
31020,1240.8,0.37844593833794204,0.08677995904558405,0.8185262814528629,0.2317140396352279,0.41616310934095857,0.16268989609364165,0.4245464835239651,0.6737762118736383,0.23298210198310795,0.5710007452385741,0.44187402313937657,0.3343876949597478,0.43953166139018385,0.2597832890737037,0.3531943517148918,0.53987418615824,0.3075221573183037,0.030576064769403784,0.3409839665683442,0.3791304596852037,0.40215227446881746,0.00024886695884494364,0,0,DATA
31040,1241.6,0.3782047354198089,0.08736484911806602,0.818465164979526,0.225491578524056,0.41616310934095857,0.16268989609364165,0.4245464835239651,0.6737762118736383,0.23298210198310795,0.5710007452385741,0.44187402313937657,0.3343876949597478,0.43928746695002796,0.26001281337831794,0.3531805567557903,0.539637326785855,0.3074779256579714,0.030616413075109324,0.341157458719043,0.3786755940774516,0.4009561163473079,0.00016250456795720755,0,0,DATA
31060,1242.4,0.37773535696329813,0.08696895424836602,0.8184039810811617,0.2216101522682673,0.41616310934095857,0.16268989609364165,0.4245464835239651,0.6737762118736383,0.23298210198310795,0.5710007452385741,0.44187402313937657,0.3343876949597478,0.4392973465406182,0.25997082010618616,0.3530778487921926,0.539663263217216,0.3071892371209842,0.030610929017665534,0.340892988300188,0.3780168626431813,0.40005821304545297,5.152694210656487e-05,0,0,DATA
31080,1243.2,0.3774624366306352,0.08663168258756494,0.8183269385058403,0.2239800861225623,0.41616310934095857,0.16268989609364165,0.4245464835239651,0.6737762118736383,0.23298210198310795,0.5710007452385741,0.44187402313937657,0.3343876949597478,0.4393711374665635,0.2598637860595224,0.35298972313325405,0.5397536757035205,0.307134771845778,0.030594299146358292,0.34068808705427067,0.37804125052516135,0.4004350563900951,8.965021051587918e-05,0.053439228255404723,0,DATA
31100,1244.0,0.3772933752828054,0.08587887679110104,0.8183903811173613,0.22529767332285086,0.41616310934095857,0.16268989609364165,0.4245464835239651,0.6737762118736383,0.23298210198310795,0.5710007452385741,0.44187402313937657,0.3343876949597478,0.43955136396160455,0.25962089022251333,0.3529277825525282,0.5399652368695456,0.30691537710970596,0.030555876500579136,0.3403658409884234,0.3778571074404949,0.40058460747878055,0.00016168763759198215,0,0,DATA
31120,1244.8,0.3772868615929278,0.08650248894963967,0.8186266531083805,0.22613421253369545,0.41616310934095857,0.16268989609364165,0.4245464835239651,0.6737762118736383,0.23298210198310795,0.5710007452385741,0.44187402313937657,0.3343876949597478,0.43947447335682366,0.25972263287580144,0.35290783250343616,0.539875920240511,0.30713749375921096,0.030572044770510794,0.3406612375120671,0.3782597850843251,0.4009038737734973,6.61944357203496e-05,0,0,DATA
31140,1245.6,0.3775073123533602,0.08590093823319928,0.8189195970857932,0.22728600770508753,0.41616310934095857,0.16268989609364165,0.4245464835239651,0.6737762118736383,0.23298210198310795,0.5710007452385741,0.44187402313937657,0.3343876949597478,0.4395777318258419,0.25958472147118455,0.35294814214839937,0.5399965051773286,0.3070573599467901,0.030550182261950044,0.34052329617306,0.37826631766019847,0.401139281270706,9.382650619945328e-05,0,0,DATA
31160,1246.4,0.4096601294096699,0.12394059252974697,0.8036539284835864,0.23037632563346125,0.41616310934095857,0.16268989609364165,0.4245464835239651,0.6737762118736383,0.23298210198310795,0.5710007452385741,0.44187402313937657,0.3343876949597478,0.43162038196427244,0.27019445125283287,0.3597123266237134,0.5307129653557197,0.32037350035260165,0.03225033398967621,0.35911658758249965,0.3956420740022548,0.40686215755594224,0.008443754706177272,0,0,DATA
31180,1247.2,0.4408023098395341,0.1325539817957097,0.7904037130344224,0.23356641473694864,0.41616310934095857,0.16268989609364165,0.4245464835239651,0.6737762118736383,0.23298210198310795,0.5710007452385741,0.44187402313937657,0.3343876949597478,0.4274243652599493,0.2757891191817969,0.36828143985657913,0.5258176230390761,0.32613739553716303,0.033161127293682535,0.36614033628502474,0.4016598100702123,0.4085938479472295,0.006119932622050961,0.0717537929968996,0,DATA
31200,1248.0,0.47280144963968496,0.0650745441071728,0.7622767903143377,0.23206860695842807,0.35757846541394334,0.5780374897014574,0.5588856549564271,0.8749829793028322,0.23298210198310795,0.5710007452385741,0.44187402313937657,0.3343876949597478,0.5566335683734336,0.24627050178302257,0.4151869611855598,0.5485479649217718,0.2967543032141936,0.02292949545398876,0.3399230046256232,0.3724800053609502,0.3943405540382388,0.06854444728041309,0,0,DATA
31220,1248.8,0.5061903620956929,0.07611687658357351,0.7526300104447216,0.22622103002138932,0.35757846541394334,0.5780374897014574,0.5588856549564271,0.8749829793028322,0.23298210198310795,0.5710007452385741,0.44187402313937657,0.3343876949597478,0.5930774394874347,0.24050676965678247,0.4362702892000157,0.5332078954278914,0.2963424334693189,0.020552202411162165,0.3490883641334619,0.3800959291881234,0.3957545848004879,0.02109697708489905,0,0,DATA
31240,1249.6,0.5393955164865092,0.09642897392423116,0.7417269411589099,0.22068561525035996,0.35757846541394334,0.5780374897014574,0.5588856549564271,0.8749829793028322,0.23298210198310795,0.5710007452385741,0.44187402313937657,0.3343876949597478,0.599745060380097,0.24446503727429458,0.44956837002642386,0.5278949511728042,0.30309395706045805,0.020548151134014026,0.3616736200907259,0.39103733673970326,0.3982890645650094,0.007974656445527509,0,0,DATA
31260,1250.4,0.5720927994595273,0.11137966677815808,0.7310690757521499,0.21087117875351635,0.35757846541394334,0.5780374897014574,0.5588856549564271,0.8749829793028322,0.23298210198310795,0.5710007452385741,0.44187402313937657,0.3343876949597478,0.598605701148571,0.24983871155864776,0.4604242236986801,0.5257777936463905,0.30965453381685476,0.02105960523492584,0.3720617807455483,0.39937826720416525,0.3991740431393415,0.005789629062711789,0,0,DATA
31280,1251.2,0.6050729860587396,0.12135830492119834,0.7201696169224643,0.2043062256960631,0.35757846541394334,0.5780374897014574,0.5588856549564271,0.8749829793028322,0.23298210198310795,0.5710007452385741,0.44187402313937657,0.3343876949597478,0.5961683793690747,0.254244832524005,0.4706068189861915,0.5247933940534601,0.3149626702450321,0.02156114157859349,0.38046938155666976,0.40603942682657285,0.3999310022018067,0.0056753460107883125,0.0364074914763595,0,DATA
31300,1252.0,0.6383838978967654,0.1392513417575168,0.7093693945445292,0.1979433360675097,0.35757846541394334,0.5780374897014574,0.5588856549564271,0.8749829793028322,0.23298210198310795,0.5710007452385741,0.44187402313937657,0.3343876949597478,0.5916796450995989,0.2605767191277813,0.4806568890584304,0.5238718178863099,0.32273901877765665,0.022343743470937934,0.39212873418321526,0.41598246825246954,0.4019734153908627,0.006956896981830348,0,0,DATA
31320,1252.8,0.6721024226998491,0.15310621372855765,0.6983282620073274,0.19191626056046263,0.35757846541394334,0.5780374897014574,0.5588856549564271,0.8749829793028322,0.23298210198310795,0.5710007452385741,0.44187402313937657,0.3343876949597478,0.5874235017048377,0.2663556492608057,0.4907528002887497,0.5231104245171783,0.3295546194323384,0.023077337025363104,0.4022061614248079,0.4243530746896374,0.4034578004311173,0.006710328252701625,0,0,DATA
31340,1253.6,0.7050162285801073,0.17333384863082152,0.6902485331293234,0.18654119419771645,0.35757846541394334,0.5780374897014574,0.5588856549564271,0.8749829793028322,0.23298210198310795,0.5710007452385741,0.44187402313937657,0.3343876949597478,0.5818988553569339,0.2737530660733468,0.5006934728926996,0.5221740392848595,0.3386780254547756,0.024035858757711193,0.41526403078616436,0.43606546452691874,0.40668838076243247,0.007620911921464968,0,0,DATA
31360,1254.4,0.7368102362472767,0.19452092499247298,0.6855119001859309,0.18166470010947505,0.35757846541394334,0.5780374897014574,0.5588856549564271,0.8749829793028322,0.23298210198310795,0.5710007452385741,0.44187402313937657,0.3343876949597478,0.5757921754166159,0.2819046724983716,0.5103524162839902,0.5211515760425063,0.34873898642429146,0.025113095250689367,0.4291503362755803,0.44899045731317133,0.4108863859299007,0.007972409918877784,0,0,DATA
31380,1255.2,0.7689840673181666,0.2016603169976336,0.679980140898879,0.17809001522447326,0.35757846541394334,0.5780374897014574,0.5588856549564271,0.8749829793028322,0.23298210198310795,0.5710007452385741,0.44187402313937657,0.3343876949597478,0.5724608991134368,0.286349184187324,0.5200066038262642,0.5205949583496196,0.3543151041343135,0.02570934927688037,0.43733450743441216,0.45626398405479773,0.41307680103900046,0.005809991844801836,0.21710380701635754,0,DATA
31400,1256.0,0.8001122056728674,0.2085804164408373,0.6756256273899353,0.175765871638823,0.35294632523148145,0.5918811065960414,0.5531042347494554,0.8777692674291939,0.23298210198310795,0.5710007452385741,0.44187402313937657,0.3343876949597478,0.5738845080698939,0.2886474160997897,0.5278209714854816,0.5187340379151582,0.35867600289658236,0.025829398498200342,0.4454572721808451,0.46371888309177134,0.41567417269658513,0.003845402842713397,0,0,DATA
31420,1256.8,0.799033518989861,0.18700104276162444,0.6926951415697644,0.17426833043224502,0.35294632523148145,0.5918811065960414,0.5531042347494554,0.8777692674291939,0.23298210198310795,0.5710007452385741,0.44187402313937657,0.3343876949597478,0.5788432592294656,0.2832946610433499,0.5299387575798155,0.5189310398635922,0.35391379519272026,0.025055405785769206,0.44002368820852444,0.4598424964167758,0.41629726828004426,0.004143097436781799,0,0,DATA
31440,1257.6,0.7990053693753143,0.20416483855869422,0.7014750227172587,0.17784925430585666,0.35294632523148145,0.5918811065960414,0.5531042347494554,0.8777692674291939,0.23298210198310795,0.5710007452385741,0.44187402313937657,0.3343876949597478,0.5767264874599525,0.2864946973495975,0.5305681819890607,0.518389407595225,0.35977459502748,0.025465779542965014,0.44863955283394186,0.46969444154430384,0.4217801777497459,0.0019820774950019917,0,0,DATA
31460,1258.4,0.7986865913566281,0.21145949215982254,0.7104708541729915,0.1760560087707101,0.35294632523148145,0.5918811065960414,0.5531042347494554,0.8777692674291939,0.23298210198310795,0.5710007452385741,0.44187402313937657,0.3343876949597478,0.5745595786728617,0.28949721124978767,0.5306900659279102,0.5179716050386752,0.3637255156555619,0.02586440126069966,0.45329282496180257,0.47506797226422315,0.42473280674495045,0.0017637688753768255,0,0,DATA
31480,1259.2,0.7983547859581868,0.21737337942284538,0.7112150522835529,0.150701588406108,0.35294632523148145,0.5918811065960414,0.5531042347494554,0.8777692674291939,0.23298210198310795,0.5710007452385741,0.44187402313937657,0.3343876949597478,0.5726675897114996,0.29205385385349114,0.5306569519758924,0.5176392782175046,0.36525430570667555,0.026208856233264143,0.4557408584094357,0.47505498348645214,0.42070187474927967,0.0014939151723611561,0.13189462312158207,0,DATA
31500,1260.0,0.7979929324828222,0.20454918399649802,0.7138543247218248,0.13250393104269967,0.35294632523148145,0.5918811065960414,0.5531042347494554,0.8777692674291939,0.23298210198310795,0.5710007452385741,0.44187402313937657,0.3343876949597478,0.5747930740626239,0.28923007191522493,0.5305710285604606,0.5179884270110755,0.36106802339552735,0.02582635225122099,0.4510666640314782,0.468824950615981,0.4157623467246773,0.0016783965682741209,0,0,DATA
31520,1260.8,0.7977340214932126,0.19889895106413832,0.7169627914459349,0.1314594788596541,0.35294632523148145,0.5918811065960414,0.5531042347494554,0.8777692674291939,0.23298210198310795,0.5710007452385741,0.44187402313937657,0.3343876949597478,0.5766172682837567,0.28680087211268435,0.5304908802280129,0.5182909298017795,0.3590169912852281,0.025499572705670537,0.44937648200543445,0.46734117004404374,0.41545714693028085,0.0014445141187069965,0,0,DATA
31540,1261.6,0.796338618914446,0.20717807980504113,0.7221192043820945,0.13569985336854357,0.35294632523148145,0.5918811065960414,0.5531042347494554,0.8777692674291939,0.23298210198310795,0.5710007452385741,0.44187402313937657,0.3343876949597478,0.575425909514507,0.28839026821937497,0.5301738011867377,0.5180919111330591,0.3619720418741803,0.025713037525162782,0.4534403355732741,0.47234470235638837,0.41869665411935747,0.0010326113057385067,0,0,DATA
31560,1262.4,0.7948820072900955,0.19534690739906918,0.7267900786002124,0.13279660448494382,0.35294632523148145,0.5918811065960414,0.5531042347494554,0.8777692674291939,0.23298210198310795,0.5710007452385741,0.44187402313937657,0.3343876949597478,0.5775530480889861,0.28555435877771,0.5297727890332415,0.5184462965666519,0.358705354645108,0.02533262937881501,0.44935071912963886,0.4684318484462049,0.4173633858738361,0.0017880200565467501,0,0,DATA
31580,1263.2,0.7932606222243171,0.18440776334287803,0.7311854624741014,0.1304274613410762,0.35294632523148145,0.5918811065960414,0.5531042347494554,0.8777692674291939,0.23298210198310795,0.5710007452385741,0.44187402313937657,0.3343876949597478,0.5804884099131301,0.28164062560947695,0.5293119945233793,0.5189354822386965,0.35490982122902726,0.02481181640332342,0.44552986126878447,0.4648136146583527,0.4161853930985283,0.002436629834079773,0.05532232900286341,0,DATA
31600,1264.0,0.7918131755907493,0.1693524316168834,0.7340402920206722,0.13661332275649085,0.3533018875953159,0.6032913842433403,0.5529149645969498,0.8770489515250545,0.23298210198310795,0.5710007452385741,0.44187402313937657,0.3343876949597478,0.5877255158640758,0.2763256808721338,0.5288167967346697,0.5179744016318952,0.34978621958198186,0.02392362578236406,0.4397892051609873,0.45997702764675397,0.41573322834599796,0.0043490828256661325,0,0,DATA
31620,1264.8,0.7919005375921737,0.1703042709059477,0.7330468437047243,0.14425435073825496,0.3533018875953159,0.6032913842433403,0.5529149645969498,0.8770489515250545,0.23298210198310795,0.5710007452385741,0.44187402313937657,0.3343876949597478,0.5896967613986561,0.2749977124518689,0.528686583418356,0.5176527630747374,0.349335149097544,0.023694814925662208,0.43998872361370833,0.46084130406605667,0.4171645839568659,0.0011431424237196748,0,0,DATA
31640,1265.6,0.7919536945387129,0.183899179198098,0.732561394635947,0.14094701599606183,0.3533018875953159,0.6032913842433403,0.5529149645969498,0.8770489515250545,0.23298210198310795,0.5710007452385741,0.44187402313937657,0.3343876949597478,0.5874332043176785,0.2784058962475915,0.528658682382235,0.5170804497173649,0.35336894997950374,0.024120815987926068,0.44534022850612076,0.46581353057737207,0.4184263066797095,0.0018998806376070432,0,0,DATA
31660,1266.4,0.7605388229009553,0.2531669934887639,0.7478175477628297,0.14105136530448414,0.3533018875953159,0.6032913842433403,0.5529149645969498,0.8770489515250545,0.23298210198310795,0.5710007452385741,0.44187402313937657,0.3343876949597478,0.5722078961923454,0.29882333938769473,0.5220531890274698,0.5144843822099799,0.37602398876661447,0.026845195654933044,0.46981561052021215,0.491824962834994,0.42950989980293874,0.014082748206733886,0,0,DATA
31680,1267.2,0.7292807053376905,0.23781862264602274,0.7476814250878246,0.1690912061088522,0.3533018875953159,0.6032913842433403,0.5529149645969498,0.8770489515250545,0.23298210198310795,0.5710007452385741,0.44187402313937657,0.3343876949597478,0.5708634616317211,0.30065102849375813,0.5135073363327545,0.5142427549372603,0.3732694724015268,0.027094271741181567,0.45739741413546176,0.4821971382631798,0.4296557699123234,0.0039059921204676606,0.08100983169304332,0,DATA
31700,1268.0,0.6981310619867604,0.2122169798885876,0.7540062435264369,0.17507143896230087,0.3533018875953159,0.6032913842433403,0.5529149645969498,0.8770489515250545,0.23298210198310795,0.5710007452385741,0.44187402313937657,0.3343876949597478,0.5758364762425952,0.2940308752534953,0.5044021554206446,0.5150663242519548,0.3637073336748765,0.02619060614960926,0.4421917920500241,0.46822202130694823,0.42547781034395793,0.006899449587748925,0,0,DATA
31720,1268.8,0.6663431097599297,0.19581239091373717,0.7618055098794917,0.171624915250271,0.3533018875953159,0.6032913842433403,0.5529149645969498,0.8770489515250545,0.23298210198310795,0.5710007452385741,0.44187402313937657,0.3343876949597478,0.580773344310576,0.2874515443684584,0.4949951311793772,0.5158875556604827,0.35539001574361717,0.02530654341985326,0.4308322192853288,0.45729772280635533,0.421098838620905,0.006974407731428396,0,0,DATA
31740,1269.6,0.6329135767554885,0.17858243253890219,0.7721869713764368,0.16941658655160824,0.3533018875953159,0.6032913842433403,0.5529149645969498,0.8770489515250545,0.23298210198310795,0.5710007452385741,0.44187402313937657,0.3343876949597478,0.5858726959896857,0.2806533567579935,0.48515282197606435,0.5167369736261604,0.34703738942869633,0.02440750577908288,0.41933062163389556,0.4466134384347505,0.41732509119873934,0.007246616164295801,0,0,DATA
31760,1270.4,0.5996062981816659,0.1708550297761756,0.7820127868099399,0.1670419563528443,0.3533018875953159,0.6032913842433403,0.5529149645969498,0.8770489515250545,0.23298210198310795,0.5710007452385741,0.44187402313937657,0.3343876949597478,0.5890252560735911,0.2764502277012906,0.47520560071456774,0.5172622581125591,0.3416986579108023,0.02385895292296641,0.411543367900741,0.4395713032250698,0.41481678074557116,0.005767636800701655,0,0,DATA
31780,1271.2,0.5669101935646054,0.16247326198423798,0.7912764388556924,0.164847656024139,0.3533018875953159,0.6032913842433403,0.5529149645969498,0.8770489515250545,0.23298210198310795,0.5710007452385741,0.44187402313937657,0.3343876949597478,0.5917311953350697,0.2728423940025372,0.4653552523665361,0.5177132053311966,0.3366010527078175,0.023392537992880096,0.4035041702697043,0.4322390407657379,0.41216695806077147,0.005388040436087871,0.04874197859527139,0,DATA
31800,1272.0,0.5353435758651751,0.14410725001273,0.798889317273042,0.162720315093475,0.4120737591911765,0.16329173209248513,0.4205042381535948,0.6770853758169935,0.23298210198310795,0.5710007452385741,0.44187402313937657,0.3343876949597478,0.4731999370252904,0.27895965357601965,0.4186961547411068,0.5471201417246353,0.33563596889336667,0.030860752244962562,0.39136701762468507,0.42065044186938705,0.4077331459133069,0.05710253850289702,0,0,DATA
31820,1272.8,0.5036683857570806,0.13759345334046966,0.8069184896221349,0.16121054779645988,0.4120737591911765,0.16329173209248513,0.4205042381535948,0.6770853758169935,0.23298210198310795,0.5710007452385741,0.44187402313937657,0.3343876949597478,0.4390084568335313,0.2789709683798315,0.3980466355307781,0.5300187442268498,0.33296964508945504,0.032865074350509615,0.38403229540398054,0.4139676601538904,0.4052938970295285,0.01828410473529986,0,0,DATA
31840,1273.6,0.47171130671820005,0.1346376940551658,0.815352438191499,0.16059929322627514,0.4120737591911765,0.16329173209248513,0.4205042381535948,0.6770853758169935,0.23298210198310795,0.5710007452385741,0.44187402313937657,0.3343876949597478,0.42937172222591735,0.2781467502210899,0.3851407931695146,0.5256124860024136,0.33043325003096735,0.03333086421989488,0.3781453655959557,0.4088629997457835,0.40364106146114903,0.007788931709206341,0,0,DATA
31860,1274.4,0.44032019859225735,0.12973143746847254,0.8223808645407831,0.16073019776929692,0.4120737591911765,0.16329173209248513,0.4205042381535948,0.6770853758169935,0.23298210198310795,0.5710007452385741,0.44187402313937657,0.3343876949597478,0.4275110157268388,0.27652573292919336,0.37467690775468765,0.5254926413988228,0.3270129972955181,0.033244666553705324,0.37131032660594676,0.40274389384500514,0.40154929965647607,0.0046485364019340225,0,0,DATA
31880,1275.2,0.4084804314353946,0.10773615031616463,0.8298944345830132,0.16142048519131996,0.4120737591911765,0.16329173209248513,0.4205042381535948,0.6770853758169935,0.23298210198310795,0.5710007452385741,0.44187402313937657,0.3343876949597478,0.4315718140790999,0.26988074733897816,0.36485139102729836,0.5308455333700608,0.31788881852641915,0.032215642961223145,0.35764697232209697,0.3899009253075807,0.3970824798629058,0.006843766889955194,0.032320845094849386,0,DATA
31900,1276.0,0.37599728192559073,0.08698839712166918,0.8374454246952481,0.1617551577833352,0.4120737591911765,0.16329173209248513,0.4205042381535948,0.6770853758169935,0.23298210198310795,0.5710007452385741,0.44187402313937657,0.3343876949597478,0.4371470817556223,0.26207788076745486,0.3550822746120228,0.5375346004940836,0.3082083118287504,0.030977372999425448,0.344361439164785,0.3774039584206938,0.39267668397921285,0.00771575022110708,0,0,DATA
31920,1276.8,0.3757322500314228,0.011018642900536283,0.8278818387546901,0.15916351820708177,0.4120737591911765,0.16329173209248513,0.4205042381535948,0.6770853758169935,0.23298210198310795,0.5710007452385741,0.44187402313937657,0.3343876949597478,0.45477331044501684,0.2384654896140807,0.3520958829896648,0.558153910415468,0.28061321801389416,0.027303727389832614,0.3120078139093867,0.34383481061361426,0.37834549325623595,0.014741670488375566,0,0,DATA
31940,1277.6,0.3755802093807609,0.024717108730692383,0.8370108416274618,0.1560885199666216,0.4120737591911765,0.16329173209248513,0.4205042381535948,0.6770853758169935,0.23298210198310795,0.5710007452385741,0.44187402313937657,0.3343876949597478,0.45718450122750254,0.23521734270051217,0.35116803696631843,0.5609835792634952,0.28181640156163923,0.02681272003156319,0.3192825926858711,0.35171498985332983,0.382052310135794,0.002195727906466873,0,0,DATA
31960,1278.4,0.3753347185562259,0.02717557514294813,0.8371812103806231,0.15548806592944994,0.4120737591911765,0.16329173209248513,0.4205042381535948,0.6770853758169935,0.23298210198310795,0.5710007452385741,0.44187402313937657,0.3343876949597478,0.4573915805156745,0.23493126922187318,0.35083813008616216,0.5612301556469006,0.2820148989233464,0.026769893782784705,0.3202509548364987,0.35264034347555634,0.38231903239603493,0.0002743532156557482,0,0,DATA
31980,1279.2,0.37518307069088325,0.03248832172689871,0.8373729980836604,0.1551935537922919,0.4120737591911765,0.16329173209248513,0.4205042381535948,0.6770853758169935,0.23298210198310795,0.5710007452385741,0.44187402313937657,0.3343876949597478,0.4563380275194965,0.23633301622178765,0.3507073119703933,0.5600025056488545,0.28370508878637796,0.026981907489894822,0.32238408143761776,0.3547631976332634,0.3830898240954209,0.0008620393706204599,0.009746496518069612,0,DATA
32000,1280.0,0.37514100992961286,0.03671644715909207,0.8375953476075829,0.15343620185429352,0.4095234630310457,0.164640682215915,0.4176605902777778,0.6788909313725491,0.23298210198310795,0.5710007452385741,0.44187402313937657,0.3343876949597478,0.4555117613144428,0.2374018532491487,0.34986301237056716,0.559054954032647,0.28497591407639467,0.02714512855662638,0.32411138936302564,0.35633700531726364,0.3834239538275038,0.0009131342774136112,0,0,DATA
32020,1280.8,0.3752679777840624,0.03983486457297961,0.8378621247398021,0.15321719249271487,0.4095234630310457,0.164640682215915,0.4176605902777778,0.6788909313725491,0.23298210198310795,0.5710007452385741,0.44187402313937657,0.3343876949597478,0.4546090137960104,0.23859566123324552,0.3496363857400537,0.5580066762813823,0.2862245559628339,0.027326863826638483,0.3254375053259143,0.35766789805721644,0.383927305635771,0.0007743940443475835,0,0,DATA
32040,1281.6,0.37522228375858896,0.044881371689965914,0.8379498126332272,0.15104204937260135,0.4095234630310457,0.164640682215915,0.4176605902777778,0.6788909313725491,0.23298210198310795,0.5710007452385741,0.44187402313937657,0.3343876949597478,0.45327842304591354,0.24036682562123074,0.34955880200555023,0.5564557987123413,0.28801455703471146,0.02759688328972831,0.32746450694629914,0.35948615415493246,0.3842666056501052,0.0010597796241951691,0,0,DATA
32060,1282.4,0.3751433666415285,0.04618553470408064,0.8379424159378288,0.14391384949678493,0.4095234630310457,0.164640682215915,0.4176605902777778,0.6788909313725491,0.23298210198310795,0.5710007452385741,0.44187402313937657,0.3343876949597478,0.45260537158792036,0.24126334058157842,0.3495189542906165,0.5556710155031709,0.2884688031253331,0.027733913900093124,0.32796890938945333,0.3592769969409651,0.38302684924150343,0.0005364713777581872,0,0,DATA
32080,1283.2,0.3750078557063852,0.048291850822881045,0.8379681539307211,0.14339801245739775,0.4095234630310457,0.164640682215915,0.4176605902777778,0.6788909313725491,0.23298210198310795,0.5710007452385741,0.44187402313937657,0.3343876949597478,0.45196112976557434,0.24212206358294683,0.34947854267975625,0.5549195330913137,0.28929266170792234,0.027865383458813446,0.32878948124852325,0.36004855889538556,0.3832325126561548,0.0005144588115248983,0.02789636457736617,0,DATA
32100,1284.0,0.3749153220315904,0.055399078846238396,0.8381210772000511,0.14324469261626108,0.4095234630310457,0.164640682215915,0.4176605902777778,0.6788909313725491,0.23298210198310795,0.5710007452385741,0.44187402313937657,0.3343876949597478,0.45027533933396546,0.2443697043298974,0.3494469871247913,0.552952817502034,0.29178321794452045,0.028210571085860524,0.33164445037677326,0.3629034883664549,0.38429691034128416,0.0013216622445081465,0,0,DATA
32120,1284.8,0.3748805277987263,0.057874349837396304,0.8383030606792283,0.1342038861725923,0.4095234630310457,0.164640682215915,0.4176605902777778,0.6788909313725491,0.23298210198310795,0.5710007452385741,0.44187402313937657,0.3343876949597478,0.44924979529633957,0.2457370724315068,0.34943021366940036,0.5517563614324164,0.2926571043851967,0.028421346018435423,0.332663996622499,0.3630371523157315,0.38290205614773193,0.0008032285315420681,0,0,DATA
32140,1285.6,0.3750034696036535,0.061075131788785444,0.8386049070514026,0.1232572366671721,0.4095234630310457,0.164640682215915,0.4176605902777778,0.6788909313725491,0.23298210198310795,0.5710007452385741,0.44187402313937657,0.3343876949597478,0.4482699678752601,0.24704350180837858,0.3494509994118178,0.5506132330334408,0.2935612780523803,0.02862327702967844,0.334029267038475,0.36333794241838285,0.3812805993128926,0.0007690141801229011,0,0,DATA
32160,1286.4,0.4073025664592761,0.13660450820281259,0.8233718942363816,0.12610664293448404,0.4095234630310457,0.164640682215915,0.4176605902777778,0.6788909313725491,0.23298210198310795,0.5710007452385741,0.44187402313937657,0.3343876949597478,0.4321148506019906,0.26858365601736767,0.3562400454742238,0.5317655972923114,0.31944001326535787,0.03203018062089014,0.3676542344122061,0.3957245491373432,0.392601543510266,0.01482810584822151,0,0,DATA
32180,1287.2,0.43832082312091497,0.1393326313698144,0.810350529580411,0.13564323266332007,0.4095234630310457,0.164640682215915,0.4176605902777778,0.6788909313725491,0.23298210198310795,0.5710007452385741,0.44187402313937657,0.3343876949597478,0.4266954095549394,0.27580957676682494,0.36479059319188967,0.5254429163940572,0.3255124257851206,0.03320580825431732,0.3723448620801405,0.40006669931256406,0.39476456443325475,0.007065303171391461,0.13555004184936348,0,DATA
32200,1288.0,0.47020009793447287,0.1291640944717012,0.7865386979422163,0.11734259010664523,0.35293841060729847,0.5996634058533564,0.5542232604847495,0.878677151416122,0.23298210198310795,0.5710007452385741,0.44187402313937657,0.3343876949597478,0.5490113326079115,0.2632473016512035,0.41228795287598874,0.5438706828704425,0.31530899129828394,0.024931525450910277,0.3698909359559679,0.39340152576890447,0.3868141249590099,0.06079185261756418,0,0,DATA
32220,1288.8,0.5011174415011731,0.12960998090635348,0.7796156967872782,0.12612115163256735,0.35293841060729847,0.5996634058533564,0.5542232604847495,0.878677151416122,0.23298210198310795,0.5710007452385741,0.44187402313937657,0.3343876949597478,0.5856124733725261,0.2596034673182197,0.43302980293022547,0.5273920296546271,0.31518780233581833,0.022591052132441797,0.3748681590121813,0.3985643048622162,0.38999770429732766,0.020328941717278393,0,0,DATA
32240,1289.6,0.5323769010809453,0.13260467655677527,0.7722836044522943,0.12862044090375344,0.35293841060729847,0.5996634058533564,0.5542232604847495,0.878677151416122,0.23298210198310795,0.5710007452385741,0.44187402313937657,0.3343876949597478,0.595963929515322,0.25934883180044266,0.44581684445824865,0.5223436193421176,0.3172350495862507,0.022005119405942936,0.38085151072130763,0.4040643762649628,0.3922396893733594,0.0077977110628653645,0,0,DATA
32260,1290.4,0.5639538293950058,0.13525183262072737,0.764614013998598,0.130935233171276,0.35293841060729847,0.5996634058533564,0.5542232604847495,0.878677151416122,0.23298210198310795,0.5710007452385741,0.44187402313937657,0.3343876949597478,0.5985134635847307,0.26001364484301615,0.4562841118626083,0.5207364457861265,0.3197558774834093,0.021922315314633824,0.38669184071896123,0.4093692264439991,0.3943400164544387,0.004560538172113955,0,0,DATA
32280,1291.2,0.5952069062133399,0.13905337603305068,0.756889180110107,0.13295596517003425,0.35293841060729847,0.5996634058533564,0.5542232604847495,0.878677151416122,0.23298210198310795,0.5710007452385741,0.44187402313937657,0.3343876949597478,0.5984799996889654,0.26127752091123874,0.4659874382157664,0.5201212396998979,0.3227765454291127,0.022030711558284854,0.39291810666985927,0.41502508220592377,0.3965084935757495,0.0036668887723819896,0.12787531702733956,0,DATA
32300,1292.0,0.6258453394712586,0.13990876292687385,0.750186802133078,0.13413845270912222,0.35293841060729847,0.5996634058533564,0.5542232604847495,0.878677151416122,0.23298210198310795,0.5710007452385741,0.44187402313937657,0.3343876949597478,0.5982903292725329,0.261896192061976,0.47533250710587677,0.5199067393327454,0.32497869882752034,0.02209330894637871,0.3980474724835664,0.41960245897583687,0.39826154794917523,0.0033844701524267107,0,0,DATA
32320,1292.8,0.6570691537833083,0.14367784782837834,0.7426134099364294,0.13478088322725557,0.35293841060729847,0.5996634058533564,0.5542232604847495,0.878677151416122,0.23298210198310795,0.5710007452385741,0.44187402313937657,0.3343876949597478,0.5974419203182872,0.26313713717961845,0.4846930287784403,0.5197104712510471,0.32794111478443805,0.022244875933553832,0.40428519086724846,0.42514708119166744,0.40018443017007044,0.0038166252481505367,0,0,DATA
32340,1293.6,0.6889560879105917,0.1476392138572233,0.7340328254847829,0.1348416541825005,0.35293841060729847,0.5996634058533564,0.5542232604847495,0.878677151416122,0.23298210198310795,0.5710007452385741,0.44187402313937657,0.3343876949597478,0.5963555107659562,0.26461860320298775,0.49419744144693883,0.519512943015528,0.3309875283972697,0.02243048659565618,0.4105310072139139,0.4305409161886926,0.4018343365652628,0.004024096081399642,0,0,DATA
32360,1294.4,0.7213185541310542,0.1436278869881311,0.7245959599058516,0.13446313124265902,0.35293841060729847,0.5996634058533564,0.5542232604847495,0.878677151416122,0.23298210198310795,0.5710007452385741,0.44187402313937657,0.3343876949597478,0.5968719665427661,0.2639398714866527,0.5038448831537855,0.5195940809852906,0.33137990957898544,0.02234432788210756,0.41351159659458314,0.4325399667174846,0.40203396317424406,0.0036142097333305423,0,0,DATA
32380,1295.2,0.753274978527736,0.14358752492315052,0.7159712294675883,0.13430351142987337,0.35293841060729847,0.5996634058533564,0.5542232604847495,0.878677151416122,0.23298210198310795,0.5710007452385741,0.44187402313937657,0.3343876949597478,0.5970353793094549,0.26372495059355766,0.5134499647891427,0.5196198350484936,0.33275966061936313,0.022317083183338794,0.4181617905602747,0.43631172565807125,0.4030354447320423,0.0033278050983803764,0.0641791678510048,0,DATA
32400,1296.0,0.7842738577802917,0.14467428932042903,0.7087746516482174,0.13679265149252323,0.3521508203976035,0.5894149899707455,0.5503358183551198,0.8768273420479302,0.23298210198310795,0.5710007452385741,0.44187402313937657,0.3343876949597478,0.5939866261689021,0.2637993744128312,0.5217527701264902,0.5211069997091333,0.3346940838188778,0.022492275544176186,0.42335695660582306,0.44103614792794754,0.40499703087457684,0.0038086607657246327,0,0,DATA
32420,1296.8,0.7831596567580024,0.07534578200938495,0.7249739446736818,0.13494112032953096,0.3521508203976035,0.5894149899707455,0.5503358183551198,0.8768273420479302,0.23298210198310795,0.5710007452385741,0.44187402313937657,0.3343876949597478,0.6076309867620555,0.2444097195115209,0.5240096295130138,0.5239796468632117,0.3137484475430774,0.02013874809880463,0.39864257208204035,0.4177565395904121,0.39816585169945895,0.011763624960329086,0,0,DATA
32440,1297.6,0.7842709118903972,0.12056542671640351,0.7293273511267836,0.13825789255022108,0.3521508203976035,0.5894149899707455,0.5503358183551198,0.8768273420479302,0.23298210198310795,0.5710007452385741,0.44187402313937657,0.3343876949597478,0.6022281695515277,0.251254323559093,0.5249200509067737,0.5232587534446896,0.32583433319853505,0.020987797359940556,0.41782336228194716,0.43770434765769806,0.4068116299761647,0.004385947550619958,0,0,DATA
32460,1298.4,0.7834044602082286,0.1297629387602522,0.737178453767651,0.15224083607812908,0.3521508203976035,0.5894149899707455,0.5503358183551198,0.8768273420479302,0.23298210198310795,0.5710007452385741,0.44187402313937657,0.3343876949597478,0.5986758468591611,0.25588300814564224,0.5250112224716463,0.5227205724975983,0.3315152798009273,0.02156532662490785,0.42289929729122644,0.4449636872838548,0.4128639759803236,0.0027573929479294823,0,0,DATA
32480,1299.2,0.7838477511731188,0.13155114155590364,0.7364965272008184,0.16792668181881473,0.3521508203976035,0.5894149899707455,0.5503358183551198,0.8768273420479302,0.23298210198310795,0.5710007452385741,0.44187402313937657,0.3343876949597478,0.5972346274643643,0.2577723103043894,0.525131665043735,0.5224965311156231,0.3335160394622786,0.021802569723714964,0.42356685128909843,0.44713163319911226,0.4161432230025893,0.001150321375210872,0.03946534246677109,0,DATA
32500,1300.0,0.7839939655082117,0.1313766977690619,0.736008100474749,0.16489379165153914,0.3521508203976035,0.5894149899707455,0.5503358183551198,0.8768273420479302,0.23298210198310795,0.5710007452385741,0.44187402313937657,0.3343876949597478,0.596838894841162,0.2582902566916979,0.5251985028257311,0.52243542423357,0.33363066662175705,0.02186784292131282,0.4234286312961665,0.44664128151684573,0.41540299315309986,0.00032683893083562676,0,0,DATA
32520,1300.8,0.7828498473374393,0.13903861531745612,0.7370612624967973,0.16706772854416066,0.3521508203976035,0.5894149899707455,0.5503358183551198,0.8768273420479302,0.23298210198310795,0.5710007452385741,0.44187402313937657,0.3343876949597478,0.5951111723690385,0.26059097752144084,0.5249782893444678,0.5221489250547603,0.3363588133920348,0.022157178829771102,0.42647520708577935,0.4500105671979256,0.41713594685231814,0.001416218927709915,0,0,DATA
32540,1301.6,0.7818883743401207,0.13861359302729845,0.7377147070269697,0.16682510071227313,0.3521508203976035,0.5894149899707455,0.5503358183551198,0.8768273420479302,0.23298210198310795,0.5710007452385741,0.44187402313937657,0.3343876949597478,0.5946821103083346,0.26116218752911957,0.5247103159706519,0.5220778510812729,0.33662532622077646,0.022229278410477955,0.42624359247628707,0.4498200342582618,0.41709088177522824,0.00042274848073285226,0,0,DATA
32560,1302.4,0.7826469082558236,0.1467199917469274,0.7358561709953815,0.16709879926391952,0.3521508203976035,0.5894149899707455,0.5503358183551198,0.8768273420479302,0.23298210198310795,0.5710007452385741,0.44187402313937657,0.3343876949597478,0.5928510479590015,0.2636033421729193,0.5247892160808046,0.5217728049340395,0.3392356491337284,0.022538423149243855,0.4292661515409616,0.4526841095749421,0.41797280067717507,0.0014503723677618912,0,0,DATA
32580,1303.2,0.783166694161639,0.1472295710788905,0.7346373234287503,0.1667550435041651,0.3521508203976035,0.5894149899707455,0.5503358183551198,0.8768273420479302,0.23298210198310795,0.5710007452385741,0.44187402313937657,0.3343876949597478,0.5921947175944892,0.26447837077900893,0.5249220411540718,0.5216634558132509,0.33972376992457565,0.02264969210399346,0.42933017094158366,0.45259186864292567,0.41772775312394245,0.0005547280146230293,0.08460042755457153,0,DATA
32600,1304.0,0.782056060939333,0.15078558048359883,0.7363304828348917,0.16745087198408193,0.35290185866013074,0.590450306461531,0.5493609579248366,0.8748457924836601,0.23298210198310795,0.5710007452385741,0.44187402313937657,0.3343876949597478,0.5915409451275666,0.26589428002928484,0.5244556947788883,0.5212823874215742,0.34128443858964363,0.02280745452651704,0.43086907994023405,0.4543696764301818,0.4187125467599368,0.0008453426974606529,0,0,DATA
32620,1304.8,0.7801803801114462,0.1539243563576511,0.7392174926850833,0.16914599148240053,0.35290185866013074,0.590450306461531,0.5493609579248366,0.8748457924836601,0.23298210198310795,0.5710007452385741,0.44187402313937657,0.3343876949597478,0.5906856704539389,0.26719791004910226,0.5239218978924771,0.5210582097484794,0.34283301223710727,0.02296726601564997,0.432326856094316,0.45628566551911476,0.42005657142046754,0.0008975671932854312,0,0,DATA
32640,1305.6,0.7796994144880175,0.16369783187295833,0.7394050680903953,0.17167720149178284,0.35290185866013074,0.590450306461531,0.5493609579248366,0.8748457924836601,0.23298210198310795,0.5710007452385741,0.44187402313937657,0.3343876949597478,0.588376658193636,0.27032557219933345,0.5236607560456337,0.5206488848035152,0.3463586458088336,0.023367186234925497,0.43617756825681553,0.46040825622308373,0.4220276320386252,0.00189927208579251,0,0,DATA
32660,1306.4,0.7487635772792023,0.21952120527721392,0.7548792838692349,0.17606319363463904,0.35290185866013074,0.590450306461531,0.5493609579248366,0.8748457924836601,0.23298210198310795,0.5710007452385741,0.44187402313937657,0.3343876949597478,0.5759610461006516,0.2868944153975944,0.5170858876777294,0.518572269250877,0.3647891700749408,0.02554742563479982,0.45541459333252254,0.4816313020909604,0.4320533067016632,0.011853107886383218,0,0,DATA
32680,1307.2,0.7179564099945532,0.21291174946737895,0.7549134558113921,0.18651059817078106,0.35290185866013074,0.590450306461531,0.5493609579248366,0.8748457924836601,0.23298210198310795,0.5710007452385741,0.44187402313937657,0.3343876949597478,0.5736243481928216,0.2900144207303189,0.5086439220375819,0.5181806155384298,0.3635610837767346,0.025967568411197905,0.44661621194009027,0.473881078346358,0.43007919549449075,0.004632889626900671,0.14301842664788045,0,DATA
32700,1308.0,0.6860958252157701,0.16552199541865614,0.7646860979420042,0.19072059564082045,0.35290185866013074,0.590450306461531,0.5493609579248366,0.8748457924836601,0.23298210198310795,0.5710007452385741,0.44187402313937657,0.3343876949597478,0.5828751871707044,0.2776812911964938,0.4994206095419932,0.5197217608164009,0.3473711155808162,0.024323828889472265,0.4232427217909669,0.4519058521572997,0.4230698339359648,0.010269093669098875,0,0,DATA
32720,1308.8,0.6552901308760684,0.1517143640373264,0.7724246440341914,0.19056717949902835,0.35290185866013074,0.590450306461531,0.5493609579248366,0.8748457924836601,0.23298210198310795,0.5710007452385741,0.44187402313937657,0.3343876949597478,0.5885500414541485,0.270115215549574,0.49018441998197926,0.5206673714981387,0.3390802825098662,0.023339167790499955,0.4131062395889321,0.4425278829503045,0.41982207308948366,0.007492373163459261,0,0,DATA
32740,1309.6,0.6242138074513994,0.14780891009973796,0.7805639165497434,0.18219775978306585,0.35290185866013074,0.590450306461531,0.5493609579248366,0.8748457924836601,0.23298210198310795,0.5710007452385741,0.44187402313937657,0.3343876949597478,0.5910726430660752,0.2667518657529733,0.48088753519479455,0.5210877455904757,0.3345932300411459,0.022907248438106865,0.4069566478320734,0.4363552764734047,0.416489556842074,0.005060945398570715,0,0,DATA
32760,1310.4,0.5929787332935311,0.14090165019136933,0.7889355704350923,0.18271318371483253,0.35290185866013074,0.590450306461531,0.5493609579248366,0.8748457924836601,0.23298210198310795,0.5710007452385741,0.44187402313937657,0.3343876949597478,0.5932799481304106,0.2638088280396499,0.47153910418548683,0.5214556119149698,0.33024865531869585,0.022532231447027814,0.399621059814222,0.4299083962372649,0.4145259586977224,0.004832924595655523,0,0,DATA
32780,1311.2,0.5627536738520195,0.12651033337825288,0.7961032080653977,0.18256795273951967,0.35290185866013074,0.590450306461531,0.5493609579248366,0.8748457924836601,0.23298210198310795,0.5710007452385741,0.44187402313937657,0.3343876949597478,0.5969643161804657,0.2588963480179802,0.46238731239997705,0.522069667900777,0.3234348591368986,0.02191233799897942,0.38925304872673416,0.42024262581527627,0.41110761844411753,0.0059162132857448575,0.03795310001347586,0,DATA
32800,1312.0,0.5324593859979889,0.11973306962471314,0.8036461998717144,0.1821216580888026,0.4151801215277778,0.1609736410618719,0.422085631127451,0.6733803104575162,0.23298210198310795,0.5710007452385741,0.44187402313937657,0.3343876949597478,0.47923938567182106,0.2686034053626941,0.41764288291170976,0.5553179901545634,0.3266384955455675,0.029374395621336657,0.38199188401577555,0.41369113081987763,0.4088580891171193,0.057392139113875286,0,0,DATA
32820,1312.8,0.5011031048370204,0.10475175930315497,0.8127850238070339,0.1818745570111931,0.4151801215277778,0.1609736410618719,0.422085631127451,0.6733803104575162,0.23298210198310795,0.5710007452385741,0.44187402313937657,0.3343876949597478,0.4470679816867549,0.26732075567607194,0.3976347350214261,0.5398736130053414,0.3220501684184014,0.031040143044328387,0.3715558684420224,0.4041442875318955,0.40571055022109676,0.01782073385399067,0,0,DATA
32840,1313.6,0.46930677319004516,0.09910457207905281,0.8220924383253302,0.18203487991162387,0.4151801215277778,0.1609736410618719,0.422085631127451,0.6733803104575162,0.23298210198310795,0.5710007452385741,0.44187402313937657,0.3343876949597478,0.43860246980829654,0.2653547483473367,0.3849550610084762,0.5366238607304799,0.3185466101917587,0.03128359507283552,0.36479921012664585,0.39833440295839156,0.4040427571824441,0.007703731073381163,0,0,DATA
32860,1314.4,0.4384484783496732,0.09005865933435693,0.8295490364277456,0.1823326242725349,0.4151801215277778,0.1609736410618719,0.422085631127451,0.6733803104575162,0.23298210198310795,0.5710007452385741,0.44187402313937657,0.3343876949597478,0.43796245792114513,0.2622320905802013,0.3746709168881132,0.5378651836704719,0.3136637074518226,0.030950698725218148,0.3565005056811761,0.39081113275925455,0.4015237391844886,0.004682271258216593,0,0,DATA
32880,1315.2,0.40799239567621914,0.08399849256538515,0.8367117741221812,0.18256112471229285,0.4151801215277778,0.1609736410618719,0.422085631127451,0.6733803104575162,0.23298210198310795,0.5710007452385741,0.44187402313937657,0.3343876949597478,0.4390430893764838,0.25959844655474856,0.36518989629057896,0.5397223214108676,0.30954607628056174,0.0305809439422233,0.34941776997778373,0.3844675208692815,0.39940549041335793,0.004398432026108549,0.025199547769615544,0,DATA
32900,1316.0,0.3764962829415955,0.07182251610025889,0.8457778694027146,0.18234007146510606,0.4151801215277778,0.1609736410618719,0.422085631127451,0.6733803104575162,0.23298210198310795,0.5710007452385741,0.44187402313937657,0.3343876949597478,0.44192423387076185,0.25539907993687744,0.3557314064370477,0.5432625769669421,0.30363770036042553,0.029931727812939835,0.3400613759009151,0.3759956309957476,0.39665179584082255,0.005513000321893484,0,0,DATA
32920,1316.8,0.3763282362891739,0.011843740450904318,0.8379150264477118,0.1763136835949781,0.4151801215277778,0.1609736410618719,0.422085631127451,0.6733803104575162,0.23298210198310795,0.5710007452385741,0.44187402313937657,0.3343876949597478,0.45538412010540974,0.2373452127696968,0.3528585696839798,0.5590194536678563,0.2820107355546212,0.0271450140971808,0.31446368771968847,0.3490090197320079,0.38446718651540096,0.011462196718298817,0,0,DATA
32940,1317.6,0.3761755409963131,0.06605700229429713,0.8453844740943145,0.17898254784244666,0.4151801215277778,0.1609736410618719,0.422085631127451,0.6733803104575162,0.23298210198310795,0.5710007452385741,0.44187402313937657,0.3343876949597478,0.44803730098869166,0.24710876593569256,0.35196465264655863,0.5504642675264995,0.29753386201322374,0.028642912492995887,0.33761234292779396,0.37317150612952055,0.3949850410237682,0.006001429773378327,0,0,DATA
32960,1318.4,0.37628578274258423,0.06530587953149553,0.8453928587709888,0.19672617200213321,0.4151801215277778,0.1609736410618719,0.422085631127451,0.6733803104575162,0.23298210198310795,0.5710007452385741,0.44187402313937657,0.3343876949597478,0.4459909910338645,0.24982751751190685,0.3517196283020492,0.5480817367609787,0.2997645037841941,0.02906540603174068,0.3373356191072624,0.374669983192625,0.3984342177850809,0.0016700286251836078,0,0,DATA
32980,1319.2,0.37632515947083967,0.0654062616906062,0.8454590326375252,0.2008671857582003,0.4151801215277778,0.1609736410618719,0.422085631127451,0.6733803104575162,0.23298210198310795,0.5710007452385741,0.44187402313937657,0.3343876949597478,0.44535601779400324,0.25067124998932216,0.35165439011163,0.5473423839023405,0.30046353596858855,0.029196993066912834,0.33739688208986507,0.37515196493748804,0.3992979589996206,0.0005146479692319331,0.01962187850718186,0,DATA
33000,1320.0,0.37591633541771413,0.06608339142444894,0.845294268963782,0.18569127202256544,0.41601549734477117,0.16041199720979693,0.4203926674836601,0.6706893382352941,0.23298210198310795,0.5710007452385741,0.44187402313937657,0.3343876949597478,0.4448660682993569,0.25128939497959135,0.35107493578308646,0.5467883366598827,0.30028324960564023,0.029294846664236245,0.3375530164380284,0.37377403154471356,0.3962822723888217,0.0005625162711530388,0,0,DATA
33020,1320.8,0.3756269181016424,0.06610449666264534,0.8451010492879139,0.18822215760145392,0.41601549734477117,0.16041199720979693,0.4203926674836601,0.6706893382352941,0.23298210198310795,0.5710007452385741,0.44187402313937657,0.3343876949597478,0.4447146513509417,0.25148074794336706,0.35084032184814834,0.5466169517037872,0.3004563338987827,0.02932515070805429,0.33746493113491893,0.37391971283190617,0.3967143686397546,0.00019246128237634016,0,0,DATA
33040,1321.6,0.37520919091461374,0.06608613491636824,0.8448369771474648,0.18764474978270668,0.41601549734477117,0.16041199720979693,0.4203926674836601,0.6706893382352941,0.23298210198310795,0.5710007452385741,0.44187402313937657,0.3343876949597478,0.44467308223313534,0.25153301254354216,0.35068221495839086,0.5465700348447965,0.30039655163491735,0.029333441040208064,0.33732122657091257,0.37369186027198015,0.39648834206024847,8.398020257964027e-05,0,0,DATA
33060,1322.4,0.37484589722641193,0.06769835677997926,0.84471777486652,0.1900526349212345,0.41601549734477117,0.16041199720979693,0.4203926674836601,0.6706893382352941,0.23298210198310795,0.5710007452385741,0.44187402313937657,0.3343876949597478,0.4443220449064351,0.25200011404540584,0.35055849121694127,0.5461609654305146,0.3009877156709849,0.02940649069178021,0.33786961612252764,0.3744691181093535,0.3971456224284393,0.0003139541900044988,0,0,DATA
33080,1323.2,0.37460551261102726,0.067989418573962,0.8445848952759959,0.19241208121008554,0.41601549734477117,0.16041199720979693,0.4203926674836601,0.6706893382352941,0.23298210198310795,0.5710007452385741,0.44187402313937657,0.3343876949597478,0.44415561073168863,0.2522217417982801,0.3504708933252756,0.5459669344667042,0.3012264637412071,0.029441168406311488,0.33791138799893905,0.37473354665559755,0.3976039125961374,0.00015855327309547787,0.041807384888125285,0,DATA
33100,1324.0,0.3745390991599632,0.06836981585483068,0.8446081428212504,0.1950726457667075,0.41601549734477117,0.16041199720979693,0.4203926674836601,0.6706893382352941,0.23298210198310795,0.5710007452385741,0.44187402313937657,0.3343876949597478,0.44402579705028233,0.25239474136278556,0.35043066713305243,0.5458155278437483,0.30149502625645963,0.029468242683153713,0.33805491373012453,0.37514545359697077,0.39819225564079935,0.00011434647937830222,0,0,DATA
33120,1324.8,0.3743953724652255,0.06827197242961024,0.8445469767753379,0.19764557937675692,0.41601549734477117,0.16041199720979693,0.4203926674836601,0.6706893382352941,0.23298210198310795,0.5710007452385741,0.44187402313937657,0.3343876949597478,0.4440074000651567,0.2524192450730755,0.3503884166694906,0.5457940774960406,0.3015781528179118,0.02947207879177162,0.3379747978119063,0.37531651443516617,0.39866250166807427,2.838371965913078e-05,0,0,DATA
33140,1325.6,0.37425799579981567,0.06889068024269365,0.8444685680245093,0.19844301072351261,0.41601549734477117,0.16041199720979693,0.4203926674836601,0.6706893382352941,0.23298210198310795,0.5710007452385741,0.44187402313937657,0.3343876949597478,0.4438719523288715,0.2525998343738258,0.35034689243068595,0.5456360589775228,0.3017969977189934,0.029500349073796894,0.33817912385389204,0.37559274273674464,0.3988814542551398,0.00011918709194673009,0,0,DATA
33160,1326.4,0.4055858000251383,0.12163633247256035,0.8305023752799422,0.20120751612662977,0.41601549734477117,0.16041199720979693,0.4203926674836601,0.6706893382352941,0.23298210198310795,0.5710007452385741,0.44187402313937657,0.3343876949597478,0.4327547310397139,0.2674227937884136,0.3569132740463623,0.5326659686256502,0.32007093914932716,0.03185580606361015,0.36274970704198983,0.39904315719069744,0.4069874354066337,0.010835520773140575,0,0,DATA
33180,1327.2,0.4383569593702866,0.1261274693570314,0.8139531635906276,0.2087836421673296,0.41601549734477117,0.16041199720979693,0.4203926674836601,0.6706893382352941,0.23298210198310795,0.5710007452385741,0.44187402313937657,0.3343876949597478,0.4284764259072278,0.2731271999404418,0.3657651319935463,0.5276746129833929,0.32515099712858153,0.03278071303330163,0.36779055132694505,0.40318669291079107,0.4083161441596305,0.00627818974389945,0.08557202960683842,0,DATA
33200,1328.0,0.4712124038985253,0.0741155051187942,0.7894526391845301,0.2148210746020943,0.35732158054193897,0.6276227243791244,0.5629640693082788,0.8786567265795207,0.23298210198310795,0.5710007452385741,0.44187402313937657,0.3343876949597478,0.5689344504649233,0.24794944927074913,0.4152403252395249,0.5415580501321637,0.301652302379566,0.022445317777431164,0.3486567496560784,0.3822065820427912,0.3988822493621474,0.07170365615778894,0,0,DATA
33220,1328.8,0.5032261422197084,0.0819126504664906,0.7788056823289466,0.21430067742687126,0.35732158054193897,0.6276227243791244,0.5629640693082788,0.8786567265795207,0.23298210198310795,0.5710007452385741,0.44187402313937657,0.3343876949597478,0.6094344573092159,0.24257932476719632,0.436805768260767,0.5239931089617939,0.30094041928908144,0.01989605638088544,0.3560489640882769,0.388482061071909,0.4004873763474797,0.02247852478969582,0,0,DATA
33240,1329.6,0.5335839630991285,0.09323035494975976,0.7707790407390043,0.21470474880464846,0.35732158054193897,0.6276227243791244,0.5629640693082788,0.8786567265795207,0.23298210198310795,0.5710007452385741,0.44187402313937657,0.3343876949597478,0.6192077414210171,0.24413724467144582,0.44965054355181777,0.5183275069537685,0.30516759548362576,0.019522770288354818,0.36504228173948006,0.3967131217018957,0.4032949679859819,0.008058659769033832,0,0,DATA
33260,1330.4,0.5639285274740238,0.09525344471358886,0.7642692715013079,0.21363428070879079,0.35732158054193897,0.6276227243791244,0.5629640693082788,0.8786567265795207,0.23298210198310795,0.5710007452385741,0.44187402313937657,0.3343876949597478,0.6217148778041532,0.24517108577659283,0.45987633465786104,0.516557018209627,0.3077151686265604,0.01947636056979624,0.3706184766724515,0.40153129290151174,0.40479135195945015,0.004588922864775478,0,0,DATA
33280,1331.2,0.5947801776960784,0.10517176716462363,0.756998246257068,0.21171886278190147,0.35732158054193897,0.6276227243791244,0.5629640693082788,0.8786567265795207,0.23298210198310795,0.5710007452385741,0.44187402313937657,0.3343876949597478,0.6203841710043768,0.24825836839442667,0.46942291853630547,0.5156787303005983,0.3126734620608063,0.019790989327861726,0.3793019306484283,0.40929610256037574,0.407163425452873,0.004654857765351563,0.03155153014938709,0,DATA
33300,1332.0,0.6243290244783809,0.11385856183047942,0.7520660149310877,0.20938765476927307,0.35732158054193897,0.6276227243791244,0.5629640693082788,0.8786567265795207,0.23298210198310795,0.5710007452385741,0.44187402313937657,0.3343876949597478,0.6181607320846142,0.25161685568621645,0.47849215152412233,0.5151112061145846,0.3177572332453785,0.020176211153783194,0.3876999716060351,0.41696779958412156,0.4097220298969609,0.004883719733123089,0,0,DATA
33320,1332.8,0.6552182511626445,0.12497128969702134,0.7443732768932041,0.20605792029299938,0.35732158054193897,0.6276227243791244,0.5629640693082788,0.8786567265795207,0.23298210198310795,0.5710007452385741,0.44187402313937657,0.3343876949597478,0.6151600275567116,0.2557359656763851,0.48769965902416273,0.5145520033834516,0.3234215558892706,0.020667658616568135,0.3967843604819279,0.4249499412085987,0.4118887303406429,0.005442440672703885,0,0,DATA
33340,1333.6,0.6873023307880844,0.1383525217326334,0.7350795100833817,0.20213575542705872,0.35732158054193897,0.6276227243791244,0.5629640693082788,0.8786567265795207,0.23298210198310795,0.5710007452385741,0.44187402313937657,0.3343876949597478,0.6114497574708624,0.26071844364340707,0.49719956799551723,0.5139158994428652,0.3298466275534005,0.021273465046987673,0.4066949158592962,0.43353890341839063,0.41399644843288497,0.006064219008075226,0,0,DATA
33360,1334.4,0.720404346300486,0.14597816300002853,0.7237242208757156,0.19874538481786871,0.35732158054193897,0.6276227243791244,0.5629640693082788,0.8786567265795207,0.23298210198310795,0.5710007452385741,0.44187402313937657,0.3343876949597478,0.6087352917789546,0.26434836658838434,0.507000963944528,0.5134581708163305,0.3343945956348746,0.021720339169601973,0.4140945176272013,0.43946393920461013,0.4149335997504799,0.005381928195298609,0,0,DATA
33380,1335.2,0.7530524329122674,0.15168499030689547,0.7139561630266146,0.19561399136147037,0.35732158054193897,0.6276227243791244,0.5629640693082788,0.8786567265795207,0.23298210198310795,0.5710007452385741,0.44187402313937657,0.3343876949597478,0.6067225183369401,0.26703525511780024,0.5167974809177053,0.5131211132726299,0.33823424537041735,0.02205398005607605,0.4209532543024842,0.4450327307493431,0.41598613935413314,0.004832059648202547,0.13557021875358904,0,DATA
33400,1336.0,0.7830040155752471,0.16618468083691346,0.7077577618578952,0.1944877996120239,0.34500970179738555,0.565296457972335,0.5388807189542483,0.8790890522875817,0.23298210198310795,0.5710007452385741,0.44187402313937657,0.3343876949597478,0.5856223966991311,0.2693157404886738,0.5192829302697557,0.5225309314060975,0.34352975788055856,0.02343566632572804,0.43150376681334346,0.45485078396838574,0.41938141255786465,0.008622018786911009,0,0,DATA
33420,1336.8,0.7821237182105748,0.12767439473956763,0.7196114936405353,0.1918482823404299,0.34500970179738555,0.565296457972335,0.5388807189542483,0.8790890522875817,0.23298210198310795,0.5710007452385741,0.44187402313937657,0.3343876949597478,0.5873795202882309,0.25921700599267905,0.5198437026287897,0.526701736859545,0.3325553147412657,0.022461231526051027,0.41829433925799864,0.44256277786414566,0.4159523693981368,0.004138876814709517,0,0,DATA
33440,1337.6,0.7820813628603152,0.15664749624610005,0.7264857760678746,0.19492782653248086,0.34500970179738555,0.565296457972335,0.5388807189542483,0.8790890522875817,0.23298210198310795,0.5710007452385741,0.44187402313937657,0.3343876949597478,0.5818223060485891,0.26429985406570966,0.5200030397129453,0.5269389199428507,0.3411854270570712,0.023210103731827508,0.43124996527602755,0.4565137865441135,0.42262857853433566,0.0035997997989426858,0,0,DATA
33460,1338.4,0.7820687937300991,0.18845144636106792,0.7319076172608748,0.1984952711112779,0.34500970179738555,0.565296457972335,0.5388807189542483,0.8790890522875817,0.23298210198310795,0.5710007452385741,0.44187402313937657,0.3343876949597478,0.5734763122525532,0.2747298145198099,0.5200482013208465,0.5258969366138184,0.35332434854382083,0.02460754246086388,0.4450533997345716,0.4712161495798372,0.42946686335256873,0.006273705286012436,0,0,DATA
33480,1339.2,0.7811979886773085,0.19520779565137095,0.7347701448022564,0.19235211736157473,0.34500970179738555,0.565296457972335,0.5388807189542483,0.8790890522875817,0.23298210198310795,0.5710007452385741,0.44187402313937657,0.3343876949597478,0.5695536807627788,0.2797505804573248,0.5198788807421308,0.5253478693899482,0.3574459367435327,0.025287697609089627,0.44815428394841095,0.4739889711728445,0.42988023637623984,0.00303757266866835,0.12229045360259605,0,DATA
33500,1340.0,0.782475162874979,0.2053140628394094,0.7333731255934125,0.18130949891981554,0.34500970179738555,0.565296457972335,0.5388807189542483,0.8790890522875817,0.23298210198310795,0.5710007452385741,0.44187402313937657,0.3343876949597478,0.5662545752063585,0.2840865650512301,0.520096291150027,0.5248294298712057,0.361157357143044,0.025876462045625576,0.4521728218213916,0.47676354528076487,0.42896611538364987,0.0026175001860739102,0,0,DATA
33520,1340.8,0.7844865182985588,0.20652930220458804,0.7302902195111354,0.18033732504145736,0.34500970179738555,0.565296457972335,0.5388807189542483,0.8790890522875817,0.23298210198310795,0.5710007452385741,0.44187402313937657,0.3343876949597478,0.5650096432727449,0.28572762745165164,0.5205838989113476,0.5246313646378017,0.36208850563060435,0.026100640144325494,0.4524446074357237,0.47662982289903333,0.4283843755345437,0.001124534031785233,0,0,DATA
33540,1341.6,0.786046759782973,0.20904464161483752,0.7281668799776837,0.1792460807766309,0.34500970179738555,0.565296457972335,0.5388807189542483,0.8790890522875817,0.23298210198310795,0.5710007452385741,0.44187402313937657,0.3343876949597478,0.5641079424165084,0.286924241206648,0.5210578319514708,0.5244839081884218,0.363035296993388,0.026264279552731046,0.4533381235900159,0.47720188067349784,0.42816861685819435,0.0008574158837853693,0,0,DATA
33560,1342.4,0.78819686662058,0.2056302503091657,0.7253256373448962,0.1819345566720161,0.34500970179738555,0.565296457972335,0.5388807189542483,0.8790890522875817,0.23298210198310795,0.5710007452385741,0.44187402313937657,0.3343876949597478,0.5645544543338286,0.28632719576755883,0.5216515342994053,0.5245591749493063,0.3620693655879164,0.02618277942001456,0.45183413990871113,0.4756826203184528,0.4276988533669845,0.0005457532347812507,0,0,DATA
33580,1343.2,0.7887799564270153,0.21158071312241897,0.7250436924678549,0.18478526693352515,0.34500970179738555,0.565296457972335,0.5388807189542483,0.8790890522875817,0.23298210198310795,0.5710007452385741,0.44187402313937657,0.3343876949597478,0.5634388107182413,0.28781421172354293,0.5219520938631369,0.5243734887791078,0.36404049142135764,0.026386188058066574,0.45427455401989125,0.4783799109680797,0.4291493876026575,0.0009677397117676678,0.1450474764388855,0,DATA
33600,1344.0,0.7882818719100888,0.20283592657531996,0.7258720066002868,0.18425764586803947,0.3589329299428104,0.5482803858902734,0.5574121732026143,0.8716370506535948,0.23298210198310795,0.5710007452385741,0.44187402313937657,0.3343876949597478,0.5601760226254787,0.2887356541876897,0.5271264711732444,0.5255441615934158,0.36323263714422815,0.026668501405279446,0.4508426853241527,0.47497811157903574,0.4278894154889108,0.003119535955672289,0,0,DATA
33620,1344.8,0.7865054021074241,0.21581563553155797,0.7297460958224595,0.18520037365220576,0.3589329299428104,0.5482803858902734,0.5574121732026143,0.8716370506535948,0.23298210198310795,0.5710007452385741,0.44187402313937657,0.3343876949597478,0.55647144731684,0.29264640543468035,0.528305725707717,0.5254410736242398,0.3680163235592348,0.027257377696578333,0.4564540927905495,0.48107120074606646,0.43081579271445647,0.00293152703003402,0,0,DATA
33640,1345.6,0.7850631271472265,0.21285642809055919,0.7321390825937927,0.1842852780403388,0.3589329299428104,0.5482803858902734,0.5574121732026143,0.8716370506535948,0.23298210198310795,0.5710007452385741,0.44187402313937657,0.3343876949597478,0.555981508286858,0.2929910527252979,0.5283566243264173,0.525513719493922,0.36788481133431505,0.02731962351647181,0.45546055217637715,0.48022544924784066,0.43064291167274676,0.000295161646433247,0,0,DATA
33660,1346.4,0.7551051289906989,0.27383460551333416,0.7477761501638663,0.18742589525429468,0.3589329299428104,0.5482803858902734,0.5574121732026143,0.8716370506535948,0.23298210198310795,0.5710007452385741,0.44187402313937657,0.3343876949597478,0.5430291093190809,0.3101683365908601,0.5220807142991566,0.5234012770450295,0.3875531229857412,0.029764959216918335,0.47698763702819635,0.5036303025780628,0.44133122880581993,0.012135197620200008,0,0,DATA
33680,1347.2,0.7244765480978717,0.26003548975454727,0.7477796288083952,0.19668381544445446,0.3589329299428104,0.5482803858902734,0.5574121732026143,0.8716370506535948,0.23298210198310795,0.5710007452385741,0.44187402313937657,0.3343876949597478,0.5420412039380929,0.31145776933806846,0.5137659393034846,0.5232505133619193,0.384039371886184,0.029953313264739687,0.4653429702750219,0.49291177570835726,0.4380509570518833,0.0035307043746227915,0.12892229307632375,0,DATA
33700,1348.0,0.6916120040430701,0.22724808135709254,0.7556120533709143,0.20452173192504103,0.3589329299428104,0.5482803858902734,0.5574121732026143,0.8716370506535948,0.23298210198310795,0.5710007452385741,0.44187402313937657,0.3343876949597478,0.548630188087262,0.3026641248109437,0.5043699525532748,0.5243528435508971,0.372141443908658,0.028688824308616308,0.4472215830175835,0.47635742255522945,0.433372080823532,0.00825953847550126,0,0,DATA
33720,1348.8,0.6587263150452489,0.1931215529481447,0.7653897379743968,0.20132646852536037,0.3589329299428104,0.5482803858902734,0.5574121732026143,0.8716370506535948,0.23298210198310795,0.5710007452385741,0.44187402313937657,0.3343876949597478,0.5577734542978918,0.29047060349830084,0.49464516183866936,0.5258779711019036,0.3577797430722456,0.026975300438742657,0.4289493707751366,0.4587434524331627,0.42676990113334223,0.01035385941262601,0,0,DATA
33740,1349.6,0.6274563157260769,0.17832147681485228,0.7712481539026534,0.19940270502198837,0.3589329299428104,0.5482803858902734,0.5574121732026143,0.8716370506535948,0.23298210198310795,0.5710007452385741,0.44187402313937657,0.3343876949597478,0.5636244501490721,0.2826685257871861,0.4851610247672616,0.5268535120318708,0.34885494368997216,0.025903423006846248,0.41794702364363656,0.4481345705441512,0.42250274106282093,0.00771240354456761,0,0,DATA
33760,1350.4,0.5955998879252555,0.1569487034309313,0.7787163682345049,0.1975473031006564,0.3589329299428104,0.5482803858902734,0.5574121732026143,0.8716370506535948,0.23298210198310795,0.5710007452385741,0.44187402313937657,0.3343876949597478,0.5698680313150496,0.2743435259263538,0.4756259338076668,0.5278942213792983,0.3387137554509486,0.024780823389561394,0.40452027159627424,0.4352690997378407,0.4176071554738471,0.008034557328801503,0,0,DATA
33780,1351.2,0.5635057268099548,0.1521415965039679,0.7867279531514858,0.19719934477935994,0.3589329299428104,0.5482803858902734,0.5574121732026143,0.8716370506535948,0.23298210198310795,0.5710007452385741,0.44187402313937657,0.3343876949597478,0.5727505981195052,0.2705000360285543,0.46602563268557523,0.5283746829259701,0.33401846337191654,0.024269905506388943,0.3977809135858249,0.4292961043869599,0.41560997788825843,0.005442119274782238,0.04564247895119037,0,DATA
33800,1352.0,0.5313103907428356,0.13838449772807035,0.7945351726668661,0.19593817662710727,0.41161611519607844,0.15858224548195038,0.41927874795751635,0.6768372140522876,0.23298210198310795,0.5710007452385741,0.44187402313937657,0.3343876949597478,0.4673888795894499,0.27655847030514946,0.4177071627062252,0.5454152046421501,0.333763180864116,0.030932604512933233,0.3874004507651181,0.4195702467025658,0.4120264507135564,0.053246207595333495,0,0,DATA
33820,1352.8,0.4998624596740405,0.1329519072370221,0.8007878967726957,0.19577481382486492,0.41161611519607844,0.15858224548195038,0.41927874795751635,0.6768372140522876,0.23298210198310795,0.5710007452385741,0.44187402313937657,0.3343876949597478,0.43692120803355344,0.2768548752506345,0.3966075561879733,0.5300331663914594,0.3312997672479456,0.032737132828291195,0.38018837317610565,0.41296710524391217,0.40959727749902863,0.01728789433987782,0,0,DATA
33840,1353.6,0.4686159620098038,0.11413958704701663,0.8071080342630194,0.19656607464591447,0.41161611519607844,0.15858224548195038,0.41927874795751635,0.6768372140522876,0.23298210198310795,0.5710007452385741,0.44187402313937657,0.3343876949597478,0.43173149380668563,0.2716763470810785,0.38371590972300795,0.5300275733628035,0.323473026234353,0.032420873504002384,0.3676781730653209,0.40116804496426467,0.40538906624089494,0.007753296287129711,0,0,DATA
33860,1354.4,0.4370810944570136,0.10910716351116266,0.8138605125268665,0.19877266201807467,0.41161611519607844,0.15858224548195038,0.41927874795751635,0.6768372140522876,0.23298210198310795,0.5710007452385741,0.44187402313937657,0.3343876949597478,0.4312313884811546,0.26871371004017264,0.3732260935974325,0.5312588392204909,0.31926602772639767,0.032095543988681585,0.3607087257931907,0.39509450425573517,0.40361015299563163,0.004650852830670793,0,0,DATA
33880,1355.2,0.4057059923328306,0.08830609921931269,0.8194516276940983,0.2001904212309428,0.41161611519607844,0.15858224548195038,0.41927874795751635,0.6768372140522876,0.23298210198310795,0.5710007452385741,0.44187402313937657,0.3343876949597478,0.4354495803847839,0.2620006209261828,0.3634903773136814,0.5367244797293005,0.3101276399899557,0.031061637701497967,0.3472315026850604,0.382318168585615,0.3990338137738174,0.0068889991004567235,0.02649182976579381,0,DATA
33900,1356.0,0.37448312725196914,0.08561999853360149,0.8248558961609569,0.20279959314926638,0.41161611519607844,0.15858224548195038,0.41927874795751635,0.6768372140522876,0.23298210198310795,0.5710007452385741,0.44187402313937657,0.3343876949597478,0.43727911909987194,0.2592345859999867,0.3540128607615752,0.5390222665499426,0.3062932928108113,0.03063411006467543,0.34099334308797535,0.3768813530270481,0.39738151366325397,0.004691030064463457,0,0,DATA
33920,1356.8,0.3744422775787666,0.009059331531758003,0.8133918283766965,0.19969451159958687,0.41161611519607844,0.15858224548195038,0.41927874795751635,0.6768372140522876,0.23298210198310795,0.5710007452385741,0.44187402313937657,0.3343876949597478,0.4539057207847855,0.23696778876161176,0.3511610273645708,0.5584689660115869,0.2791803483775367,0.027175418298209065,0.30806809279574543,0.34249918780142413,0.3824062953896562,0.01391507744009765,0,0,DATA
33940,1357.6,0.37456502299103406,0.06986928715020226,0.8246115137210832,0.20194962816148393,0.41161611519607844,0.15858224548195038,0.41927874795751635,0.6768372140522876,0.23298210198310795,0.5710007452385741,0.44187402313937657,0.3343876949597478,0.4461236106103863,0.24731453716326365,0.3503312538820456,0.5494045367235613,0.2965643768542626,0.0287661534063859,0.334660561194454,0.3704391363907611,0.3947960079221257,0.006319544019525429,0,0,DATA
33960,1358.4,0.37482858194025476,0.06933340596905203,0.8248771383243436,0.2201760662111504,0.41161611519607844,0.15858224548195038,0.41927874795751635,0.6768372140522876,0.23298210198310795,0.5710007452385741,0.44187402313937657,0.3343876949597478,0.44390151260610805,0.25026851495303715,0.35013766921662437,0.5468164988265354,0.29903303972945827,0.029226527947616904,0.33455204543249006,0.3721798268940899,0.3984536754006236,0.0017898868198243285,0,0,DATA
33980,1359.2,0.37490078897477797,0.06900665024698042,0.8249611506009301,0.23285423805451005,0.41161611519607844,0.15858224548195038,0.41927874795751635,0.6768372140522876,0.23298210198310795,0.5710007452385741,0.44187402313937657,0.3343876949597478,0.4433035019064596,0.25106321668778914,0.35009475729424794,0.5461201426093352,0.29998056476446455,0.029350862841340298,0.33445258700588343,0.37335658687947776,0.40096852018358375,0.0004785414522589515,0.020701995074094127,0,DATA
34000,1360.0,0.3746808291959946,0.06969766231252392,0.8249379019566875,0.22144174878628942,0.4114165049700435,0.1601678776907545,0.41938206358932456,0.67723924291939,0.23298210198310795,0.5710007452385741,0.44187402313937657,0.3343876949597478,0.4434229631812661,0.2514531924390996,0.3500646205408968,0.5459848853710833,0.2998482259553972,0.02939014527673663,0.33468035014749553,0.3724407762298437,0.39876186600083213,0.0001798579264893537,0,0,DATA
34020,1360.8,0.3747964390082956,0.07021640254949148,0.8250946801414253,0.21746360194472814,0.4114165049700435,0.1601678776907545,0.41938206358932456,0.67723924291939,0.23298210198310795,0.5710007452385741,0.44187402313937657,0.3343876949597478,0.4433498661139449,0.2517154324308436,0.35007985757547466,0.5458172168415507,0.29995750468184856,0.02942466012440122,0.3349423238416903,0.37232061305835606,0.3980948031954796,0.00011685803121436189,0,0,DATA
34040,1361.6,0.37500687374308694,0.07117918044365101,0.825209672462939,0.21821999647950818,0.4114165049700435,0.1601678776907545,0.41938206358932456,0.67723924291939,0.23298210198310795,0.5710007452385741,0.44187402313937657,0.3343876949597478,0.44312575363597495,0.25206368223873155,0.3501286199801542,0.5455310356986217,0.300381388668403,0.029477232347311286,0.3353925204106152,0.3728579483129103,0.39844029034041706,0.00020704156351247782,0,0,DATA
34060,1362.4,0.375080226401458,0.07274325884975595,0.8252477397996044,0.21969953755131952,0.4114165049700435,0.1601678776907545,0.41938206358932456,0.67723924291939,0.23298210198310795,0.5710007452385741,0.44187402313937657,0.3343876949597478,0.44273006342730203,0.2526060991348073,0.350158652759816,0.5450619821462472,0.3010267092869673,0.02956165481697345,0.33604043577206444,0.37365762451520723,0.3989876624156985,0.0003227132948034894,0,0,DATA
34080,1363.2,0.3750540407135076,0.07369844494402064,0.8252332460775857,0.21772927005799447,0.4114165049700435,0.1601678776907545,0.41938206358932456,0.67723924291939,0.23298210198310795,0.5710007452385741,0.44187402313937657,0.3343876949597478,0.4424107672849045,0.2530362763100241,0.35016216359924496,0.5446872454874402,0.30135500056576847,0.029628963662926163,0.33641437432777654,0.373833086949385,0.39873064483187354,0.00025099471901442644,0.04396804375034572,0,DATA
34100,1364.0,0.3751486037791185,0.07432716603439166,0.8252415790877339,0.21493501633710535,0.4114165049700435,0.1601678776907545,0.41938206358932456,0.67723924291939,0.23298210198310795,0.5710007452385741,0.44187402313937657,0.3343876949597478,0.4421829470132074,0.25334137136789303,0.3501830750948519,0.544420787822657,0.30153544783258024,0.02967680880697484,0.3366864419790767,0.3738265625296111,0.39827764181034947,0.00018460894172434017,0,0,DATA
34120,1364.8,0.3752155082118317,0.07609907526902607,0.8251852526528197,0.2161733184025823,0.4114165049700435,0.1601678776907545,0.41938206358932456,0.67723924291939,0.23298210198310795,0.5710007452385741,0.44187402313937657,0.3343876949597478,0.441742499992425,0.2539290344709514,0.3502033984744038,0.5439067327607368,0.3022196764370032,0.029769135472249034,0.33739732127249034,0.3746556393860809,0.3987836974431828,0.0003494778344642069,0,0,DATA
34140,1365.6,0.37514153364337194,0.07614517371570215,0.8252410889670908,0.2155703756425273,0.4114165049700435,0.1601678776907545,0.41938206358932456,0.67723924291939,0.23298210198310795,0.5710007452385741,0.44187402313937657,0.3343876949597478,0.44160068521238827,0.25411824096693814,0.35019396082889276,0.5437412221227251,0.302317240767897,0.029798884842504002,0.337412133000323,0.3746157404693352,0.398676585279895,0.00011348630717816777,0,0,DATA
34160,1366.4,0.37509976747109103,0.07586630425757336,0.825427152633802,0.21623775112398763,0.4114165049700435,0.1601678776907545,0.41938206358932456,0.67723924291939,0.23298210198310795,0.5710007452385741,0.44187402313937657,0.3343876949597478,0.4416167033645843,0.25409691946745816,0.35018235863906044,0.543759891948563,0.30230551012038964,0.02979552986700003,0.3373294447159575,0.37461839609978687,0.39881056925691744,1.631394716944401e-05,0,0,DATA
34180,1367.2,0.37495253844059,0.07726505501184679,0.8254861966970763,0.2135187906684002,0.4114165049700435,0.1601678776907545,0.41938206358932456,0.67723924291939,0.23298210198310795,0.5710007452385741,0.44187402313937657,0.3343876949597478,0.44132777115184574,0.2544821732288107,0.3501479598857056,0.5434227989615175,0.3026470110448143,0.02985614581317097,0.3378713080242216,0.3748942677688196,0.39847662789170946,0.00023619490914866814,0.03204664657919281,0,DATA
34200,1368.0,0.37472616316825874,0.016684894570668893,0.8143802685404371,0.1986664388564422,0.4129165390114379,0.16457043036648766,0.4188631025326798,0.674424019607843,0.23298210198310795,0.5710007452385741,0.44187402313937657,0.3343876949597478,0.45519563992987677,0.2379503115823795,0.349944792356649,0.5586226641737486,0.2810901529133056,0.02722363711832618,0.3113727831619563,0.3457999149096947,0.38362001389674827,0.01020096598450628,0,0,DATA
34220,1368.8,0.37429383746019773,0.02764131703570808,0.8248323484062458,0.17919627466969082,0.4129165390114379,0.16457043036648766,0.4188631025326798,0.674424019607843,0.23298210198310795,0.5710007452385741,0.44187402313937657,0.3343876949597478,0.45705515184562795,0.23605855137866105,0.3497930536992392,0.5604983002334833,0.28214898134526284,0.026915022610103912,0.3177593029795215,0.35128462629516555,0.38393923182479994,0.0013010035922931447,0,0,DATA
34240,1369.6,0.3738821329813976,0.028206910514026122,0.8248647917799959,0.16651140579768414,0.4129165390114379,0.16457043036648766,0.4188631025326798,0.674424019607843,0.23298210198310795,0.5710007452385741,0.44187402313937657,0.3343876949597478,0.4574942307899065,0.23564938949147463,0.34966107416146824,0.5609224206492158,0.28145754126114764,0.026846642195091888,0.3179096881498388,0.35016976891565715,0.38145403746770384,0.00032674012307863193,0,0,DATA
34260,1370.4,0.37367068355119826,0.028100488232766983,0.8250241615064209,0.15568346377361275,0.4129165390114379,0.16457043036648766,0.4188631025326798,0.674424019607843,0.23298210198310795,0.5710007452385741,0.44187402313937657,0.3343876949597478,0.45764830315225447,0.23549684268656612,0.3495770759197951,0.5610757302328441,0.2809180763449933,0.0268216435690026,0.3178567032965802,0.34904992683263397,0.37929118320928695,0.00013020580297654996,0,0,DATA
34280,1371.2,0.40588634625858894,0.10370134981622847,0.8074635780730011,0.14752359438508195,0.4129165390114379,0.16457043036648766,0.4188631025326798,0.674424019607843,0.23298210198310795,0.5710007452385741,0.44187402313937657,0.3343876949597478,0.4418183439284319,0.25661931988846276,0.3563171656158452,0.5425995120199845,0.3058312887485247,0.03008044136061334,0.3510280637847589,0.3796492420386177,0.38783075898148417,0.014564175373923108,0.03111040494486854,0,DATA
34300,1372.0,0.43795939516297966,0.11084723205278789,0.7907247674453088,0.15627252429280464,0.4129165390114379,0.16457043036648766,0.4188631025326798,0.674424019607843,0.23298210198310795,0.5710007452385741,0.44187402313937657,0.3343876949597478,0.4355687208916077,0.2649569100752684,0.3650745327945823,0.5353059054081696,0.3128843278517947,0.03140549320910211,0.3569532643347224,0.3847754545165842,0.3896750295320286,0.007781526800788974,0,0,DATA
34320,1372.8,0.471776279956427,0.11472990766880461,0.7712571123747498,0.170427699567774,0.4129165390114379,0.16457043036648766,0.4188631025326798,0.674424019607843,0.23298210198310795,0.5710007452385741,0.44187402313937657,0.3343876949597478,0.4328784721011969,0.26854533630379473,0.3748032887548274,0.5321665678987011,0.3165940508734807,0.03198254670128826,0.36137618052570686,0.3886671227280096,0.39160324064112995,0.005335810326394075,0,0,DATA
34340,1373.6,0.5051368136731187,0.11687965679114794,0.7526948476740833,0.17638634479721288,0.4129165390114379,0.16457043036648766,0.4188631025326798,0.674424019607843,0.23298210198310795,0.5710007452385741,0.44187402313937657,0.3343876949597478,0.43161995014838156,0.2702237939266088,0.3847276276234061,0.5306980781108863,0.318624802049177,0.03225386082725087,0.3651957339778492,0.3912263142330292,0.3918129192518718,0.004287106148069375,0,0,DATA
34360,1374.4,0.5383612472766883,0.12360142196900216,0.7339974781958666,0.181998617123023,0.4129165390114379,0.16457043036648766,0.4188631025326798,0.674424019607843,0.23298210198310795,0.5710007452385741,0.44187402313937657,0.3343876949597478,0.4298308228751876,0.2726094254632522,0.3946820603407294,0.5286106987059676,0.32177042464355166,0.032641033276498574,0.3707898528740614,0.39551192341400077,0.39259173948451476,0.004709730509053545,0,0,DATA
34380,1375.2,0.5719168971007206,0.12430347106770107,0.715128759235346,0.1866342215527273,0.4129165390114379,0.16457043036648766,0.4188631025326798,0.674424019607843,0.23298210198310795,0.5710007452385741,0.44187402313937657,0.3343876949597478,0.4291466543825026,0.2735216886718809,0.4047150766189731,0.5278124828553108,0.323035740312369,0.03278956192623105,0.3740080586862433,0.39730681777310106,0.39226255297753354,0.0038764826598524835,0.19170173307232835,0,DATA
34400,1376.0,0.6057132588612368,0.13092398691631577,0.6956824790298687,0.19125522922626315,0.3624827239923747,0.5162097213589534,0.573816976443355,0.8790812227668845,0.23298210198310795,0.5710007452385741,0.44187402313937657,0.3343876949597478,0.5260100969843785,0.26505801091807835,0.4582093021671438,0.5544659460487715,0.31957181181899125,0.02638331238660043,0.37952628133669697,0.40134251317036057,0.3926978980142152,0.05294044863461639,0,0,DATA
34420,1376.8,0.6392008586287079,0.13502907636564615,0.6772003977157219,0.19432844370247734,0.3624827239923747,0.5162097213589534,0.573816976443355,0.8790812227668845,0.23298210198310795,0.5710007452385741,0.44187402313937657,0.3343876949597478,0.5542070609805818,0.26366833263775014,0.48128996578276384,0.5410623031908339,0.3199789059654358,0.02468371099591576,0.38416942080709404,0.4044447659569643,0.392656543975068,0.01755576863071719,0,0,DATA
34440,1377.6,0.6726979179759511,0.13743363312561774,0.6588269255320752,0.2005285234432105,0.3624827239923747,0.5162097213589534,0.573816976443355,0.8790812227668845,0.23298210198310795,0.5710007452385741,0.44187402313937657,0.3343876949597478,0.5621611932598487,0.2639247050464437,0.49524854733037094,0.5369570508468537,0.3212404097676186,0.02426686036462407,0.388155960943802,0.40721396684938094,0.393013581326023,0.007389695411855857,0,0,DATA
34460,1378.4,0.7063382785005028,0.13998973328939376,0.6398198169968767,0.20214500650225528,0.3624827239923747,0.5162097213589534,0.573816976443355,0.8790812227668845,0.23298210198310795,0.5710007452385741,0.44187402313937657,0.3343876949597478,0.5640106519092359,0.26471732481490906,0.5065005975048089,0.5356360116379275,0.32259999279500406,0.02423692611362048,0.392105051407183,0.4094239947651466,0.3923325518810539,0.0046313761974301855,0,0,DATA
34480,1379.2,0.7394459566679236,0.13765716544274295,0.6119036572518955,0.18498075739427414,0.3624827239923747,0.5162097213589534,0.573816976443355,0.8790812227668845,0.23298210198310795,0.5710007452385741,0.44187402313937657,0.3343876949597478,0.5650553287518487,0.2643019917483865,0.5168288249722987,0.5353213397498824,0.32058968721930303,0.024140916011359044,0.3922103279530106,0.40502123042567795,0.3848815447629569,0.003929412458875033,0.077565911868932,0,DATA
34500,1380.0,0.772855817674292,0.1434892830451357,0.6015418874133881,0.16731435063320885,0.3624827239923747,0.5162097213589534,0.573816976443355,0.8790812227668845,0.23298210198310795,0.5710007452385741,0.44187402313937657,0.3343876949597478,0.5641439871081301,0.26581038475709967,0.526943364023883,0.5350228140673852,0.32315058207035985,0.0243295614419515,0.39915279322753994,0.40916087804025003,0.38297362469211266,0.0041780912346720545,0,0,DATA
34520,1380.8,0.8054244961873638,0.1513803130760851,0.5930131207382361,0.16635652518780578,0.3624827239923747,0.5162097213589534,0.573816976443355,0.8790812227668845,0.23298210198310795,0.5710007452385741,0.44187402313937657,0.3343876949597478,0.5622134683085152,0.26847239106837945,0.5368171482271034,0.5346570703115526,0.327554079924291,0.024682055357556618,0.4071171876075036,0.4161766132081582,0.38509039029019365,0.004822103104705026,0,0,DATA
34540,1381.6,0.8064233819863416,0.08000470687740907,0.608147626232126,0.16704996610049688,0.3624827239923747,0.5162097213589534,0.573816976443355,0.8790812227668845,0.23298210198310795,0.5710007452385741,0.44187402313937657,0.3343876949597478,0.5766231899703526,0.24928582322613407,0.5399890495058548,0.5370454934017566,0.3065458313868482,0.022163785690849997,0.3817936233866067,0.39243584362791945,0.3784062524963007,0.012256063594278074,0,0,DATA
34560,1382.4,0.8079014986069214,0.13062835159421438,0.6160135558456585,0.17018181774279267,0.3624827239923747,0.5162097213589534,0.573816976443355,0.8790812227668845,0.23298210198310795,0.5710007452385741,0.44187402313937657,0.3343876949597478,0.5703151410783748,0.25770447339416597,0.541251024379802,0.5359901927637296,0.32088423959131834,0.023253659161707223,0.4039118905201513,0.4156538888870469,0.38874046359772185,0.005329557977985622,0,0,DATA
34580,1383.2,0.8085012163252053,0.1343522838489913,0.6254053183361299,0.18149664292227652,0.3624827239923747,0.5162097213589534,0.573816976443355,0.8790812227668845,0.23298210198310795,0.5710007452385741,0.44187402313937657,0.3343876949597478,0.5676407006372782,0.26127276947591305,0.5417555575628258,0.5355432649434042,0.32524862832462953,0.023722379426164373,0.4073997594638131,0.4212124165977042,0.3939699308662813,0.0022490899019558066,0.040305685154697395,0,DATA
34600,1384.0,0.8095228182084798,0.1368232733175786,0.6350671028418476,0.1946980110563864,0.3571418419798475,0.6019970298342258,0.5710860055827887,0.8854418572984749,0.23298210198310795,0.5710007452385741,0.44187402313937657,0.3343876949597478,0.5903399070896223,0.2619135501290109,0.541356782072262,0.5238732713906834,0.3277976520481747,0.02253206114887087,0.4105248325290465,0.4266238049269203,0.3994984592281483,0.007912920865335219,0,0,DATA
34620,1384.8,0.8091617830358638,0.13822156084756526,0.6492866674542414,0.19373215391459386,0.3571418419798475,0.6019970298342258,0.5710860055827887,0.8854418572984749,0.23298210198310795,0.5710007452385741,0.44187402313937657,0.3343876949597478,0.5968560286440281,0.26249730483333655,0.5411613320388435,0.5203233332613176,0.3300104615295742,0.022223083247557594,0.41385585342899667,0.43128019657393063,0.4030338185651246,0.002431775430716654,0,0,DATA
34640,1385.6,0.8073884227836433,0.14508204250022227,0.6649809504037113,0.19331002145969417,0.3571418419798475,0.6019970298342258,0.5710860055827887,0.8854418572984749,0.23298210198310795,0.5710007452385741,0.44187402313937657,0.3343876949597478,0.597370163963292,0.2645933661073782,0.5407302913758517,0.5190182349646648,0.3340903351939871,0.022371968558565013,0.41938423062950947,0.43833578882390045,0.4077246990341887,0.001013745752099134,0,0,DATA
34660,1386.4,0.8055828541352438,0.15010261801869637,0.6808492788900301,0.19386069940119408,0.3571418419798475,0.6019970298342258,0.5710860055827887,0.8854418572984749,0.23298210198310795,0.5710007452385741,0.44187402313937657,0.3343876949597478,0.5964700837001915,0.26662794563476344,0.5402218097607902,0.5184509853325224,0.33789615603752043,0.022594394042889054,0.424205012804483,0.4447984716416558,0.4123744462069995,0.0011477138018491002,0,0,DATA
34680,1387.2,0.8051967788985253,0.15428149954660242,0.6940345114390142,0.1941451257826015,0.3571418419798475,0.6019970298342258,0.5710860055827887,0.8854418572984749,0.23298210198310795,0.5710007452385741,0.44187402313937657,0.3343876949597478,0.5953224945004011,0.2684084063207927,0.5399881894765608,0.518134549589403,0.3411957724357998,0.022809957308254445,0.4284363968780984,0.45037682160831044,0.4163158643260411,0.0010538900566830118,0.08014687217951244,0,DATA
34700,1388.0,0.80516787644545,0.15706406022804792,0.7063895925055138,0.19271118095800086,0.3571418419798475,0.6019970298342258,0.5710860055827887,0.8854418572984749,0.23298210198310795,0.5710007452385741,0.44187402313937657,0.3343876949597478,0.5943938799973605,0.26972166151740623,0.5399120338761462,0.5179422292426166,0.3438518750015491,0.022974158887835477,0.4320146568733615,0.4550471952277634,0.4195323394846552,0.0007726751000229163,0,0,DATA
34720,1388.8,0.8052564822670522,0.15932797866179976,0.7190876215664664,0.1951930234259027,0.3571418419798475,0.6019970298342258,0.5710860055827887,0.8854418572984749,0.23298210198310795,0.5710007452385741,0.44187402313937657,0.3343876949597478,0.5936398727753605,0.27074953523784084,0.5399077944185582,0.5178052959933993,0.3464609518349687,0.02310458127290482,0.43547755122337317,0.46002807673066054,0.4235516635906967,0.0005953734666742094,0,0,DATA
34740,1389.6,0.8043027995118988,0.15619167235431386,0.7333425298949551,0.19859527309166922,0.3571418419798475,0.6019970298342258,0.5710860055827887,0.8854418572984749,0.23298210198310795,0.5710007452385741,0.44187402313937657,0.3343876949597478,0.5940722949333325,0.2701797315878751,0.5397062492026996,0.5178739867393962,0.3473876450014286,0.023031422063788814,0.4368832738150459,0.4631995151217588,0.42723002638433394,0.0004012570079321061,0,0,DATA
34760,1390.4,0.8045967665912518,0.16046138377014013,0.7373851291074203,0.19876857699756198,0.3571418419798475,0.6019970298342258,0.5710860055827887,0.8854418572984749,0.23298210198310795,0.5710007452385741,0.44187402313937657,0.3343876949597478,0.5933053821834005,0.27120430968931675,0.5397075187246062,0.5177451540636413,0.34920110711690555,0.023162439946655386,0.43945847163974006,0.4661963032582887,0.42894519038893797,0.0005975867910934148,0,0,DATA
34780,1391.2,0.7724742922008545,0.20108367825746395,0.7599861603184781,0.19909076282441115,0.3571418419798475,0.6019970298342258,0.5710860055827887,0.8854418572984749,0.23298210198310795,0.5710007452385741,0.44187402313937657,0.3343876949597478,0.5845446265160829,0.2828859255761999,0.5329621799591947,0.5162847239538586,0.36286485699417637,0.024680560351356778,0.4538031007988017,0.48283325412114103,0.4375409820911311,0.009062570106537418,0.10417221509367947,0,DATA
34800,1392.0,0.7394046487451816,0.19774803951276956,0.7600457641106383,0.20405764718321587,0.41005570023148147,0.16173464577557478,0.4196195023148148,0.6796064814814815,0.23298210198310795,0.5710007452385741,0.44187402313937657,0.3343876949597478,0.4593434164158512,0.2965683417265935,0.4815833322888473,0.5313875373446288,0.368100860838219,0.03367174155179445,0.4458668373682214,0.4753996395056572,0.4347419497536607,0.06342082464032422,0,0,DATA
34820,1392.8,0.705861960836685,0.14001951058551254,0.7665586648238817,0.19901029150809887,0.41005570023148147,0.16173464577557478,0.4196195023148148,0.6796064814814815,0.23298210198310795,0.5710007452385741,0.44187402313937657,0.3343876949597478,0.43390604446050574,0.28450907847207974,0.45912571352695886,0.524698482994213,0.3495249770830544,0.03382236262002276,0.41736946835826794,0.4470488249995164,0.42334715566700987,0.0199847513239159,0,0,DATA
34840,1393.6,0.6715411324786325,0.13274610980138582,0.7744783829007135,0.18941767111496674,0.41005570023148147,0.16173464577557478,0.4196195023148148,0.6796064814814815,0.23298210198310795,0.5710007452385741,0.44187402313937657,0.3343876949597478,0.4278022470385686,0.2788547472761701,0.4451810539432013,0.5244737498811991,0.3427896293248987,0.03350761255675099,0.40917988598837307,0.4386919523979916,0.41888546815416716,0.00856759606720144,0,0,DATA
34860,1394.4,0.6374439953598959,0.12827006502139351,0.7813064126902382,0.1940512372765484,0.41005570023148147,0.16173464577557478,0.4196195023148148,0.6796064814814815,0.23298210198310795,0.5710007452385741,0.44187402313937657,0.3343876949597478,0.4269110772157859,0.27590515537899934,0.4338372572731393,0.5255029609183932,0.33858064227350476,0.033204819540220004,0.4019356466105338,0.4325938726152629,0.41743806840499215,0.005061519463338475,0,0,DATA
34880,1395.2,0.6046664859854197,0.12012909262674591,0.7836781990131455,0.19532408811919405,0.41005570023148147,0.16173464577557478,0.4196195023148148,0.6796064814814815,0.23298210198310795,0.5710007452385741,0.44187402313937657,0.3343876949597478,0.4283533304718271,0.27274080553934676,0.42355084130348075,0.5278062624662401,0.3330928044290662,0.032741388357509706,0.39259811304236103,0.4236208027636454,0.4137866883576034,0.004964339688450781,0.03603872778802377,0,DATA
34900,1396.0,0.5730711622255741,0.11160693348968105,0.7848777214464663,0.1964397582796506,0.41005570023148147,0.16173464577557478,0.4196195023148148,0.6796064814814815,0.23298210198310795,0.5710007452385741,0.44187402313937657,0.3343876949597478,0.4305756598674231,0.2694052960290728,0.4138298985230156,0.5305851819191751,0.32738889685860056,0.03221524591311103,0.3831100891222301,0.41436429810289216,0.4098718467514806,0.0050929272287783545,0,0,DATA
34920,1396.8,0.541448998135579,0.10127669276556178,0.7863271719556229,0.19730758631872608,0.41005570023148147,0.16173464577557478,0.4196195023148148,0.6796064814814815,0.23298210198310795,0.5710007452385741,0.44187402313937657,0.3343876949597478,0.43341170923816696,0.26551217577323727,0.40427296122997713,0.5339497667324649,0.32107906024470234,0.03159157886804091,0.3729434501164147,0.4044293869519,0.40569602246896747,0.005428702306539301,0,0,DATA
34940,1397.6,0.5087834653092005,0.09358636965906102,0.7895335594792127,0.19738099562134273,0.41005570023148147,0.16173464577557478,0.4196195023148148,0.6796064814814815,0.23298210198310795,0.5710007452385741,0.44187402313937657,0.3343876949597478,0.43587749190175523,0.2621909492266664,0.394546118148526,0.5368432713375443,0.3156303328685449,0.03106064133446539,0.3639754918132566,0.3957894083313626,0.4020921994617752,0.00517128409720341,0,0,DATA
34960,1398.4,0.47589653249120156,0.08811886464941622,0.7936402571636161,0.1969459103850894,0.41005570023148147,0.16173464577557478,0.4196195023148148,0.6796064814814815,0.23298210198310795,0.5710007452385741,0.44187402313937657,0.3343876949597478,0.43776540275285714,0.2596636798599946,0.3847218093323109,0.5390508614464311,0.31108361613423696,0.03065829993781697,0.35603244278267965,0.38821352054560054,0.39892303780237887,0.004746496344662936,0,0,DATA
34980,1399.2,0.4428471829436902,0.08325205680028275,0.7979924353278117,0.19619882424307855,0.41005570023148147,0.16173464577557478,0.4196195023148148,0.6796064814814815,0.23298210198310795,0.5710007452385741,0.44187402313937657,0.3343876949597478,0.43935380565650567,0.2575427928522357,0.37483415328246905,0.5409055064021349,0.3068808246439424,0.03032198120557217,0.34834628536636303,0.3808878723315025,0.39582670898290445,0.004532315320416443,0.024975617040084823,0,DATA
35000,1400.0,0.4115047801973353,0.07785535396749399,0.7989930719309736,0.1953826123589265,0.40872931985294114,0.17121852083230765,0.42093852124183007,0.6827839052287581,0.23298210198310795,0.5710007452385741,0.44187402313937657,0.3343876949597478,0.4436191191383711,0.2551169100772337,0.3656552771903462,0.5442511045305687,0.302141858223,0.029807855941808327,0.34011925100460894,0.3726792804416494,0.39196988005731065,0.005290024116330098,0,0,DATA
35020,1400.8,0.37871221405228755,0.06758285248052123,0.8030531912418493,0.1960424178566134,0.40872931985294114,0.17121852083230765,0.42093852124183007,0.6827839052287581,0.23298210198310795,0.5710007452385741,0.44187402313937657,0.3343876949597478,0.447055938495195,0.2515128448283807,0.3560151754722493,0.547771546833407,0.29622602008138127,0.02920523212740685,0.3302637610429854,0.3632957829608821,0.3882967391470163,0.005560328774591246,0,0,DATA
35040,1401.6,0.37906820847997325,0.01883905305856678,0.7866653576662217,0.19378687990343965,0.40872931985294114,0.17121852083230765,0.42093852124183007,0.6827839052287581,0.23298210198310795,0.5710007452385741,0.44187402313937657,0.3343876949597478,0.4583231821808526,0.23678336141557757,0.3531979037866343,0.5607699103826375,0.27756104013319927,0.026934612122063335,0.30755987344461533,0.33872755820963185,0.37647270269195005,0.009604666261358594,0,0,DATA
35060,1402.4,0.37917262391067535,0.04275023952443705,0.8029147991914882,0.1914039205785416,0.40872931985294114,0.17121852083230765,0.42093852124183007,0.6827839052287581,0.23298210198310795,0.5710007452385741,0.44187402313937657,0.3343876949597478,0.4566820061287171,0.23905964860218032,0.3523746495213972,0.5588111787632684,0.2846155701241924,0.02727593582576319,0.32039511942215715,0.35294945240721054,0.38365559072123784,0.0015802391679917798,0,0,DATA
35080,1403.2,0.37935251958689453,0.04258415141847733,0.8031751235717598,0.19367886037209112,0.40872931985294114,0.17121852083230765,0.42093852124183007,0.6827839052287581,0.23298210198310795,0.5710007452385741,0.44187402313937657,0.3343876949597478,0.456224531815328,0.23969603008849238,0.3521654513338321,0.5582642508634177,0.2851074530904982,0.027371572406509205,0.32041672819107136,0.3532245875935069,0.38416873612674357,0.00043435132908875573,0.012775245425543199,0,DATA
35100,1404.0,0.3797453703703703,0.04417429382910765,0.8035125724932412,0.1880192421235134,0.40872931985294114,0.17121852083230765,0.42093852124183007,0.6827839052287581,0.23298210198310795,0.5710007452385741,0.44187402313937657,0.3343876949597478,0.4557533596150789,0.2403321844093625,0.3521851905420925,0.5577105876028582,0.2855891056720338,0.027467996627644615,0.3211988450963149,0.3534744875660408,0.3833989811473405,0.00037568857645988346,0,0,DATA
35120,1404.8,0.38016447230601647,0.044259378258800455,0.8037998166861526,0.17273573803946973,0.40872931985294114,0.17121852083230765,0.42093852124183007,0.6827839052287581,0.23298210198310795,0.5710007452385741,0.44187402313937657,0.3343876949597478,0.45559414022476874,0.24054685434593753,0.3522791237110563,0.5575236429394156,0.285188178437369,0.02750057458184976,0.32137414809390363,0.35215016457451626,0.38046876423677817,0.00015594083194965988,0,0,DATA
35140,1405.6,0.38059427764161224,0.047143927156884764,0.804024797894711,0.17145141250508517,0.40872931985294114,0.17121852083230765,0.42093852124183007,0.6827839052287581,0.23298210198310795,0.5710007452385741,0.44187402313937657,0.3343876949597478,0.45494061913907796,0.24141892901837364,0.35239756278222056,0.5567608450603521,0.28618296021502343,0.027633406915560942,0.32265892496196813,0.3533290070099982,0.38074380730031304,0.0005480116097637174,0,0,DATA
35160,1406.4,0.38064285209276016,0.05140776573336736,0.80396200368628,0.1692700145120609,0.40872931985294114,0.17121852083230765,0.42093852124183007,0.6827839052287581,0.23298210198310795,0.5710007452385741,0.44187402313937657,0.3343876949597478,0.45384915671230935,0.2428744262215196,0.3524432951383109,0.5554873652453948,0.28764756744050735,0.027855675265718357,0.3243616164411045,0.35480727926898903,0.38093626238118766,0.0008642306620016416,0,0,DATA
35180,1407.2,0.3816929636437909,0.05541988488672603,0.8055055730927116,0.16642126610736344,0.40872931985294114,0.17121852083230765,0.42093852124183007,0.6827839052287581,0.23298210198310795,0.5710007452385741,0.44187402313937657,0.3343876949597478,0.4526791729620735,0.24443446874540384,0.35267753827085446,0.5541223521083347,0.28938081933604165,0.02809465587396523,0.32648520029394057,0.35680034522199844,0.3814592340799629,0.000988089802221213,0.016625965466017807,0,DATA
35200,1408.0,0.3827119142261605,0.05477534083871034,0.8070029794570066,0.16403036667003687,0.4186712792755991,0.1708465614320383,0.43137042143246185,0.6752222903050109,0.23298210198310795,0.5710007452385741,0.44187402313937657,0.3343876949597478,0.4523593834550106,0.24680982064788287,0.355882722886292,0.5527747814035638,0.2908684722626585,0.02838424729328261,0.3267306540640671,0.35695644968482193,0.38136061923460596,0.001966775341659834,0,0,DATA
35220,1408.8,0.3833404362011898,0.055223318374010316,0.8083217120313084,0.16228561420490334,0.4186712792755991,0.1708465614320383,0.43137042143246185,0.6752222903050109,0.23298210198310795,0.5710007452385741,0.44187402313937657,0.3343876949597478,0.45216937132047874,0.2476478599285106,0.35697626788567943,0.552260755695984,0.29158171180499637,0.028490507387112535,0.3272992959880534,0.35748248961972495,0.38147140071295266,0.0007071988048489944,0,0,DATA
35240,1409.6,0.3839211365635998,0.05496030040218563,0.809610421358468,0.1617473326373956,0.4186712792755991,0.1708465614320383,0.43137042143246185,0.6752222903050109,0.23298210198310795,0.5710007452385741,0.44187402313937657,0.3343876949597478,0.45216760145420243,0.247825626680588,0.3574262784616018,0.5521709873868071,0.29182585886630247,0.028511050571963806,0.3275679707372374,0.3578262071448742,0.38170453907170826,0.00020984906475869183,0,0,DATA
35260,1410.4,0.38449159177559916,0.05585538361650203,0.8108504349842929,0.15998097927931562,0.4186712792755991,0.1708465614320383,0.43137042143246185,0.6752222903050109,0.23298210198310795,0.5710007452385741,0.44187402313937657,0.3343876949597478,0.4519791030193131,0.24812958000621982,0.3576810772288983,0.5519247615065466,0.2922752280937079,0.02855584095051443,0.3282880977905288,0.35849370022494004,0.3818525798098959,0.00024908350927255185,0,0,DATA
35280,1411.2,0.3846608822481984,0.05693897831131389,0.8120671598475536,0.15828721837739804,0.4186712792755991,0.1708465614320383,0.43137042143246185,0.6752222903050109,0.23298210198310795,0.5710007452385741,0.44187402313937657,0.3343876949597478,0.4516949986029357,0.24852417251845668,0.35779306785833315,0.5515854130422395,0.29277715853754244,0.028616079819586693,0.3289987387356256,0.3591566375661711,0.38199747709680926,0.0002635625193496971,0.031220922164528542,0,DATA
35300,1412.0,0.38508093341503263,0.05911013871290442,0.8132950051240831,0.15607406263214468,0.4186712792755991,0.1708465614320383,0.43137042143246185,0.6752222903050109,0.23298210198310795,0.5710007452385741,0.44187402313937657,0.3343876949597478,0.4511538235936885,0.24925047518457305,0.35791487579219877,0.5509516742045577,0.2936527450981869,0.02872803575722692,0.33019678218493453,0.36025614996860766,0.382229486443813,0.00046309520307640423,0,0,DATA
35320,1412.8,0.3856463806142115,0.037357001664222046,0.7982434571678999,0.14665063698974162,0.4186712792755991,0.1708465614320383,0.43137042143246185,0.6752222903050109,0.23298210198310795,0.5710007452385741,0.44187402313937657,0.3343876949597478,0.45555962987113763,0.24337748761077693,0.35807016208418596,0.5560910711301803,0.2845105636216163,0.027825951181527243,0.3185983072140607,0.3462101776378753,0.37337548848890206,0.0034780267144108126,0,0,DATA
35340,1413.6,0.3861970001675884,0.050219040980884304,0.8137936560258863,0.1321249543176668,0.4186712792755991,0.1708465614320383,0.43137042143246185,0.6752222903050109,0.23298210198310795,0.5710007452385741,0.44187402313937657,0.3343876949597478,0.4541803434978733,0.2452169623473035,0.35823237807799135,0.5544816905752848,0.2890012208745437,0.028107290012949024,0.32696328662299823,0.354677608665404,0.37634226952182076,0.0011269923678654352,0,0,DATA
35360,1414.4,0.3866159711747947,0.04968989581339157,0.8149407641524882,0.123369103060074,0.4186712792755991,0.1708465614320383,0.43137042143246185,0.6752222903050109,0.23298210198310795,0.5710007452385741,0.44187402313937657,0.3343876949597478,0.45387767807106744,0.24562064412136353,0.35836902678764626,0.5541285169748519,0.2889797033176459,0.028169172461060203,0.32706484438276273,0.3540182921120694,0.3748404016275494,0.000280998636840261,0,0,DATA
35380,1415.2,0.38688169044327136,0.05590801700608218,0.8161417963521693,0.10937946834968165,0.4186712792755991,0.1708465614320383,0.43137042143246185,0.6752222903050109,0.23298210198310795,0.5710007452385741,0.44187402313937657,0.3343876949597478,0.4524810729925607,0.2474828225875349,0.3584658224469228,0.5524991252025129,0.2906977058052034,0.028455321189938907,0.32984544315347064,0.3555200306317061,0.37330202284114244,0.001118526401318228,0.016772405101824654,0,DATA
35400,1416.0,0.38738013501340707,0.06276134375787291,0.8177426063289273,0.09622804925429124,0.4273684725626361,0.18117565173509653,0.4347810287309368,0.6640352668845315,0.23298210198310795,0.5710007452385741,0.44187402313937657,0.3343876949597478,0.4535150381359889,0.25178681820816545,0.3595545045480073,0.5508641099639117,0.29408255145687445,0.02889551904673349,0.3330066247635656,0.35752615132993787,0.37214978498603607,0.002142214288381091,0,0,DATA
35420,1416.8,0.4303389344519859,0.13429816451387924,0.7803898095547641,0.08788577884369751,0.4273684725626361,0.18117565173509653,0.4347810287309368,0.6640352668845315,0.23298210198310795,0.5710007452385741,0.44187402313937657,0.3343876949597478,0.43880249532025606,0.2731083267060364,0.36890245706043423,0.5328470843071098,0.31694202540232097,0.032186219405484454,0.3627425535988513,0.38269257344674784,0.37616953476763537,0.015127334608676915,0,0,DATA
35440,1417.6,0.4722785541834255,0.12815658574422842,0.7415694351864335,0.11591030815991082,0.4273684725626361,0.18117565173509653,0.4347810287309368,0.6640352668845315,0.23298210198310795,0.5710007452385741,0.44187402313937657,0.3343876949597478,0.4356784640171629,0.2777851371998955,0.3805141629577646,0.5289466634086336,0.31858316492245636,0.03291962841254811,0.3609097711636128,0.3797802065062976,0.3753420721964917,0.006470849231427526,0,0,DATA
35460,1418.4,0.5142011204855874,0.12695059351345658,0.7027337503950916,0.12305346662104254,0.4273684725626361,0.18117565173509653,0.4347810287309368,0.6640352668845315,0.23298210198310795,0.5710007452385741,0.44187402313937657,0.3343876949597478,0.434994512994697,0.27885050252343707,0.39280141365041765,0.5280720052356299,0.318008674827315,0.03308593343578488,0.3610447505734681,0.3767459332831319,0.371073140486483,0.0046788556795535246,0,0,DATA
35480,1419.2,0.5564064594855036,0.12502190833509733,0.6640147532954004,0.1298832363184464,0.4273684725626361,0.18117565173509653,0.4347810287309368,0.6640352668845315,0.23298210198310795,0.5710007452385741,0.44187402313937657,0.3343876949597478,0.4351943515754127,0.27863008027055897,0.405350710048196,0.5282821356524268,0.31657117010297714,0.03304808706313965,0.3609705448821693,0.37348280485160446,0.36669057627427865,0.004323185743790721,0.16746837317534918,0,DATA
35500,1420.0,0.5985970035717277,0.12412784552161654,0.625306400383741,0.13693449657595005,0.4273684725626361,0.18117565173509653,0.4347810287309368,0.6640352668845315,0.23298210198310795,0.5710007452385741,0.44187402313937657,0.3343876949597478,0.43544205634045835,0.27831361600692095,0.4179755132256366,0.5285642201667687,0.31525053308243633,0.0329960741765169,0.36130935799168995,0.37065590869570947,0.3625086850844649,0.0043963240687080836,0,0,DATA
35520,1420.8,0.6406849979575162,0.12221316701905122,0.5865901444136299,0.14348238992308285,0.4273684725626361,0.18117565173509653,0.4347810287309368,0.6640352668845315,0.23298210198310795,0.5710007452385741,0.44187402313937657,0.3343876949597478,0.4359184502555108,0.2776825667471112,0.4306014329998844,0.5291179417541998,0.31354855953447514,0.03289347864342499,0.3612178342737993,0.367347548715521,0.3580607974245577,0.004577787649703328,0,0,DATA
35540,1421.6,0.6830710509364001,0.12019757392337313,0.5479487356987524,0.14885127995644873,0.4273684725626361,0.18117565173509653,0.4347810287309368,0.6640352668845315,0.23298210198310795,0.5710007452385741,0.44187402313937657,0.3343876949597478,0.4364846429801189,0.27692888590237846,0.4432902800577243,0.5297778785388703,0.31174252692618704,0.03277127280176331,0.36116052588832936,0.3639629884618999,0.35341048958604815,0.004669573542393594,0,0,DATA
35560,1422.4,0.72533252550486,0.11735365155093311,0.5094295389756778,0.15578126845123624,0.4273684725626361,0.18117565173509653,0.4347810287309368,0.6640352668845315,0.23298210198310795,0.5710007452385741,0.44187402313937657,0.3343876949597478,0.43725172449571376,0.2759064833846754,0.4559718438344529,0.5306726205555191,0.30970987173447406,0.03260583852228739,0.36077141250843037,0.3604149542591722,0.34896624720521696,0.004823682603342168,0,0,DATA
35580,1423.2,0.7676888577279202,0.11298383561825864,0.4710349816384541,0.15989580763654881,0.4273684725626361,0.18117565173509653,0.4347810287309368,0.6640352668845315,0.23298210198310795,0.5710007452385741,0.44187402313937657,0.3343876949597478,0.43839951029625385,0.2743762141682156,0.46867114273431404,0.5320116480640191,0.3070382809201608,0.032358861410385256,0.35981584111252785,0.3560313810480786,0.3437706765403784,0.005125784638953672,0.041770141792956864,0,DATA
35600,1424.0,0.8100271872905144,0.09866475150304213,0.4180803695451067,0.15559219404617566,0.3371916700708061,0.7786949020328588,0.6082264433551198,0.9470744825708061,0.23298210198310795,0.5710007452385741,0.44187402313937657,0.3343876949597478,0.6090562437839848,0.25097066132773277,0.5299366977071884,0.5199865474441412,0.28756426412762737,0.02060423673829106,0.3519649509602907,0.3424546683274693,0.3317572711379439,0.08510928043369607,0,0,DATA
35620,1424.8,0.8523306244239148,0.09544935804356977,0.38451875667306923,0.15011282840331688,0.3371916700708061,0.7786949020328588,0.6082264433551198,0.9470744825708061,0.23298210198310795,0.5710007452385741,0.44187402313937657,0.3343876949597478,0.6609284964567933,0.24304868530693566,0.5572000859970649,0.4980114091181355,0.28143432236194676,0.017306285463856694,0.35242715842877426,0.33901277794446333,0.326019029485782,0.029019205661160702,0,0,DATA
35640,1425.6,0.8946532425737389,0.08769872297266174,0.3508930935905428,0.15173405002199514,0.3371916700708061,0.7786949020328588,0.6082264433551198,0.9470744825708061,0.23298210198310795,0.5710007452385741,0.44187402313937657,0.3343876949597478,0.6781178056235264,0.2385019146808423,0.5742668522954909,0.4916901398478156,0.27688173712177533,0.0161215991286966,0.3510662954138707,0.33445147078317483,0.3210065245932322,0.012934282030417474,0,0,DATA
35660,1426.4,0.9367964232968828,0.0771293874120161,0.3169513137239737,0.15337521600270854,0.3371916700708061,0.7786949020328588,0.6082264433551198,0.9470744825708061,0.23298210198310795,0.5710007452385741,0.44187402313937657,0.3343876949597478,0.6854941588412821,0.2341784695360335,0.5882369501368789,0.4901636858113421,0.2719606638582785,0.015466604273965196,0.3484788413609273,0.32863395534164597,0.31547823056095015,0.008556632067984163,0,0,DATA
35680,1427.2,0.9368088942307692,0.00020631048893916544,0.35615933452256887,0.15274614501753145,0.3371916700708061,0.7786949020328588,0.6082264433551198,0.9470744825708061,0.23298210198310795,0.5710007452385741,0.44187402313937657,0.3343876949597478,0.7038609109604549,0.2113429744541293,0.5924305983854115,0.49239805729270786,0.2506324718325789,0.013143252345248277,0.3255537089381929,0.30956671790025336,0.3136172071184906,0.015131965149869845,6.189314668174963e-05,0,DATA
35700,1428.0,0.9368188447921904,0.04898080681428667,0.36139465434045576,0.15923494407024785,0.3371916700708061,0.7786949020328588,0.6082264433551198,0.9470744825708061,0.23298210198310795,0.5710007452385741,0.44187402313937657,0.3343876949597478,0.6991282923678839,0.21814918490065532,0.5936907824778695,0.49136126136573033,0.26340870389771887,0.013783332733719025,0.34611256154419345,0.33129798239331426,0.32354096638844987,0.004266337710518375,0,0,DATA
35720,1428.8,0.9368287626215016,0.04898084959648859,0.3666305057202346,0.16754227513135123,0.3371916700708061,0.7786949020328588,0.6082264433551198,0.9470744825708061,0.23298210198310795,0.5710007452385741,0.44187402313937657,0.3343876949597478,0.6977084978058501,0.2201910600136297,0.5940709204497624,0.4910502210902601,0.26559522464501834,0.013977996123260889,0.34716173249889226,0.33370147159210123,0.3265123936458767,0.0012806025489670025,0,0,DATA
35740,1429.6,0.9368387459150327,0.048980990575020325,0.37186583698597586,0.17720285244161527,0.3371916700708061,0.7786949020328588,0.6082264433551198,0.9470744825708061,0.23298210198310795,0.5710007452385741,0.44187402313937657,0.3343876949597478,0.6972825298317482,0.22080366202151092,0.5941870583329718,0.49095690407337034,0.2669782699140941,0.014036636453917872,0.3482108518021594,0.33624018175296894,0.32975436140049763,0.0003849026217308353,0,0,DATA
35760,1430.4,0.9368487292085638,0.048980990575020325,0.37710116825171713,0.1767543672345762,0.3371916700708061,0.7786949020328588,0.6082264433551198,0.9470744825708061,0.23298210198310795,0.5710007452385741,0.44187402313937657,0.3343876949597478,0.6971547394395177,0.22098744262387526,0.5942239961895761,0.49092890896830343,0.2676996372826026,0.014054249924824649,0.34925991471401385,0.33776792927069366,0.33097449550487823,0.00011616961706639728,0,0,DATA
35780,1431.2,0.9295051821476451,0.06943286109204164,0.4034349465289307,0.17652481615393756,0.3371916700708061,0.7786949020328588,0.6082264433551198,0.9470744825708061,0.23298210198310795,0.5710007452385741,0.44187402313937657,0.3343876949597478,0.692821509513274,0.22676910054935057,0.5926929326637644,0.4902046949686876,0.2770043189057778,0.014628303899114237,0.3612387091640814,0.35235714644041866,0.3398454557295153,0.003881983792510202,0.02082985832761249,0,DATA
35800,1432.0,0.9211372182419975,0.08459375871722738,0.43135318340225814,0.176386423490499,0.35873676640795205,0.5968354512299943,0.5745235055827886,0.8856399782135076,0.23298210198310795,0.5710007452385741,0.44187402313937657,0.3343876949597478,0.6374171058093099,0.2372731194928458,0.5810395186095823,0.5126548873489221,0.28840768949771456,0.018066546619667587,0.3712131228076917,0.36510954450501776,0.34823467466837255,0.02585394556721386,0,0,DATA
35820,1432.8,0.9105248135579017,0.09835167140243574,0.4637478868243985,0.18008738087981088,0.35873676640795205,0.5968354512299943,0.5745235055827886,0.8856399782135076,0.23298210198310795,0.5710007452385741,0.44187402313937657,0.3343876949597478,0.6179066230342269,0.2442765407277527,0.5753148894096675,0.5189084181190101,0.29799741859979373,0.019600654155638688,0.3810727476293839,0.37857873540785525,0.3580759884361417,0.010746177736634879,0,0,DATA
35840,1433.6,0.8995157938976871,0.1060582686880775,0.4971584279499651,0.18532314437615482,0.35873676640795205,0.5968354512299943,0.5745235055827886,0.8856399782135076,0.23298210198310795,0.5710007452385741,0.44187402313937657,0.3343876949597478,0.6104350927717171,0.24853541433820447,0.571285606521048,0.520514746445039,0.3051237722338721,0.020332341882217147,0.388635690836711,0.3900063090773735,0.36753086404362695,0.005253228920527014,0,0,DATA
35860,1434.4,0.8887406778950897,0.12055767212639999,0.5306353408588058,0.19057860690889017,0.35873676640795205,0.5968354512299943,0.5745235055827886,0.8856399782135076,0.23298210198310795,0.5710007452385741,0.44187402313937657,0.3343876949597478,0.6051487589709165,0.2538729093840703,0.5678140472939167,0.5204891658225066,0.31401161258168564,0.02105082700013249,0.39897581159328865,0.40421966737810866,0.37804858369287275,0.0046984626912659295,0,0,DATA
35880,1435.2,0.8783086926009721,0.12715635662834252,0.55801770528519,0.19016133127489543,0.35873676640795205,0.5968354512299943,0.5745235055827886,0.8856399782135076,0.23298210198310795,0.5710007452385741,0.44187402313937657,0.3343876949597478,0.6021771350852684,0.257321789558374,0.5645818626140126,0.5202505376781787,0.31957136408885556,0.02149738322069058,0.405005361220519,0.41294572588457795,0.3847573238185495,0.0032175629132853065,0.14669139855235303,0,DATA
35900,1436.0,0.8672864164362328,0.139843708814362,0.586737875725459,0.1892541667720624,0.35873676640795205,0.5968354512299943,0.5745235055827886,0.8856399782135076,0.23298210198310795,0.5710007452385741,0.44187402313937657,0.3343876949597478,0.5986213039605098,0.2619089122227505,0.5612975292154461,0.5197348919083697,0.3268819658167844,0.02207617811050866,0.41361988095003277,0.4243415462078353,0.3925568087394791,0.003809095729233843,0,0,DATA
35920,1436.8,0.8562270547909334,0.14757473180891426,0.6155764844616127,0.19166740434114654,0.35873676640795205,0.5968354512299943,0.5745235055827886,0.8856399782135076,0.23298210198310795,0.5710007452385741,0.44187402313937657,0.3343876949597478,0.5959310397942263,0.26544973546053807,0.5579897632503633,0.5193096123726177,0.33291583705806316,0.022524599704831828,0.4202681395660245,0.43411498945435084,0.4003028257219873,0.0031796177897179443,0,0,DATA
35940,1437.6,0.845173192140104,0.15437929134490508,0.6106510277257532,0.19158253996585436,0.35873676640795205,0.5968354512299943,0.5745235055827886,0.8856399782135076,0.23298210198310795,0.5710007452385741,0.44187402313937657,0.3343876949597478,0.5936950030417831,0.2684172591019518,0.5546761223041643,0.5189438689281325,0.3343063223732888,0.0229024474650198,0.419794099503083,0.4331399172802942,0.3989697863282797,0.002839067113351986,0,0,DATA
35960,1438.4,0.8334917240133232,0.12125048580238618,0.6456209686887229,0.1559544735989841,0.35873676640795205,0.5968354512299943,0.5745235055827886,0.8856399782135076,0.23298210198310795,0.5710007452385741,0.44187402313937657,0.3343876949597478,0.5999812411799793,0.2600314506424706,0.5512289217136805,0.5199936540887751,0.3258109812215361,0.021843666209435817,0.4112002718533133,0.4244802770901344,0.3944491906515921,0.006039749062720386,0,0,DATA
35980,1439.2,0.821874443554131,0.13226073079550307,0.674408329576332,0.14881738827084123,0.35873676640795205,0.5968354512299943,0.5745235055827886,0.8856399782135076,0.23298210198310795,0.5710007452385741,0.44187402313937657,0.3343876949597478,0.5995549611728835,0.260598576702699,0.5477551326401051,0.5199232310622086,0.33015251351322383,0.02191463550486075,0.41903838593624343,0.4344834187290111,0.40070842251091415,0.001489065046966535,0.1031147076400859,0,DATA
36000,1440.0,0.8104088436923915,0.14012314515448654,0.7032049253345776,0.14261312393492237,0.3543155977668845,0.547883447192373,0.555626616966231,0.8775963371459695,0.23298210198310795,0.5710007452385741,0.44187402313937657,0.3343876949597478,0.5840694090248344,0.2620417451266587,0.5390140911344311,0.5269444229242535,0.33456657379365057,0.02288814736124592,0.425649550859138,0.44335381679413843,0.4066995207509654,0.008556587359227616,0,0,DATA
36020,1440.8,0.7986923522079772,0.15005834324612877,0.7321274287891325,0.13371615174629986,0.3543155977668845,0.547883447192373,0.555626616966231,0.8775963371459695,0.23298210198310795,0.5710007452385741,0.44187402313937657,0.3343876949597478,0.5773373517811746,0.2652565511195064,0.5339313154710018,0.5287030485496594,0.34026259129227054,0.023543947634248188,0.4330648324898231,0.4527716515514167,0.4124693827421845,0.005009879633312268,0,0,DATA
36040,1441.6,0.7945173715853862,0.1394473676307248,0.7394239845163866,0.12623874037826754,0.3543155977668845,0.547883447192373,0.555626616966231,0.8775963371459695,0.23298210198310795,0.5710007452385741,0.44187402313937657,0.3343876949597478,0.5775460394873115,0.26324991974504763,0.531529736841229,0.5296020203838203,0.33760334815187254,0.02335430395219798,0.4294447572645941,0.4491334907621099,0.4107888949958218,0.0015389659034561836,0,0,DATA
36060,1442.4,0.7911558493589743,0.13637550694707684,0.7456258236224619,0.11847492212424728,0.3543155977668845,0.547883447192373,0.555626616966231,0.8775963371459695,0.23298210198310795,0.5710007452385741,0.44187402313937657,0.3343876949597478,0.5782537365427188,0.26178780934128854,0.5301033435847506,0.5299792270579962,0.33639933038468867,0.023185686385754665,0.4287840763670676,0.44831661194978883,0.4099896597963482,0.001198733571881568,0,0,DATA
36080,1443.2,0.7902403322440088,0.1425598540616492,0.746989472384446,0.11193732940258015,0.3543155977668845,0.547883447192373,0.555626616966231,0.8775963371459695,0.23298210198310795,0.5710007452385741,0.44187402313937657,0.3343876949597478,0.5771673327652806,0.2630807934122411,0.5294831670136644,0.529875936911239,0.337993509138966,0.023360222251112055,0.4313474415423002,0.4503625827290532,0.4098591537982001,0.0009998548064923396,0.04807006360809295,0,DATA
36100,1444.0,0.7896936078117144,0.16376496758648737,0.7473828017994132,0.11164212773107604,0.3543155977668845,0.547883447192373,0.555626616966231,0.8775963371459695,0.23298210198310795,0.5710007452385741,0.44187402313937657,0.3343876949597478,0.5723883377918333,0.26940612042048157,0.5291823019115566,0.5291027708938425,0.34517317701623673,0.024192251782031684,0.43979880794877,0.4588237619098694,0.4130245404031374,0.0038017290279318736,0,0,DATA
36120,1444.8,0.7899738601370034,0.16524464177833134,0.7455438557166624,0.12850936622235104,0.3543155977668845,0.547883447192373,0.555626616966231,0.8775963371459695,0.23298210198310795,0.5710007452385741,0.44187402313937657,0.3343876949597478,0.5706439077195119,0.27171802729667,0.529150895369235,0.5288190324919091,0.34727350520838884,0.024499395984474853,0.4400789388740153,0.4606067220759671,0.41618822794201016,0.0013625811636104694,0,0,DATA
36140,1445.6,0.7897892510369533,0.1830054660110768,0.744777950821132,0.13163809591032474,0.3543155977668845,0.547883447192373,0.555626616966231,0.8775963371459695,0.23298210198310795,0.5710007452385741,0.44187402313937657,0.3343876949597478,0.5663908056089388,0.2773846301446953,0.529102705495528,0.528112282123183,0.35353367066649455,0.025258070462835795,0.4469931657679974,0.46775723144919346,0.41926816038062914,0.003322631610768456,0,0,DATA
36160,1446.4,0.7580769099840791,0.24724119074813425,0.7617017790390891,0.131870879528352,0.3543155977668845,0.547883447192373,0.555626616966231,0.8775963371459695,0.23298210198310795,0.5710007452385741,0.44187402313937657,0.3343876949597478,0.551625372780985,0.29707061392547895,0.5224286569123123,0.5256520066467679,0.37512616033953994,0.027971774413077712,0.469729753095837,0.49220947996063147,0.4300097987639951,0.013708488397317716,0,0,DATA
36180,1447.2,0.7261199291415283,0.24029812783611926,0.7677716560188089,0.15134235469758722,0.3543155977668845,0.547883447192373,0.555626616966231,0.8775963371459695,0.23298210198310795,0.5710007452385741,0.44187402313937657,0.3343876949597478,0.548653786144122,0.30103235144434987,0.5137154763604119,0.525156931205764,0.3753429985618718,0.028532660535233265,0.4617751071584648,0.4868089692381548,0.4311844055217148,0.005215501569211449,0.1884855091188689,0,DATA
36200,1448.0,0.6942499502471929,0.23456960368223,0.7737191252370013,0.16860392785895398,0.42658522263071896,0.16083933450737348,0.4310746017156863,0.6623233251633986,0.23298210198310795,0.5710007452385741,0.44187402313937657,0.3343876949597478,0.4405929486735799,0.3157935071583274,0.4695342623568789,0.5123997207576263,0.38213768904672696,0.037097994080168416,0.4542991955616804,0.4816539618793264,0.43207731094601926,0.055667735729350874,0,0,DATA
36220,1448.8,0.6630289508965979,0.22009055076181133,0.7737686400269299,0.17671812061276698,0.42658522263071896,0.16083933450737348,0.4310746017156863,0.6623233251633986,0.23298210198310795,0.5710007452385741,0.44187402313937657,0.3343876949597478,0.41121529854570515,0.31616771905480334,0.449723488292194,0.49752378974545086,0.3778783972542419,0.039092490375365226,0.4422732774813797,0.47044441455339975,0.42841857032114167,0.016520878696345203,0,0,DATA
36240,1449.6,0.6316911306456342,0.20996635393462393,0.7799577645136075,0.18136418422437833,0.42658522263071896,0.16083933450737348,0.4310746017156863,0.6623233251633986,0.23298210198310795,0.5710007452385741,0.44187402313937657,0.3343876949597478,0.40452808484105207,0.3134452075121337,0.43719931382008614,0.49554143866445916,0.3730465306990788,0.03919604178307525,0.43319385959764756,0.4624485154794965,0.42624265261595884,0.007311299906476869,0,0,DATA
36260,1450.4,0.6002966838444779,0.20372888239131012,0.7861674598327345,0.1841031115783147,0.42658522263071896,0.16083933450737348,0.4310746017156863,0.6623233251633986,0.23298210198310795,0.5710007452385741,0.44187402313937657,0.3343876949597478,0.40383178975375206,0.3108819620172049,0.42684922765021105,0.49647491386827347,0.36885375274355153,0.03892096800766421,0.42566192068391606,0.45581143883307146,0.42426779650491514,0.004536542250701288,0,0,DATA
36280,1451.2,0.5692074312363833,0.19477613857945675,0.7923718907442718,0.19401384077155434,0.42658522263071896,0.16083933450737348,0.4310746017156863,0.6623233251633986,0.23298210198310795,0.5710007452385741,0.44187402313937657,0.3343876949597478,0.4055029774280513,0.30760622010140737,0.41721545875154864,0.4989483786633219,0.364109689252643,0.03840290621472862,0.41710385881986334,0.4488648929794963,0.42334921323886,0.004860232829586401,0.0838636957295503,0,DATA
36300,1452.0,0.5382004998847829,0.1859676144252837,0.7991338515402393,0.20223083165925887,0.42658522263071896,0.16083933450737348,0.4310746017156863,0.6623233251633986,0.23298210198310795,0.5710007452385741,0.44187402313937657,0.3343876949597478,0.4078541238027174,0.3041571107634996,0.40781387249811385,0.5018485065196088,0.35929042020812685,0.03782212955948414,0.40873145504706754,0.44199038437506777,0.4222611298571068,0.005067280655336219,0,0,DATA
36320,1452.8,0.5072466927476118,0.17518681445374765,0.8053112876824162,0.20924618004912526,0.42658522263071896,0.16083933450737348,0.4310746017156863,0.6623233251633986,0.23298210198310795,0.5710007452385741,0.44187402313937657,0.3343876949597478,0.4108234357091398,0.30010375397009725,0.39849309712327746,0.5053598408695212,0.35367907983832186,0.03713096072592721,0.3994638608594543,0.4340420686406588,0.4204960578611767,0.005447814691553717,0,0,DATA
36340,1453.6,0.47618270932838946,0.1565302719323312,0.8117918448064576,0.21131034856635378,0.42658522263071896,0.16083933450737348,0.4310746017156863,0.6623233251633986,0.23298210198310795,0.5710007452385741,0.44187402313937657,0.3343876949597478,0.415632103210564,0.2936639150260799,0.38917342799278987,0.5109840940922421,0.34520524459052115,0.036037630521215815,0.3870845585918514,0.42251723893718307,0.41662415112549817,0.006856058525309701,0,0,DATA
36360,1454.4,0.44491791441469747,0.1284088124520842,0.8180640166510625,0.2117610094289259,0.42658522263071896,0.16083933450737348,0.4310746017156863,0.6623233251633986,0.23298210198310795,0.5710007452385741,0.44187402313937657,0.3343876949597478,0.4229802099518431,0.2838579546884055,0.37981192032176825,0.5195611276317188,0.3330917383338371,0.03439624805773862,0.3708374501859353,0.4069424138019845,0.41093762784575755,0.008838524916658375,0,0,DATA
36380,1455.2,0.41250104742751803,0.11379898444484383,0.8265016048529428,0.2112256585261112,0.42658522263071896,0.16083933450737348,0.4310746017156863,0.6623233251633986,0.23298210198310795,0.5710007452385741,0.44187402313937657,0.3343876949597478,0.42825270585574726,0.27682541474507594,0.3701959259531541,0.5257136455553356,0.32493238907581956,0.033237578184480115,0.36019766322597924,0.3970928505719351,0.4075067938158607,0.007307010071949301,0.03413969533345315,0,DATA
36400,1456.0,0.380212195722306,0.09025653463842802,0.834770473288538,0.21033385492862605,0.4231420632489107,0.16525702477848203,0.4289528016067538,0.6661349400871459,0.23298210198310795,0.5710007452385741,0.44187402313937657,0.3343876949597478,0.43601532236217627,0.2674007033461009,0.3599363647539742,0.5343073095080377,0.3138842541993631,0.03167007889012338,0.34597668664948955,0.3836095804792564,0.40263539756377886,0.00914896303486131,0,0,DATA
36420,1456.8,0.38002159664613705,0.014406088958019104,0.8240055951196779,0.20583248748012786,0.4231420632489107,0.16525702477848203,0.4289528016067538,0.6661349400871459,0.23298210198310795,0.5710007452385741,0.44187402313937657,0.3343876949597478,0.4542727009069909,0.24333516513589387,0.3568184705882248,0.5554687678855484,0.28582177196007685,0.027886874913232166,0.3134454129283202,0.34955168219635124,0.38764727777218594,0.015146936973590356,0,0,DATA
36440,1457.6,0.38011249371543493,0.03851703661426871,0.8344641585119342,0.20378585577103786,0.4231420632489107,0.16525702477848203,0.4289528016067538,0.6661349400871459,0.23298210198310795,0.5710007452385741,0.44187402313937657,0.3343876949597478,0.4546866154626228,0.24286656901658166,0.3559021907230525,0.5559100232230205,0.2905788000177404,0.027812062055696654,0.32519968408313094,0.36214714651947855,0.39347832413379924,0.0005995968467054635,0,0,DATA
36460,1458.4,0.38011753446036534,0.04238379698864624,0.8347033334290125,0.20689374558340445,0.4231420632489107,0.16525702477848203,0.4289528016067538,0.6661349400871459,0.23298210198310795,0.5710007452385741,0.44187402313937657,0.3343876949597478,0.4539987701506931,0.2438086830856137,0.3556283653199362,0.5550950435325397,0.2919161699611985,0.027955166570663846,0.32679523136528366,0.36407740027457575,0.3947402139561918,0.0006345949280260147,0,0,DATA
36480,1459.2,0.38016692721426176,0.04447766277196256,0.8349125257380177,0.21232273776622737,0.4231420632489107,0.16525702477848203,0.4289528016067538,0.6661349400871459,0.23298210198310795,0.5710007452385741,0.44187402313937657,0.3343876949597478,0.4533527047426178,0.2446775997256519,0.35555659017731955,0.5543375525084829,0.2930187526552573,0.02808799310102016,0.32768449469119054,0.36553048204966543,0.3961973296128948,0.000528919063576716,0.013343298831588767,0,DATA
36500,1460.0,0.3801794963444779,0.045397365515415525,0.8350807192805039,0.2045858953478693,0.4231420632489107,0.16525702477848203,0.4289528016067538,0.6661349400871459,0.23298210198310795,0.5710007452385741,0.44187402313937657,0.3343876949597478,0.4529657475440701,0.24519579148583015,0.35553769715187994,0.55388497802912,0.29318853520909804,0.028167404265166143,0.3280885283231122,0.36517765079399983,0.3948312218393843,0.0003080139947218563,0,0,DATA
36520,1460.8,0.3802556312321937,0.048033543476823364,0.8353140230672458,0.19867446617967907,0.4231420632489107,0.16525702477848203,0.4289528016067538,0.6661349400871459,0.23298210198310795,0.5710007452385741,0.44187402313937657,0.3343876949597478,0.45229606301261016,0.24608937884307786,0.3555480175706684,0.5531033420847662,0.2939441061759706,0.02830466554505835,0.3292048872425668,0.3657261971753097,0.3941103021354145,0.0005245307691653656,0,0,DATA
36540,1461.6,0.38024453504692474,0.04808234251900457,0.8354234442297309,0.1966561748436947,0.4231420632489107,0.16525702477848203,0.4289528016067538,0.6661349400871459,0.23298210198310795,0.5710007452385741,0.44187402313937657,0.3343876949597478,0.4520849098543141,0.24637111878206291,0.35554878349739844,0.5528568955361255,0.29405246917734795,0.028347995288921176,0.3292440718548826,0.3655744947702755,0.3937402093966392,0.00016455300800372052,0,0,DATA
36560,1462.4,0.3798995713402883,0.049458117153928866,0.8354646266916929,0.1949008695972869,0.4231420632489107,0.16525702477848203,0.4289528016067538,0.6661349400871459,0.23298210198310795,0.5710007452385741,0.44187402313937657,0.3343876949597478,0.45173265123349116,0.24684085766153724,0.3554765708970238,0.5524458967859769,0.29446156903566867,0.02842030434544186,0.32973362545991736,0.3658926360968658,0.3935713137874231,0.0002980700335573072,0,0,DATA
36580,1463.2,0.37960452410130724,0.05206971471221948,0.8355906461610232,0.1956650638294079,0.4231420632489107,0.16525702477848203,0.4289528016067538,0.6661349400871459,0.23298210198310795,0.5710007452385741,0.44187402313937657,0.3343876949597478,0.4510785381600033,0.24771302664170092,0.3553929471967254,0.5516827557591512,0.2954248123595793,0.028554749307204225,0.3307444589293035,0.36699249093639696,0.3941178924110254,0.0005366352513166417,0.020820899776092715,0,DATA
36600,1464.0,0.3793245663650075,0.05468652006101711,0.8358221606244893,0.1956796720897654,0.43171628199891066,0.16536320865434972,0.434540781590414,0.6568865740740741,0.23298210198310795,0.5710007452385741,0.44187402313937657,0.3343876949597478,0.45036250659995225,0.2505079687709133,0.3568737033574378,0.5499272689145194,0.29752643594004063,0.028914600126716268,0.3317814924142558,0.3680541366937316,0.39454321770765305,0.0016639099499919559,0,0,DATA
36620,1464.8,0.37938656098123,0.0572931302710375,0.8363144185405544,0.19050268420461636,0.43171628199891066,0.16536320865434972,0.434540781590414,0.6568865740740741,0.23298210198310795,0.5710007452385741,0.44187402313937657,0.3343876949597478,0.4496003089878327,0.25207630226848277,0.35733094907505825,0.5487620033596748,0.2987414446760053,0.029135970964813147,0.33293498700472146,0.368739158287289,0.39402807560276487,0.0009292589424364875,0,0,DATA
36640,1465.6,0.37953401913650076,0.05697889789738709,0.8367875855529873,0.1697439356708181,0.43171628199891066,0.16536320865434972,0.434540781590414,0.6568865740740741,0.23298210198310795,0.5710007452385741,0.44187402313937657,0.3343876949597478,0.44943763850266344,0.2524588172531315,0.35749908900295124,0.548489410624766,0.29815890323957206,0.0291888077476188,0.33293341908880203,0.3667090322192329,0.38996222860859286,0.00023777513257033922,0,0,DATA
36660,1466.4,0.41318491940045254,0.13308491589219185,0.8187944339125468,0.16871256161286055,0.43171628199891066,0.16536320865434972,0.434540781590414,0.6568865740740741,0.23298210198310795,0.5710007452385741,0.44187402313937657,0.3343876949597478,0.43340657357820367,0.2738832567870715,0.364616220036749,0.529761658395566,0.3236821687010498,0.03258789510953498,0.36650737601142624,0.3983805365720173,0.40003865861250715,0.014857545164065825,0,0,DATA
36680,1467.2,0.4459324134301157,0.13524137275912665,0.8025001806241338,0.18438504193562572,0.43171628199891066,0.16536320865434972,0.434540781590414,0.6568865740740741,0.23298210198310795,0.5710007452385741,0.44187402313937657,0.3343876949597478,0.42814439815880945,0.2809143965699952,0.37362833309311755,0.5236150007944071,0.3295372740101877,0.033734918976441784,0.3706606069064502,0.40247159017047646,0.4026978092879635,0.007101809419562159,0.11826991322908532,0,DATA
36700,1468.0,0.47792631609267633,0.11989009416815274,0.7767414799019464,0.18464219974781387,0.43171628199891066,0.16536320865434972,0.434540781590414,0.6568865740740741,0.23298210198310795,0.5710007452385741,0.44187402313937657,0.3343876949597478,0.42978951403709575,0.27872538049939954,0.38305068656916585,0.525532066768848,0.3252464142321044,0.03337574827959918,0.36576713585813525,0.39502796483116165,0.3972062641474643,0.004418828474976748,0,0,DATA
36720,1468.8,0.5096433051051618,0.11931386007373163,0.7687054624857914,0.18192359339779474,0.43171628199891066,0.16536320865434972,0.434540781590414,0.6568865740740741,0.23298210198310795,0.5710007452385741,0.44187402313937657,0.3343876949597478,0.43040405796041004,0.2779073301317829,0.3925379603046023,0.5262483639143135,0.3261276793334865,0.033241926376285244,0.37027283653963283,0.3984582031360419,0.39773880231050707,0.003639956008789117,0,0,DATA
36740,1469.6,0.5411903817349588,0.12409190437923716,0.7614272498565391,0.1790753447421414,0.43171628199891066,0.16536320865434972,0.434540781590414,0.6568865740740741,0.23298210198310795,0.5710007452385741,0.44187402313937657,0.3343876949597478,0.42958503183324814,0.2789997674270396,0.4020090285174906,0.5252926322031043,0.32908407946816876,0.033420585125639446,0.377037827061944,0.40421054752986246,0.3992210137308689,0.0037941772117689454,0,0,DATA
36760,1470.4,0.5731761013700353,0.13122803214106324,0.7539035365880777,0.17628045267550624,0.43171628199891066,0.16536320865434972,0.434540781590414,0.6568865740740741,0.23298210198310795,0.5710007452385741,0.44187402313937657,0.3343876949597478,0.42784073716511606,0.2813256143889278,0.4115673501047232,0.5232575613880941,0.33316558438311916,0.03380224179052134,0.3847846794399975,0.4109255393744063,0.4010500981282081,0.00454282107241762,0,0,DATA
36780,1471.2,0.6050886320072901,0.13592181741494952,0.7458283492078264,0.17376744830469995,0.43171628199891066,0.16536320865434972,0.434540781590414,0.6568865740740741,0.23298210198310795,0.5710007452385741,0.44187402313937657,0.3343876949597478,0.4263317538571604,0.2833376283541824,0.42113647801471643,0.521497062751489,0.33660725819661175,0.034133778068085256,0.39142966220095265,0.4165117029602557,0.40242402126379234,0.0043633750610678574,0.11804089374303448,0,DATA
36800,1472.0,0.6369683650703871,0.13711713313940146,0.7379091932786962,0.17104171211914643,0.35098681747004357,0.5604987044368278,0.5560517939814814,0.8832625272331155,0.23298210198310795,0.5710007452385741,0.44187402313937657,0.3343876949597478,0.5362659813817325,0.2673227333955433,0.46472504380046364,0.5482056426113621,0.3286806222234706,0.026032995539362353,0.39669990391752685,0.42071745546536155,0.4032663557093766,0.056512562756319495,0,0,DATA
36820,1472.8,0.6694169167399866,0.14434486267323868,0.7291402866083556,0.16756326115358935,0.35098681747004357,0.5604987044368278,0.5560517939814814,0.8832625272331155,0.23298210198310795,0.5710007452385741,0.44187402313937657,0.3343876949597478,0.5677284264369984,0.264542029177426,0.4846158093868037,0.5338647721927878,0.32957311371251896,0.02401433983747583,0.4043269247309135,0.42711974051515844,0.40470745344571557,0.018044638286574415,0,0,DATA
36840,1473.6,0.7019612098311547,0.14329327747459278,0.7204258799885354,0.16381764240680102,0.35098681747004357,0.5604987044368278,0.5560517939814814,0.8832625272331155,0.23298210198310795,0.5710007452385741,0.44187402313937657,0.3343876949597478,0.5773879928452939,0.2634133740563699,0.49741734061185106,0.5295993165491681,0.33013565691114544,0.023377547491484733,0.40867226794572475,0.43021908119330876,0.4048764195707228,0.007863250918132966,0,0,DATA
36860,1474.4,0.7346456290849672,0.14273342337851846,0.7110220028847638,0.16020995956681047,0.35098681747004357,0.5604987044368278,0.5560517939814814,0.8832625272331155,0.23298210198310795,0.5710007452385741,0.44187402313937657,0.3343876949597478,0.5804034321279581,0.2629180183731523,0.5081215280226659,0.5283392747494448,0.3310908478200958,0.02316709460962956,0.4131044347373032,0.433350091990511,0.4049883775377519,0.004738327458898868,0,0,DATA
36880,1475.2,0.7672512948822692,0.14813711330885337,0.7025551100710228,0.15982569913537478,0.35098681747004357,0.5604987044368278,0.5560517939814814,0.8832625272331155,0.23298210198310795,0.5710007452385741,0.44187402313937657,0.3343876949597478,0.580173289027387,0.2642824448486808,0.5181799740633437,0.5277721330619661,0.3343511498031443,0.023300094213610758,0.42009366530614933,0.43945420723483947,0.4068659223173099,0.003884338538925817,0.07851317471164423,0,DATA
36900,1476.0,0.8019470040954416,0.15228493039844146,0.6893988726222856,0.15824482966202613,0.35098681747004357,0.5604987044368278,0.5560517939814814,0.8832625272331155,0.23298210198310795,0.5710007452385741,0.44187402313937657,0.3343876949597478,0.5792332045084021,0.265853161576424,0.5284836068103133,0.5274568169575868,0.3370909040383957,0.023491058402242606,0.4260606864948716,0.44394751773135316,0.40735243254521136,0.004271477997899213,0,0,DATA
36920,1476.8,0.8032773352396514,0.08041529846447126,0.7006546856357843,0.1545841431331062,0.35098681747004357,0.5604987044368278,0.5560517939814814,0.8832625272331155,0.23298210198310795,0.5710007452385741,0.44187402313937657,0.3343876949597478,0.5940438018588404,0.24620087965323534,0.5318540661746882,0.529877659243962,0.3151110903670471,0.02098882234743768,0.39983006255282527,0.41847640643776474,0.3987868368171275,0.012611112879333993,0,0,DATA
36940,1477.6,0.8034550378645047,0.1371185127375591,0.7152812463808913,0.15797969947661186,0.35098681747004357,0.5604987044368278,0.5560517939814814,0.8832625272331155,0.23298210198310795,0.5710007452385741,0.44187402313937657,0.3343876949597478,0.5865793060666235,0.2561820950727433,0.5329025215352199,0.5286192994303165,0.3320775596555873,0.02224130569883875,0.4254722009360524,0.4459207565298532,0.4116458406755539,0.006164722190752203,0,0,DATA
36960,1478.4,0.8043075783999497,0.14011963591073182,0.7233437415366654,0.17239746436785766,0.35098681747004357,0.5604987044368278,0.5560517939814814,0.8832625272331155,0.23298210198310795,0.5710007452385741,0.44187402313937657,0.3343876949597478,0.5837097214625921,0.2600167741870841,0.5333960916558228,0.5281367521751619,0.3364709600890777,0.022730915623655295,0.4284556573435654,0.4511522389420681,0.41708043997226696,0.002399277946324996,0,0,DATA
36980,1479.2,0.8060890889475447,0.14484867941041984,0.7209556232399468,0.18480804157952255,0.35098681747004357,0.5604987044368278,0.5560517939814814,0.8832625272331155,0.23298210198310795,0.5710007452385741,0.44187402313937657,0.3343876949597478,0.5818557469464483,0.26249131010129895,0.5339182799069986,0.5278264714761264,0.33906469833422465,0.02304943888702473,0.4302259531936158,0.4539247806836132,0.41985303342013297,0.0016168995605115126,0.04345460382312595,0,DATA
37000,1480.0,0.8067953496836769,0.1420474054874305,0.7204805369164825,0.17706962459876546,0.3514891833469499,0.5499415356681341,0.5580977668845316,0.8840955201525055,0.23298210198310795,0.5710007452385741,0.44187402313937657,0.3343876949597478,0.5789318148601986,0.26255481101127676,0.5347961235497932,0.5292566870642623,0.3383445488733776,0.023216230332170785,0.4291516785069537,0.4520291556665289,0.41783701342828033,0.0012884255463406953,0,0,DATA
37020,1480.8,0.8071392004985753,0.14411615240662487,0.7207250701978833,0.1794155276562791,0.3514891833469499,0.5499415356681341,0.5580977668845316,0.8840955201525055,0.23298210198310795,0.5710007452385741,0.44187402313937657,0.3343876949597478,0.577620198381293,0.26315311042164446,0.5351316853137603,0.5296133455985312,0.33918521620792985,0.023341617300800376,0.4300968540938913,0.45323337488735793,0.4187120244795023,0.0007484925510801524,0,0,DATA
37040,1481.6,0.8072081670542149,0.13908400329797524,0.7225522955424013,0.18028861796568008,0.3514891833469499,0.5499415356681341,0.5580977668845316,0.8840955201525055,0.23298210198310795,0.5710007452385741,0.44187402313937657,0.3343876949597478,0.5782834647504377,0.2619235984943329,0.5352468368196347,0.5298964683776146,0.33790207317232834,0.023196077615996784,0.42846323283046295,0.45186978518932147,0.41859552316677845,0.0006693099341102219,0,0,DATA
37060,1482.4,0.8069882727396513,0.14727451570618674,0.7247234923966973,0.18224480871015009,0.3514891833469499,0.5499415356681341,0.5580977668845316,0.8840955201525055,0.23298210198310795,0.5710007452385741,0.44187402313937657,0.3343876949597478,0.5767624370554566,0.26384808839043866,0.5352352044653387,0.5296947372770524,0.3406884488024349,0.023450788602768603,0.432129698301694,0.45594898942042916,0.4207361479590218,0.0011523833151276253,0,0,DATA
37080,1483.2,0.8066057325708061,0.14103288762295682,0.7266724479575325,0.18377325280074228,0.3514891833469499,0.5499415356681341,0.5580977668845316,0.8840955201525055,0.23298210198310795,0.5710007452385741,0.44187402313937657,0.3343876949597478,0.5776168706444406,0.26267777949596605,0.5351513813235924,0.5298526749297967,0.3392520121898508,0.023299639128291905,0.42994633014680006,0.45411336123067797,0.42055457743798,0.0007028552084009468,0.06581702932670735,0,DATA
37100,1484.0,0.8063915663754818,0.1505731977549935,0.7288817854332602,0.18516265422659248,0.3514891833469499,0.5499415356681341,0.5580977668845316,0.8840955201525055,0.23298210198310795,0.5710007452385741,0.44187402313937657,0.3343876949597478,0.575869735593408,0.2649979736645945,0.5350812594800504,0.5295661453709988,0.34247414157064915,0.02360266873389086,0.43416148845569535,0.4586883934297311,0.4227944219923551,0.0013791503544010042,0,0,DATA
37120,1484.8,0.8062062371690127,0.15087221551127938,0.7310651042863813,0.18688045653131022,0.3514891833469499,0.5499415356681341,0.5580977668845316,0.8840955201525055,0.23298210198310795,0.5710007452385741,0.44187402313937657,0.3343876949597478,0.5752828013492783,0.26577775688694305,0.5350213037936292,0.5294697208818893,0.34330573836310974,0.023704880717425946,0.4346806934875401,0.4595977105773597,0.42371013190937484,0.0004755577176331349,0,0,DATA
37140,1485.6,0.8058481806184011,0.1545353193280148,0.7322841121919077,0.18909033740483544,0.3514891833469499,0.5499415356681341,0.5580977668845316,0.8840955201525055,0.23298210198310795,0.5710007452385741,0.44187402313937657,0.3343876949597478,0.5743374692745249,0.26703736092233354,0.5349281252120744,0.5293125849015707,0.34485362905457695,0.023870237758175043,0.4363181252852173,0.461578031252942,0.42497051997791074,0.0007660382305662387,0,0,DATA
37160,1486.4,0.7710389891800737,0.1987797710157163,0.7577830032186067,0.19313958824463417,0.3514891833469499,0.5499415356681341,0.5580977668845316,0.8840955201525055,0.23298210198310795,0.5710007452385741,0.44187402313937657,0.3343876949597478,0.5647625347976817,0.27980368860550714,0.5275902414355593,0.5277168882984056,0.360029639576243,0.02557402011841314,0.45215384587797225,0.4803685660323467,0.43531084151186766,0.009893048645510641,0,0,DATA
37180,1487.2,0.736307994752388,0.1960276819270414,0.7629590052895321,0.19850534953742693,0.3514891833469499,0.5499415356681341,0.5580977668845316,0.8840955201525055,0.23298210198310795,0.5710007452385741,0.44187402313937657,0.3343876949597478,0.5624679931632504,0.28286300196563025,0.5180953674727908,0.5273345024355597,0.3594821644841367,0.025989939551076827,0.4451420117711502,0.47441090826189647,0.43379208148208775,0.00494957631910764,0.11370159298446092,0,DATA
37200,1488.0,0.703669236791939,0.1373465703551844,0.7630408858118849,0.19638032205424943,0.42610655807461867,0.17508422438248877,0.4325805930010893,0.6642939814814814,0.23298210198310795,0.5710007452385741,0.44187402313937657,0.3343876949597478,0.4691426169430302,0.28301973342635767,0.4732479574249021,0.5430614417583361,0.3475009494355954,0.031551054158441456,0.4151581916547882,0.44422277344945194,0.421321503584217,0.04610983924294543,0,0,DATA
37220,1488.8,0.6710700519524049,0.12548167330994406,0.7686367422325705,0.18889208626703596,0.42610655807461867,0.17508422438248877,0.4325805930010893,0.6642939814814814,0.23298210198310795,0.5710007452385741,0.44187402313937657,0.3343876949597478,0.4436366324564646,0.2797445816919086,0.4529479055942333,0.531946025382278,0.3414015134195185,0.03268432387965525,0.4050115671529223,0.43388691101093335,0.4161831674912062,0.01636039601722783,0,0,DATA
37240,1489.6,0.6377509570868944,0.11843498613668964,0.7772398501834711,0.18908177281653915,0.42610655807461867,0.17508422438248877,0.4325805930010893,0.6642939814814814,0.23298210198310795,0.5710007452385741,0.44187402313937657,0.3343876949597478,0.4374646414168784,0.2767889637630626,0.43986088012327546,0.5303378388269079,0.33687510554133754,0.03269775158628407,0.3972496949006985,0.42700431820874996,0.4139829692262928,0.007404878146463345,0,0,DATA
37260,1490.4,0.6055741473940004,0.11389767701027467,0.783188549188509,0.18967584641474244,0.42610655807461867,0.17508422438248877,0.4325805930010893,0.6642939814814814,0.23298210198310795,0.5710007452385741,0.44187402313937657,0.3343876949597478,0.43656587902154964,0.2746318318290126,0.4291776424464804,0.5309670235962685,0.3330183189697823,0.03249475839944907,0.3901891491125613,0.4205980496809369,0.4116906813589413,0.004579710668724628,0,0,DATA
37280,1491.2,0.5733022509217363,0.10516138937862947,0.7885803242734656,0.18991149842907035,0.42610655807461867,0.17508422438248877,0.4325805930010893,0.6642939814814814,0.23298210198310795,0.5710007452385741,0.44187402313937657,0.3343876949597478,0.43813087070559653,0.2715385317119369,0.41919557288426634,0.5332961694968297,0.32783922025146045,0.03203951486040202,0.3813186097824418,0.41229025306074574,0.4085481227410729,0.0048801204544455246,0.03154841681358884,0,DATA
37300,1492.0,0.5413477904516507,0.10220661841448861,0.7929449046569196,0.18940218505493117,0.42610655807461867,0.17508422438248877,0.4325805930010893,0.6642939814814814,0.23298210198310795,0.5710007452385741,0.44187402313937657,0.3343876949597478,0.43922087011328026,0.2697832058068548,0.4094905153168842,0.5347188321532127,0.3242602816275907,0.031770646196187746,0.37461872537945906,0.4059758953586945,0.4058987434704789,0.0041834609600493455,0,0,DATA
37320,1492.8,0.5096873952572482,0.0930817331871515,0.7968216020923349,0.1886741721152136,0.42610655807461867,0.17508422438248877,0.4325805930010893,0.6642939814814814,0.23298210198310795,0.5710007452385741,0.44187402313937657,0.3343876949597478,0.44146409583332613,0.2667016401716758,0.399930315055845,0.5373812278308252,0.3188546121692183,0.031282112764564586,0.36541203173672676,0.39708407016553204,0.4021875429378483,0.004961663872088018,0,0,DATA
37340,1493.6,0.47762812657114123,0.09044369891561231,0.8017731711571808,0.1884958976513338,0.42610655807461867,0.17508422438248877,0.4325805930010893,0.6642939814814814,0.23298210198310795,0.5710007452385741,0.44187402313937657,0.3343876949597478,0.44269105074636317,0.2650385208850911,0.3903298085534508,0.5388262649306359,0.315456970928159,0.03101875131310372,0.35893527810385895,0.3910846459927608,0.39978814830194226,0.004163526900671973,0,0,DATA
37360,1494.4,0.4453363617081448,0.07892180899350888,0.8063840794726009,0.1878692675362476,0.42610655807461867,0.17508422438248877,0.4325805930010893,0.6642939814814814,0.23298210198310795,0.5710007452385741,0.44187402313937657,0.3343876949597478,0.4454787341039159,0.26131345592092675,0.3806683859815033,0.5420826390914946,0.3093233321663311,0.0304298123583201,0.34879035082550225,0.38133814653443754,0.3958580893831649,0.005391390297888192,0,0,DATA
37380,1495.2,0.4127594347033685,0.07572886786200556,0.8116015873592913,0.18751833635137227,0.42610655807461867,0.17508422438248877,0.4325805930010893,0.6642939814814814,0.23298210198310795,0.5710007452385741,0.44187402313937657,0.3343876949597478,0.4469855567487974,0.25930191291485655,0.3709288045389161,0.5438418219169704,0.3056114453202742,0.030113517630962046,0.3420412905492838,0.37507574392840054,0.39335564624765934,0.0044193156978463155,0.022718660358601667,0,DATA
37400,1496.0,0.38037281218577174,0.06399691808348786,0.8167291071922278,0.1852804590284715,0.42675164249727665,0.1709034602461158,0.43141424972766884,0.6623287717864923,0.23298210198310795,0.5710007452385741,0.44187402313937657,0.3343876949597478,0.4487306990375662,0.25554897180380864,0.36087916326088687,0.5465908636168787,0.29941742617471123,0.029584023640070404,0.3318966901009446,0.36522010773106506,0.389191496022776,0.005182574892615292,0,0,DATA
37420,1496.8,0.38038534858387796,0.0160627700594579,0.8021724331130199,0.18186229056727146,0.42675164249727665,0.1709034602461158,0.43141424972766884,0.6623287717864923,0.23298210198310795,0.5710007452385741,0.44187402313937657,0.3343876949597478,0.45932041280924313,0.2410015280237659,0.35786690352108036,0.5591594423927386,0.2811369715067363,0.027363967403688582,0.30981420335511234,0.34134013673119185,0.37767982524694005,0.0093831390971754,0,0,DATA
37440,1497.6,0.3802697060394671,0.050267395166405555,0.8163397860720613,0.1832311762492014,0.42675164249727665,0.1709034602461158,0.43141424972766884,0.6623287717864923,0.23298210198310795,0.5710007452385741,0.44187402313937657,0.3343876949597478,0.45531435566828726,0.24621458991969847,0.35693894066481213,0.5545498828742943,0.2914831350402167,0.028163006036398666,0.3263063954808175,0.35938595272099416,0.3866145701346875,0.0033823606310522205,0,0,DATA
37460,1498.4,0.38009085779076585,0.049707224967746336,0.8164201241720866,0.1922473516056527,0.42675164249727665,0.1709034602461158,0.43141424972766884,0.6623287717864923,0.23298210198310795,0.5710007452385741,0.44187402313937657,0.3343876949597478,0.45423017426771883,0.24762166083285364,0.3566229936757044,0.5533042567174326,0.29259373008268935,0.028380330442859755,0.3260626253716187,0.36005183395744295,0.3883359793763151,0.0009357331009437845,0,0,DATA
37480,1499.2,0.37993652589240823,0.04958403508339397,0.8165561229437994,0.1885280512355602,0.42675164249727665,0.1709034602461158,0.43141424972766884,0.6623287717864923,0.23298210198310795,0.5710007452385741,0.44187402313937657,0.3343876949597478,0.4539307897232624,0.2480092889391815,0.356495799880317,0.5529607503920404,0.29266179785092294,0.028440349675985955,0.3260096827925487,0.35964056121853505,0.38759220732273614,0.00027140214872389823,0.01487521052501819,0,DATA
37500,1500.0,0.37984801826713593,0.04857940725249635,0.8166400536941597,0.17169192349289547,0.42675164249727665,0.1709034602461158,0.43141424972766884,0.6623287717864923,0.23298210198310795,0.5710007452385741,0.44187402313937657,0.3343876949597478,0.4540519462044139,0.24784428157842853,0.35643905514039353,0.5531038323129926,0.29173159895184236,0.028415121666142736,0.3256069162852073,0.35756257501196315,0.3840864195246314,0.0001143028606093166,0,0,DATA
37520,1500.8,0.3797003964513156,0.048732273608608226,0.816759496364127,0.1740333531385458,0.42675164249727665,0.1709034602461158,0.43141424972766884,0.6623287717864923,0.23298210198310795,0.5710007452385741,0.44187402313937657,0.3343876949597478,0.4540561912139759,0.24783758194991395,0.35639103113709425,0.553109304632031,0.29184821835266805,0.02841413262451142,0.32566242699848147,0.3578641729567991,0.38459273389308807,1.9656213791944637e-05,0,0,DATA
37540,1501.6,0.37965084003686944,0.047085296484289864,0.8170466786231583,0.1737661552393123,0.42675164249727665,0.1709034602461158,0.43141424972766884,0.6623287717864923,0.23298210198310795,0.5710007452385741,0.44187402313937657,0.3343876949597478,0.45440332991295135,0.24737441846655045,0.3563662170890708,0.5535144557232003,0.2913266133647177,0.028342998385814708,0.3250511613176711,0.35725490571196855,0.3843590876679068,0.0002783720767874735,0,0,DATA
37560,1502.4,0.37940852422699844,0.0467983307912267,0.8171533121329941,0.1748347869996871,0.42675164249727665,0.1709034602461158,0.43141424972766884,0.6623287717864923,0.23298210198310795,0.5710007452385741,0.44187402313937657,0.3343876949597478,0.4545677343181872,0.24715511902748372,0.35630788655459084,0.5537063076453517,0.2911852752171932,0.028309339074663896,0.32490923858043874,0.3572305095017573,0.38453219596249416,0.00014734479292751365,0,0,DATA
37580,1503.2,0.3792845022624434,0.04609728514452195,0.8172338985995425,0.1750823231512399,0.42675164249727665,0.1709034602461158,0.43141424972766884,0.6623287717864923,0.23298210198310795,0.5710007452385741,0.44187402313937657,0.3343876949597478,0.45476427522556595,0.24689303641468638,0.3562643427816903,0.5539356194054397,0.29092550841092557,0.02826912976677767,0.32462013322215555,0.35697421640528426,0.38448429076598056,0.0001673890976922147,0.01689888551161716,0,DATA
37600,1504.0,0.3793610953996983,0.046529719077766915,0.8173160186058561,0.17553995920017243,0.42755855119825703,0.16844930764748867,0.43238851443355125,0.6618171296296296,0.23298210198310795,0.5710007452385741,0.44187402313937657,0.3343876949597478,0.4540452636441826,0.24710494395936167,0.3565401583262907,0.5534701598424104,0.2911561296607452,0.028330704051625993,0.32482484942416723,0.3572329082128205,0.38466887238105774,0.00040224489021969956,0,0,DATA
37620,1504.8,0.37939320559954753,0.046721342406810536,0.817407209803801,0.17511431795263746,0.42755855119825703,0.16844930764748867,0.43238851443355125,0.6618171296296296,0.23298210198310795,0.5710007452385741,0.44187402313937657,0.3343876949597478,0.4537893192706684,0.24722217075489644,0.35662964613163917,0.5532835742578859,0.29125361158055296,0.028357431937677157,0.3249261590353435,0.35730077281903777,0.3846384964503784,0.00015421965813246694,0,0,DATA
37640,1505.6,0.37950770252011057,0.046836638106272636,0.817485032974827,0.17501841675309154,0.42755855119825703,0.16844930764748867,0.43238851443355125,0.6618171296296296,0.23298210198310795,0.5710007452385741,0.44187402313937657,0.3343876949597478,0.45368832386172714,0.24728962158940626,0.356680536826562,0.5531993511361604,0.2913271918793591,0.02837041360904263,0.3250107413334462,0.3573835473142884,0.38466751605020133,7.311231279129767e-05,0,0,DATA
37660,1506.4,0.4119706890501927,0.12302794405632375,0.8017435368620783,0.18068076421506993,0.42755855119825703,0.16844930764748867,0.43238851443355125,0.6618171296296296,0.23298210198310795,0.5710007452385741,0.44187402313937657,0.3343876949597478,0.43765785098953397,0.26864342250577355,0.36351303120635603,0.5345072142418802,0.3172646346685436,0.03172459910117889,0.3588315617969333,0.39019645291269855,0.3965396060599257,0.014738922722784839,0,0,DATA
37680,1507.2,0.4443223209422658,0.12807412449270245,0.7863769018431354,0.20147834499093703,0.42755855119825703,0.16844930764748867,0.43238851443355125,0.6618171296296296,0.23298210198310795,0.5710007452385741,0.44187402313937657,0.3343876949597478,0.4317890112362366,0.27646249330286976,0.3723566222176296,0.5276632589666834,0.32433950359674923,0.03298869560190098,0.36424703334611086,0.39615501903756845,0.40084955371502756,0.0075105005205557225,0.09998110729130402,0,DATA
37700,1508.0,0.47641288152547345,0.09938722263942056,0.7565572248853214,0.2112173828930122,0.42755855119825703,0.16844930764748867,0.43238851443355125,0.6618171296296296,0.23298210198310795,0.5710007452385741,0.44187402313937657,0.3343876949597478,0.43605260869943646,0.2707758820230797,0.3817487172434853,0.5326383633381784,0.31571607766015203,0.03206770398174523,0.3532264493298768,0.38312637111576053,0.39424846283631754,0.00644743458961522,0,0,DATA
37720,1508.8,0.5075983665367856,0.10814910444889848,0.7531419390138473,0.2086593454985812,0.42755855119825703,0.16844930764748867,0.43238851443355125,0.6618171296296296,0.23298210198310795,0.5710007452385741,0.44187402313937657,0.3343876949597478,0.43549169275840616,0.2715232255457965,0.3911152976036176,0.5319842336063048,0.3195490678638494,0.03218819445022336,0.3622852418816356,0.39158783134092884,0.3973158646621157,0.0035582799412931334,0,0,DATA
37740,1509.6,0.5388522943899782,0.10974502685288005,0.74945802825462,0.20617796979771724,0.42755855119825703,0.16844930764748867,0.43238851443355125,0.6618171296296296,0.23298210198310795,0.5710007452385741,0.44187402313937657,0.3343876949597478,0.43498827427126086,0.2721942868757264,0.4004885965608277,0.5313969936977672,0.322166042155558,0.0322965223898431,0.36843761426202126,0.3971236750753054,0.39926339297805263,0.0035159262580951034,0,0,DATA
37760,1510.4,0.5702404238939166,0.1105021483657235,0.7456140620744083,0.20159952116776556,0.42755855119825703,0.16844930764748867,0.43238851443355125,0.6618171296296296,0.23298210198310795,0.5710007452385741,0.44187402313937657,0.3343876949597478,0.43467825320742015,0.2726075992983015,0.40989209344381783,0.5310353269545594,0.3244018055246496,0.03236331088709196,0.374249295531904,0.40209311486417176,0.4006390928843297,0.0033756101231353086,0,0,DATA
37780,1511.2,0.6023715068292274,0.1121850736646804,0.7402506745317725,0.19670578946458125,0.42755855119825703,0.16844930764748867,0.43238851443355125,0.6618171296296296,0.23298210198310795,0.5710007452385741,0.44187402313937657,0.3343876949597478,0.43423183257548703,0.27320281210878194,0.4194606699251301,0.5305145102333525,0.32675933212035213,0.03245958541182191,0.38027600473002177,0.4070941121377075,0.4017850467464085,0.003536736641241952,0.09316704523209482,0,DATA
37800,1512.0,0.6344815757499581,0.11313339382045412,0.7351841738616037,0.19253881074469809,0.35447703907952066,0.5633009945503233,0.5592906624455337,0.8802692674291939,0.23298210198310795,0.5710007452385741,0.44187402313937657,0.3343876949597478,0.5444572314859883,0.2582997880506081,0.46460695878623237,0.5486214902317017,0.31976339519481456,0.024709986116582847,0.38606404644244363,0.4119588059111242,0.4030382807503288,0.05675823727659248,0,0,DATA
37820,1512.8,0.6661394178397855,0.11485133255471734,0.7314891254632413,0.18906355983910755,0.35447703907952066,0.5633009945503233,0.5592906624455337,0.8802692674291939,0.23298210198310795,0.5710007452385741,0.44187402313937657,0.3343876949597478,0.5771640840249433,0.2543099036787496,0.4847989922834267,0.5342630061481535,0.31959454629234063,0.02258158582334183,0.39234378067444187,0.4175215102127272,0.40484294348874234,0.01896292346933594,0,0,DATA
37840,1513.6,0.69750322738604,0.11588402194814952,0.7283049543937715,0.18595331611235835,0.35447703907952066,0.5633009945503233,0.5592906624455337,0.8802692674291939,0.23298210198310795,0.5710007452385741,0.44187402313937657,0.3343876949597478,0.5867592750140092,0.2534020913973531,0.49744300233729855,0.5299193167943188,0.3212176837127459,0.021990373432021783,0.3983927841271717,0.4229410721858351,0.4067161363396653,0.007715671108111388,0,0,DATA
37860,1514.4,0.7288484450938495,0.11620209993813355,0.7248633630141739,0.18335801833468618,0.35447703907952066,0.5633009945503233,0.5592906624455337,0.8802692674291939,0.23298210198310795,0.5710007452385741,0.44187402313937657,0.3343876949597478,0.5895710359328322,0.25321880955012965,0.5078187010721,0.5286050772585191,0.3231494216227754,0.021824950074056045,0.40410074058880774,0.4280453397317441,0.40851891240850996,0.004456913833615998,0,0,DATA
37880,1515.2,0.7604852731690966,0.11672653483262413,0.721159982412025,0.18264357990206026,0.35447703907952066,0.5633009945503233,0.5592906624455337,0.8802692674291939,0.23298210198310795,0.5710007452385741,0.44187402313937657,0.3343876949597478,0.5903044328806362,0.25331066676642,0.5175751445883424,0.5281924501764719,0.32534640857212505,0.02179385402843305,0.40989720404122354,0.4334000212806825,0.4106925276131459,0.0035272325601122256,0.04974948329877747,0,DATA
37900,1516.0,0.7932478894335512,0.12047822267261607,0.7150140716311585,0.18351382375530695,0.35447703907952066,0.5633009945503233,0.5592906624455337,0.8802692674291939,0.23298210198310795,0.5710007452385741,0.44187402313937657,0.3343876949597478,0.5897365975185791,0.25438869652650486,0.5273822270587506,0.5279373529774579,0.3285118062441569,0.021916938159853273,0.416721220273938,0.4396964708206349,0.41316911349102287,0.0038176491975167037,0,0,DATA
37920,1516.8,0.7609286950624268,0.08242583558530248,0.7459861168872878,0.18230584835483968,0.35447703907952066,0.5633009945503233,0.5592906624455337,0.8802692674291939,0.23298210198310795,0.5710007452385741,0.44187402313937657,0.3343876949597478,0.5975572481982978,0.24405743707008248,0.523537320981937,0.5291926573658098,0.3173074595013602,0.020626020780152493,0.40123083561601347,0.42718249314827667,0.41173075222475225,0.007332272070984913,0,0,DATA
37940,1517.6,0.7288603923139768,0.07727725505189707,0.7608066624251488,0.191151141567916,0.35447703907952066,0.5633009945503233,0.5592906624455337,0.8802692674291939,0.23298210198310795,0.5710007452385741,0.44187402313937657,0.3343876949597478,0.6009846453142286,0.23951645668380228,0.5156495055817183,0.5297494490009844,0.3133259113574376,0.020069856222520978,0.39572185196053355,0.42404009336789045,0.413225829896977,0.005285397634143207,0,0,DATA
37960,1518.4,0.6971171848814313,0.07122621350884033,0.7758525036085632,0.2029084938059475,0.35447703907952066,0.5633009945503233,0.5592906624455337,0.8802692674291939,0.23298210198310795,0.5710007452385741,0.44187402313937657,0.3343876949597478,0.6032835831730498,0.23645987093586235,0.5066170874008182,0.5301282729455439,0.31026013169871186,0.019699577671418066,0.38996196209348466,0.42096052284298613,0.4152567836657238,0.004795980595887058,0,0,DATA
37980,1519.2,0.6660299616641527,0.06360988080273433,0.778521046859284,0.20439672753109545,0.35447703907952066,0.5633009945503233,0.5592906624455337,0.8802692674291939,0.23298210198310795,0.5710007452385741,0.44187402313937657,0.3343876949597478,0.6055726943989782,0.23341032205377066,0.4973790450709196,0.5305084917736256,0.30510456581819,0.019333314929698458,0.38123169301773063,0.4126459314648191,0.4119703939957899,0.004858900812639584,0.0190829642408203,0,DATA
38000,1520.0,0.6348641486509133,0.06318052227639816,0.7814081631282441,0.2047469777393997,0.42214724605119824,0.16415104365900204,0.42937585103485837,0.6680650871459695,0.23298210198310795,0.5710007452385741,0.44187402313937657,0.3343876949597478,0.4945876068077174,0.2465859804658213,0.4516866644441807,0.574000813170948,0.3108084624207549,0.0261717982081282,0.37540421025834037,0.40714218535315516,0.40958123802441637,0.05661770887668346,0,0,DATA
38020,1520.8,0.6036312675444109,0.0630596369947075,0.7843759623307532,0.21317547942513976,0.42214724605119824,0.16415104365900204,0.42937585103485837,0.6680650871459695,0.23298210198310795,0.5710007452385741,0.44187402313937657,0.3343876949597478,0.46131746643949423,0.2505048301105631,0.4314200452237935,0.5554063181644655,0.31133507604573996,0.028337941076151462,0.3697028397648654,0.4025804449485051,0.4088674672592878,0.01915186974445073,0,0,DATA
38040,1521.6,0.5716341244029663,0.0632901488781831,0.7887808981761479,0.21967410608684115,0.42214724605119824,0.16415104365900204,0.42937585103485837,0.6680650871459695,0.23298210198310795,0.5710007452385741,0.44187402313937657,0.3343876949597478,0.4512880168334974,0.25174502833135887,0.418620659397974,0.5497714942510692,0.31034484279617336,0.02900845788708153,0.36427660305904563,0.398244564493395,0.4081032890213537,0.008023011217537365,0,0,DATA
38060,1522.4,0.5397427059766214,0.06233694492405835,0.7928965781676555,0.22503826739961805,0.42214724605119824,0.16415104365900204,0.42937585103485837,0.6680650871459695,0.23298210198310795,0.5710007452385741,0.44187402313937657,0.3343876949597478,0.4484793547820646,0.2518501906904427,0.40808364578069567,0.5483145820458108,0.30841256215634805,0.029169121730249128,0.3583401737904284,0.39325611935520605,0.40687291884603277,0.0044836126759316515,0,0,DATA
38080,1523.2,0.5083635778029161,0.0610042374662629,0.7957430784008106,0.228377397860832,0.42214724605119824,0.16415104365900204,0.42937585103485837,0.6680650871459695,0.23298210198310795,0.5710007452385741,0.44187402313937657,0.3343876949597478,0.4479166247327717,0.25150858130998505,0.39833292477903404,0.5482040217113933,0.305959178327357,0.02915927836044062,0.3521005652192001,0.3876350738534148,0.40491455106052443,0.0035516868104707076,0.018301271239878868,0,DATA
38100,1524.0,0.47724764852522206,0.06171897458956117,0.798122537948781,0.2301189890817117,0.42214724605119824,0.16415104365900204,0.42937585103485837,0.6680650871459695,0.23298210198310795,0.5710007452385741,0.44187402313937657,0.3343876949597478,0.4475977109220912,0.25160622489037127,0.3888733633302198,0.54799574301586,0.3039980468676925,0.02918744946089536,0.3466391661225747,0.3825857798336743,0.4028533518324183,0.003292039613293644,0,0,DATA
38120,1524.8,0.4459014161220043,0.06148961598471689,0.8007767379744551,0.23030532739577184,0.42214724605119824,0.16415104365900204,0.42937585103485837,0.6680650871459695,0.23298210198310795,0.5710007452385741,0.44187402313937657,0.3343876949597478,0.44755020208590446,0.2515712975551308,0.37945278609089983,0.5479894522653868,0.301758652033159,0.029185907624016946,0.34080901620512827,0.3770396837502013,0.4003851424706005,0.0031676711369157395,0,0,DATA
38140,1525.6,0.41443404217990615,0.06037322001803813,0.8037070407804124,0.22954177375794244,0.42214724605119824,0.16415104365900204,0.42937585103485837,0.6680650871459695,0.23298210198310795,0.5710007452385741,0.44187402313937657,0.3343876949597478,0.44777039258805096,0.2512482284838886,0.3700184643912633,0.5482610820520811,0.29918989151157893,0.029136809221507146,0.33465504359122855,0.37110238605311446,0.39765081065531227,0.0033258604243417422,0,0,DATA
38160,1526.4,0.38173489347662143,0.05746420117983469,0.8090663028333185,0.22934260133167272,0.42214724605119824,0.16415104365900204,0.42937585103485837,0.6680650871459695,0.23298210198310795,0.5710007452385741,0.44187402313937657,0.3343876949597478,0.4484473436947176,0.250336782487819,0.3603213466536825,0.5490552806034493,0.29619679355285977,0.02899552264393559,0.32802345872587146,0.364986810150421,0.39524452398722587,0.003761838280105697,0,0,DATA
38180,1527.2,0.38196058137464384,0.020014937148675808,0.7931662979457804,0.22130454712054673,0.42214724605119824,0.16415104365900204,0.42937585103485837,0.6680650871459695,0.23298210198310795,0.5710007452385741,0.44187402313937657,0.3343876949597478,0.45651477447326094,0.23957755476027356,0.35745960579099295,0.5584686098564936,0.2815379069482393,0.027343440889806708,0.3099088897155048,0.3444784352301879,0.3840670911082445,0.007229466456259427,0.006004481144602742,0,DATA
38200,1528.0,0.3820583521870286,0.04545086726505498,0.8089099947769678,0.19720941631973224,0.42521888616557735,0.17037629532642132,0.4327745438453159,0.665869417211329,0.23298210198310795,0.5710007452385741,0.44187402313937657,0.3343876949597478,0.4553365288492617,0.24411689129861572,0.35757324938971496,0.5556098187753229,0.2892645177425659,0.027921926210058616,0.3232515552907709,0.35698595740849126,0.38700915575457384,0.0019437419203544766,0,0,DATA
38220,1528.8,0.3818796348667672,0.048254170474801676,0.8088295558725368,0.18491503801696635,0.42521888616557735,0.17037629532642132,0.4327745438453159,0.665869417211329,0.23298210198310795,0.5710007452385741,0.44187402313937657,0.3343876949597478,0.45439436148801515,0.24626361715884743,0.3575698118320767,0.5540653721645838,0.29048535658600116,0.028216191797267025,0.32432104532973105,0.35681796572673175,0.38493279411734876,0.001030776926372166,0,0,DATA
38240,1529.6,0.38201815715602483,0.05088418207701007,0.8086627128114438,0.18471199049234152,0.42521888616557735,0.17037629532642132,0.4327745438453159,0.665869417211329,0.23298210198310795,0.5710007452385741,0.44187402313937657,0.3343876949597478,0.45355940884317747,0.24764403816553532,0.35759787024552936,0.552957685338821,0.29171734976119174,0.02841777846844394,0.32536738581624736,0.3578273171546763,0.3852588278164076,0.0007478106883260782,0,0,DATA
38260,1530.4,0.38197694742961286,0.05126170909003054,0.8083773926723056,0.17371242088233024,0.42521888616557735,0.17037629532642132,0.4327745438453159,0.665869417211329,0.23298210198310795,0.5710007452385741,0.44187402313937657,0.3343876949597478,0.4532296423769918,0.2481638720311874,0.35759763372701864,0.5525328851729021,0.29161213642345624,0.02849461630251658,0.3254530906483455,0.3567845330118595,0.3830400919389326,0.00028327895011615034,0,0,DATA
38280,1531.2,0.38184451331280383,0.05254211579908615,0.8081569421822721,0.16463684097031372,0.42521888616557735,0.17037629532642132,0.4327745438453159,0.665869417211329,0.23298210198310795,0.5710007452385741,0.44187402313937657,0.3343876949597478,0.45286182702823446,0.2486783360694186,0.35756975160693555,0.5520917454794079,0.2917256079352144,0.02857289619548288,0.3258946764105992,0.3562965157339082,0.3813486809286984,0.000303387169023885,0.015762634739725844,0,DATA
38300,1532.0,0.38181927685604156,0.05397273483154877,0.808107011718975,0.15813308519579172,0.42521888616557735,0.17037629532642132,0.4327745438453159,0.665869417211329,0.23298210198310795,0.5710007452385741,0.44187402313937657,0.3343876949597478,0.45245105242679007,0.24923324860997748,0.3575560873149905,0.5516089019084063,0.29201929370162627,0.028658154625095522,0.3264518906395725,0.3561983613390995,0.3802475163671629,0.0003264504779827704,0,0,DATA
38320,1532.8,0.38172945994637164,0.05485419898891152,0.8080600264233883,0.1521205814710261,0.42521888616557735,0.17037629532642132,0.4327745438453159,0.665869417211329,0.23298210198310795,0.5710007452385741,0.44187402313937657,0.3343876949597478,0.4521427125733106,0.2496465323362067,0.35753312647637636,0.5512480901185519,0.29215497446530725,0.028721841124450635,0.3267771158614662,0.355917637658958,0.3791565072309505,0.00024819480610760447,0,0,DATA
38340,1533.6,0.38153584951608843,0.05554257989348506,0.8079300093854745,0.14745036905149098,0.42521888616557735,0.17037629532642132,0.4327745438453159,0.665869417211329,0.23298210198310795,0.5710007452385741,0.44187402313937657,0.3343876949597478,0.45190565062730625,0.2499632641073561,0.3574855800344326,0.550971193259975,0.29223725509697496,0.028770725047679184,0.32698774272965625,0.3556482415814032,0.3782738565802228,0.0002004467196991729,0,0,DATA
38360,1534.4,0.3814576525054466,0.057841650661394656,0.8079126524432131,0.14556352981358547,0.42521888616557735,0.17037629532642132,0.4327745438453159,0.665869417211329,0.23298210198310795,0.5710007452385741,0.44187402313937657,0.3343876949597478,0.4513517271822439,0.2507020234537156,0.35745489472961467,0.550324851864264,0.2929645498642172,0.0288849187535575,0.3278882602462394,0.35635833947996964,0.37822919041119857,0.0004411226987465951,0,0,DATA
38380,1535.2,0.3815391554591922,0.05794379018005843,0.8078797599844201,0.14313103062027963,0.42521888616557735,0.17037629532642132,0.4327745438453159,0.665869417211329,0.23298210198310795,0.5710007452385741,0.44187402313937657,0.3343876949597478,0.45116410084980585,0.2509522503228493,0.3574628047584559,0.5501059252634781,0.2930363014821959,0.028923636829438173,0.3279388381526954,0.3561623782212158,0.37775793868101326,0.0001485877434709848,0.03008790099378355,0,DATA
38400,1536.0,0.381487013208061,0.061574591260644254,0.8076913057862805,0.14102609940804858,0.41758127382897603,0.1832482122442946,0.426103281590414,0.6727525871459694,0.23298210198310795,0.5710007452385741,0.44187402313937657,0.3343876949597478,0.4539494814601559,0.25044004409546716,0.3555862744629982,0.5517547186823444,0.2931989227863039,0.028718112347708963,0.3293430392950756,0.3573372408225589,0.37782924482600694,0.001724705711063294,0,0,DATA
38420,1536.8,0.41402511993045077,0.13689597314769972,0.7917938607165981,0.14522721589080478,0.41758127382897603,0.1832482122442946,0.426103281590414,0.6727525871459694,0.23298210198310795,0.5710007452385741,0.44187402313937657,0.3343876949597478,0.4389676054469793,0.27137636915562807,0.3618563177860627,0.5337956181456756,0.31867553871306886,0.03197269618462217,0.3627997243804393,0.3896242930492299,0.38924712481043483,0.014062748132134003,0,0,DATA
38440,1537.6,0.4463295521199933,0.1377231450995055,0.7760577954567484,0.17369897543716079,0.41758127382897603,0.1832482122442946,0.426103281590414,0.6727525871459694,0.23298210198310795,0.5710007452385741,0.44187402313937657,0.3343876949597478,0.4342993365331472,0.27788887482018193,0.370521261542786,0.5282052308564825,0.32455028674992575,0.033012403379725164,0.36644426654710016,0.3945424046445415,0.3943619794164687,0.006615239445036429,0,0,DATA
38460,1538.4,0.47862969640313396,0.11320621773456427,0.7445290773497627,0.18031004641573112,0.41758127382897603,0.1832482122442946,0.426103281590414,0.6727525871459694,0.23298210198310795,0.5710007452385741,0.44187402313937657,0.3343876949597478,0.4380474106056352,0.27297788685736457,0.3799037749692625,0.5325347618741353,0.31674599380280055,0.03221413237704858,0.35679178083635466,0.3823981542209544,0.3873544894090093,0.006013858487260622,0,0,DATA
38480,1539.2,0.5113459312678063,0.11107996552614477,0.7397347607400984,0.17692000512156325,0.41758127382897603,0.1832482122442946,0.426103281590414,0.6727525871459694,0.23298210198310795,0.5710007452385741,0.44187402313937657,0.3343876949597478,0.43961834579114967,0.2709092398501619,0.3895889383187866,0.5343545529704938,0.31707098438937914,0.03188063927321614,0.3615256636039884,0.38631360119820496,0.3884305876529639,0.00444158184741376,0.14545396494310744,0,DATA
38500,1540.0,0.5433362006661638,0.109132381924998,0.7366171889783275,0.172333596214513,0.41758127382897603,0.1832482122442946,0.426103281590414,0.6727525871459694,0.23298210198310795,0.5710007452385741,0.44187402313937657,0.3343876949597478,0.44049861890304487,0.26974332233968,0.39921244389729893,0.5353776482816824,0.31806147709108057,0.03169356989205374,0.366521169690847,0.39053870921818146,0.3896408023307749,0.0038898987336298077,0,0,DATA
38520,1540.8,0.5765584739504775,0.10914522949537754,0.7310167544294128,0.16872113420455012,0.41758127382897603,0.1832482122442946,0.426103281590414,0.6727525871459694,0.23298210198310795,0.5710007452385741,0.44187402313937657,0.3343876949597478,0.4407600028468337,0.2693971444062417,0.40907617296055854,0.5356814292202959,0.3196970571787552,0.03163810823687172,0.3720506764660787,0.3951469263375254,0.390842355755542,0.0034904303134955885,0,0,DATA
38540,1541.6,0.6092730394775431,0.10796413760756345,0.7269443583546618,0.16541459314455864,0.41758127382897603,0.1832482122442946,0.426103281590414,0.6727525871459694,0.23298210198310795,0.5710007452385741,0.44187402313937657,0.3343876949597478,0.44108644732641134,0.26896258529762224,0.4189053504402202,0.5360619310143945,0.3212435630823287,0.031568635157843104,0.3773066736014159,0.3996650297593884,0.3922572412943903,0.0035300603559529167,0,0,DATA
38560,1542.4,0.6409402102187028,0.10688900965584512,0.7248270340086669,0.16274596265751556,0.41758127382897603,0.1832482122442946,0.426103281590414,0.6727525871459694,0.23298210198310795,0.5710007452385741,0.44187402313937657,0.3343876949597478,0.44141015754014545,0.2685311817385553,0.42850420953976226,0.5364394879007951,0.32298524999290523,0.03149974600560861,0.3827865916997616,0.4046663523744302,0.3941996319918412,0.0034513242907810437,0,0,DATA
38580,1543.2,0.6742895822859059,0.1087233081085481,0.7188606313869579,0.15942367072670985,0.41758127382897603,0.1832482122442946,0.426103281590414,0.6727525871459694,0.23298210198310795,0.5710007452385741,0.44187402313937657,0.3343876949597478,0.441122067929198,0.26891536423759205,0.4383872354037375,0.5361033518458029,0.3253283370182988,0.03156108116010611,0.38899690496994155,0.4099477961893588,0.3956536549248786,0.0035184326579864775,0.03261699243256443,0,DATA
38600,1544.0,0.7077072662665493,0.10791455810529274,0.7129475296801044,0.15694890748819884,0.3564021224809368,0.5937716528781563,0.5674002587145969,0.8836768110021787,0.23298210198310795,0.5710007452385741,0.44187402313937657,0.3343876949597478,0.5561520419240786,0.2559565472033033,0.48793301039363635,0.5439457054363089,0.3192884987812933,0.023857216074793363,0.3941743214233975,0.41428642614827826,0.3969008827480391,0.05917818867302275,0,0,DATA
38620,1544.8,0.740776549669013,0.1048438945391226,0.7074225716797845,0.15590239550279053,0.3564021224809368,0.5937716528781563,0.5674002587145969,0.8836768110021787,0.23298210198310795,0.5710007452385741,0.44187402313937657,0.3343876949597478,0.5913058734714387,0.25120911629448905,0.5097412924051234,0.5287425051170361,0.3178894212981599,0.021560214975597475,0.39845492107735814,0.41790987880366604,0.3981566696561982,0.020569848155887138,0,0,DATA
38640,1545.6,0.7733364559766215,0.10626439202106311,0.703216543462214,0.15619965843878422,0.3564021224809368,0.5937716528781563,0.5674002587145969,0.8836768110021787,0.23298210198310795,0.5710007452385741,0.44187402313937657,0.3343876949597478,0.6015537184644391,0.2501826263167881,0.5231213573331673,0.5241318276093864,0.31961276654458975,0.02093371080375225,0.40469389568814196,0.4237579768862922,0.4006336804420563,0.008218133299581728,0,0,DATA
38660,1546.4,0.8057835019691636,0.10424365258924083,0.6999587762002517,0.15731644728519031,0.3564021224809368,0.5937716528781563,0.5674002587145969,0.8836768110021787,0.23298210198310795,0.5710007452385741,0.44187402313937657,0.3343876949597478,0.605052427243022,0.2493088722825676,0.5339492564700143,0.5228193502372052,0.32101469897679,0.020677426134703695,0.409723455661529,0.4285734390181236,0.4029841900803279,0.005066787316550155,0,0,DATA
38680,1547.2,0.8064286845881514,0.02964661759468745,0.7123281557904583,0.15640562136102196,0.3564021224809368,0.5937716528781563,0.5674002587145969,0.8836768110021787,0.23298210198310795,0.5710007452385741,0.44187402313937657,0.3343876949597478,0.621767417225453,0.22815957627382652,0.5373331145610558,0.5250365032503602,0.2978891028957939,0.018122451021947088,0.38248755410554647,0.40248339282874496,0.3947693328057616,0.013749381360737861,0.008893985278406234,0,DATA
38700,1548.0,0.8068606175108931,0.0579204765076263,0.7250136126398161,0.15734101430966993,0.3564021224809368,0.5937716528781563,0.5674002587145969,0.8836768110021787,0.23298210198310795,0.5710007452385741,0.44187402313937657,0.3343876949597478,0.6208444038484653,0.22973146796682706,0.538438977902144,0.5247120640923538,0.30495028051135264,0.018291834055263193,0.396420575625142,0.417778499328141,0.4024120477370456,0.0012002561370254943,0,0,DATA
38720,1548.8,0.8074122844917883,0.059500025698795374,0.737434456031616,0.16283497622612123,0.3564021224809368,0.5937716528781563,0.5674002587145969,0.8836768110021787,0.23298210198310795,0.5710007452385741,0.44187402313937657,0.3343876949597478,0.6202357945052233,0.23064530924825455,0.5388865869704584,0.524559448123261,0.3075057061929418,0.0183940748497297,0.39964689737614856,0.42279630160997267,0.4069081500450507,0.0006566865643279814,0,0,DATA
38740,1549.6,0.8076603938851181,0.06035609684886435,0.7389018690846236,0.16179056534272063,0.3564021224809368,0.5937716528781563,0.5674002587145969,0.8836768110021787,0.23298210198310795,0.5710007452385741,0.44187402313937657,0.3343876949597478,0.6198734367607363,0.23115916155470212,0.5390729726635521,0.5244837008422807,0.3081051508433127,0.018452644905042316,0.40033243032544374,0.42352413477622847,0.40721934274346583,0.000354198581342761,0,0,DATA
38760,1550.4,0.8096166284355625,0.06804027139315263,0.7363517700115652,0.14903582755911535,0.3564021224809368,0.5937716528781563,0.5674002587145969,0.8836768110021787,0.23298210198310795,0.5710007452385741,0.44187402313937657,0.3343876949597478,0.6181510527830896,0.2334648861190371,0.5395396976270735,0.5241920305489366,0.3100583508729241,0.01872114740510074,0.40328732723863614,0.42494854800375464,0.40537912005516785,0.0014982778351676866,0,0,DATA
38780,1551.2,0.7766823977187027,0.14284574446379114,0.7581468415155442,0.14982936358004506,0.3564021224809368,0.5937716528781563,0.5674002587145969,0.8836768110021787,0.23298210198310795,0.5710007452385741,0.44187402313937657,0.3343876949597478,0.6019251882449616,0.25510213594811637,0.5327635266655895,0.5214863379034611,0.33502198802563976,0.021325444296629473,0.4309816846243154,0.4549017661419248,0.4189139930242584,0.01487976177623046,0.04285372333913734,0,DATA
38800,1552.0,0.7421359141947377,0.14434029260355988,0.7582745473706781,0.16339493731363805,0.42033722256263617,0.13972916675280095,0.4204644948257081,0.6638320397603485,0.23298210198310795,0.5710007452385741,0.44187402313937657,0.3343876949597478,0.4696116776590722,0.27543815539313227,0.4823338999482227,0.54708676113297,0.3452569563650548,0.03067872804100507,0.42469574834645674,0.4499851578229387,0.41842856810332923,0.06769305224942401,0,0,DATA
38820,1552.8,0.7081970695596614,0.1421352612854771,0.7560145563457006,0.1770935993689722,0.42033722256263617,0.13972916675280095,0.4204644948257081,0.6638320397603485,0.23298210198310795,0.5710007452385741,0.44187402313937657,0.3343876949597478,0.4303806810601027,0.2809215524575739,0.46007785455964656,0.5247295643012644,0.3457558295812365,0.03360385211114859,0.41657396868721286,0.4430072452667305,0.41687866359693165,0.022323479683995746,0,0,DATA
38840,1553.6,0.6724543583459024,0.1403333586333906,0.7573819269585068,0.1879108821192353,0.42033722256263617,0.13972916675280095,0.4204644948257081,0.6638320397603485,0.23298210198310795,0.5710007452385741,0.44187402313937657,0.3343876949597478,0.41898978163735,0.2820620388343222,0.4458950715881844,0.5184638714015138,0.34388917586939827,0.03441499462273819,0.40897813950618767,0.4366298814220123,0.4155394062809969,0.00890472292365437,0,0,DATA
38860,1554.4,0.6368029042546506,0.14065655548691836,0.7588185325453297,0.19701589512633658,0.42033722256263617,0.13972916675280095,0.4204644948257081,0.6638320397603485,0.23298210198310795,0.5710007452385741,0.44187402313937657,0.3343876949597478,0.41550464047128344,0.2824946798663344,0.4341534313375829,0.5165049803024745,0.3418849488485727,0.03467453418941879,0.40226444854671306,0.43097035232193004,0.4142028943980269,0.00521980748289345,0,0,DATA
38880,1555.2,0.601460637673873,0.13950209396940536,0.7598448016765172,0.20340447182954838,0.42033722256263617,0.13972916675280095,0.4204644948257081,0.6638320397603485,0.23298210198310795,0.5710007452385741,0.44187402313937657,0.3343876949597478,0.4147015350401412,0.28230122295103444,0.42320906328043917,0.5162001560445533,0.33913547489399937,0.03469839921440158,0.3949394644497898,0.42438685280844674,0.41202978113576144,0.003980310134528653,0.16917260701743023,0,DATA
38900,1556.0,0.566488669452824,0.13733951619791213,0.7595686690710554,0.21006727752691687,0.42033722256263617,0.13972916675280095,0.4204644948257081,0.6638320397603485,0.23298210198310795,0.5710007452385741,0.44187402313937657,0.3343876949597478,0.4149147447428121,0.28163766410042634,0.4125816395368757,0.5166385403211928,0.335826945997751,0.03460422936394958,0.3870248131758903,0.41711086884373794,0.4094717256360408,0.0038347307656141547,0,0,DATA
38920,1556.8,0.5317035361153009,0.13580300549320293,0.7585025387475082,0.21524370821809702,0.42033722256263617,0.13972916675280095,0.4204644948257081,0.6638320397603485,0.23298210198310795,0.5710007452385741,0.44187402313937657,0.3343876949597478,0.41530137490160235,0.28100837344792534,0.4020885344129268,0.5171465007268384,0.3324998408153166,0.034504094015189196,0.3792399561617926,0.4097370418664035,0.4065314892539313,0.00383634197841339,0,0,DATA
38940,1557.6,0.4960422623910675,0.1340447347436638,0.7574504652649883,0.2125002594624566,0.42033722256263617,0.13972916675280095,0.4204644948257081,0.6638320397603485,0.23298210198310795,0.5710007452385741,0.44187402313937657,0.3343876949597478,0.4157866008066426,0.2803272704423041,0.39145173539365313,0.5177296651821692,0.32872096702595094,0.03439189898585575,0.3711939784206263,0.40131151190142117,0.4018899131473191,0.003934375976645051,0,0,DATA
38960,1558.4,0.4603766680283225,0.10425141855529341,0.7559263842000271,0.18650280167046512,0.42033722256263617,0.13972916675280095,0.4204644948257081,0.6638320397603485,0.23298210198310795,0.5710007452385741,0.44187402313937657,0.3343876949597478,0.42218876497771246,0.271780811007874,0.38077092087169456,0.5252039769849193,0.314750125186659,0.0329779812734019,0.3518387168597369,0.3792040964548365,0.3882738444581504,0.008543146042486183,0,0,DATA
38980,1559.2,0.42473617919389983,0.10122186962598122,0.7548024273659244,0.17788990484263265,0.42033722256263617,0.13972916675280095,0.4204644948257081,0.6638320397603485,0.23298210198310795,0.5710007452385741,0.44187402313937657,0.3343876949597478,0.42474561950418893,0.26836859947733754,0.37008217385987824,0.5281885100134257,0.30888744063968776,0.03241984461174149,0.343274008154307,0.369665702383213,0.3822517946612191,0.005552604356276414,0.030366560887794363,0,DATA
39000,1560.0,0.3892049828745601,0.09944278570777079,0.753841850239784,0.1735954268723927,0.4155484068627451,0.14522755943772003,0.4139514399509804,0.6662837009803921,0.23298210198310795,0.5710007452385741,0.44187402313937657,0.3343876949597478,0.4274258334367334,0.2658411412241005,0.35759034316434823,0.5307923461063164,0.3039567681813382,0.03196489167366957,0.33526401989792676,0.3611302086171948,0.3773327725659705,0.005899834293770501,0,0,DATA
39020,1560.8,0.35378658140606667,0.09675965204457852,0.7594229839232133,0.17038238374427225,0.4155484068627451,0.14522755943772003,0.4139514399509804,0.6662837009803921,0.23298210198310795,0.5710007452385741,0.44187402313937657,0.3343876949597478,0.42879335568576715,0.2643316263224356,0.3464049296473056,0.5322308646816658,0.30032950005363573,0.03170747606413006,0.328223312875637,0.35432631065043596,0.37414113716487557,0.004687483555913752,0,0,DATA
39040,1561.6,0.3370392300884028,0.049190305796463885,0.7144516184846984,0.16502909617993003,0.4155484068627451,0.14522755943772003,0.4139514399509804,0.6662837009803921,0.23298210198310795,0.5710007452385741,0.44187402313937657,0.3343876949597478,0.4391931750725814,0.25055935490246406,0.33953236181548346,0.5443169100850587,0.2775045583413459,0.02950823321852975,0.29685183102515533,0.3179223634996686,0.3530175012233948,0.01034821954620265,0,0,DATA
39060,1562.4,0.3311248651437071,0.07037734631544083,0.7068844163445797,0.1695006052686967,0.4155484068627451,0.14522755943772003,0.4139514399509804,0.6662837009803921,0.23298210198310795,0.5710007452385741,0.44187402313937657,0.3343876949597478,0.4378638423796405,0.25236004482178614,0.3362285748275507,0.542751898778927,0.2807725456871362,0.029790748245934313,0.30263033381578325,0.32339129698516134,0.3546066220894954,0.002144603200065246,0,0,DATA
39080,1563.2,0.321157643078599,0.08813158125474983,0.7005246752414276,0.18186296262084228,0.4155484068627451,0.14522755943772003,0.4139514399509804,0.6662837009803921,0.23298210198310795,0.5710007452385741,0.44187402313937657,0.3343876949597478,0.4337366532345033,0.2578714375805893,0.33314432209749817,0.537932607826957,0.28585400652920645,0.030664860088719013,0.3064666351578548,0.32782785995213226,0.35715557131852205,0.004240944877997625,0.026439474376424948,0,DATA
39100,1564.0,0.3109320337376404,0.08980350057698903,0.6932244359000953,0.18821501541609376,0.4155484068627451,0.14522755943772003,0.4139514399509804,0.6662837009803921,0.23298210198310795,0.5710007452385741,0.44187402313937657,0.3343876949597478,0.4321473934332919,0.2599929928184572,0.33007166831688106,0.5360772003074172,0.285954451407059,0.031003916718818473,0.30363023315029236,0.32489663928996165,0.35582914900647933,0.0022611562732321455,0,0,DATA
39120,1564.8,0.30046476322900956,0.09138687745591022,0.6855869025207876,0.1894795142474011,0.4155484068627451,0.14522755943772003,0.4139514399509804,0.6662837009803921,0.23298210198310795,0.5710007452385741,0.44187402313937657,0.3343876949597478,0.431338106348355,0.2610728049159155,0.3269517453758835,0.5351326507162197,0.28515237327320625,0.031177052681130503,0.30064262312427315,0.32127172580914237,0.3533634449088889,0.0016696740411309048,0,0,DATA
39140,1565.6,0.289967804696665,0.09410707695444004,0.6779201419073679,0.19069857749357158,0.4155484068627451,0.14522755943772003,0.4139514399509804,0.6662837009803921,0.23298210198310795,0.5710007452385741,0.44187402313937657,0.3343876949597478,0.43052407832818274,0.26215840440474136,0.32381140720179186,0.5341828369617206,0.2845279594599154,0.031351508784204646,0.2980979590945322,0.3180822920426765,0.3510489014763131,0.0016799885610299288,0,0,DATA
39160,1566.4,0.2793104915577342,0.09671774325834713,0.6699276472799667,0.19172487010040606,0.4155484068627451,0.14522755943772003,0.4139514399509804,0.6662837009803921,0.23298210198310795,0.5710007452385741,0.44187402313937657,0.3343876949597478,0.42973162999831055,0.2632150708164831,0.3206312699903889,0.5332582795909137,0.28380903321345635,0.03152167817282297,0.2954122640628286,0.31469997680891626,0.3485819049725227,0.0016764173176723,0,0,DATA
39180,1567.2,0.2684774724526562,0.0984936351306614,0.6615968744583974,0.19267079092657868,0.4155484068627451,0.14522755943772003,0.4139514399509804,0.6662837009803921,0.23298210198310795,0.5710007452385741,0.44187402313937657,0.3343876949597478,0.4291209582061629,0.2640293204642536,0.3174022948149016,0.5325458188709546,0.2827532282677413,0.03165304914914331,0.29228986242642485,0.3108390899729729,0.3458714778027043,0.0015512988718017946,0.056190955442135995,0,DATA
39200,1568.0,0.2577011453619909,0.10059162001706973,0.6533706856407377,0.19535793786640734,0.38455388752723313,0.20597801628153206,0.32887425108932467,0.6478131808278866,0.23298210198310795,0.5710007452385741,0.44187402313937657,0.3343876949597478,0.4455073077586402,0.2583521820663216,0.29034896069195215,0.5435775628461593,0.2779408598630282,0.030083423365880765,0.28932855319932316,0.3073238765580881,0.3435894250101498,0.01637227402445292,0,0,DATA
39220,1568.8,0.24712746276395176,0.10238284476131258,0.6449789431570048,0.19819486963925576,0.38455388752723313,0.20597801628153206,0.32887425108932467,0.6478131808278866,0.23298210198310795,0.5710007452385741,0.44187402313937657,0.3343876949597478,0.4500470554280924,0.25715058347532993,0.28001248710947907,0.5464482359763811,0.27576707023253494,0.029698351321934775,0.28625195808066595,0.3036918003683424,0.34127019119561874,0.005359273280972317,0,0,DATA

Összegző statisztikák,Átlag,Minimum,Maximum,Szórás,Medián,Parameter
intensity,0.5882792071780739,0.16361102600762525,0.9368487292085638,0.1834175560106407,0.5816510174449053,SUMMARY
motion,0.11363446577947847,0.0,0.5,0.058762180695709175,0.11488631181548516,SUMMARY
contrast,0.7538808602500064,0.3169513137239737,0.8766118688497874,0.0961432005793214,0.7804368194538153,SUMMARY
dynamics,0.17712135486415076,0.0,0.3333333333333333,0.028001296802051007,0.17793251289094503,SUMMARY
color_arousal,0.38023487586134097,0.2756841894744009,0.43171628199891066,0.03826649569491798,0.3883239719498911,SUMMARY
color_valence,0.39255043334852696,0.10940125228904282,0.9706115757298006,0.24810660714099833,0.18348908105634254,SUMMARY
color_dominance,0.4828780395737976,0.27235643041939,0.6082264433551198,0.06949748961884537,0.432679993872549,SUMMARY
color_harmony,0.7779266302808925,0.6478131808278866,0.9971296296296296,0.11021626133534776,0.6950333605664487,SUMMARY
audio_volume,0.23325108230043087,0.13420627049783623,0.3976455009889973,0.00702390831283976,0.23298210198310795,SUMMARY
audio_brightness,0.5706808616300126,0.3486983964788481,0.6503527956805981,0.007567088467561035,0.5710007452385741,SUMMARY
audio_tempo,0.4418740231393767,0.44187402313937657,0.44187402313937657,1.1102230246251565e-16,0.44187402313937657,SUMMARY
audio_energy,0.33448001609930544,0.25724198029885,0.45345767705231743,0.004494577782596079,0.3343876949597478,SUMMARY
pleasure,0.523284749956672,0.33648053129702254,0.7829000833431721,0.09472855546019732,0.4606348203153195,SUMMARY
arousal,0.25992130095470883,0.1830533518859306,0.37268281557841054,0.02295015262533468,0.2595352420604673,SUMMARY
dominance,0.43965835586505175,0.24106968472684437,0.5942239961895761,0.07932431437452575,0.4294546940264684,SUMMARY
boredom,0.5274119581641661,0.43189885785930593,0.574000813170948,0.022468626302585795,0.5275718407404186,SUMMARY
engagement,0.3187471890963546,0.24486389443973267,0.4098366099806175,0.027768895004082726,0.31950854740190004,SUMMARY
stress_level,0.026209366180231362,0.008609380313396524,0.0519292837953365,0.0062883813679164196,0.027165057178104607,SUMMARY
neural_activity,0.3807818030172686,0.1963181077622082,0.49255620212259343,0.04370715824854941,0.3775508218976637,SUMMARY
visual_engagement,0.40698602130882316,0.15597141649759633,0.523641429252224,0.04363010661352913,0.40488707324855894,SUMMARY
cognitive_load,0.4001115814498525,0.24121342122577533,0.45513743911075505,0.022886866666152916,0.4014908985805689,SUMMARY
emotional_variability,0.00713321332039625,0.0,0.10537106700475855,0.012395707281180215,0.004130141146469021,SUMMARY
narrative_tension,0.013381832675234219,0.0,0.32696414247064143,0.036062506522086646,0.0,SUMMARY
narrative_payoff,0.0,0,0,0.0,0.0,SUMMARY
