frame,time,intensity,motion,contrast,dynamics,color_arousal,color_valence,color_dominance,color_harmony,audio_volume,audio_brightness,audio_tempo,audio_energy,pleasure,arousal,dominance,boredom,engagement,stress_level,neural_activity,visual_engagement,cognitive_load,emotional_variability,narrative_tension,narrative_payoff,parameter
0,0.0,0.0,0.0,0.0,0.0,0,0.589591487075041,0,1.0,0.39758141499712674,0.3306460422398192,0.47108408630979653,0.37750080316993445,0.6043607850466978,0.2292751686656862,0.23349209714939662,0.533182023143808,0.1375651011994117,0.019049152025227386,0.0755001606339869,0,0.11325024095098032,0,0,0,DATA
4,0.16666666666666666,0.0,0.0,0.0,0.0,0,0.589591487075041,0,1.0,0.39758141499712674,0.3306460422398192,0.47108408630979653,0.37750080316993445,0.6356690205607071,0.14805771926539207,0.15353972629421558,0.5581366300869504,0.08883463155923524,0.011327822913436715,0.0755001606339869,0,0.11325024095098032,0.06415935192316148,0,0,DATA
8,0.3333333333333333,0.0,0.0,0.0,0.0,0,0.589591487075041,0,1.0,0.16153129090134935,0.6839588296322388,0.47108408630979653,0.31825955252061616,0.6326208285785531,0.11125182180894701,0.07998348897754803,0.5780636748062499,0.0667510930853682,0.008583036444212455,0.06365191050412324,0,0.09547786575618485,0.03780344225175554,0,0,DATA
12,0.5,0.04552355664488018,0.25,0.25,0.25,0,0.589591487075041,0,1.0,0.16153129090134935,0.6839588296322388,0.47108408630979653,0.31825955252061616,0.5792063709839068,0.1702100525720135,0.06747656467797261,0.5752917882220399,0.1857679160747985,0.015040894200527486,0.22275662183309924,0.209104711328976,0.2500302214206728,0.041626537552429385,0,0,DATA
16,0.6666666666666666,0.07338269335511982,0.2086543436819172,0.30031343831260243,0.24917235018970132,0,0.589591487075041,0,1.0,0.16153129090134935,0.6839588296322388,0.47108408630979653,0.31825955252061616,0.5718646215323103,0.17632073803187026,0.06957490609725031,0.5759073202179097,0.19105225988173885,0.015852720640885196,0.22185287431043454,0.21314954265654174,0.2590271162600753,0.005183592110243653,0,0,DATA
20,0.8333333333333334,0.09221983932461873,0.1801494700889615,0.33405315035867367,0.26623056930775957,0,0.589591487075041,0,1.0,0.17911177566923947,0.5682591415024172,0.47108408630979653,0.2958559854191928,0.5709433710600531,0.16546782997250079,0.0778521109778853,0.581794399483723,0.18621780115905504,0.014908964558461992,0.21648558305608165,0.2173427579388864,0.26176060152278424,0.006683787804087228,0,0,DATA
24,1.0,0.10673186809446,0.16036080230703392,0.35955465731399533,0.24532773424597482,0,0.589591487075041,0,1.0,0.17911177566923947,0.5682591415024172,0.47108408630979653,0.2958559854191928,0.5748226161525807,0.15667113057575022,0.08338279848374247,0.5842531266358345,0.1811586244096508,0.01398873449874913,0.2165728230883432,0.21788986516050163,0.26243831395895273,0.0060688773317117695,0,0,DATA
28,1.1666666666666667,0.11823863442946622,0.1447083184402233,0.37922090612255865,0.22804770765654264,0,0.589591487075041,0,1.0,0.17911177566923947,0.5682591415024172,0.47108408630979653,0.2958559854191928,0.5792734112923692,0.14964942527401806,0.08745842566585092,0.5855385817168063,0.17703049391017261,0.013221913361494975,0.21654643257033285,0.21810209686440443,0.26270167489668617,0.0051827092078763765,0,0,DATA
32,1.3333333333333333,0.12826858849249576,0.13345999568809006,0.39567124782597146,0.21367252170295384,0,0.589591487075041,0,1.0,0.14004613887391126,0.37739118139107003,0.47108408630979653,0.2112496516290589,0.5652034675163257,0.12662605321697298,0.08258362044670073,0.6040852396333507,0.1636181689269126,0.011561879460774943,0.20042189586474127,0.21910634249182198,0.23787306998826435,0.013989373684079603,0,0,DATA
36,1.5,0.13803951354847493,0.12519956767429194,0.4093870868677435,0.20153392831285233,0,0.589591487075041,0,1.0,0.14004613887391126,0.37739118139107003,0.47108408630979653,0.2112496516290589,0.5627171742664102,0.11740612175599599,0.0831730731427113,0.6099383519887969,0.15870657252200562,0.0107813329427756,0.20181507747877225,0.22065724867102005,0.23861233937421528,0.004098559135634339,0.15164939450896098,0,DATA
40,1.6666666666666667,0.14687991279213702,0.11853840178748266,0.4205953714505867,0.1911840301392128,0.19577563316993463,0.6461668936105901,0.21987413194444444,0.8626582924836601,0.14004613887391126,0.37739118139107003,0.47108408630979653,0.2112496516290589,0.5792112449576192,0.15388789883508255,0.14677114973712796,0.5834504281036491,0.18116808239005666,0.013598402447049468,0.20316034788934959,0.22208835772251778,0.23922929592654302,0.03885797478823741,0,0,DATA
44,1.8333333333333333,0.15423939468727302,0.11199207402868555,0.4299640553120386,0.18222845545092026,0.19577563316993463,0.6461668936105901,0.21987413194444444,0.8626582924836601,0.15926540325547958,0.48571276331775787,0.47108408630979653,0.2571996112741631,0.5951836865198012,0.17264895171181724,0.17143210943356088,0.5660836808841907,0.1927320793021433,0.014677133553221724,0.21307744186616917,0.2228567706876324,0.25331933887347274,0.01979815137844988,0,0,DATA
48,2.0,0.16049990442223894,0.10696860074157868,0.4383705943047073,0.1743033397816484,0.19577563316993463,0.6461668936105901,0.21987413194444444,0.8626582924836601,0.15926540325547958,0.48571276331775787,0.47108408630979653,0.2571996112741631,0.6010303483787482,0.17687069505444775,0.1801451043868336,0.5610494782834019,0.19565399041293116,0.01481886831345515,0.21400146229685335,0.2238289334506563,0.25370848046821615,0.006260466718283407,0,0,DATA
52,2.1666666666666665,0.17867761621208308,0.10978572251550192,0.4799425577116304,0.16615048244478706,0.19577563316993463,0.6461668936105901,0.21987413194444444,0.8626582924836601,0.15926540325547958,0.48571276331775787,0.47108408630979653,0.2571996112741631,0.6021927513639085,0.1789260121539354,0.18657632234868268,0.559440618241078,0.20345465841499533,0.01494739356692083,0.2270782460457761,0.24024762780658523,0.26471123929764756,0.0032163126821656562,0,0,DATA
56,2.3333333333333335,0.19697208343807604,0.11325483518728004,0.5219303873891117,0.15868865488491307,0.19577563316993463,0.6461668936105901,0.21987413194444444,0.8626582924836601,0.25062884236760874,0.6419974779468769,0.47108408630979653,0.3680394330413892,0.6250893211695006,0.203790321402997,0.21153384806824305,0.5355601787137512,0.22513192582889902,0.016044665224619486,0.2626903148486274,0.25714433246775203,0.30931759135857695,0.024239468258071346,0.03397645055618401,0,DATA
60,2.5,0.2154453007164404,0.11611329761605496,0.5640802104201917,0.15225538996292176,0.19577563316993463,0.6461668936105901,0.21987413194444444,0.8626582924836601,0.25062884236760874,0.6419974779468769,0.47108408630979653,0.3680394330413892,0.6313580150011354,0.21204998365777247,0.22290048141256763,0.5282960006705459,0.2368235827194874,0.016415810647861385,0.27595830788202624,0.2739839813120598,0.32084448522410136,0.008631663143578308,0,0,DATA
64,2.6666666666666665,0.22009915210742415,0.042603328724652265,0.5294078980769942,0.1443323624654778,0.19577563316993463,0.6461668936105901,0.21987413194444444,0.8626582924836601,0.25062884236760874,0.6419974779468769,0.47108408630979653,0.3680394330413892,0.6486757166178205,0.19394509104461236,0.22728778020797163,0.5286895961687835,0.2100937616591641,0.014308900226615394,0.24055062813502243,0.23431676758099174,0.30003069144420114,0.013269964341749743,0,0,DATA
68,2.8333333333333335,0.22469722798307354,0.09588788060703454,0.5674610595160097,0.13856428411618193,0.19577563316993463,0.6461668936105901,0.21987413194444444,0.8626582924836601,0.29316292277508404,0.3312837057530698,0.47108408630979653,0.3045991576684798,0.6293588133792148,0.1901108399594204,0.23850172266604902,0.5402651733306822,0.2210222416179921,0.014797210535527088,0.2577066412763264,0.26738934410584964,0.2978107738921453,0.011455032260625006,0,0,DATA
72,3.0,0.22925988771577005,0.09735563497605051,0.5710875842247441,0.1443685293839357,0.19577563316993463,0.6461668936105901,0.21987413194444444,0.8626582924836601,0.29316292277508404,0.3312837057530698,0.47108408630979653,0.3045991576684798,0.6232555139901399,0.18937153585718725,0.24282406394733846,0.5436864750763364,0.2218458654100688,0.014982383207696896,0.259931579912219,0.27055735973939105,0.3005546832515017,0.003721648257532517,0,0,DATA
76,3.1666666666666665,0.23332803073152333,0.09803806559905934,0.5741311008871395,0.14979091721625973,0.19577563316993463,0.6461668936105901,0.21987413194444444,0.8626582924836601,0.29316292277508404,0.3312837057530698,0.47108408630979653,0.3045991576684798,0.6212812137425854,0.1893408252009598,0.24497507636503352,0.5446889805282273,0.22284419687005436,0.015058454776907804,0.26162688409705226,0.2730992543736962,0.30290921887859196,0.0013853411071590067,0.0294114196797178,0,DATA
80,3.3333333333333335,0.23714790069339697,0.09978777190813647,0.5771286639630222,0.14435369657603755,0.20199248536220044,0.6541540752217027,0.22975558278867103,0.8606164896514161,0.27214143248750766,0.4882875557608205,0.47108408630979653,0.33698526946950147,0.629358979672739,0.19792815220922352,0.24477484605832792,0.5363564340590187,0.22872435442491187,0.015405661380126362,0.27016747558843873,0.27491865774844443,0.31293144200237366,0.005621774415040988,0,0,DATA
84,3.5,0.24006577190170938,0.10050176029846442,0.5793412084276197,0.13942484668865154,0.20199248536220044,0.6541540752217027,0.22975558278867103,0.8606164896514161,0.27214143248750766,0.4882875557608205,0.47108408630979653,0.33698526946950147,0.6316323718898162,0.20070426706099448,0.24532752992006185,0.5338316805245946,0.23080604251534817,0.015525920509858796,0.2714791540791519,0.2759587056968787,0.3128976935204263,0.0018673969768607062,0,0,DATA
88,3.6666666666666665,0.24149492128582203,0.10055074649369396,0.5813852525111886,0.13491112896630297,0.20199248536220044,0.6541540752217027,0.22975558278867103,0.8606164896514161,0.27214143248750766,0.4882875557608205,0.47108408630979653,0.33698526946950147,0.6323041024539412,0.20155081765119004,0.24579345644924566,0.5330725399474343,0.23150087919256557,0.015562975847453232,0.27219338725078,0.27642597150462883,0.31265622386454445,0.0006614025611681081,0,0,DATA
92,3.8333333333333335,0.2423255313076085,0.10014887279425716,0.5833568563988865,0.13090244406297405,0.20199248536220044,0.6541540752217027,0.22975558278867103,0.8606164896514161,0.2650896902346235,0.5626650492899441,0.47108408630979653,0.35436229795121965,0.6362391910812212,0.20534143417356723,0.2446267966394703,0.5292096873726058,0.23385364318621552,0.015685984901898986,0.27606848624924585,0.2766219567051879,0.31758327634758177,0.0029641216531441825,0,0,DATA
96,4.0,0.24328346923705377,0.10084137567192818,0.5855766589062588,0.12735357991330645,0.20199248536220044,0.6541540752217027,0.22975558278867103,0.8606164896514161,0.2650896902346235,0.5626650492899441,0.47108408630979653,0.35436229795121965,0.6372742920650942,0.20667251993602825,0.2444779656617212,0.5280265939994387,0.23496415187337305,0.01574274158194222,0.2769810354876777,0.2774015997793903,0.3176281233690865,0.0008383392413610543,0.050985340559029854,0,DATA
100,4.166666666666667,0.2396231683111279,0.12040477707082244,0.5778968361745723,0.1296626660187547,0.20199248536220044,0.6541540752217027,0.22975558278867103,0.8606164896514161,0.2650896902346235,0.5626650492899441,0.47108408630979653,0.35436229795121965,0.6334765080664884,0.21254959805645698,0.24366465317395203,0.5269869469385273,0.24049850361179492,0.01635992838663056,0.28253837131571297,0.2824218619448018,0.3187384650244961,0.003496058202267921,0,0,DATA
104,4.333333333333333,0.23569662440296632,0.12262548635378294,0.5700517289447257,0.13191973563626103,0.20199248536220044,0.6541540752217027,0.22975558278867103,0.8606164896514161,0.35016505106327966,0.678787393970228,0.47108408630979653,0.44875175393536415,0.6516926096741553,0.23475630584848486,0.26046191098092514,0.5067755422386798,0.25301258817675104,0.017171144813050532,0.29995021599812444,0.28039701166915026,0.3454858909374069,0.01907335573555598,0,0,DATA
108,4.5,0.23200722463130552,0.12462418647042409,0.5623892516965043,0.13556663033483424,0.20199248536220044,0.6541540752217027,0.22975558278867103,0.8606164896514161,0.35016505106327966,0.678787393970228,0.47108408630979653,0.44875175393536415,0.6567377131319607,0.24197795421875273,0.2647263143709683,0.5006421663246432,0.25659659575399785,0.01744300024672354,0.29847932064080446,0.27852455805686543,0.3442305156053963,0.005510385072705469,0,0,DATA
112,4.666666666666667,0.22796238687782805,0.126853989447267,0.5549161912181093,0.09892022690871868,0.20199248536220044,0.6541540752217027,0.22975558278867103,0.8606164896514161,0.35016505106327966,0.678787393970228,0.47108408630979653,0.44875175393536415,0.6577829855441655,0.24476879356334913,0.265156219459751,0.49872411044624265,0.25594165742232033,0.017590449610693223,0.2970676621851671,0.2727009532107771,0.33496295647175317,0.0014220056151946214,0,0,DATA
116,4.833333333333333,0.22368141968325791,0.12885834880474664,0.5470138157557628,0.09763533828960275,0.20199248536220044,0.6541540752217027,0.22975558278867103,0.8606164896514161,0.33632342736329024,0.32814231052526227,0.47108408630979653,0.33386909231188183,0.6335502928618247,0.22204190704589105,0.26147944689852826,0.522203900046142,0.24128406503323035,0.017087110279967427,0.2724562050720791,0.27014730201423937,0.29813814357946355,0.016878783920340517,0.08727200903364922,0,DATA
120,5.0,0.22001146278490027,0.0777699881216504,0.5056396464068617,0.08863140523553115,0.24819406147875817,0.7033644088709187,0.23856924019607845,0.7937448937908497,0.33632342736329024,0.32814231052526227,0.47108408630979653,0.33386909231188183,0.6507879342223533,0.2106214310838638,0.26207354825558044,0.5192953173468914,0.220638987550819,0.015445824459626471,0.2430120355493889,0.23566532225125184,0.27796356483912377,0.009750739559869317,0,0,DATA
124,5.166666666666667,0.21615571843053458,0.08762125192988299,0.5249941373571,0.09238451174748674,0.24819406147875817,0.7033644088709187,0.23856924019607845,0.7937448937908497,0.33632342736329024,0.32814231052526227,0.47108408630979653,0.33386909231188183,0.653890461230783,0.20995364216156076,0.26144207234827926,0.518077948303828,0.22397872003291197,0.015260061232805554,0.2500522903918565,0.2450163368399388,0.2846449240148728,0.001467263946011312,0,0,DATA
128,5.333333333333333,0.21153014758253727,0.09677590033230105,0.5250242569884978,0.10086035641652907,0.24819406147875817,0.7033644088709187,0.23856924019607845,0.7937448937908497,0.2887212335600964,0.6043039247720206,0.47108408630979653,0.38339604092367363,0.6632994023772804,0.22271726624602323,0.2502847989993388,0.5069916656883482,0.23307424070266597,0.01574769769564622,0.26270044923186214,0.2486097023876301,0.3021163476156312,0.011109946193300099,0,0,DATA
132,5.5,0.20725513763197587,0.10628739519200378,0.5254113584869446,0.1117663405472469,0.24819406147875817,0.7033644088709187,0.23856924019607845,0.7937448937908497,0.2887212335600964,0.6043039247720206,0.47108408630979653,0.38339604092367363,0.664124670800692,0.2292095720320787,0.24603986490503876,0.5033328785836146,0.23863215410084912,0.016167026497000452,0.26572746548532034,0.25276602720400476,0.30539354305028577,0.0038541694345890685,0,0,DATA
136,5.666666666666667,0.20287080243422156,0.11571671184225914,0.5249411129311683,0.11296988764326939,0.24819406147875817,0.7033644088709187,0.23856924019607845,0.7937448937908497,0.2887212335600964,0.6043039247720206,0.47108408630979653,0.38339604092367363,0.6623920948311619,0.23379747242996682,0.24384567428522036,0.5019052163694356,0.24253455060495024,0.016575693729178557,0.26852827599471635,0.2556401678674254,0.3064926550583091,0.0028382223290788857,0.03471501355267774,0,DATA
140,5.833333333333333,0.19884557121459695,0.122885340465512,0.5242203298306018,0.1141599263630236,0.24819406147875817,0.7033644088709187,0.23856924019607845,0.7937448937908497,0.11486253171524378,0.55095238185581,0.47108408630979653,0.24568948675741364,0.631448533654505,0.20826268218892946,0.20583179115573458,0.5301443920782827,0.22799974611920054,0.016118658550212904,0.2429052137467273,0.25760534201460716,0.2659112719487658,0.031497411515726666,0,0,DATA
144,6.0,0.19921099248994473,0.16524213767058127,0.5301947556720994,0.11238849994140261,0.24819406147875817,0.7033644088709187,0.23856924019607845,0.7937448937908497,0.11486253171524378,0.55095238185581,0.47108408630979653,0.24568948675741364,0.6132705378884435,0.2124621483340377,0.1945043646847119,0.5371336568887594,0.23797182110521925,0.017254728192300502,0.2611159020521241,0.27623633026199157,0.27344065483311114,0.011234962794064135,0,0,DATA
148,6.166666666666667,0.1988996446602145,0.1640464214861617,0.5355968992690021,0.1267272240072654,0.24819406147875817,0.7033644088709187,0.23856924019607845,0.7937448937908497,0.11486253171524378,0.55095238185581,0.47108408630979653,0.24568948675741364,0.6080682395573532,0.21338718764593267,0.19104075369916174,0.539272286398357,0.2395324284707335,0.017562975383094915,0.26165577473179075,0.27875028970793475,0.2774484433348734,0.003196982876178487,0,0,DATA
152,6.333333333333333,0.20278085459611195,0.14369329290893268,0.5501594648307276,0.13604604903468734,0.24819406147875817,0.7033644088709187,0.23856924019607845,0.7937448937908497,0.3694714532330342,0.5612205666363983,0.47108408630979653,0.4269961872540434,0.6488561141635364,0.24604023054216925,0.24428459800877117,0.5025518276471472,0.25829851129949455,0.0181430597511821,0.2934646184997497,0.27668593243548245,0.3346800115867835,0.04222825393734306,0,0,DATA
156,6.5,0.20661826896891236,0.14237547841726386,0.5645935318090074,0.14138507638590395,0.24819406147875817,0.7033644088709187,0.23856924019607845,0.7937448937908497,0.3694714532330342,0.5612205666363983,0.47108408630979653,0.4269961872540434,0.6613692175886418,0.25546715535337294,0.2610636083199421,0.4915818135289926,0.265996458148816,0.018166898966520503,0.2965917889732982,0.2817904123419806,0.3395424030651265,0.01290634618249332,0.14434121293732083,0,DATA
160,6.666666666666667,0.2099966154998324,0.14167993705650686,0.5784352840037306,0.14592824873690982,0.18286773216230934,0.7583624962110593,0.2134151177832244,0.8781437227668845,0.3694714532330342,0.5612205666363983,0.47108408630979653,0.4269961872540434,0.6806686767571717,0.24438195205926788,0.25976360990918745,0.4874746855917802,0.26134705443451245,0.016388150546827802,0.299757592174124,0.2867947079973794,0.3441449790329869,0.010561553624463205,0,0,DATA
164,6.833333333333333,0.21322612912686442,0.1423787720142657,0.5916639455642643,0.1511353161746214,0.18286773216230934,0.7583624962110593,0.2134151177832244,0.8781437227668845,0.3069650816790968,0.362609127998539,0.47108408630979653,0.3236582955749294,0.6646108019139875,0.21955110760659485,0.2469254702213109,0.5079190452397089,0.24861444453108517,0.015463364683005052,0.28266118285891795,0.2922094499178206,0.31791996701329545,0.017908952994577936,0,0,DATA
168,7.0,0.21646978302538963,0.14333861678474016,0.605101204958274,0.15468949466080545,0.18286773216230934,0.7583624962110593,0.2134151177832244,0.8781437227668845,0.3069650816790968,0.362609127998539,0.47108408630979653,0.3236582955749294,0.6595918720592325,0.2123706108065258,0.24375519563363823,0.5140187585671208,0.2464738521929302,0.01518146323140022,0.2863813034256147,0.2976287142725368,0.3224584596644584,0.005123233747498883,0,0,DATA
172,7.166666666666667,0.218927899017513,0.14459970582173717,0.6175683239395658,0.14976508236530856,0.18286773216230934,0.7583624962110593,0.2134151177832244,0.8781437227668845,0.3069650816790968,0.362609127998539,0.47108408630979653,0.3236582955749294,0.6578213644050367,0.21056956669686425,0.24332031761568235,0.5158045344490494,0.24709072703835777,0.015131005476332681,0.28987078603509653,0.3018724675505981,0.32502533190544386,0.0013354765939377622,0,0,DATA
176,7.333333333333333,0.22147023472850677,0.13746959333473796,0.6037546300718609,0.14328761434610743,0.18286773216230934,0.7583624962110593,0.2134151177832244,0.8781437227668845,0.14424396890589497,0.6895576946165848,0.47108408630979653,0.30783808661910195,0.655465291850324,0.20471057808688226,0.20955231102723187,0.5199120650313969,0.24072116074643557,0.014811278848026238,0.28160042761778914,0.29473703473576557,0.31471506884597866,0.013994355917715057,0.04124087800042139,0,DATA
180,7.5,0.22417606732864084,0.14776725505498783,0.6222347460249485,0.1466940508821674,0.18286773216230934,0.7583624962110593,0.2134151177832244,0.8781437227668845,0.14424396890589497,0.6895576946165848,0.47108408630979653,0.30783808661910195,0.6525959611226577,0.2058362267855576,0.19999013389672488,0.5207839060458923,0.2456145138247044,0.01501675067184081,0.2899566820165334,0.3052819443834246,0.32183161765951346,0.004519052185616203,0,0,DATA
184,7.666666666666667,0.22646698770320095,0.1429837646081965,0.6279795675600889,0.1515335779487449,0.18286773216230934,0.7583624962110593,0.2134151177832244,0.8781437227668845,0.14424396890589497,0.6895576946165848,0.47108408630979653,0.30783808661910195,0.6527396948981841,0.2048345440700587,0.1976025740362304,0.5212128805158786,0.2453143790207632,0.014937490316523585,0.289650434219757,0.30603413144681996,0.32374729692705134,0.0011776587838399077,0,0,DATA
188,7.833333333333333,0.2289222887338696,0.13742248263061507,0.6345016685423404,0.15686901598478176,0.18286773216230934,0.7583624962110593,0.2134151177832244,0.8781437227668845,0.2690884399266412,0.43699453261977733,0.47108408630979653,0.319460267734582,0.6563913422803849,0.20541753833593698,0.22361925820887923,0.5190955596918391,0.2459668641856423,0.014822481370132567,0.2915458380544044,0.30679085296020026,0.32934290192089527,0.010083775273575976,0,0,DATA
192,8.0,0.231288001979638,0.1342113500067858,0.6412439828370241,0.15687532842353683,0.18286773216230934,0.7583624962110593,0.2134151177832244,0.8781437227668845,0.2690884399266412,0.43699453261977733,0.47108408630979653,0.319460267734582,0.6581611743460494,0.20469331948102829,0.23192106324228523,0.5185727530864611,0.24601713892545812,0.014694146029626761,0.29208299051296316,0.30800286809210287,0.3307846444133197,0.0035986186513263982,0,0,DATA
196,8.166666666666666,0.22939369658119657,0.0964454076703,0.6419421915762066,0.15578758063327475,0.18286773216230934,0.7583624962110593,0.2134151177832244,0.8781437227668845,0.2690884399266412,0.43699453261977733,0.47108408630979653,0.319460267734582,0.6666229718564107,0.19390158997033966,0.2340138006186343,0.5197377190866248,0.23338828115042332,0.013574890521492014,0.27673739424651705,0.29261831792054876,0.32488732514974583,0.007115421465799687,0.02893362230109,0,DATA
200,8.333333333333334,0.22791708563767388,0.11204442369171662,0.6422454323880517,0.15400172920958968,0.2338828039896514,0.7143395057893842,0.24112864242919388,0.8186904275599128,0.17404414732258017,0.5335011800556763,0.47108408630979653,0.281881257142509,0.6456676882026172,0.1978533684625362,0.2221320189874179,0.5282394716674232,0.23810201677416007,0.014722226703288262,0.2752265245103336,0.2984749892415959,0.3155244531992084,0.012262947925735485,0,0,DATA
204,8.5,0.22667015590958606,0.12400799007663348,0.6423740870740952,0.15580367924507427,0.2338828039896514,0.7143395057893842,0.24112864242919388,0.8186904275599128,0.17404414732258017,0.5335011800556763,0.47108408630979653,0.281881257142509,0.6368687541656465,0.2023887005979719,0.21830562925515457,0.5303712726181908,0.24272514886250574,0.015433668808096872,0.27978829605589145,0.30322982125930653,0.31758684886274496,0.005720218634889927,0,0,DATA
208,8.666666666666666,0.22575912309368193,0.13383890561193593,0.6426786780196055,0.15864038288248927,0.2338828039896514,0.7143395057893842,0.24112864242919388,0.8186904275599128,0.17404414732258017,0.5335011800556763,0.47108408630979653,0.281881257142509,0.6321645816921418,0.2065019565884873,0.21696639544413565,0.5306667308596853,0.2468431853761489,0.01595133405245465,0.2835993738959337,0.30735502855764135,0.3196138713753105,0.003385554091679649,0,0,DATA
212,8.833333333333334,0.22490363666834254,0.14146615027994447,0.6429247381746614,0.15843888025964645,0.2338828039896514,0.7143395057893842,0.24112864242919388,0.8186904275599128,0.11363455870144278,0.5546305645391496,0.47108408630979653,0.24593336045275482,0.6216025502649603,0.2023225035878359,0.20369895954106987,0.5380374730736018,0.24550890092230526,0.01607724707014556,0.2793388071711296,0.31028849692400934,0.309909254940247,0.009336306776966258,0,0,DATA
216,9.0,0.2238158831908832,0.17761758689744503,0.6421656047793091,0.1508586328966598,0.2338828039896514,0.7143395057893842,0.24112864242919388,0.8186904275599128,0.11363455870144278,0.5546305645391496,0.47108408630979653,0.24593336045275482,0.6108421391471307,0.21119106994054065,0.1994903005398837,0.5389833954561642,0.25613294441256973,0.017259199651950795,0.2934300044435675,0.32354575612061337,0.31351736226369076,0.007945878823906821,0.06534319470394961,0,DATA
220,9.166666666666666,0.2226845960072063,0.17420308970416848,0.6410667008740234,0.16044172892293943,0.2338828039896514,0.7143395057893842,0.24112864242919388,0.8186904275599128,0.11363455870144278,0.5546305645391496,0.47108408630979653,0.24593336045275482,0.6083310602223698,0.21289558063223468,0.19799013253095568,0.5393866795726976,0.2567702836743847,0.017510763133409768,0.29161816734846435,0.3225823382376096,0.3145339521952661,0.0019052525417943094,0,0,DATA
224,9.333333333333334,0.22156420861613874,0.1702709438858259,0.6396106312474239,0.16098270990284344,0.2338828039896514,0.7143395057893842,0.24112864242919388,0.8186904275599128,0.30820375730314986,0.4172329412402413,0.47108408630979653,0.3409125124842773,0.6283491090934132,0.23225155493722668,0.23816433248251156,0.51969966798468,0.2675120048191638,0.01812646443444068,0.3085258480238984,0.3204026796420696,0.3420700159821956,0.026516074375863768,0,0,DATA
228,9.5,0.22030317134866773,0.1659559753045512,0.6380628554923418,0.15780225948902218,0.2338828039896514,0.7143395057893842,0.24112864242919388,0.8186904275599128,0.30820375730314986,0.4172329412402413,0.47108408630979653,0.3409125124842773,0.635260667156794,0.23685015602596732,0.24995177464180945,0.5139445884086193,0.2691669364108439,0.01814159925747132,0.30623809798687784,0.31764210698815876,0.3402736329467225,0.0077658671038064175,0,0,DATA
232,9.666666666666666,0.21956119988059328,0.1454133112436262,0.6231983022775497,0.15121050551634968,0.2338828039896514,0.7143395057893842,0.24112864242919388,0.8186904275599128,0.30820375730314986,0.4172329412402413,0.47108408630979653,0.3409125124842773,0.6416480940286025,0.23247779041553052,0.2533321932813032,0.5129370577779334,0.2611499165327059,0.017494860451199135,0.29489972742593457,0.304158105708469,0.3320835470925438,0.00471340370724634,0,0,DATA
236,9.833333333333334,0.2186261089638847,0.13942310649123107,0.6301669984582591,0.1539145334610963,0.2338828039896514,0.7143395057893842,0.24112864242919388,0.8186904275599128,0.30820375730314986,0.4172329412402413,0.47108408630979653,0.3409125124842773,0.6448222650881479,0.22948882340172883,0.2541499497806425,0.5128444557550615,0.25926770095018,0.017116957301516536,0.29371036657777666,0.30393601727285674,0.33337448692214033,0.002326964857562138,0.0843434799760603,0,DATA
240,10.0,0.21800197309158703,0.13418007830459253,0.632293362765562,0.15615145187687876,0.22608817572167755,0.7205798460003214,0.23156215958605664,0.8235086465141612,0.30820375730314986,0.4172329412402413,0.47108408630979653,0.3409125124842773,0.6486228475842681,0.22548721346905504,0.2515855930011833,0.5129449694733383,0.2563225600644374,0.01663852154473211,0.2919136009901223,0.3025755799575109,0.333504593866897,0.003455516402751065,0,0,DATA
244,10.166666666666666,0.21724176983827717,0.1285504600935816,0.6343729586115188,0.161493284348724,0.22608817572167755,0.7205798460003214,0.23156215958605664,0.8235086465141612,0.30820375730314986,0.4172329412402413,0.47108408630979653,0.3409125124842773,0.6509452421574164,0.22271043739016982,0.25065664328415055,0.5131721602262068,0.25415816404346836,0.016325008936370733,0.2899256322242473,0.3013297540234161,0.33417239626577266,0.0020093734563554344,0,0,DATA
248,10.333333333333334,0.21633338832327803,0.12230882354024165,0.6361563281920424,0.1507032172286872,0.22608817572167755,0.7205798460003214,0.23156215958605664,0.8235086465141612,0.30820375730314986,0.4172329412402413,0.47108408630979653,0.3409125124842773,0.6529527042055624,0.22012974633156912,0.25018719825089086,0.5134587747314343,0.251320818703435,0.01604304096954018,0.2876039752160162,0.29810742726123374,0.3314331416023953,0.0016858660466687787,0,0,DATA
252,10.5,0.21562133400368694,0.1056380655635347,0.6391191163534573,0.14595820189969552,0.22608817572167755,0.7205798460003214,0.23156215958605664,0.8235086465141612,0.30820375730314986,0.4172329412402413,0.47108408630979653,0.3409125124842773,0.6570558019951145,0.21468772678051096,0.24989683333379883,0.5141282356121872,0.24549705531716978,0.015461441159269203,0.28138581879369823,0.29171104812215803,0.3286530164484855,0.0032784940859007607,0,0,DATA
256,10.666666666666666,0.2151139535675381,0.09204838478414984,0.6427179579604198,0.14473666132203522,0.22608817572167755,0.7205798460003214,0.23156215958605664,0.8235086465141612,0.30820375730314986,0.4172329412402413,0.47108408630979653,0.3409125124842773,0.661140564295651,0.20925001029696574,0.24970317396707997,0.5148047127036917,0.24040248543717824,0.014890331486175391,0.276568238716107,0.287131198147497,0.32721922857417146,0.003238712716933545,0.02761451543524495,0,DATA
260,10.833333333333334,0.21452310625104742,0.07914008634928246,0.6463699235458249,0.1435184448885489,0.22608817572167755,0.7205798460003214,0.23156215958605664,0.8235086465141612,0.30820375730314986,0.4172329412402413,0.47108408630979653,0.3409125124842773,0.6650767356571341,0.2040043717901393,0.24952099822060125,0.5154594462763632,0.23553201401109353,0.014348420129435512,0.27201714299594293,0.28282347734252483,0.3258932471869463,0.0031213285382627374,0,0,DATA
264,11.0,0.21399664299480478,0.06691617782760514,0.6500849622343705,0.14252795541646798,0.22608817572167755,0.7205798460003214,0.23156215958605664,0.8235086465141612,0.30820375730314986,0.4172329412402413,0.47108408630979653,0.3409125124842773,0.6688246078551312,0.19900798585202173,0.2493557882128467,0.5160837031464235,0.23094242508799742,0.013840375028445795,0.2677652946737326,0.278844083941961,0.32473767636079065,0.002969822714623075,0,0,DATA
268,11.166666666666666,0.21380051219205634,0.030931908322267252,0.6547784353079245,0.1399154944261693,0.22608817572167755,0.7205798460003214,0.23156215958605664,0.8235086465141612,0.30820375730314986,0.4172329412402413,0.47108408630979653,0.3409125124842773,0.6775056661106513,0.18743347460909185,0.24926503774194314,0.5175304296401284,0.2186832630863801,0.012693709043951297,0.25427105532575855,0.26555794580231246,0.3199712989250439,0.006782106656451191,0,0,DATA
272,11.333333333333334,0.21443076896891236,0.10489217027899242,0.6589374861006111,0.14090466259760231,0.22608817572167755,0.7205798460003214,0.23156215958605664,0.8235086465141612,0.30820375730314986,0.4172329412402413,0.47108408630979653,0.3409125124842773,0.6645783285763951,0.20466999458409593,0.24937016652381183,0.5153758384197544,0.24144789034858677,0.0144166578514681,0.28481302162235717,0.296614733995323,0.3323659602286965,0.010089662097043003,0,0,DATA
276,11.5,0.2143438979491369,0.10905725393546122,0.6639444199791881,0.17726947917558675,0.22608817572167755,0.7205798460003214,0.23156215958605664,0.8235086465141612,0.30820375730314986,0.4172329412402413,0.47108408630979653,0.3409125124842773,0.6598254597482598,0.21100717400040842,0.24938346224421962,0.5145836831256658,0.24796508643037582,0.015073646365135654,0.287463067656705,0.30340195507532697,0.3415067324604304,0.003701114654951857,0.032717176180638366,0,DATA
280,11.666666666666666,0.21564427921275342,0.11393353154912776,0.6689251035512319,0.1894203598883,0.20063334014161216,0.7443987952454301,0.2222885178376906,0.856817470043573,0.30820375730314986,0.4172329412402413,0.47108408630979653,0.3409125124842773,0.6640448865895797,0.20892817008531506,0.24706391133615893,0.5135134716625527,0.24868563625774956,0.014740002285885154,0.2906697916693037,0.30832183551640135,0.3460435592643957,0.0028726605548246575,0,0,DATA
284,11.833333333333334,0.2171895621229261,0.12356431601738425,0.6761183843233651,0.18401101295877034,0.20063334014161216,0.7443987952454301,0.2222885178376906,0.856817470043573,0.30820375730314986,0.4172329412402413,0.47108408630979653,0.3409125124842773,0.6632882499036418,0.21100108856189886,0.24669255547487698,0.5128553307672297,0.2522407553069095,0.014919774618401861,0.2962698181930674,0.3141002554244255,0.3483591560327788,0.0010669703412679032,0,0,DATA
288,12.0,0.21746595205924252,0.13244739121294924,0.6705024722025296,0.17768339551972087,0.20063334014161216,0.7443987952454301,0.2222885178376906,0.856817470043573,0.30820375730314986,0.4172329412402413,0.47108408630979653,0.3409125124842773,0.6611958131067918,0.2141102251596322,0.24663919060311884,0.512346980866788,0.254622626339683,0.015233702555553492,0.2987551438343896,0.31539122810975917,0.34704975478772637,0.001751646088780497,0,0,DATA
292,12.166666666666666,0.2168518322125859,0.13715372507171242,0.6711409076354878,0.17682964986582964,0.20063334014161216,0.7443987952454301,0.2222885178376906,0.856817470043573,0.30820375730314986,0.4172329412402413,0.47108408630979653,0.3409125124842773,0.6595797519573965,0.2163607396194059,0.2464942159737935,0.5120297542115988,0.2567192812710161,0.015467251096063055,0.3006425404951552,0.3172570937484315,0.3476831526093365,0.0013371834128314368,0,0,DATA
296,12.333333333333334,0.21706770047762694,0.14367528680451064,0.6739575873994466,0.17677051207587302,0.20063334014161216,0.7443987952454301,0.2222885178376906,0.856817470043573,0.30820375730314986,0.4172329412402413,0.47108408630979653,0.3409125124842773,0.6577254056486903,0.2188619312425215,0.24649605592065454,0.511706331554394,0.25961635164341323,0.015731284534345438,0.30385767479407444,0.3207479822447509,0.3493753160787587,0.0014524592928942721,0.14703724761818354,0,DATA
300,12.5,0.2167149792609351,0.14710717510516103,0.6749496287024251,0.1775408865754348,0.20063334014161216,0.7443987952454301,0.2222885178376906,0.856817470043573,0.30820375730314986,0.4172329412402413,0.47108408630979653,0.3409125124842773,0.6564484052129418,0.22057321745363828,0.24642253644920756,0.5114891886667099,0.26131386773719195,0.0159134389309371,0.30535829413159193,0.32242484316252246,0.35025691242784407,0.0010206020394374256,0,0,DATA
304,12.666666666666666,0.21695726233869614,0.15201926717170813,0.6770824667215269,0.17542666309925153,0.20063334014161216,0.7443987952454301,0.2222885178376906,0.856817470043573,0.30820375730314986,0.4172329412402413,0.47108408630979653,0.3409125124842773,0.6550337657482423,0.22246198909560652,0.24645136005410329,0.5112521225780755,0.2634238197224862,0.01611579367491806,0.30779815517758335,0.3248665656628057,0.35112831935514105,0.0011107449038544697,0,0,DATA
308,12.833333333333334,0.21336802282344564,0.16349771348726266,0.6698373994727963,0.17187717377312836,0.20063334014161216,0.7443987952454301,0.2222885178376906,0.856817470043573,0.30820375730314986,0.4172329412402413,0.47108408630979653,0.3409125124842773,0.6521989001825661,0.2262425855565523,0.2457062668373694,0.5107792571304408,0.26623020220542976,0.01652435821724284,0.3102226723510089,0.32621162717874597,0.34996999767354187,0.0024535184144519697,0,0,DATA
312,13.0,0.2097541687615217,0.16349839671033395,0.662405965548467,0.16989979685253612,0.20063334014161216,0.7443987952454301,0.2222885178376906,0.856817470043573,0.30820375730314986,0.4172329412402413,0.47108408630979653,0.3409125124842773,0.6513482970360184,0.227376955797296,0.2447238295193452,0.5106373735833427,0.26565095819287027,0.016647826199233575,0.3080138880429868,0.32306196178623164,0.3473553808856094,0.0009891369017718716,0,0,DATA
316,13.166666666666666,0.20614584642617728,0.16397926433325682,0.6548989239585026,0.1716410355231669,0.20063334014161216,0.7443987952454301,0.2222885178376906,0.856817470043573,0.30820375730314986,0.4172329412402413,0.47108408630979653,0.3409125124842773,0.6509921338912402,0.2278519098039375,0.2436713506335156,0.5105779781524111,0.26489300818572475,0.016699642854190344,0.3059831623070942,0.32045465575840565,0.34553816613214844,0.0006278653457497488,0.10492480576079233,0,DATA
320,13.333333333333334,0.20275898954667337,0.15877308923035027,0.6475906583264363,0.16149644769886573,0.20580380242374727,0.6138713392037374,0.20120668232570804,0.8316792619825708,0.30820375730314986,0.4172329412402413,0.47108408630979653,0.3409125124842773,0.6154308940277431,0.22762246405636447,0.2367414530797158,0.5284733209579462,0.26236862878153555,0.018382679175285237,0.3017616677636175,0.3144878758692922,0.34056257020588526,0.014240194388289986,0,0,DATA
324,13.5,0.1986581798852019,0.08256216482319421,0.6413704982548113,0.15485502864895284,0.20580380242374727,0.6138713392037374,0.20120668232570804,0.8316792619825708,0.30820375730314986,0.4172329412402413,0.47108408630979653,0.3409125124842773,0.6207668161941968,0.20621457149808883,0.23380131378466687,0.5365093061538572,0.235990004597916,0.016422715784237627,0.2692131040541358,0.28065315424765674,0.32583752675077593,0.0098946513399261,0,0,DATA
328,13.666666666666666,0.19545239703787495,0.08428964953866934,0.6359606538462473,0.14768093219881995,0.20580380242374727,0.6138713392037374,0.20120668232570804,0.8316792619825708,0.30820375730314986,0.4172329412402413,0.47108408630979653,0.3409125124842773,0.6220048210538831,0.2002758994509392,0.23224605759821348,0.5388596397475888,0.23151059110928307,0.01589769813482598,0.2681809724891477,0.2783626285967989,0.3229887907811969,0.0029106443644297633,0,0,DATA
332,13.833333333333334,0.19103572251550194,0.08189146186313073,0.6305102495251724,0.14068283299202175,0.20580380242374727,0.6138713392037374,0.20120668232570804,0.8316792619825708,0.30820375730314986,0.4172329412402413,0.47108408630979653,0.3409125124842773,0.6228798419236521,0.1978228052876435,0.23085197909257915,0.5396486763943521,0.22836771813462875,0.01566662319624837,0.26524828165024267,0.2741850874051066,0.3194251742560004,0.0015740645128996718,0,0,DATA
336,14.0,0.1863377482403218,0.0751450314950758,0.622933869952492,0.1339136358950287,0.20580380242374727,0.6138713392037374,0.20120668232570804,0.8316792619825708,0.30820375730314986,0.4172329412402413,0.47108408630979653,0.3409125124842773,0.6245590985618743,0.19519787653559942,0.22944718094310101,0.540121512451263,0.22415756064989772,0.015389906012320015,0.2600948387334486,0.26759708682134514,0.31469547796070546,0.001902994513248148,0.02254350944852274,0,DATA
340,14.166666666666666,0.1829349180911681,0.06887411014456626,0.6182417192071679,0.1277099315380977,0.20580380242374727,0.6138713392037374,0.20120668232570804,0.8316792619825708,0.30820375730314986,0.4172329412402413,0.47108408630979653,0.3409125124842773,0.626379769036948,0.1926545399318435,0.2283111471669353,0.5404828455156041,0.2205447785959142,0.015115723078137334,0.25596747401434916,0.26238013659202025,0.3110007781854965,0.0018333469516651213,0,0,DATA
344,14.333333333333334,0.18416731476244344,0.13491647379849808,0.613504410076886,0.12258753363381994,0.20580380242374727,0.6138713392037374,0.20120668232570804,0.8316792619825708,0.30820375730314986,0.4172329412402413,0.47108408630979653,0.3409125124842773,0.6130570738121445,0.21038340077381765,0.22822914033505343,0.5382797627070188,0.24107409200762492,0.017095337430522405,0.2816834369841206,0.28711012885833576,0.31882156553728774,0.010377854299553188,0,0,DATA
348,14.5,0.18432982968828557,0.13485477436392046,0.6066689770160532,0.13043228153152475,0.20580380242374727,0.6138713392037374,0.20120668232570804,0.8316792619825708,0.30820375730314986,0.4172329412402413,0.47108408630979653,0.3409125124842773,0.6090732221259647,0.21568478318472817,0.2282386664199157,0.5376209973446535,0.2437515886873144,0.017706561038641794,0.2803241735832914,0.2858517969411937,0.31868865342901803,0.003098253393984183,0,0,DATA
352,14.666666666666666,0.18359168787707394,0.13909175273878802,0.6049630227443692,0.13786304176315153,0.20580380242374727,0.6138713392037374,0.20120668232570804,0.8316792619825708,0.30820375730314986,0.4172329412402413,0.47108408630979653,0.3409125124842773,0.6069883011613886,0.21846155185296423,0.22808651446501996,0.5372750734928236,0.24612903098000088,0.018030168581177102,0.2815301457166593,0.2876302496705559,0.3203100494825314,0.0016712805292359763,0,0,DATA
356,14.833333333333334,0.18241215356334847,0.14276015645008425,0.6055745552400629,0.13265814405541754,0.20580380242374727,0.6138713392037374,0.20120668232570804,0.8316792619825708,0.30820375730314986,0.4172329412402413,0.47108408630979653,0.3409125124842773,0.6055924600926434,0.220321735492598,0.22779316667266888,0.5370429022073793,0.24760291100366444,0.018248276273588528,0.2828839068375715,0.288524674270264,0.3198542601902299,0.0011831241669099934,0.09796239515319997,0,DATA
360,15.0,0.18665446413608178,0.13833123435541428,0.6171450636953811,0.12920803058318064,0.2476530160675381,0.6976489237652822,0.2517109204793029,0.8051239106753812,0.30820375730314986,0.4172329412402413,0.47108408630979653,0.3409125124842773,0.6295615050891332,0.22842802726317663,0.24273723423824412,0.521005233823845,0.2533478998524318,0.017769892269114212,0.2842749018053138,0.2907277087363145,0.3218167573526849,0.015673134777547875,0,0,DATA
364,15.166666666666666,0.1904260869679069,0.14565035592871703,0.6229856146525314,0.12725323558920765,0.2476530160675381,0.6976489237652822,0.2517109204793029,0.8051239106753812,0.30820375730314986,0.4172329412402413,0.47108408630979653,0.3409125124842773,0.6352152030576866,0.232909268834875,0.24801249530259994,0.515937764053719,0.2581321083888244,0.017841969670961633,0.28912498519242996,0.2959663677197484,0.3243609666123558,0.005136733534869209,0,0,DATA
368,15.333333333333334,0.19398766785025978,0.1524837229948665,0.6267991878759962,0.12683212189448395,0.2476530160675381,0.6976489237652822,0.2517109204793029,0.8051239106753812,0.30820375730314986,0.4172329412402413,0.47108408630979653,0.3409125124842773,0.6354763053643612,0.23616698408490633,0.2503430056072008,0.5141783552753663,0.2619057869790421,0.018078576933813092,0.2933333628400533,0.3005139913202458,0.32661130032743496,0.0019497759537689026,0,0,DATA
372,15.5,0.19903908344855037,0.15923802241797155,0.6321599518747653,0.12259293829477777,0.2476530160675381,0.6976489237652822,0.2517109204793029,0.8051239106753812,0.30820375730314986,0.4172329412402413,0.47108408630979653,0.3409125124842773,0.6341362331775114,0.23903550249838515,0.2521029559742221,0.5134141321620516,0.2655854235185535,0.018365430163156768,0.2981175185287072,0.305410305048806,0.3286219410804808,0.001989513655783287,0,0,DATA
376,15.666666666666666,0.2042075163398693,0.165591668256496,0.6391487136052887,0.08487623343078911,0.2476530160675381,0.6976489237652822,0.2517109204793029,0.8051239106753812,0.30820375730314986,0.4172329412402413,0.47108408630979653,0.3409125124842773,0.6323999458953664,0.24167507885721562,0.25371631199150546,0.5129624876237089,0.26792921051242446,0.01865635213336735,0.3030904157884855,0.3073104079952378,0.3242956807052245,0.0019964065527529515,0.10599659505999204,0,DATA
380,15.833333333333334,0.2088313851181498,0.16444767976314262,0.6430789084263165,0.07277154014274055,0.2476530160675381,0.6976489237652822,0.2517109204793029,0.8051239106753812,0.30820375730314986,0.4172329412402413,0.47108408630979653,0.3409125124842773,0.6321192972943271,0.24214663498672584,0.25517133124012936,0.5128670338594734,0.2683864511804579,0.01870702558971346,0.30434363311100576,0.307746175471056,0.3231480793566968,0.0007357413263911298,0,0,DATA
384,16.0,0.21275184085386292,0.1660113528477374,0.6462637558264472,0.07778650255379031,0.2476530160675381,0.6976489237652822,0.2517109204793029,0.8051239106753812,0.30820375730314986,0.4172329412402413,0.47108408630979653,0.3409125124842773,0.6317067313662504,0.24272593028926542,0.2564311327192163,0.512783669172242,0.26988063269883156,0.01877280851216425,0.3063901629720125,0.3106126863131808,0.32557388022519995,0.0007505542365677428,0,0,DATA
388,16.166666666666668,0.21790344944067372,0.16777986029441697,0.6500462583796328,0.08415041849113516,0.2476530160675381,0.6976489237652822,0.2517109204793029,0.8051239106753812,0.30820375730314986,0.4172329412402413,0.47108408630979653,0.3409125124842773,0.6312115750240248,0.24339490096509758,0.2578909109661726,0.5126967620054388,0.2716855619266205,0.018849856656561376,0.3088843881786836,0.3141215533689049,0.32857272602664833,0.0008746350883380346,0,0,DATA
392,16.333333333333332,0.2224538673642534,0.16934753646196787,0.65348442365064,0.09032586427655653,0.2476530160675381,0.6976489237652822,0.2517109204793029,0.8051239106753812,0.30820375730314986,0.4172329412402413,0.47108408630979653,0.3409125124842773,0.6307338161261714,0.2440345414947615,0.25928443220421127,0.5126158211895335,0.2733438055290511,0.018923877812945713,0.3111091752846213,0.31730770158048544,0.331357549718975,0.0008369735551853238,0,0,DATA
396,16.5,0.2235242728234456,0.1025606785904884,0.65682232934106,0.09116853379212289,0.2476530160675381,0.6976489237652822,0.2517109204793029,0.8051239106753812,0.30820375730314986,0.4172329412402413,0.47108408630979653,0.3409125124842773,0.644615728609826,0.2255261134496464,0.2599272737220532,0.5149290789702637,0.25207273934275376,0.016831171036629667,0.28527609436595197,0.29189267818241477,0.3224495719098906,0.011011060682203866,0.03430904517886177,0,DATA
400,16.666666666666668,0.22522621161178152,0.17073505111246337,0.659378082413868,0.09704472756006469,0.20312623400054464,0.5150172389807715,0.23079333469498908,0.8596326933551198,0.30820375730314986,0.4172329412402413,0.47108408630979653,0.3409125124842773,0.5833268123856447,0.22971178510819626,0.2546206093033485,0.5434807012530796,0.2661699351639212,0.020100095764059345,0.31339738174697074,0.3208571602475085,0.33466009868881075,0.02359375076714529,0,0,DATA
404,16.833333333333332,0.22815894319800573,0.1654075042986818,0.660141589664806,0.13452508406739205,0.20312623400054464,0.5150172389807715,0.23079333469498908,0.8596326933551198,0.30820375730314986,0.4172329412402413,0.47108408630979653,0.3409125124842773,0.5660589223492845,0.22947577349790238,0.2536444836108442,0.5522326520764065,0.2670013743648434,0.020911582533746368,0.31200561078889055,0.3232897756652549,0.3418411879395659,0.006160009113052802,0,0,DATA
408,17.0,0.23125327321099384,0.15954696572061833,0.6574293625572095,0.1462215767153291,0.20312623400054464,0.5150172389807715,0.23079333469498908,0.8596326933551198,0.30820375730314986,0.4172329412402413,0.47108408630979653,0.3409125124842773,0.5621092684397697,0.22776401921295641,0.2540014552058204,0.5550633561736369,0.2654265744754306,0.020944508129214563,0.3097378159387435,0.3219204073691419,0.3429327819068435,0.0020061265964789743,0,0,DATA
412,17.166666666666668,0.23306280244469588,0.155176416504328,0.6548439902976549,0.14840954140948825,0.20312623400054464,0.5150172389807715,0.23079333469498908,0.8596326933551198,0.30820375730314986,0.4172329412402413,0.47108408630979653,0.3409125124842773,0.5618421876023362,0.22602673914691135,0.25448854782339064,0.5560655366253762,0.2636069548165131,0.020797430129277494,0.3078344276470568,0.3199772783209157,0.34224940232171336,0.0008304845070162825,0,0,DATA
416,17.333333333333332,0.23926085658622426,0.15731759480952368,0.6665229993719384,0.14922635243454013,0.20312623400054464,0.5150172389807715,0.23079333469498908,0.8596326933551198,0.30820375730314986,0.4172329412402413,0.47108408630979653,0.3409125124842773,0.5613124159070151,0.2261050850525526,0.2559362669783827,0.5562912495202161,0.26592654874996746,0.020829793637697065,0.31226631161229745,0.3256587442960898,0.34627349895522674,0.0006852789186514626,0.06240984823800184,0,DATA
420,17.5,0.2438568376068376,0.15716373848998055,0.6676254306452805,0.14757433162799535,0.20312623400054464,0.5150172389807715,0.23079333469498908,0.8596326933551198,0.30820375730314986,0.4172329412402413,0.47108408630979653,0.3409125124842773,0.5611857942255227,0.22608550905477293,0.2573357387392091,0.5563643483598522,0.26632407554236115,0.020834001949527597,0.3133444515432713,0.3266819252737434,0.34665522226638323,0.000515223146699495,0,0,DATA
424,17.666666666666668,0.24510733513490868,0.15477819378029933,0.6644553668419277,0.14716180642619614,0.20312623400054464,0.5150172389807715,0.23079333469498908,0.8596326933551198,0.30820375730314986,0.4172329412402413,0.47108408630979653,0.3409125124842773,0.5616487721101081,0.22541168373672826,0.258018184748352,0.5564697720765817,0.2652412243357567,0.020749992552811788,0.3120063204043425,0.3249855352342994,0.3455474193215401,0.0006064164039243,0,0,DATA
428,17.833333333333332,0.24572950708061,0.15065854717715282,0.6577020567046398,0.1468666193676173,0.20312623400054464,0.5150172389807715,0.23079333469498908,0.8596326933551198,0.30820375730314986,0.4172329412402413,0.47108408630979653,0.3409125124842773,0.5626527912621445,0.22405603509243385,0.2583535746596921,0.5566455868227107,0.26299626074951504,0.020577959125194858,0.30913223412476654,0.3214065992351368,0.3432443245796005,0.0008983525692236501,0,0,DATA
432,18.0,0.24705338999916204,0.14582913985020454,0.6534971186216053,0.14883348584918044,0.20312623400054464,0.5150172389807715,0.23079333469498908,0.8596326933551198,0.30820375730314986,0.4172329412402413,0.47108408630979653,0.3409125124842773,0.5639681725464145,0.22229710644760003,0.2587322070459901,0.5568673605029927,0.26084819111308555,0.02035500884801816,0.30662426016109073,0.3186748181113138,0.34199444054796746,0.0011509807718006009,0,0,DATA
436,18.166666666666668,0.2489193166582873,0.14218511623099248,0.6483942060478651,0.15155758025980623,0.20312623400054464,0.5150172389807715,0.23079333469498908,0.8596326933551198,0.30820375730314986,0.4172329412402413,0.47108408630979653,0.3409125124842773,0.5651280318917301,0.22074910124077046,0.25923764136029576,0.5570614334337496,0.25898223261022013,0.020159495184088168,0.304519253530483,0.3163319296643946,0.3409035204096883,0.001071099622150277,0.04265553486929774,0,DATA
440,18.333333333333332,0.24998199733953413,0.13767979406480296,0.6426007584742742,0.15421412172195118,0.1948007727396514,0.7171305487102888,0.23112098311546841,0.8732155501089325,0.30820375730314986,0.4172329412402413,0.47108408630979653,0.3409125124842773,0.6230138340744894,0.21727486260740098,0.25970417615538355,0.5298556516590547,0.2556729002877628,0.017201019655334795,0.3017709712855383,0.31326995680830544,0.33941693655191585,0.02060885853707219,0,0,DATA
444,18.5,0.25148826357466064,0.1361982088786481,0.6398888565498031,0.1558442706449712,0.1948007727396514,0.7171305487102888,0.23112098311546841,0.8732155501089325,0.30820375730314986,0.4172329412402413,0.47108408630979653,0.3409125124842773,0.6406907076184098,0.21581774716526678,0.2601604525032864,0.5217457726081617,0.2544218564174919,0.0162845176236416,0.3009372100732075,0.31232802029582946,0.33899337970099147,0.006530088444652499,0,0,DATA
448,18.666666666666668,0.2520050708584716,0.1365209171275348,0.6372045665130461,0.1440236447568032,0.1948007727396514,0.7171305487102888,0.23112098311546841,0.8732155501089325,0.30820375730314986,0.4172329412402413,0.47108408630979653,0.3409125124842773,0.6459260009493197,0.21547097084231479,0.2604058649372576,0.5193015141041827,0.25351182868630984,0.016021460348348893,0.300632796822173,0.31057311545230243,0.3360582689798828,0.0019424940292776898,0,0,DATA
452,18.833333333333332,0.25060102700268144,0.07028196094142784,0.6328098795746573,0.1303344672068372,0.1948007727396514,0.7171305487102888,0.23112098311546841,0.8732155501089325,0.30820375730314986,0.4172329412402413,0.47108408630979653,0.3409125124842773,0.6614067697476751,0.19682003021331926,0.260184639457733,0.5208866000195028,0.2305357782760669,0.013994805259740468,0.27297746818889435,0.28110940037018833,0.3221455139217973,0.011450978302291822,0,0,DATA
456,19.0,0.25126054628582206,0.11472160146231143,0.6290351466123247,0.13019191444542716,0.1948007727396514,0.7171305487102888,0.23112098311546841,0.8732155501089325,0.30820375730314986,0.4172329412402413,0.47108408630979653,0.3409125124842773,0.6567186758777962,0.203667847370468,0.26025677086333515,0.5198067383758678,0.24134890253041247,0.014682227348555161,0.2901302816614094,0.29787048527032917,0.3279052181353787,0.0038693474775432593,0.03441648043869343,0,DATA
460,19.166666666666668,0.2533528154851684,0.120218367362626,0.6264675519907258,0.1375433817029358,0.1948007727396514,0.7171305487102888,0.23112098311546841,0.8732155501089325,0.30820375730314986,0.4172329412402413,0.47108408630979653,0.3409125124842773,0.6541579268777664,0.2072612869697007,0.26071778681687857,0.5192903930762663,0.2445377777056586,0.015052731364352525,0.2922339229370847,0.3004525138095954,0.32976735473646257,0.0022050681842686326,0,0,DATA
464,19.333333333333332,0.25685213989441935,0.12716768591187566,0.6238167859828732,0.14450107247364208,0.1948007727396514,0.7171305487102888,0.23112098311546841,0.8732155501089325,0.30820375730314986,0.4172329412402413,0.47108408630979653,0.3409125124842773,0.6519303452824151,0.2102851280432604,0.26159094972888425,0.5188922633371622,0.24770413498030036,0.015370713101154763,0.29518336203706425,0.3038326453858603,0.3318885316119532,0.0020415285269722305,0,0,DATA
468,19.5,0.25350662366976706,0.12767708195679958,0.6056026963154504,0.14390896185337465,0.1948007727396514,0.7171305487102888,0.23112098311546841,0.8732155501089325,0.30820375730314986,0.4172329412402413,0.47108408630979653,0.3409125124842773,0.6511550976343756,0.21133491125790702,0.26115034019530897,0.5187549955538586,0.24593849179340255,0.015481852361684617,0.2910751992766188,0.2978438625966458,0.32695844485531733,0.0007552134654204568,0,0,DATA
472,19.666666666666668,0.25179627272917715,0.13238469071711206,0.6111876025943145,0.1427910168456328,0.1948007727396514,0.7171305487102888,0.23112098311546841,0.8732155501089325,0.30820375730314986,0.4172329412402413,0.47108408630979653,0.3409125124842773,0.6499339255002982,0.21296797667518846,0.26065898363771245,0.5185490489122566,0.24816019132332823,0.015656101353653726,0.29373315384839865,0.30094851329553785,0.3286661886434729,0.0011151980363184784,0,0,DATA
476,19.833333333333332,0.25066609843723814,0.14137945936374258,0.6121606096087303,0.14156882213356015,0.1948007727396514,0.7171305487102888,0.23112098311546841,0.8732155501089325,0.30820375730314986,0.4172329412402413,0.47108408630979653,0.3409125124842773,0.6476786724442825,0.21597643152142948,0.26027424006912636,0.518172448017144,0.2513818863244256,0.015979551645619074,0.29729962785154623,0.30449006852891974,0.329901199322463,0.0018828171569476027,0.0637837589440951,0,DATA
480,20.0,0.2444033329143623,0.15236425960589192,0.6013550079307431,0.1389915607271933,0.19060325605936818,0.5378731694266683,0.18810031998910676,0.8455150462962963,0.30820375730314986,0.4172329412402413,0.47108408630979653,0.3409125124842773,0.5945032222772128,0.2190732335402441,0.24679785056336534,0.5432117720912715,0.2530967516750151,0.01865503296003493,0.29827987450823334,0.30413202887717156,0.32770579010572765,0.02324954723054845,0,0,DATA
484,20.166666666666668,0.23717510107675552,0.16052105004101633,0.5980306824659076,0.1351479430434318,0.19060325605936818,0.5378731694266683,0.18810031998910676,0.8455150462962963,0.30820375730314986,0.4172329412402413,0.47108408630979653,0.3409125124842773,0.5768376612357158,0.2222861754677233,0.24123700502573964,0.5504380816482805,0.2551986809909832,0.019753258956036863,0.29943207922179466,0.3045674392758731,0.32660668058427444,0.008813116168867291,0,0,DATA
488,20.333333333333332,0.2363869446015586,0.17673581685955003,0.6135207161050735,0.13221863800832406,0.19060325605936818,0.5378731694266683,0.18810031998910676,0.8455150462962963,0.30820375730314986,0.4172329412402413,0.47108408630979653,0.3409125124842773,0.5681328918913745,0.22779019275515652,0.23940323850466055,0.5520384576767345,0.26277403337168836,0.020658769278141916,0.3088583613820019,0.3152497942964862,0.33224672736230476,0.00534751771761786,0,0,DATA
492,20.5,0.23525133677936988,0.18258826868511444,0.6246756243782146,0.12672758249501778,0.19060325605936818,0.5378731694266683,0.18810031998910676,0.8455150462962963,0.30820375730314986,0.4172329412402413,0.47108408630979653,0.3409125124842773,0.5642924462047035,0.23108008445254452,0.2386146309056772,0.552313734671376,0.26671245882868105,0.02114350104880202,0.31320320220241815,0.32016102039288585,0.3347015503195445,0.002639648327680775,0,0,DATA
496,20.666666666666668,0.23460419023378581,0.18597859177089068,0.6337635248633217,0.129573477287189,0.19060325605936818,0.5378731694266683,0.18810031998910676,0.8455150462962963,0.30820375730314986,0.4172329412402413,0.47108408630979653,0.3409125124842773,0.5624283446506892,0.2330163424257783,0.23824214785140954,0.5522776564617662,0.2695692774325985,0.02141188280252482,0.3162474822246332,0.3243986799428289,0.3379865382075636,0.0013909475271719023,0.13953785819139017,0,DATA
500,20.833333333333332,0.23506708773252888,0.18695094623278757,0.6435368643421066,0.12522991466227246,0.19060325605936818,0.5378731694266683,0.18810031998910676,0.8455150462962963,0.30820375730314986,0.4172329412402413,0.47108408630979653,0.3409125124842773,0.5616649197474867,0.23386947906707956,0.2382276114098653,0.5522328005927168,0.27127282616363974,0.021527771343851178,0.3186836714048976,0.32737784680848003,0.33975330347143534,0.0005436993286827008,0,0,DATA
504,21.0,0.23689576525054462,0.18376990014222797,0.6556833466834774,0.08869243401832229,0.19060325605936818,0.5378731694266683,0.18810031998910676,0.8455150462962963,0.30820375730314986,0.4172329412402413,0.47108408630979653,0.3409125124842773,0.5621039119555434,0.2332347271541132,0.2386072727561853,0.5523306804451715,0.2705253804980181,0.02144784066954949,0.3202062849405511,0.32646136051387553,0.3351881387662056,0.0004844684891143758,0,0,DATA
508,21.166666666666668,0.23603916593346735,0.14253624873256038,0.6628339756793518,0.08110424057962584,0.19060325605936818,0.5378731694266683,0.18810031998910676,0.8455150462962963,0.30820375730314986,0.4172329412402413,0.47108408630979653,0.3409125124842773,0.5708946764139907,0.22149887918551642,0.23854128530349508,0.5538032222002465,0.2573725072879041,0.01995973312763627,0.30497163031244345,0.3111829494414857,0.3291874496842771,0.006864199959911425,0,0,DATA
512,21.333333333333332,0.23265404385579014,0.16220999207930664,0.6658063118121793,0.08757361770256851,0.19060325605936818,0.5378731694266683,0.18810031998910676,0.8455150462962963,0.30820375730314986,0.4172329412402413,0.47108408630979653,0.3409125124842773,0.5694004196487081,0.22348677293202632,0.2378106134313758,0.5535564037096328,0.26205768812593233,0.020208995234104944,0.31275857046217204,0.3199140609167913,0.3338369584363167,0.0014042741279705895,0,0,DATA
516,21.5,0.22939497313348414,0.17256991368644584,0.6672938302068894,0.09287055705404235,0.19060325605936818,0.5378731694266683,0.18810031998910676,0.8455150462962963,0.30820375730314986,0.4172329412402413,0.47108408630979653,0.3409125124842773,0.566776559081624,0.22698391910597826,0.23690700701805578,0.5531197609061989,0.2659432174110854,0.02065029843832834,0.3165482286395085,0.32438216486874616,0.33649630707412925,0.0023415377181186803,0.05177097410593375,0,DATA
520,21.666666666666668,0.227624591503268,0.18192097706325833,0.6767770763872399,0.11141884973380761,0.23781356379357296,0.6926196624878389,0.25081180215141613,0.8201477396514161,0.30820375730314986,0.4172329412402413,0.47108408630979653,0.3409125124842773,0.607354695659496,0.24056552532785436,0.253823359957161,0.5260398895063249,0.27732664200291646,0.019835954020299605,0.3218312269002604,0.33246831701550966,0.3438023984986702,0.023692031912951068,0,0,DATA
524,21.833333333333332,0.22657271241830068,0.18860844926856007,0.6765812015544639,0.11399947237318148,0.23781356379357296,0.6926196624878389,0.25081180215141613,0.8201477396514161,0.30820375730314986,0.4172329412402413,0.47108408630979653,0.3409125124842773,0.6181237674697443,0.24651249941190168,0.2586773712310494,0.5176818665591769,0.2819603916050376,0.019768825554877117,0.32425666499883243,0.33513222989474145,0.3451674872406495,0.0071900190560613515,0,0,DATA
528,22.0,0.2263161908727166,0.19512611621811035,0.6807166121698931,0.11509822654227593,0.23781356379357296,0.6926196624878389,0.25081180215141613,0.8201477396514161,0.30820375730314986,0.4172329412402413,0.47108408630979653,0.3409125124842773,0.6199857789534131,0.25012153838298995,0.26007970508864325,0.5149463413317984,0.2856883194165872,0.01996044573087304,0.32763950959262156,0.339038490966983,0.34737308861619987,0.002291128104116987,0,0,DATA
532,22.166666666666668,0.2322438123219373,0.1992872388307232,0.698426897195612,0.11560425032462192,0.23781356379357296,0.6926196624878389,0.25081180215141613,0.8201477396514161,0.30820375730314986,0.4172329412402413,0.47108408630979653,0.3409125124842773,0.6196705466498652,0.252369364405848,0.2617452057502578,0.5139800444721434,0.2903224795186378,0.020156535505427398,0.3340315399326546,0.3472521521878225,0.35311879516591277,0.0014095196626734974,0,0,DATA
536,22.333333333333332,0.23876417955002516,0.205692666149263,0.707058088999055,0.11502062133882034,0.23781356379357296,0.6926196624878389,0.25081180215141613,0.8201477396514161,0.30820375730314986,0.4172329412402413,0.47108408630979653,0.3409125124842773,0.6182308372219074,0.25483723186189655,0.2636141330666406,0.513465965458098,0.29436209559846144,0.020430689297046608,0.33962402266637676,0.35364939120330874,0.35677271814020295,0.0019255014001297217,0.11074717850741353,0,DATA
540,22.5,0.23789042860734042,0.20309651897876874,0.6972728915114312,0.11370684394873115,0.23781356379357296,0.6926196624878389,0.25081180215141613,0.8201477396514161,0.30820375730314986,0.4172329412402413,0.47108408630979653,0.3409125124842773,0.6183441152993239,0.25485067089097274,0.2639913235635916,0.5134026069048516,0.29265810059909486,0.020425704235745558,0.3364537741121173,0.34936924516127804,0.3535868661204366,0.0001679692011478847,0,0,DATA
544,22.666666666666668,0.2366672951231775,0.2095166607667861,0.6937306710387497,0.11264864074462098,0.23781356379357296,0.6926196624878389,0.25081180215141613,0.8201477396514161,0.30820375730314986,0.4172329412402413,0.47108408630979653,0.3409125124842773,0.6170298689470651,0.25665234230034045,0.26384762268100276,0.5131588943762972,0.29420108086717905,0.020640938044818858,0.3380687600359554,0.35052418871743696,0.3533303782812305,0.0010865395480717706,0,0,DATA
548,22.833333333333332,0.2321728818397017,0.21854368114453818,0.6835393416509412,0.11141018129185229,0.23781356379357296,0.6926196624878389,0.25081180215141613,0.8201477396514161,0.30820375730314986,0.4172329412402413,0.47108408630979653,0.3409125124842773,0.6147399207620595,0.2597204094289214,0.2628606856266962,0.5127698349045096,0.2958541934374421,0.02101258015842228,0.33874241965279933,0.35005486945022324,0.3514394657720398,0.0021149841226310397,0,0,DATA
552,23.0,0.22562341576587902,0.23552960069679602,0.6617761713971679,0.11273047506102589,0.23781356379357296,0.6926196624878389,0.25081180215141613,0.8201477396514161,0.30820375730314986,0.4172329412402413,0.47108408630979653,0.3409125124842773,0.6104858932005838,0.2653968870421278,0.2611892166349014,0.5120586098786442,0.29889510116813556,0.021708924594747596,0.3398742602081833,0.34914242235714715,0.34815567328788766,0.003867324722158986,0,0,DATA
556,23.166666666666668,0.2210896912183677,0.24493673474771413,0.6436907281270833,0.11834983337227582,0.23781356379357296,0.6926196624878389,0.25081180215141613,0.8201477396514161,0.30820375730314986,0.4172329412402413,0.47108408630979653,0.3409125124842773,0.6072341867814481,0.26973382786034683,0.2597356937823856,0.5115159926791024,0.30069423028345277,0.022247867512945618,0.33911328026503135,0.3471348339181118,0.34571588178550305,0.003014056696623487,0.1298761199461895,0,DATA
560,23.333333333333332,0.2182455654537456,0.25604779794440063,0.6337542736150931,0.11751642192997759,0.20710754527505443,0.5705412323864407,0.2159184368191721,0.8413626770152506,0.30820375730314986,0.4172329412402413,0.47108408630979653,0.3409125124842773,0.5697433911560119,0.26769774391199586,0.2489322282230319,0.5312794324659961,0.2997971089656115,0.024187531933059954,0.3410015894883835,0.347946156546035,0.3444473327720866,0.016776781711046962,0,0,DATA
564,23.5,0.2220656645403888,0.2602339202089131,0.6404065090506207,0.112704012134699,0.20710754527505443,0.5705412323864407,0.2159184368191721,0.8413626770152506,0.30820375730314986,0.4172329412402413,0.47108408630979653,0.3409125124842773,0.5576170667928334,0.26825903296155407,0.2464934093634209,0.5370619501228062,0.30171504174505204,0.024921375750778556,0.34477050529862263,0.3518990549202991,0.346157837920254,0.005042144090782574,0,0,DATA
568,23.666666666666668,0.22218516947377243,0.25762653181330175,0.6378551181924572,0.11576911360322732,0.20710754527505443,0.5705412323864407,0.2159184368191721,0.8413626770152506,0.30820375730314986,0.4172329412402413,0.47108408630979653,0.3409125124842773,0.5545267210469582,0.26769735092565033,0.24578685974154812,0.5388879640136957,0.30078684793064425,0.025042923503617434,0.34324117275542215,0.3504210934381351,0.34575385273341547,0.001452859134550566,0,0,DATA
572,23.833333333333332,0.22349749795751636,0.2515011593422815,0.6334863507455389,0.12061902262079094,0.20710754527505443,0.5705412323864407,0.2159184368191721,0.8413626770152506,0.30820375730314986,0.4172329412402413,0.47108408630979653,0.3409125124842773,0.5548859455421099,0.26581374202299357,0.24585048383657251,0.5396501562174483,0.29845135353945884,0.024846660812920442,0.34017973597437917,0.34740777081415664,0.34484406965291997,0.000768819164277614,0,0,DATA
576,24.0,0.2226897676805765,0.2469875555658632,0.6240841590247649,0.12178835298518634,0.20710754527505443,0.5705412323864407,0.2159184368191721,0.8413626770152506,0.30820375730314986,0.4172329412402413,0.47108408630979653,0.3409125124842773,0.5559415696837033,0.26398485029479946,0.2456999477069225,0.5400367900107486,0.29548573368424313,0.024617186632330153,0.33633231006426906,0.34273705876840865,0.3419695742014488,0.0010116839998125238,0.13840577408582178,0,DATA
580,24.166666666666668,0.22121322220127365,0.2407548799961336,0.6159332981542818,0.12311178850867047,0.20710754527505443,0.5705412323864407,0.2159184368191721,0.8413626770152506,0.30820375730314986,0.4172329412402413,0.47108408630979653,0.3409125124842773,0.5575671187958245,0.2616910336168169,0.24534471231737387,0.5403709237936793,0.292068926064434,0.024313950777561277,0.33191375856642,0.3376357647358597,0.3391139902051351,0.001424867059884131,0,0,DATA
584,24.333333333333332,0.21821784135662808,0.2368950409648249,0.6063282509524407,0.12415137740739868,0.20710754527505443,0.5705412323864407,0.2159184368191721,0.8413626770152506,0.30820375730314986,0.4172329412402413,0.47108408630979653,0.3409125124842773,0.5588653497260357,0.25992213368465567,0.2446091117231337,0.5406062582946543,0.2890393592842845,0.024078738503703064,0.3278497373445992,0.3327151976837277,0.3360421322452596,0.001267577152204195,0,0,DATA
588,24.5,0.2150245294431875,0.23283539876303444,0.5994708718973318,0.12337874409637109,0.20710754527505443,0.5705412323864407,0.2159184368191721,0.8413626770152506,0.30820375730314986,0.4172329412402413,0.47108408630979653,0.3409125124842773,0.5601073438674751,0.258254763888506,0.24371783604303912,0.5408189461220094,0.28628013888217874,0.023856918549616524,0.32421574227017314,0.3283182013726879,0.3332449832976643,0.0012668798725611978,0,0,DATA
592,24.666666666666668,0.21259341744176302,0.22926200136363056,0.5933130854960698,0.12494402218001588,0.20710754527505443,0.5705412323864407,0.2159184368191721,0.8413626770152506,0.30820375730314986,0.4172329412402413,0.47108408630979653,0.3409125124842773,0.5612303555637816,0.256754001677828,0.24293991981871163,0.5410078213791951,0.28393712576694774,0.023657731024988932,0.32106860362987427,0.32471181190062737,0.3312394715040247,0.0011338967104373432,0,0,DATA
596,24.833333333333332,0.2119671539823194,0.22983346818407505,0.5870750186952961,0.12389974954016823,0.20710754527505443,0.5705412323864407,0.2159184368191721,0.8413626770152506,0.30820375730314986,0.4172329412402413,0.47108408630979653,0.3409125124842773,0.5614472510403803,0.2564637837243491,0.24257502962493022,0.5410444826176353,0.2830139896876893,0.023619308445788717,0.31992432430600865,0.3228392986326996,0.32949419395298407,0.0002906678746196674,0.06895004045522252,0,DATA
600,25.0,0.21573265590958607,0.22866273320735506,0.5891844074277356,0.12328148025914391,0.19988528050108928,0.49261900737664366,0.22464248025599126,0.8598975354030501,0.30820375730314986,0.4172329412402413,0.47108408630979653,0.3409125124842773,0.5399399510257279,0.2545322369422911,0.24569905013383114,0.5527639060159905,0.2821973800530124,0.024591023812572305,0.32063100844726183,0.3236950947190943,0.3300988272261077,0.008854289101870435,0,0,DATA
604,25.166666666666668,0.22127132169641361,0.21859488488808582,0.6009758988208997,0.1206790915843172,0.19988528050108928,0.49261900737664366,0.22464248025599126,0.8598975354030501,0.30820375730314986,0.4172329412402413,0.47108408630979653,0.3409125124842773,0.5356020091683787,0.25113377537827836,0.24779937610173522,0.5566321077266714,0.2803014240666545,0.024491464350282748,0.32006990055555246,0.3240528970992187,0.3315699116702258,0.0032789097964219895,0,0,DATA
608,25.333333333333332,0.22533655155438245,0.21772477371977478,0.6092783747053312,0.1142327616686462,0.19988528050108928,0.49261900737664366,0.22464248025599126,0.8598975354030501,0.30820375730314986,0.4172329412402413,0.47108408630979653,0.3409125124842773,0.5344833499565194,0.24987060578194742,0.24928317216227985,0.5578230221307666,0.2804679668200686,0.024426974743068937,0.32219539723670815,0.3263640083772504,0.3326322709687497,0.0012885416229116524,0,0,DATA
612,25.5,0.2280928898001508,0.2130470813214978,0.6112903909052856,0.10513335511581419,0.19988528050108928,0.49261900737664366,0.22464248025599126,0.8598975354030501,0.30820375730314986,0.4172329412402413,0.47108408630979653,0.3409125124842773,0.5351300675965998,0.2481819010315306,0.2503071420120546,0.5583440156859348,0.27880428592763695,0.024228183746817747,0.3212779911665419,0.3247378632717964,0.33088937367300714,0.0011197974134239952,0,0,DATA
616,25.666666666666668,0.2217644963968493,0.2060493959015987,0.5952980286694894,0.09750366928282654,0.19988528050108928,0.49261900737664366,0.22464248025599126,0.8598975354030501,0.30820375730314986,0.4172329412402413,0.47108408630979653,0.3409125124842773,0.5367935968268026,0.24571593768883376,0.24928537035229376,0.5587452327421818,0.2734745358809558,0.023901611096826574,0.3140147658707627,0.31511243316913884,0.3236828537941456,0.0017170880775535153,0.06181481877047961,0,DATA
620,25.833333333333332,0.2164372145760013,0.19804110114179682,0.5922117079877836,0.08040015525176501,0.19988528050108928,0.49261900737664366,0.22464248025599126,0.8598975354030501,0.30820375730314986,0.4172329412402413,0.47108408630979653,0.3409125124842773,0.5389743974954219,0.24273382615328018,0.2478601096719874,0.559145888175649,0.2689232602093403,0.023500366774617077,0.3091287274663312,0.3082074112934306,0.3177565984214517,0.002196057628159729,0,0,DATA
624,26.0,0.21309693548893913,0.21540114680274267,0.6007731413898596,0.08005500816671886,0.19988528050108928,0.49261900737664366,0.22464248025599126,0.8598975354030501,0.30820375730314986,0.4172329412402413,0.47108408630979653,0.3409125124842773,0.535983028107209,0.24670000547767895,0.24673107285961243,0.5586584832075561,0.27482691890761324,0.024039327796614378,0.3171169765937123,0.3170172890525147,0.32209790629539714,0.0026955285083288725,0,0,DATA
628,26.166666666666668,0.21202387872884196,0.21631587013432096,0.6058654961432853,0.08806972504769163,0.19988528050108928,0.49261900737664366,0.22464248025599126,0.8598975354030501,0.30820375730314986,0.4172329412402413,0.47108408630979653,0.3409125124842773,0.5348935253911137,0.2481459818078405,0.24616701989627954,0.558480246400523,0.2766866871436049,0.024237003585271158,0.3182867255250093,0.3194977451472515,0.3250038411836752,0.0010331773365299206,0,0,DATA
632,26.333333333333332,0.21287124759091672,0.2364531039616957,0.6127457764771799,0.0955583271233088,0.19988528050108928,0.49261900737664366,0.22464248025599126,0.8598975354030501,0.30820375730314986,0.4172329412402413,0.47108408630979653,0.3409125124842773,0.5303378554725364,0.2542182001785539,0.24617575146831538,0.5577219721744547,0.2847449428104709,0.025073299665492044,0.3278871488951531,0.3305350567583465,0.33132695364258596,0.0035455399537754986,0,0,DATA
636,26.5,0.2117128909523211,0.24948934337566753,0.6170167643527092,0.10088498820903334,0.19988528050108928,0.49261900737664366,0.22464248025599126,0.8598975354030501,0.30820375730314986,0.4172329412402413,0.47108408630979653,0.3409125124842773,0.5262335442200291,0.25969001272568004,0.24593511604582108,0.5570382215271454,0.29074674510238696,0.0258368075554052,0.3337241709081286,0.33733184366744734,0.3352996330768494,0.0032722530740425895,0.0874954815638649,0,DATA
640,26.666666666666668,0.20041789084757833,0.26020235002195113,0.5830566153320645,0.11520571087108347,0.27281807427832244,0.42827387838760117,0.18344294662309368,0.710245438453159,0.30820375730314986,0.4172329412402413,0.47108408630979653,0.3409125124842773,0.5047358833316256,0.2796470850439962,0.23195510597986546,0.557808515812189,0.3000290805724073,0.029084824976172118,0.3289583437415645,0.3306020738650238,0.33015119134056653,0.018478247757558446,0,0,DATA
644,26.833333333333332,0.19289271330861404,0.25618754142403855,0.5600250990567106,0.12661831170652996,0.27281807427832244,0.42827387838760117,0.18344294662309368,0.710245438453159,0.30820375730314986,0.4172329412402413,0.47108408630979653,0.3409125124842773,0.49912969487066616,0.2845100603320756,0.2261808156768963,0.5573098172692952,0.29939520424684707,0.02992555455348729,0.32124108153953584,0.3217229201190044,0.325321093395234,0.005414484684002648,0,0,DATA
648,27.0,0.17952635982277526,0.2513381892011975,0.5215378768801698,0.14967883018491226,0.27281807427832244,0.42827387838760117,0.18344294662309368,0.710245438453159,0.30820375730314986,0.4172329412402413,0.47108408630979653,0.3409125124842773,0.49846620229917493,0.2846111342961039,0.2216415943539794,0.5569275340015354,0.2939145980686928,0.02997584164080755,0.3089306255179235,0.3078697937275762,0.31824735336476523,0.0017679292861454792,0,0,DATA
652,27.166666666666668,0.19899875748910675,0.3103683893169247,0.5470897944110085,0.16552943804566872,0.27281807427832244,0.42827387838760117,0.18344294662309368,0.710245438453159,0.30820375730314986,0.4172329412402413,0.47108408630979653,0.3409125124842773,0.4858708125034248,0.301169912517716,0.2243690314670339,0.5423504499928543,0.31855274325161387,0.032516450908441075,0.34154756860364843,0.3446269893524606,0.33860722410361843,0.010627201710138923,0,0,DATA
656,27.333333333333332,0.21912543730098877,0.3041044586098256,0.5611938535422828,0.17248780803015862,0.27281807427832244,0.42827387838760117,0.18344294662309368,0.710245438453159,0.30820375730314986,0.4172329412402413,0.47108408630979653,0.3409125124842773,0.48340762101319057,0.3043836453862119,0.2294138653614455,0.5395119878134893,0.3230597103396586,0.03302087701389552,0.34588814410944,0.35107380776982866,0.3445979912584583,0.003573919417713891,0.19783148284603308,0,DATA
660,27.5,0.2227420735922574,0.30544577650755855,0.5485946307130359,0.18229156692832682,0.27281807427832244,0.42827387838760117,0.18344294662309368,0.710245438453159,0.30820375730314986,0.4172329412402413,0.47108408630979653,0.3409125124842773,0.4823869868075964,0.30572333425812587,0.23168680915093537,0.5383318262747352,0.32324770904616285,0.03323173901220115,0.34462815396093754,0.3495342712282184,0.34397179864456706,0.001544422288999342,0,0,DATA
664,27.666666666666668,0.22282665336433716,0.301814082263787,0.5419787288354622,0.18617144611725006,0.27281807427832244,0.42827387838760117,0.18344294662309368,0.710245438453159,0.30820375730314986,0.4172329412402413,0.47108408630979653,0.3409125124842773,0.48284345233711023,0.305108366531444,0.2323864540399191,0.5388675429028331,0.32166571065516475,0.03313564579467768,0.34186921184233016,0.34650172684074587,0.3425575028536005,0.0005903593817264685,0,0,DATA
668,27.833333333333332,0.23282997894670687,0.28522565378166675,0.553522619315034,0.18682762194693242,0.27281807427832244,0.42827387838760117,0.18344294662309368,0.710245438453159,0.30820375730314986,0.4172329412402413,0.47108408630979653,0.3409125124842773,0.4864639619772096,0.30027911623844583,0.23469704587891185,0.5430924228693819,0.3183257918595521,0.03238287100735605,0.33954328366187037,0.3453958052912115,0.34408677892534884,0.0035867839240301034,0,0,DATA
672,28.0,0.2488037395780962,0.2848818119281064,0.5629015611620292,0.18878843708896084,0.27281807427832244,0.42827387838760117,0.18344294662309368,0.710245438453159,0.30820375730314986,0.4172329412402413,0.47108408630979653,0.3409125124842773,0.48762232165848707,0.29873406543154946,0.23874471316320145,0.5444441281134687,0.3198255531566763,0.03214358004634117,0.34447628741612313,0.35146278474436665,0.34836947720060824,0.002250359257487816,0,0,DATA
676,28.166666666666668,0.2641603690087146,0.26256897532105433,0.5625253480486568,0.19524197805665217,0.27281807427832244,0.42827387838760117,0.18344294662309368,0.710245438453159,0.30820375730314986,0.4172329412402413,0.47108408630979653,0.3409125124842773,0.4926555252503513,0.29202295593950595,0.2431839055289182,0.5503162846554226,0.3136703600238744,0.031112808971153372,0.3385472360367515,0.34614146615042696,0.34775486956780743,0.0053945018165414875,0.10186484108761061,0,DATA
680,28.333333333333332,0.2723846389517345,0.256733838853312,0.5625111549233586,0.20128636720702442,0.28767939814814814,0.8105519603666089,0.32456690836056645,0.7993664896514161,0.30820375730314986,0.4172329412402413,0.47108408630979653,0.3409125124842773,0.6024287279402585,0.2914966628935885,0.2857574692131598,0.5030373045830765,0.3133189763479058,0.024337046804232463,0.3378551968131989,0.3460524465293817,0.34890735564069797,0.05095768647335542,0,0,DATA
684,28.5,0.2847779977375566,0.23359557666794448,0.5613873832957074,0.2058297969313106,0.28767939814814814,0.8105519603666089,0.32456690836056645,0.7993664896514161,0.30820375730314986,0.4172329412402413,0.47108408630979653,0.3409125124842773,0.6402197238061579,0.2848600615679103,0.30113214366345487,0.4874601073129658,0.30667324689935915,0.021522276641774505,0.33085380937068604,0.3393930248965324,0.3473036952294195,0.019934090547290877,0,0,DATA
688,28.666666666666668,0.2884906045751634,0.21949575723564413,0.5478977878667038,0.20839627502865446,0.28767939814814814,0.8105519603666089,0.32456690836056645,0.7993664896514161,0.30820375730314986,0.4172329412402413,0.47108408630979653,0.3409125124842773,0.6545179846467107,0.2789211317291628,0.3065241934344408,0.48328044181206326,0.2996348341063644,0.0202360692900264,0.3232584838794866,0.3307053876721669,0.34270087976055297,0.008543080150095453,0,0,DATA
692,28.833333333333332,0.29972377372423326,0.20731428784162345,0.5812996635741421,0.2082555546155836,0.28767939814814814,0.8105519603666089,0.32456690836056645,0.7993664896514161,0.30820375730314986,0.4172329412402413,0.47108408630979653,0.3409125124842773,0.6613655714716209,0.2737286413472127,0.3105007738870413,0.4824528935905832,0.2994715545744464,0.01946572782723723,0.32731290509317995,0.338085924415297,0.3503193011106023,0.005338885886486899,0,0,DATA
696,29.0,0.3077963303376906,0.20108636518792863,0.6046323274925297,0.2109651836553358,0.28767939814814814,0.8105519603666089,0.32456690836056645,0.7993664896514161,0.30820375730314986,0.4172329412402413,0.47108408630979653,0.3409125124842773,0.66472771127637,0.27042707588959314,0.31338898491164746,0.48242260641701845,0.3000482570361567,0.019040007979931963,0.331102780138071,0.3444800287560021,0.35656746016144114,0.0031839720956582753,0.060325909556378586,0,DATA
700,29.166666666666668,0.32012664707977206,0.19331079244980376,0.6419169417959281,0.21536032253063425,0.28767939814814814,0.8105519603666089,0.32456690836056645,0.7993664896514161,0.30820375730314986,0.4172329412402413,0.47108408630979653,0.3409125124842773,0.6673692234928008,0.26725944588563233,0.3168448147348664,0.4826856653107834,0.3025399720064665,0.01866873057290255,0.33791553725191703,0.35546076118771774,0.36683433727583986,0.003088324014536866,0,0,DATA
704,29.333333333333332,0.29831940254734374,0.12016115966077183,0.6128307859072057,0.22034741677056377,0.28767939814814814,0.8105519603666089,0.32456690836056645,0.7993664896514161,0.30820375730314986,0.4172329412402413,0.47108408630979653,0.3409125124842773,0.6835231000434268,0.24582725970351516,0.3133020423300222,0.485324820126529,0.27294128455130734,0.01633771630591546,0.2984770040520741,0.3136123218229956,0.3474070477800475,0.01370961171252912,0,0,DATA
708,29.5,0.2756572934996648,0.12412744809939481,0.603244013087958,0.22443929545093044,0.28767939814814814,0.8105519603666089,0.32456690836056645,0.7993664896514161,0.30820375730314986,0.4172329412402413,0.47108408630979653,0.3409125124842773,0.6875363424365037,0.24050816461169444,0.3074801677085563,0.48597774647590086,0.2675847273314852,0.01578151276557523,0.29361374305413795,0.3081995714111713,0.3441574626723345,0.005051404035454528,0,0,DATA
712,29.666666666666668,0.2692406870600804,0.11845136488037748,0.6240980963900555,0.2273600564855805,0.28767939814814814,0.8105519603666089,0.32456690836056645,0.7993664896514161,0.30820375730314986,0.4172329412402413,0.47108408630979653,0.3409125124842773,0.6899322926304206,0.23732313278282335,0.30438611796980386,0.486372287293378,0.2668715268415907,0.015453110334424626,0.29423080513903366,0.3111941179297418,0.34846206257797785,0.002891677253846777,0,0,DATA
716,29.833333333333332,0.2665932158119658,0.12240683408428812,0.639362321458026,0.22984551292898966,0.28767939814814814,0.8105519603666089,0.32456690836056645,0.7993664896514161,0.30820375730314986,0.4172329412402413,0.47108408630979653,0.3409125124842773,0.6898204291557742,0.237475154611257,0.302901934086074,0.48635220811648433,0.26931494257732025,0.015468587724132028,0.2983363435845691,0.31707462452641516,0.35310378338942744,0.0005826897289366029,0.036722050225286434,0,DATA
720,30.0,0.2570833595190213,0.12548135666883,0.6398879172005173,0.22984456328297598,0.24068670002723308,0.5167566750009718,0.23570686955337689,0.8034667755991285,0.30820375730314986,0.4172329412402413,0.47108408630979653,0.3409125124842773,0.6068785404682483,0.22851316087806667,0.2755787982334237,0.5323041493268426,0.26373191495075565,0.0188650197385859,0.2977693005082952,0.31656004605978905,0.35274518515423436,0.03974233942445554,0,0,DATA
724,30.166666666666668,0.24253727532679742,0.12645737009863353,0.6388934816548092,0.22962722638345265,0.24068670002723308,0.5167566750009718,0.23570686955337689,0.8034667755991285,0.30820375730314986,0.4172329412402413,0.47108408630979653,0.3409125124842773,0.5817910110417317,0.22609784651845455,0.26432717979726156,0.5460555712199068,0.26114717600691306,0.019856791877606163,0.2950516019326302,0.3137211702396009,0.3511449024831508,0.012918154074096947,0,0,DATA
728,30.333333333333332,0.22553782129839117,0.17451751075527475,0.618730642400962,0.22337913324919292,0.24068670002723308,0.5167566750009718,0.23570686955337689,0.8034667755991285,0.30820375730314986,0.4172329412402413,0.47108408630979653,0.3409125124842773,0.5641721226758821,0.23883009159443047,0.2573818089204476,0.5484988928648438,0.27244672479945675,0.021858650490752307,0.306843199538836,0.32287167460699606,0.3503636497384926,0.012432168106213152,0,0,DATA
732,30.5,0.22507790242165243,0.18370115846059407,0.6282673008702709,0.22626376259757827,0.24068670002723308,0.5167566750009718,0.23570686955337689,0.8034667755991285,0.30820375730314986,0.4172329412402413,0.47108408630979653,0.3409125124842773,0.5569578901480101,0.24522118647471264,0.2552016146932883,0.5489104616886386,0.2789737560405905,0.02281509548559463,0.3123320065394778,0.3296026103894072,0.35465629549362093,0.005261840545104497,0,0,DATA
736,30.666666666666668,0.20531179953284734,0.192883426461242,0.6013419463656225,0.2339342318587367,0.24068670002723308,0.5167566750009718,0.23570686955337689,0.8034667755991285,0.30820375730314986,0.4172329412402413,0.47108408630979653,0.3409125124842773,0.5528653441095125,0.24970954997897873,0.2503966748184914,0.5487125529557544,0.27863042502203794,0.02344729667750802,0.3066666222610463,0.3220117375866267,0.3488597806309072,0.004461949805853525,0.10769831724634797,0,DATA
740,30.833333333333332,0.2007378472222222,0.18579761294918282,0.595576310869791,0.22128469227396017,0.24068670002723308,0.5167566750009718,0.23570686955337689,0.8034667755991285,0.30820375730314986,0.4172329412402413,0.47108408630979653,0.3409125124842773,0.5531256011354957,0.24907203124688196,0.2479946628708211,0.5489011838088111,0.2755504095931095,0.02337382198985639,0.3017643792949313,0.31526797711245086,0.34336819658212264,0.001099929235250106,0,0,DATA
744,31.0,0.2012028068438914,0.18207557308571304,0.5894641493243724,0.2222584670561278,0.24068670002723308,0.5167566750009718,0.23570686955337689,0.8034667755991285,0.30820375730314986,0.4172329412402413,0.47108408630979653,0.3409125124842773,0.5539853066146192,0.2478386044654814,0.24737170080707052,0.5490880444599496,0.27355751552168406,0.02321332842774379,0.2991461229647934,0.312135882105988,0.34152310113484796,0.0009053647747582124,0,0,DATA
748,31.166666666666668,0.20661725427350427,0.195913054740009,0.6101890550778193,0.20759876743471936,0.24068670002723308,0.5167566750009718,0.23570686955337689,0.8034667755991285,0.30820375730314986,0.4172329412402413,0.47108408630979653,0.3409125124842773,0.5513373471109542,0.2513430712942641,0.24832184614816405,0.5486597907973908,0.28020794918356734,0.02368133232195467,0.3099089862631238,0.3235052660175222,0.3463894546400336,0.0023675238911804175,0,0,DATA
752,31.333333333333332,0.21303733031674207,0.2115049275444459,0.6158536861422358,0.19345843514841313,0.24068670002723308,0.5167566750009718,0.23570686955337689,0.8034667755991285,0.30820375730314986,0.4172329412402413,0.47108408630979653,0.3409125124842773,0.5472686659709229,0.25676013572814127,0.24995510571957202,0.5479855991504679,0.2865806360123403,0.024411105342474537,0.3185626768064294,0.33131138643863883,0.3479583344738658,0.003706335048438795,0,0,DATA
756,31.5,0.21268261244134407,0.22276092638922412,0.6057851134979109,0.18935260706420654,0.24068670002723308,0.5167566750009718,0.23570686955337689,0.8034667755991285,0.30820375730314986,0.4172329412402413,0.47108408630979653,0.3409125124842773,0.5436843018715102,0.2615369347348423,0.2503705928371609,0.5473893816968236,0.28984683596080635,0.02506211588158212,0.3209804182403961,0.3323116877997524,0.34627295373512024,0.0029255500745675547,0.14483278682236736,0,DATA
760,31.666666666666668,0.1988283868568795,0.2282807805222518,0.5569584774833903,0.1735081652142328,0.45632582720588233,0.3295485304063205,0.28026679942810456,0.4940921160130719,0.30820375730314986,0.4172329412402413,0.47108408630979653,0.3409125124842773,0.48903154278724814,0.3097997503016167,0.26006263196462376,0.5396158962428157,0.31208638991965687,0.033242559095867694,0.3106521875738102,0.3155163493467171,0.330339961923003,0.037535871259499774,0,0,DATA
764,31.833333333333332,0.18644537141779785,0.2187017348775825,0.5072483035856675,0.18664678025253667,0.45632582720588233,0.3295485304063205,0.28026679942810456,0.4940921160130719,0.30820375730314986,0.4172329412402413,0.47108408630979653,0.3409125124842773,0.4746473146473501,0.3215964621911416,0.26036981046065544,0.5265254262281043,0.31120145224890355,0.035479828652525906,0.29440193144858157,0.2956089373355465,0.31786498306562455,0.008829372841818192,0,0,DATA
768,32.0,0.17398730125062845,0.2056510486710269,0.45751896565794337,0.20303588571081513,0.45632582720588233,0.3295485304063205,0.28026679942810456,0.4940921160130719,0.30820375730314986,0.4172329412402413,0.47108408630979653,0.3409125124842773,0.4730726903087573,0.32148128362016354,0.2578457692743593,0.5257957033442968,0.3027356333668985,0.03557342625775262,0.2767441753469806,0.274617157987001,0.3055070597276489,0.0014046146986223158,0,0,DATA
772,32.166666666666664,0.1727365418656779,0.2078093166277002,0.4439670144868945,0.21522242605082958,0.45632582720588233,0.3295485304063205,0.28026679942810456,0.4940921160130719,0.30820375730314986,0.4172329412402413,0.47108408630979653,0.3409125124842773,0.4721470667362781,0.32205104507673865,0.2568258974476309,0.5250480108297697,0.30218397983619,0.03569907364892475,0.27464694041845006,0.272383381975367,0.30475504425789557,0.0008384189519275812,0,0,DATA
776,32.333333333333336,0.17145710915242166,0.20102073723066377,0.4302717469107479,0.2137262419047782,0.45632582720588233,0.3295485304063205,0.28026679942810456,0.4940921160130719,0.30820375730314986,0.4172329412402413,0.47108408630979653,0.3409125124842773,0.4732949813379119,0.32032117128254095,0.25625125502982854,0.5264869050276855,0.2982542487641054,0.035430101384628855,0.2689365686017549,0.265153864986452,0.2998857603537675,0.0011508102712112962,0.0856708304574593,0,DATA
780,32.5,0.1715749447481984,0.148703701174482,0.43492248621977886,0.21017668820573807,0.45632582720588233,0.3295485304063205,0.28026679942810456,0.4940921160130719,0.30820375730314986,0.4172329412402413,0.47108408630979653,0.3409125124842773,0.4846259332902003,0.30515343904855075,0.25610360777960095,0.5397362471208248,0.28120841707150646,0.03302631545911584,0.24896346916024376,0.24529088410593997,0.2925027625923676,0.008882110478835395,0,0,DATA
784,32.666666666666664,0.1615729611823362,0.14341033155396563,0.41678944925742617,0.2098377395620677,0.45632582720588233,0.3295485304063205,0.28026679942810456,0.4940921160130719,0.30820375730314986,0.4172329412402413,0.47108408630979653,0.3409125124842773,0.4891368264961953,0.2991209758846091,0.2539588970557016,0.545007925305793,0.27375231896736074,0.03209007711041295,0.24121911720639422,0.23569933359148812,0.28610750982338173,0.004229355697945303,0,0,DATA
788,32.833333333333336,0.1660208621375901,0.13636033390088267,0.43655395485078863,0.21026833623870364,0.45632582720588233,0.3295485304063205,0.28026679942810456,0.4940921160130719,0.30820375730314986,0.4172329412402413,0.47108408630979653,0.3409125124842773,0.4919705939651412,0.29533723759256336,0.25424954303913516,0.5483166781862889,0.27309887298232927,0.03150840029276645,0.24324159945488427,0.23974132606697804,0.29052204600461246,0.002302717248141739,0,0,DATA
792,33.0,0.16686541603821017,0.1448290250491503,0.45148541120717123,0.212709124181511,0.45632582720588233,0.3295485304063205,0.28026679942810456,0.4940921160130719,0.30820375730314986,0.4172329412402413,0.47108408630979653,0.3409125124842773,0.49104229906468877,0.29657334962646464,0.25451409315329543,0.547234474719112,0.27715250137892067,0.03169809093875963,0.24978427796559188,0.24802122900760462,0.29609782674457175,0.00080965234950466,0,0,DATA
796,33.166666666666664,0.16566617699430203,0.15154907739384568,0.45652990174594643,0.21177224951330129,0.45632582720588233,0.3295485304063205,0.28026679942810456,0.4940921160130719,0.30820375730314986,0.4172329412402413,0.47108408630979653,0.3409125124842773,0.48935259960216704,0.29882579789314967,0.2543416179883228,0.5452634008545086,0.2800511034684949,0.03204486954184847,0.25324134920244346,0.2518890618315127,0.29805965839293713,0.0013715409647264698,0.0454647232181537,0,DATA
800,33.333333333333336,0.1522772056204961,0.1800249497100488,0.41138347187651875,0.21319815269666495,0.2157220179738562,0.5315473444658441,0.17001633986928105,0.7908578431372549,0.30820375730314986,0.4172329412402413,0.47108408630979653,0.3409125124842773,0.5394254245136744,0.2569479766829666,0.22060806277386114,0.5518132994016796,0.2530488971460763,0.024852178109393802,0.252924617880278,0.24720027784074086,0.2899907152723028,0.04189473377871735,0,0,DATA
804,33.5,0.1352609272875817,0.17095896808662656,0.3865203586888682,0.22243690758609447,0.2157220179738562,0.5315473444658441,0.17001633986928105,0.7908578431372549,0.30820375730314986,0.4172329412402413,0.47108408630979653,0.3409125124842773,0.5563511281280452,0.24184615546535346,0.20691457775961064,0.5509013582033007,0.23856192170218682,0.022531902548142423,0.2409223469267961,0.23363557105743687,0.28256116287647126,0.015240336615411493,0,0,DATA
808,33.666666666666664,0.13809015994218202,0.18267567069120239,0.4268171800041308,0.22813592831868937,0.2157220179738562,0.5315473444658441,0.17001633986928105,0.7908578431372549,0.30820375730314986,0.4172329412402413,0.47108408630979653,0.3409125124842773,0.5589683316653956,0.24059628582935072,0.20340067111280158,0.5502176912526269,0.24497659033682065,0.022283222080229852,0.254234238762599,0.25154704709802556,0.29581560100795234,0.0024603266067207328,0,0,DATA
812,33.833333333333336,0.1491377707600134,0.19517578365459903,0.4613927207930376,0.2356422570311018,0.2157220179738562,0.5315473444658441,0.17001633986928105,0.7908578431372549,0.30820375730314986,0.4172329412402413,0.47108408630979653,0.3409125124842773,0.5571284690042874,0.24372135656830096,0.20466649739050344,0.5495750872137057,0.25418477776292603,0.02266682256714864,0.2683589142693053,0.26987990955486374,0.30894052997395416,0.0020769198925867836,0,0,DATA
816,34.0,0.16812789351851853,0.22924369595815347,0.5048358624245908,0.24470133682785764,0.2157220179738562,0.5315473444658441,0.17001633986928105,0.7908578431372549,0.30820375730314986,0.4172329412402413,0.47108408630979653,0.3409125124842773,0.5494222486222085,0.25419789323498126,0.20903417105310007,0.5481899290714051,0.27301631573984,0.024052542179145854,0.29447273206873875,0.3012439494971281,0.3286223304625773,0.007516810237118615,0.16206374839876758,0,DATA
820,34.166666666666664,0.194439927413273,0.2503910848910213,0.5499086357872474,0.2512877767099912,0.2157220179738562,0.5315473444658441,0.17001633986928105,0.7908578431372549,0.30820375730314986,0.4172329412402413,0.47108408630979653,0.3409125124842773,0.5426694308316826,0.26326212313618835,0.21587000026977748,0.5470342230160644,0.28961558902020756,0.02528354148900986,0.31720864909336804,0.32914578784623644,0.34701112350907376,0.007550958969470112,0,0,DATA
824,34.333333333333336,0.20544623030836265,0.2513055872886538,0.5457523620760079,0.2561322188186433,0.2157220179738562,0.5315473444658441,0.17001633986928105,0.7908578431372549,0.30820375730314986,0.4172329412402413,0.47108408630979653,0.3409125124842773,0.5404515399910219,0.2662374527778876,0.22023207264274958,0.5466555036155453,0.2921226362594528,0.025693292398366162,0.3189444558891911,0.3309504114818007,0.34817874915214814,0.003185097618444007,0,0,DATA
828,34.5,0.1999099212334506,0.2748696659104406,0.521668455216815,0.2596468646514431,0.2157220179738562,0.5315473444658441,0.17001633986928105,0.7908578431372549,0.30820375730314986,0.4172329412402413,0.47108408630979653,0.3409125124842773,0.5348377162282486,0.27372799368449763,0.22037806944890964,0.5457171450436269,0.29719482566712063,0.026738867121653496,0.32244604415108485,0.33239507364105525,0.3458416824896867,0.004416787158514475,0,0,DATA
832,34.666666666666664,0.2186681042609351,0.312244370910643,0.5344204433901502,0.2568772063831346,0.2157220179738562,0.5315473444658441,0.17001633986928105,0.7908578431372549,0.30820375730314986,0.4172329412402413,0.47108408630979653,0.3409125124842773,0.5253048810493741,0.2864400733565373,0.22436108692652942,0.5441275227970442,0.3137221331626435,0.02855405798578357,0.34369796039132977,0.3546452228718028,0.3559577719321376,0.00874264410951132,0,0,DATA
836,34.833333333333336,0.22734113143120493,0.3189496008575856,0.532976465206095,0.24816695001354663,0.2157220179738562,0.5315473444658441,0.17001633986928105,0.7908578431372549,0.30820375730314986,0.4172329412402413,0.47108408630979653,0.3409125124842773,0.5210369322068538,0.29213116164329317,0.22737732787557202,0.5434159530749265,0.31838177746295926,0.029383207849515907,0.34782586216734973,0.3577577011924584,0.3557278133212746,0.0043250926927729345,0.27555737696036137,0,DATA
840,35.0,0.2287273362870789,0.3197412708057889,0.5160835615372819,0.2524471375707275,0.16403105426198256,0.7648703959851251,0.18676351443355121,0.8869611247276689,0.30820375730314986,0.4172329412402413,0.47108408630979653,0.3409125124842773,0.5849207512903737,0.28320505333532336,0.23326251205801396,0.5159370976871513,0.31140773512038944,0.02468603356153109,0.3450411903840432,0.35371175779798864,0.3526179958933254,0.026231703857977223,0,0,DATA
844,35.166666666666664,0.2222158067286744,0.31867691786788666,0.4871200039030611,0.24301597258684057,0.16403105426198256,0.7648703959851251,0.18676351443355121,0.8869611247276689,0.30820375730314986,0.4172329412402413,0.47108408630979653,0.3409125124842773,0.604309411132389,0.28022920202031987,0.2336606461054816,0.5077306934236455,0.3050781319811887,0.023285652172717424,0.33752043177035723,0.34235152692249193,0.342680067591467,0.007587548401495485,0,0,DATA
848,35.333333333333336,0.2125070046715267,0.3090767200645417,0.4526285596428557,0.24440141025626388,0.16403105426198256,0.7648703959851251,0.18676351443355121,0.8869611247276689,0.30820375730314986,0.4172329412402413,0.47108408630979653,0.3409125124842773,0.6121420506236961,0.2766483912408822,0.23174123788772089,0.5056047790677108,0.29653335389597135,0.022533058322237818,0.32484030338554865,0.32636079787860506,0.3319233841840838,0.004444286162835154,0,0,DATA
852,35.5,0.21736909774593596,0.27672459721859644,0.45777606629606465,0.25783955685908316,0.16403105426198256,0.7648703959851251,0.18676351443355121,0.8869611247276689,0.30820375730314986,0.4172329412402413,0.47108408630979653,0.3409125124842773,0.6212857882687367,0.2665155536101862,0.2321864549680186,0.5060993290605384,0.28682150577065313,0.02119597783791661,0.3139013741926942,0.3172804340113535,0.33153128104849905,0.006573930785344777,0,0,DATA
856,35.666666666666664,0.2235824050506955,0.2867667389252647,0.4674299457489568,0.26282136419301627,0.16403105426198256,0.7648703959851251,0.18676351443355121,0.8869611247276689,0.30820375730314986,0.4172329412402413,0.47108408630979653,0.3409125124842773,0.6219200598038486,0.26628750199884454,0.23362481462610743,0.5058962190986535,0.2901462198890002,0.021142372194448193,0.32109166822689184,0.32593429672423363,0.3370687643649849,0.0007668942681807825,0.12732039568707293,0,DATA
860,35.833333333333336,0.21791467655438249,0.2699118693584823,0.43026514878798877,0.2644541132409513,0.16403105426198256,0.7648703959851251,0.18676351443355121,0.8869611247276689,0.30820375730314986,0.4172329412402413,0.47108408630979653,0.3409125124842773,0.6256498638734065,0.26149972303674296,0.23286609953930837,0.5064252065449252,0.27972888942795027,0.020557415952332958,0.30578321530872266,0.3070726390147612,0.3250091116496812,0.0030920993728195214,0,0,DATA
864,36.0,0.2170087172155187,0.24774856873649487,0.43919863693620376,0.24645592436264688,0.16403105426198256,0.7648703959851251,0.18676351443355121,0.8869611247276689,0.30820375730314986,0.4172329412402413,0.47108408630979653,0.3409125124842773,0.6314230982248912,0.253857665173956,0.23244823355210723,0.5073596183005764,0.27187714088630466,0.019648875061552728,0.29852340082179796,0.29890635445482755,0.3202277548838896,0.004611052733824256,0,0,DATA
868,36.166666666666664,0.21535604025263952,0.24361478826715136,0.4506648736295712,0.2323378346816754,0.16403105426198256,0.7648703959851251,0.18676351443355121,0.8869611247276689,0.30820375730314986,0.4172329412402413,0.47108408630979653,0.3409125124842773,0.6340231624288988,0.25040758928370377,0.23197581159374225,0.5077846241436987,0.26982470113599316,0.019245109302269147,0.29883260058015815,0.2989503689144273,0.3194853613543477,0.0021741873508749434,0,0,DATA
872,36.333333333333336,0.20589672233743928,0.22741524187837653,0.4526549681989015,0.23030418956799356,0.16403105426198256,0.7648703959851251,0.18676351443355121,0.8869611247276689,0.30820375730314986,0.4172329412402413,0.47108408630979653,0.3409125124842773,0.6382050864317437,0.2448366935277711,0.2298476282440407,0.5084791100202426,0.2632909563707859,0.018601940778375695,0.29085893735547425,0.29097235063530824,0.31620029222410767,0.003960334369493039,0,0,DATA
876,36.5,0.20077584920186023,0.2199424824825377,0.46690700710152144,0.24296882352987356,0.16403105426198256,0.7648703959851251,0.18676351443355121,0.8869611247276689,0.30820375730314986,0.4172329412402413,0.47108408630979653,0.3409125124842773,0.6410289431057234,0.24107305217015645,0.22813378988065863,0.50894900236206,0.2616442902288263,0.018173032148512524,0.2896960667505469,0.29250114731683097,0.3206632275192049,0.0027671121316588296,0.0659827447447613,0,DATA
880,36.666666666666664,0.21824451802622757,0.2179301727827777,0.511562103769388,0.2477252446323307,0.1701272722630719,0.704561045902615,0.25063163807189537,0.9283016748366013,0.30820375730314986,0.4172329412402413,0.47108408630979653,0.3409125124842773,0.6254120671217641,0.240660718827168,0.2491711334434975,0.5169636070255339,0.26802128262126323,0.01893120624999643,0.3013158959690897,0.3090621283124061,0.3342233063341357,0.012355517629928888,0,0,DATA
884,36.833333333333336,0.21031447701944025,0.1915494926609339,0.5208016063696064,0.2539318304121208,0.1701272722630719,0.704561045902615,0.25063163807189537,0.9283016748366013,0.30820375730314986,0.4172329412402413,0.47108408630979653,0.3409125124842773,0.6262669471521635,0.2331504283901552,0.25381702790092386,0.5202913122288406,0.26001680000223537,0.018298564488757055,0.2910255162390384,0.30031635742035556,0.3330243930211931,0.004337021641612833,0,0,DATA
888,37.0,0.20666638517052122,0.21334604708815139,0.5263505287040938,0.265623430258004,0.1701272722630719,0.704561045902615,0.25063163807189537,0.9283016748366013,0.30820375730314986,0.4172329412402413,0.47108408630979653,0.3409125124842773,0.6219461347315677,0.23700037649867223,0.2544446969498788,0.52052674438488,0.26665590490176067,0.018815770765133317,0.30012430410703905,0.31113919750639335,0.33965461755318227,0.002932809859355919,0,0,DATA
892,37.166666666666664,0.21146677821769738,0.212653551177062,0.5508141381953926,0.27208993834722933,0.1701272722630719,0.704561045902615,0.25063163807189537,0.9283016748366013,0.30820375730314986,0.4172329412402413,0.47108408630979653,0.3409125124842773,0.6207953151467177,0.23796146207612234,0.25564108020447224,0.52062161138858,0.2707000818087554,0.01894958125909847,0.3057001062502983,0.319808011407705,0.3474399864619062,0.0011027628056311707,0,0,DATA
896,37.333333333333336,0.22374917515082954,0.21409359862009397,0.5875675734717448,0.2759450503966752,0.1701272722630719,0.704561045902615,0.25063163807189537,0.9283016748366013,0.30820375730314986,0.4172329412402413,0.47108408630979653,0.3409125124842773,0.6201476593082259,0.2386530010334063,0.25857929853680806,0.5205996698291839,0.2768926212438016,0.01903710922168771,0.31608329166940796,0.3342520515593945,0.35884361450065144,0.0014258043760371948,0.06422807958602819,0,DATA
900,37.5,0.23838743296463882,0.22341732430877792,0.6283530082097725,0.27031705410254464,0.1701272722630719,0.704561045902615,0.25063163807189537,0.9283016748366013,0.30820375730314986,0.4172329412402413,0.47108408630979653,0.3409125124842773,0.6179953801620548,0.24147110591342302,0.26253479817740877,0.520266756962261,0.28591547322390387,0.01937104638342412,0.33089752045524895,0.3525820241896251,0.3707767585610158,0.0029752945555961787,0,0,DATA
904,37.666666666666664,0.24523803444989106,0.22395617075352325,0.6520536229880457,0.2577247411274401,0.1701272722630719,0.704561045902615,0.25063163807189537,0.9283016748366013,0.30820375730314986,0.4172329412402413,0.47108408630979653,0.3409125124842773,0.617236538664807,0.24246741438195674,0.2651600743814919,0.520148023476618,0.2894879031093921,0.019489610025864783,0.3372233022858521,0.36001863620054525,0.3749493367758003,0.0014601420566215568,0,0,DATA
908,37.833333333333336,0.25337706997863246,0.21605240128486142,0.6651524452192071,0.2500386237838578,0.1701272722630719,0.704561045902615,0.25063163807189537,0.9283016748366013,0.30820375730314986,0.4172329412402413,0.47108408630979653,0.3409125124842773,0.6186686778040515,0.24055325147129153,0.26765685470375256,0.5203890353623284,0.2889903390643025,0.019263402782837235,0.338309366050368,0.36164597045381897,0.376315156997449,0.0019476941240568018,0,0,DATA
912,38.0,0.259059887977627,0.21934732160871098,0.6751910317495728,0.2429502124226232,0.1701272722630719,0.704561045902615,0.25063163807189537,0.9283016748366013,0.30820375730314986,0.4172329412402413,0.47108408630979653,0.3409125124842773,0.6184063862778165,0.24090158028876985,0.2695992805802196,0.5203460167167067,0.2911022429757195,0.019304565960493045,0.34277161508577986,0.36640323700614397,0.3784696412062704,0.0008510154067267924,0,0,DATA
916,38.166666666666664,0.2651538540095526,0.22435527919490614,0.6774744882185563,0.2349787500066021,0.1701272722630719,0.704561045902615,0.25063163807189537,0.9283016748366013,0.30820375730314986,0.4172329412402413,0.47108408630979653,0.3409125124842773,0.6172760277268451,0.242408307058148,0.27146174120986405,0.5201578326075034,0.2932502258133288,0.01948284873975406,0.3464502826204397,0.3695131039461001,0.37880680308143383,0.0014998486499980164,0.09032883768717612,0,DATA
920,38.333333333333336,0.26268863514957264,0.20576177420602076,0.6673777094553659,0.22723905167902347,0.20741442844498909,0.7636848772379432,0.22916368804466228,0.8514678649237473,0.30820375730314986,0.4172329412402413,0.47108408630979653,0.3409125124842773,0.6373962289831114,0.24548444649027612,0.2654917574305364,0.5085596622633062,0.29040252978089964,0.01869285306490722,0.3365004811002515,0.357779654716835,0.3716991210907898,0.009722108155907377,0,0,DATA
924,38.5,0.2610318012087313,0.21406106407231634,0.6658544678975431,0.2208153442302468,0.20741442844498909,0.7636848772379432,0.22916368804466228,0.8514678649237473,0.30820375730314986,0.4172329412402413,0.47108408630979653,0.3409125124842773,0.6416894384880694,0.24873108948247735,0.26335282716916136,0.5047897360147267,0.29310611795467056,0.01871582503096755,0.3391841819470369,0.3596686606629604,0.3711127792974389,0.0032262609195113923,0,0,DATA
928,38.666666666666664,0.25968654422238985,0.2242778758032528,0.6622431148507519,0.21510950882113686,0.20741442844498909,0.7636848772379432,0.22916368804466228,0.8514678649237473,0.30820375730314986,0.4172329412402413,0.47108408630979653,0.3409125124842773,0.6408318708760601,0.2525657896647999,0.26242864412361716,0.50330116972957,0.2962724116001273,0.019049852252469506,0.342279584632785,0.36183234450311835,0.3704667700149255,0.0018721502799586842,0,0,DATA
932,38.833333333333336,0.25129586423244515,0.21606551269516952,0.6466265519390102,0.2045922867342293,0.20741442844498909,0.7636848772379432,0.22916368804466228,0.8514678649237473,0.30820375730314986,0.4172329412402413,0.47108408630979653,0.3409125124842773,0.6422991968451547,0.25141673804923337,0.2603893464120655,0.503142032552806,0.2913030717014131,0.018885713516624245,0.33419319080921434,0.3511325721796828,0.3623882624044016,0.0015518917654042674,0,0,DATA
936,39.0,0.24436739305765043,0.21714854080595403,0.6322296726883055,0.19871920694489043,0.20741442844498909,0.7636848772379432,0.22916368804466228,0.8514678649237473,0.30820375730314986,0.4172329412402413,0.47108408630979653,0.3409125124842773,0.6425119587326183,0.25137527043558305,0.25832257815189313,0.5030563854158991,0.28893464923530676,0.018871367140725733,0.3303613319684283,0.3452737174348924,0.3570840337329958,0.0007736659204287862,0.0651445622417862,0,DATA
940,39.166666666666664,0.2444500089031339,0.19007459004326893,0.6513878696266476,0.1929332313353758,0.20741442844498909,0.7636848772379432,0.22916368804466228,0.8514678649237473,0.30820375730314986,0.4172329412402413,0.47108408630979653,0.3409125124842773,0.6482613169590213,0.24378212393793613,0.257719897001393,0.5039782795515213,0.2821210830905482,0.018006996676801078,0.3233799142201194,0.33962952181946626,0.356663556815824,0.00464839529151669,0,0,DATA
944,39.333333333333336,0.242981941040305,0.20954627720339636,0.6501718173414921,0.19476583340815615,0.20741442844498909,0.7636848772379432,0.22916368804466228,0.8514678649237473,0.30820375730314986,0.4172329412402413,0.47108408630979653,0.3409125124842773,0.6458970701233154,0.24695625239347774,0.2572307984050488,0.5035733387416035,0.28695096248915974,0.018364065830018254,0.3306317650545734,0.3469430276326828,0.3595000104468274,0.0020091579625305576,0,0,DATA
948,39.5,0.2396481756431205,0.2159152241819836,0.6404525800521494,0.19095522309472085,0.20741442844498909,0.7636848772379432,0.22916368804466228,0.8514678649237473,0.30820375730314986,0.4172329412402413,0.47108408630979653,0.3409125124842773,0.6438503172071004,0.24969179608414466,0.25638397809273683,0.5032289433543774,0.2880258861011006,0.01867480733398507,0.33056874330870295,0.34552702112653444,0.3569300445688743,0.0018763723063979776,0,0,DATA
952,39.666666666666664,0.2382213829709234,0.21357455040447398,0.6325785305204731,0.1828724272601609,0.20741442844498909,0.7636848772379432,0.22916368804466228,0.8514678649237473,0.30820375730314986,0.4172329412402413,0.47108408630979653,0.3409125124842773,0.6437278328255128,0.24985707053364203,0.2558303055378819,0.5032075483204226,0.28636820177543815,0.01869359520060676,0.3277723053569244,0.3411348986381323,0.3528511926851971,0.0002804771286466316,0,0,DATA
956,39.833333333333336,0.23841754650578179,0.21500580468757832,0.6265883156009948,0.17557244107976655,0.20741442844498909,0.7636848772379432,0.22916368804466228,0.8514678649237473,0.30820375730314986,0.4172329412402413,0.47108408630979653,0.3409125124842773,0.6433905241115846,0.2503074040677605,0.2557053981137456,0.5031510359103275,0.2858722704264414,0.018745018356874713,0.3271859967932422,0.3392195699644628,0.35012794621520016,0.0003041832240609869,0.06450174140627349,0,DATA
960,40.0,0.2369115748596447,0.23184818906989246,0.6213211966557037,0.17688013704099764,0.20077376089324617,0.5989889506220871,0.2208217592592593,0.8554193899782135,0.30820375730314986,0.4172329412402413,0.47108408630979653,0.3409125124842773,0.5936375713246805,0.253763831569178,0.25301593178090315,0.5262992985530708,0.28994068426178554,0.02165521825034523,0.33256833242788214,0.34420596330069686,0.351448466163857,0.018632948873721338,0,0,DATA
964,40.166666666666664,0.23614577441553541,0.23693944406571749,0.61466810512056,0.17726769082154106,0.20077376089324617,0.5989889506220871,0.2208217592592593,0.8554193899782135,0.30820375730314986,0.4172329412402413,0.47108408630979653,0.3409125124842773,0.5776425219394861,0.2562263112184342,0.25204827378778744,0.5330655834210398,0.291388639982147,0.02272601070998291,0.3331210560303616,0.3441321331277162,0.35054981224114257,0.006475062342522135,0,0,DATA
968,40.333333333333336,0.2349633596761354,0.23799253713454518,0.6046541121630377,0.1747393765336105,0.20077376089324617,0.5989889506220871,0.2208217592592593,0.8554193899782135,0.30820375730314986,0.4172329412402413,0.47108408630979653,0.3409125124842773,0.572622857579474,0.2572599211724828,0.25150966929457874,0.5350586106240216,0.2907798959400167,0.02308887209370535,0.3313030117185082,0.3410598580913175,0.34758037363056005,0.002197292935756471,0,0,DATA
972,40.5,0.2341508505111446,0.23683985787519649,0.5944494735138844,0.16205980466638184,0.20077376089324617,0.5989889506220871,0.2208217592592593,0.8554193899782135,0.30820375730314986,0.4172329412402413,0.47108408630979653,0.3409125124842773,0.5713590209159335,0.2572472539660798,0.2511774610219681,0.5356968625589933,0.2887911266888923,0.023156010109408667,0.32863851045193987,0.33610693577311107,0.3422391467894246,0.0005362373808513824,0,0,DATA
976,40.666666666666664,0.2333588971111949,0.24068625633096463,0.5868016141701626,0.14732717756834876,0.20077376089324617,0.5989889506220871,0.2208217592592593,0.8554193899782135,0.30820375730314986,0.4172329412402413,0.47108408630979653,0.3409125124842773,0.57017212624116,0.25832044537177395,0.2509114883261954,0.5357537141935329,0.28848006080806776,0.023316998834343097,0.32848910728551284,0.3337194839625085,0.3378784209622578,0.0008420195920801158,0.12828181208153533,0,DATA
980,40.833333333333336,0.2324850152400704,0.242852456380558,0.5859192890112394,0.1398729168702878,0.20077376089324617,0.5989889506220871,0.2208217592592593,0.8554193899782135,0.30820375730314986,0.4172329412402413,0.47108408630979653,0.3409125124842773,0.5693611558283134,0.2592489388073683,0.2506481813245275,0.5356949526821592,0.2889097888806761,0.02344495930575569,0.32900434589934063,0.33340106399063785,0.33640452935324133,0.0006675902833696382,0,0,DATA
984,41.0,0.23359473196329816,0.24939072697884546,0.5893486292241632,0.12684896910086146,0.20077376089324617,0.5989889506220871,0.2208217592592593,0.8554193899782135,0.30820375730314986,0.4172329412402413,0.47108408630979653,0.3409125124842773,0.5677448278788191,0.2613582026055672,0.25080222973590494,0.5354484847578068,0.29120081070795345,0.023724421319035904,0.33252746552588597,0.3359647228615329,0.3357487871146529,0.0012932133863568691,0,0,DATA
988,41.166666666666664,0.23383236708144797,0.26299867737042476,0.5865637754250914,0.11245226720961009,0.20077376089324617,0.5989889506220871,0.2208217592592593,0.8554193899782135,0.30820375730314986,0.4172329412402413,0.47108408630979653,0.3409125124842773,0.5644022599117391,0.265801207854669,0.2508983476341296,0.5348982661167959,0.29515284619798055,0.02431430514538702,0.3374612019463333,0.33918030371294794,0.3342381893571866,0.0026272303714688174,0,0,DATA
992,41.333333333333336,0.2321665645424837,0.269706619515957,0.5643191858549049,0.11054812455592199,0.20077376089324617,0.5989889506220871,0.2208217592592593,0.8554193899782135,0.30820375730314986,0.4172329412402413,0.47108408630979653,0.3409125124842773,0.5619908216710534,0.2690123332301486,0.2505773644704145,0.5344984225493989,0.29527401150886645,0.024744272918082937,0.33536230038271597,0.3346665289269432,0.3291358245018357,0.0019811822599601348,0,0,DATA
996,41.5,0.23035356570512824,0.25977337852069426,0.5671028002687449,0.11197984820682345,0.20077376089324617,0.5989889506220871,0.2208217592592593,0.8554193899782135,0.30820375730314986,0.4172329412402413,0.47108408630979653,0.3409125124842773,0.5633533708078529,0.2671943633641189,0.25010033976545537,0.534726132914014,0.292840173798715,0.02450059880143769,0.33158312709990784,0.3313088894506092,0.3284467868024511,0.0012191812359294378,0.1180982432722736,0,DATA
1000,41.666666666666664,0.23037693643162396,0.2581258254260626,0.5757679344286022,0.11481981986600126,0.22083163126361655,0.7046739913981431,0.23180998093681918,0.8321173747276689,0.30820375730314986,0.4172329412402413,0.47108408630979653,0.3409125124842773,0.593699933116061,0.2703998103155909,0.2530388422762485,0.5179501282841741,0.2956551180981268,0.02307132681349209,0.3326618068393257,0.3335380797719306,0.33093626878270577,0.012163503923491081,0,0,DATA
1004,41.833333333333336,0.23136066726370036,0.2738894015234233,0.5920649941757735,0.12063738740096439,0.22083163126361655,0.7046739913981431,0.23180998093681918,0.8321173747276689,0.30820375730314986,0.4172329412402413,0.47108408630979653,0.3409125124842773,0.5994935508280776,0.2757752457082935,0.25412697650422245,0.5123656017318143,0.30366959984695124,0.02319445052991004,0.3424233953941196,0.34551113105493786,0.338636956724303,0.004085729110897736,0,0,DATA
1008,42.0,0.23042243406443777,0.2907132477424905,0.6056363195869852,0.12891931883198315,0.22083163126361655,0.7046739913981431,0.23180998093681918,0.8321173747276689,0.30820375730314986,0.4172329412402413,0.47108408630979653,0.3409125124842773,0.5976986284356784,0.2820985532674431,0.2542563878007695,0.5101014091484392,0.31204017742813694,0.023832613328118667,0.3516795523241363,0.35695261366917763,0.34611592797624346,0.0027492137493652833,0,0,DATA
1012,42.166666666666664,0.2309716134049774,0.2996559247628821,0.6185321575185847,0.13919408952907972,0.22083163126361655,0.7046739913981431,0.23180998093681918,0.8321173747276689,0.30820375730314986,0.4172329412402413,0.47108408630979653,0.3409125124842773,0.5952821895436765,0.2864994951008976,0.2544105388512469,0.5091091576777129,0.31811399657839123,0.024349804154356263,0.35794562658672074,0.36553574879463174,0.3527911610856754,0.002323843925311301,0,0,DATA
1016,42.333333333333336,0.23082516994511482,0.2994983940828009,0.6308759553513512,0.14834388065686094,0.22083163126361655,0.7046739913981431,0.23180998093681918,0.8321173747276689,0.30820375730314986,0.4172329412402413,0.47108408630979653,0.3409125124842773,0.594590339318893,0.2877756690605112,0.254426031039819,0.5088169958102977,0.3206900279536007,0.02450007763268108,0.36032208518926906,0.3700615662932348,0.3576687948214248,0.0006611721243230395,0.14471389213331226,0,DATA
1020,42.5,0.229392943742668,0.3029926708166738,0.637909152347264,0.15164849829524926,0.22083163126361655,0.7046739913981431,0.23180998093681918,0.8321173747276689,0.30820375730314986,0.4172329412402413,0.47108408630979653,0.3409125124842773,0.5936489861373446,0.2891369187338797,0.2541299111938768,0.5086070475643878,0.32292745228389075,0.0246731268152536,0.3628399900415114,0.37361325260890726,0.3604689364879169,0.0008662409002863636,0,0,DATA
1024,42.666666666666664,0.22668874774803083,0.3109417539865899,0.6408408177662307,0.15688204817094356,0.22083163126361655,0.7046739913981431,0.23180998093681918,0.8321173747276689,0.30820375730314986,0.4172329412402413,0.47108408630979653,0.3409125124842773,0.5916972727171977,0.2917710369234668,0.2534731940812203,0.5082658451796678,0.3261245826705623,0.025017491124776366,0.36606511719434376,0.3776549012912057,0.36317050569382114,0.001747516240796813,0,0,DATA
1028,42.833333333333336,0.22466096080526227,0.3145318016288137,0.6478105348757034,0.16070871580404472,0.22083163126361655,0.7046739913981431,0.23180998093681918,0.8321173747276689,0.30820375730314986,0.4172329412402413,0.47108408630979653,0.3409125124842773,0.5903578486862867,0.2935664857201656,0.252850343689442,0.5080378327967738,0.3286034693743768,0.025254013420443176,0.3684895222845741,0.3811589448556935,0.36601399694986625,0.0012525744064627216,0,0,DATA
1032,43.0,0.2229754535361153,0.30990217850201535,0.6535389327559243,0.1638256672743261,0.22083163126361655,0.7046739913981431,0.23180998093681918,0.8321173747276689,0.30820375730314986,0.4172329412402413,0.47108408630979653,0.3409125124842773,0.590928242333641,0.2928088258836717,0.25230953204538764,0.5081314658913436,0.32808537899509865,0.025153762423535852,0.36744625115606955,0.3810002086622391,0.3672064925180433,0.0006229550426341915,0,0,DATA
1036,43.166666666666664,0.2209020380320932,0.2978792634229174,0.6563659030217601,0.1664454866469454,0.22083163126361655,0.7046739913981431,0.23180998093681918,0.8321173747276689,0.30820375730314986,0.4172329412402413,0.47108408630979653,0.3409125124842773,0.593624172594458,0.28921511171057607,0.2517118712963267,0.5085803578474829,0.32428364004506893,0.024681306367110033,0.36278779607679307,0.3768864325468082,0.3664264201467592,0.0022957683943244933,0.13510972895461548,0,DATA
1040,43.333333333333336,0.21979025918593936,0.27592537906213893,0.6633746354411948,0.17228054449471156,0.19994042755991287,0.7374860409197691,0.21846064814814814,0.8548638344226579,0.30820375730314986,0.4172329412402413,0.47108408630979653,0.3409125124842773,0.6082306412545218,0.2776027570598516,0.24756128633308822,0.5070833008428133,0.3147891136534602,0.022838813365056117,0.3551856330471379,0.37056864854387306,0.36594135428243896,0.010123136091342244,0,0,DATA
1044,43.5,0.21980845823906486,0.2632326052472751,0.6746394836185272,0.17787573216019748,0.19994042755991287,0.7374860409197691,0.21846064814814814,0.8548638344226579,0.30820375730314986,0.4172329412402413,0.47108408630979653,0.3409125124842773,0.6152780643536623,0.27056507399647245,0.24631993264527302,0.5070784308249325,0.31011270521720385,0.02185938698710567,0.35236513296728394,0.36943415204830093,0.36797450769295226,0.0051088199501116245,0,0,DATA
1048,43.666666666666664,0.2202938099652254,0.24862161626794974,0.6775735792525001,0.18338461344106982,0.19994042755991287,0.7374860409197691,0.21846064814814814,0.8548638344226579,0.30820375730314986,0.4172329412402413,0.47108408630979653,0.3409125124842773,0.6204605989690628,0.2643626921632476,0.24604945040142218,0.5075883544338448,0.30466479274598135,0.02107057214609865,0.34720462684758047,0.365117943620082,0.3676666946833372,0.0038851328974920754,0,0,DATA
1052,43.833333333333336,0.22093987635118154,0.2378780037159499,0.6822555514821349,0.1858600605560924,0.19994042755991287,0.7374860409197691,0.21846064814814814,0.8548638344226579,0.30820375730314986,0.4172329412402413,0.47108408630979653,0.3409125124842773,0.6242715179896028,0.25949376609872016,0.24610397966931774,0.5081173579558385,0.3007369989619785,0.02047483175376097,0.34397278954989874,0.362601848256866,0.36778534191954604,0.0029114581176543273,0,0,DATA
1056,44.0,0.21929289477543154,0.21888605052005594,0.6782754141016324,0.18827212253430026,0.19994042755991287,0.7374860409197691,0.21846064814814814,0.8548638344226579,0.30820375730314986,0.4172329412402413,0.47108408630979653,0.3409125124842773,0.6294031038669026,0.2527153413845116,0.24577447231877886,0.5089407773742929,0.29311833908951834,0.01966765943568638,0.33525058448029066,0.35372283564702844,0.3642592288331029,0.004079839314015732,0.06566581515601679,0,DATA
1060,44.166666666666664,0.2182502788775767,0.1994461007608017,0.6766006777362717,0.19030759642388348,0.19994042755991287,0.7374860409197691,0.21846064814814814,0.8548638344226579,0.30820375730314986,0.4172329412402413,0.47108408630979653,0.3409125124842773,0.6350249690795359,0.24523862803765786,0.24545667077506772,0.5098682014414031,0.28531896043983707,0.018796254928696635,0.32693113412394587,0.3454394590431059,0.36122738546600575,0.004472126701066069,0,0,DATA
1064,44.333333333333336,0.21713293557273336,0.1784982408846181,0.6721991596080901,0.18930729322527778,0.19994042755991287,0.7374860409197691,0.21846064814814814,0.8548638344226579,0.30820375730314986,0.4172329412402413,0.47108408630979653,0.3409125124842773,0.6411105792173244,0.23713021326827036,0.24512668821793726,0.5108796037572025,0.27644467223030167,0.017871740226883592,0.3174482178868674,0.3354163606733487,0.3566730319823273,0.004841335821435496,0,0,DATA
1068,44.5,0.21726785732989778,0.18603889752567074,0.6686553388304642,0.18535277979519107,0.19994042755991287,0.7374860409197691,0.21846064814814814,0.8548638344226579,0.30820375730314986,0.4172329412402413,0.47108408630979653,0.3409125124842773,0.64135272436404,0.23680907269694884,0.24505602701980267,0.5109191014695055,0.2768858476601318,0.017835495041414125,0.3197827007391962,0.3370010101049062,0.3561407647737778,0.00021131563872390605,0,0,DATA
1072,44.666666666666664,0.21766974217571639,0.1889951322766235,0.6672056619898489,0.1878329813774015,0.19994042755991287,0.7374860409197691,0.21846064814814814,0.8548638344226579,0.30820375730314986,0.4172329412402413,0.47108408630979653,0.3409125124842773,0.6408045586103546,0.23754047625581914,0.24511922447798418,0.5108274825669131,0.2777550849856865,0.017917925805489263,0.3207556362406179,0.3380769980804875,0.35675800957729087,0.00044758892357908236,0,0,DATA
1076,44.833333333333336,0.21843096012443436,0.20232496993576582,0.6780027568224022,0.19194622485473573,0.19994042755991287,0.7374860409197691,0.21846064814814814,0.8548638344226579,0.30820375730314986,0.4172329412402413,0.47108408630979653,0.3409125124842773,0.637840842975829,0.24149225186804008,0.24529803948466938,0.5103334525780654,0.283780002933379,0.018366312376523614,0.3283992338605291,0.3472116295313874,0.36235552942463917,0.002364768751143905,0.06069749098072974,0,DATA
1080,45.0,0.2175164577048768,0.19431582330502037,0.6794474869468297,0.20281437573214248,0.25706320635893243,0.49368626918202874,0.23876344635076252,0.7797096269063181,0.30820375730314986,0.4172329412402413,0.47108408630979653,0.3409125124842773,0.5703697129913606,0.2524310070428918,0.2508444219752999,0.5385996399828739,0.28959672603383374,0.022774921261200665,0.32530162074920493,0.3453453045202467,0.3635975198946598,0.027985422549983523,0,0,DATA
1084,45.166666666666664,0.21614259285444948,0.192118538862809,0.6807294641754942,0.21283257006574977,0.25706320635893243,0.49368626918202874,0.23876344635076252,0.7797096269063181,0.30820375730314986,0.4172329412402413,0.47108408630979653,0.3409125124842773,0.5505898037288846,0.2550973939515281,0.2522198251038993,0.5471564011597937,0.2912896485210115,0.02407510767564132,0.3244043294479678,0.3455780303752367,0.36545467391717296,0.007940566433237262,0,0,DATA
1088,45.333333333333336,0.21361897991034018,0.19729457551079754,0.6845101619545209,0.21147653850014453,0.25706320635893243,0.49368626918202874,0.23876344635076252,0.7797096269063181,0.30820375730314986,0.4172329412402413,0.47108408630979653,0.3409125124842773,0.5435688632540641,0.2573466002855557,0.25210248732421614,0.54954226823019,0.2936648916204365,0.02466681027426802,0.3267261610741467,0.34814232862275774,0.36665268625159597,0.003129161529510427,0,0,DATA
1092,45.5,0.2175973714806435,0.21573736610655636,0.6950055593677387,0.20439785013447026,0.25706320635893243,0.49368626918202874,0.23876344635076252,0.7797096269063181,0.30820375730314986,0.4172329412402413,0.47108408630979653,0.3409125124842773,0.5375895950865086,0.26318534355257656,0.25290274822007497,0.5496125306804573,0.30141355555655386,0.025556924668683083,0.3369980351091545,0.3587558735625198,0.3710250556781597,0.0042060907768117035,0,0,DATA
1096,45.666666666666664,0.22221809797637,0.2308203906575064,0.7009710387352186,0.20188409816616432,0.25706320635893243,0.49368626918202874,0.23876344635076252,0.7797096269063181,0.30820375730314986,0.4172329412402413,0.47108408630979653,0.3409125124842773,0.5326283794805424,0.2691602134069488,0.2541131790529351,0.5491057035562543,0.3083967269623527,0.026417547475067422,0.34514848610217574,0.3672514972954586,0.37473820145858366,0.0040488387643995245,0.09923945842093577,0,DATA
1100,45.833333333333336,0.23015268874643874,0.2449871329832521,0.7048762384644685,0.2061591695357755,0.25706320635893243,0.49368626918202874,0.23876344635076252,0.7797096269063181,0.30820375730314986,0.4172329412402413,0.47108408630979653,0.3409125124842773,0.5281649989103461,0.2749193622144693,0.2561425723645076,0.5484578194375923,0.3153932891028842,0.027240481289706523,0.3531831411323378,0.37610417943550667,0.3794879860906871,0.004083974229763106,0,0,DATA
1104,46.0,0.23080186468283895,0.2636737647162458,0.7033699985785105,0.20593275618534118,0.25706320635893243,0.49368626918202874,0.23876344635076252,0.7797096269063181,0.30820375730314986,0.4172329412402413,0.47108408630979653,0.3409125124842773,0.5229017920753584,0.2818793637419636,0.25688771730462345,0.547609422091339,0.32242127985123953,0.028241669251368097,0.36048638103562375,0.38323415401515337,0.38193405580269985,0.004322784434199293,0,0,DATA
1108,46.166666666666664,0.2343110741892911,0.27890970382511515,0.7004954334810963,0.1999019461523645,0.25706320635893243,0.49368626918202874,0.23876344635076252,0.7797096269063181,0.30820375730314986,0.4172329412402413,0.47108408630979653,0.3409125124842773,0.5181232828119995,0.28823342715069533,0.2578481947830131,0.5468216450186526,0.3283660247014051,0.029167525308436987,0.36670768556097905,0.38856492102746965,0.3826455643387266,0.004031016716826745,0,0,DATA
1112,46.333333333333336,0.23740802277107423,0.28703841358834725,0.6968194441387102,0.18983162727206282,0.25706320635893243,0.49368626918202874,0.23876344635076252,0.7797096269063181,0.30820375730314986,0.4172329412402413,0.47108408630979653,0.3409125124842773,0.5149827009827131,0.29241568490701986,0.2587866972287045,0.5463008070551334,0.33157979732756115,0.029783599793617478,0.3698433613141513,0.3903259659583731,0.3812415045497328,0.0027537806771007665,0,0,DATA
1116,46.5,0.24070846688034184,0.2830059706024415,0.6971809416063821,0.17973356864156032,0.25706320635893243,0.49368626918202874,0.23876344635076252,0.7797096269063181,0.30820375730314986,0.4172329412402413,0.47108408630979653,0.3409125124842773,0.5148873394609674,0.2925412781978636,0.2597613412253581,0.5462856911705845,0.3309134553039644,0.029802250334651524,0.3689627724351769,0.3884717209631156,0.37903744515359117,0.00039853293641434195,0.21583310768981734,0,DATA
1120,46.666666666666664,0.24381526782721633,0.26838879510369923,0.6993475303879971,0.1780948913123637,0.20504787071078429,0.7000133939388136,0.23766927083333333,0.8620588235294118,0.30820375730314986,0.4172329412402413,0.47108408630979653,0.3409125124842773,0.5756999327910793,0.27756292655935777,0.26039979347831765,0.5233685703247815,0.32003068387743805,0.024731693362706444,0.3641705801813779,0.3837323198545584,0.37736946065303173,0.025476465740525756,0,0,DATA
1124,46.833333333333336,0.24925691564018762,0.25932509097156103,0.706677336930141,0.17988771916342142,0.20504787071078429,0.7000133939388136,0.23766927083333333,0.8620588235294118,0.30820375730314986,0.4172329412402413,0.47108408630979653,0.3409125124842773,0.595847088657862,0.27053158391080734,0.2617340751949295,0.5168106637156653,0.315748307351303,0.022960586721986063,0.3630993893995456,0.3835733925120464,0.37874508702025567,0.009504260077314974,0,0,DATA
1128,47.0,0.24666613640648563,0.25462368405791974,0.690764572663878,0.1828297042664495,0.20504787071078429,0.7000133939388136,0.23766927083333333,0.8620588235294118,0.30820375730314986,0.4172329412402413,0.47108408630979653,0.3409125124842773,0.6028785308697614,0.2671057871804226,0.2615902960708356,0.5150078409749079,0.31094148956036294,0.022275422949838433,0.3575181179340961,0.3766950431302734,0.3743910040138791,0.003533672688792696,0,0,DATA
1132,47.166666666666664,0.24503247679948045,0.25467538668161155,0.6776490513589835,0.18686366282201855,0.20504787071078429,0.7000133939388136,0.23766927083333333,0.8620588235294118,0.30820375730314986,0.4172329412402413,0.47108408630979653,0.3409125124842773,0.6049771059823559,0.26609252489594093,0.2612040938161364,0.5144651845608516,0.3087986076265396,0.022073654244779885,0.3545889628011929,0.37285773172243764,0.3717633048316225,0.0011660132172584547,0,0,DATA
1136,47.333333333333336,0.24393837329269316,0.2559427962761586,0.6650813394866184,0.19674032598369906,0.20504787071078429,0.7000133939388136,0.23766927083333333,0.8620588235294118,0.30820375730314986,0.4172329412402413,0.47108408630979653,0.3409125124842773,0.6053405225012793,0.2661434208970696,0.26085847140330126,0.5142580283008255,0.30783134358358477,0.02205756492050151,0.35236356356318127,0.3703632276133575,0.3706774105843707,0.0002533116442957617,0.07678283888284758,0,DATA
1140,47.5,0.24505123229847497,0.25737642667430893,0.6557518767379429,0.19987165918372674,0.20504787071078429,0.7000133939388136,0.23766927083333333,0.8620588235294118,0.30820375730314986,0.4172329412402413,0.47108408630979653,0.3409125124842773,0.6051484850733448,0.26656010620889026,0.2609884850706649,0.5141457043588824,0.3074054821530038,0.022102848968673983,0.3512936949738626,0.36867354606917413,0.3692976419975081,0.00024624546903960026,0,0,DATA
1144,47.666666666666664,0.23649561520655268,0.251914446983136,0.6302999441599592,0.19218861303432203,0.20504787071078429,0.7000133939388136,0.23766927083333333,0.8620588235294118,0.30820375730314986,0.4172329412402413,0.47108408630979653,0.3409125124842773,0.6062378895801108,0.2651557574889081,0.2592308095815703,0.5143031764654905,0.3016429530477388,0.02192574103835152,0.34230739316341224,0.35637374638598485,0.35972319096026306,0.0014171429052809252,0,0,DATA
1148,47.833333333333336,0.2283676758630803,0.24519222754117156,0.6168448131626647,0.18451574622201433,0.20504787071078429,0.7000133939388136,0.23766927083333333,0.8620588235294118,0.30820375730314986,0.4172329412402413,0.47108408630979653,0.3409125124842773,0.6079763770149532,0.26285223142916336,0.2569966396727127,0.5145856957779416,0.29661351676153225,0.021639299655658566,0.3353018913184731,0.3472554447600856,0.353003707997836,0.002092061134481571,0,0,DATA
1152,48.0,0.21513699697293448,0.24516901898419785,0.6020601446525233,0.17762015663733086,0.20504787071078429,0.7000133939388136,0.23766927083333333,0.8620588235294118,0.30820375730314986,0.4172329412402413,0.47108408630979653,0.3409125124842773,0.6085027970423704,0.26215467521528735,0.2535479461331248,0.514671263871171,0.29308283154827486,0.02155289263870067,0.3296895384156262,0.3394750660477561,0.3466018737808033,0.0015575565936270335,0,0,DATA
1156,48.166666666666664,0.20781024148441427,0.23931205964285168,0.5884921990546405,0.17125760871789444,0.20504787071078429,0.7000133939388136,0.23766927083333333,0.8620588235294118,0.30820375730314986,0.4172329412402413,0.47108408630979653,0.3409125124842773,0.6098906845122782,0.2603054597355476,0.25097471941865923,0.514901927876087,0.28856739293821065,0.021324992790181747,0.3231678144618071,0.3309602927422052,0.3403261583473914,0.0019367765547043854,0.0717936178928555,0,DATA
1160,48.333333333333336,0.19938715670563095,0.23583175591216546,0.5801612341020324,0.1692871310326344,0.2108326525054466,0.5799833970348212,0.19761420887799563,0.8207591230936819,0.30820375730314986,0.4172329412402413,0.47108408630979653,0.3409125124842773,0.5774295154035768,0.25999101422391263,0.2372184862532805,0.5312897351862553,0.2860694953502938,0.023071551062976006,0.31842488302325433,0.32518721703986553,0.3364849675347061,0.015510615928571706,0,0,DATA
1164,48.5,0.19458329405480143,0.2412672987921382,0.5812328322769035,0.1711462976841428,0.2108326525054466,0.5799833970348212,0.19761420887799563,0.8207591230936819,0.30820375730314986,0.4172329412402413,0.47108408630979653,0.3409125124842773,0.5665497006661722,0.2614186325768145,0.2320828051469927,0.5360158333785067,0.2876144026578091,0.023795516753790644,0.31985264728005175,0.3269080577793009,0.3374596455756385,0.005814371398864778,0,0,DATA
1168,48.666666666666664,0.18893860896388473,0.2532314007783488,0.5755155293396907,0.17455016775553667,0.2108326525054466,0.5799833970348212,0.19761420887799563,0.8207591230936819,0.30820375730314986,0.4172329412402413,0.47108408630979653,0.3409125124842773,0.5607732948278464,0.265196866638824,0.22935671694601384,0.5370149192666647,0.29079410305592535,0.024461124650707433,0.3223658904689101,0.3291899576815774,0.337941240644454,0.004093576033771362,0,0,DATA
1172,48.833333333333336,0.18871714350804425,0.27677695951662334,0.5879354691485822,0.17198513820926092,0.2108326525054466,0.5799833970348212,0.19761420887799563,0.8207591230936819,0.30820375730314986,0.4172329412402413,0.47108408630979653,0.3409125124842773,0.5540958057413111,0.27292309330414377,0.22849238273999367,0.5364905504772726,0.30056720281198984,0.02555648592301837,0.3342238088348301,0.3420333670737589,0.34404290695257883,0.0050893499859584095,0,0,DATA
1176,49.0,0.1850772346866097,0.2912130772860755,0.579123859799596,0.17407149324416393,0.2108326525054466,0.5799833970348212,0.19761420887799563,0.8207591230936819,0.30820375730314986,0.4172329412402413,0.47108408630979653,0.3409125124842773,0.5490609742837655,0.2792830742791863,0.2274687016256864,0.535827975718524,0.30542783861393075,0.02644732385704311,0.3375079523085268,0.3446449851160473,0.3440587024055873,0.004139497848965131,0.11110644816969684,0,DATA
1180,49.166666666666664,0.18871586695575668,0.2887565914025345,0.5870672892807611,0.17023701095429666,0.2108326525054466,0.5799833970348212,0.19761420887799563,0.8207591230936819,0.30820375730314986,0.4172329412402413,0.47108408630979653,0.3409125124842773,0.5480663868820455,0.2805032525243075,0.22792571006791507,0.5357151802968234,0.30685783064731376,0.02662145816497614,0.3388417703051729,0.34638969783182316,0.34527305366228866,0.0008905913630233298,0,0,DATA
1184,49.333333333333336,0.19341305566029834,0.2939778858646887,0.5945890328284184,0.16400674532475615,0.2108326525054466,0.5799833970348212,0.19761420887799563,0.8207591230936819,0.30820375730314986,0.4172329412402413,0.47108408630979653,0.3409125124842773,0.5466715388244772,0.2823312684472471,0.2290492222285374,0.5354985963641378,0.3098192210119228,0.02687764788805403,0.3433740745404743,0.35105114985893626,0.34716034946307217,0.0014487920470434013,0,0,DATA
1188,49.5,0.19301742264747782,0.3027007629960426,0.5879239317544008,0.16445820792860516,0.2108326525054466,0.5799833970348212,0.19761420887799563,0.8207591230936819,0.30820375730314986,0.4172329412402413,0.47108408630979653,0.3409125124842773,0.5444212802096222,0.2853220788209081,0.2293031929440318,0.5351283204847348,0.3121959633113822,0.0272972001534033,0.3454510785756483,0.35250679004709334,0.3468532349837586,0.0018316799013367764,0,0,DATA
1192,49.666666666666664,0.19742211721761355,0.3149501414801294,0.5870607172715224,0.16719053877353654,0.2108326525054466,0.5799833970348212,0.19761420887799563,0.8207591230936819,0.30820375730314986,0.4172329412402413,0.47108408630979653,0.3409125124842773,0.5411738331435075,0.2896491479085507,0.23030437001840864,0.5345885094739709,0.31711018838288435,0.027908707736307197,0.35105912598673444,0.3583017490943849,0.3494617737616519,0.0028585644093780394,0,0,DATA
1196,49.833333333333336,0.20831179560499413,0.3183847450396942,0.6017447432142606,0.16617276998769345,0.2108326525054466,0.5799833970348212,0.19761420887799563,0.8207591230936819,0.30820375730314986,0.4172329412402413,0.47108408630979653,0.3409125124842773,0.5394783322761645,0.2919089576315216,0.2328915556020716,0.534306355046157,0.32160815741888255,0.028230383998318898,0.3575477082765841,0.366156957099924,0.3545333848628406,0.002180832057992299,0.1836952773110035,0,DATA
1200,50.0,0.22998706427015245,0.33151103331374543,0.6229187843650952,0.16128110652380795,0.28057359749455335,0.813408566144239,0.38199159177559916,0.8566755174291939,0.30820375730314986,0.4172329412402413,0.47108408630979653,0.3409125124842773,0.6015722088290478,0.3109078597128596,0.28984518490818273,0.49375996572904624,0.339186944684291,0.026013609678647413,0.3713680855494032,0.38160557214143803,0.3629850325653956,0.04601546931344417,0,0,DATA
1204,50.166666666666664,0.25116339738352605,0.3184669707867346,0.6367543957929755,0.16894790287914735,0.28057359749455335,0.813408566144239,0.38199159177559916,0.8566755174291939,0.30820375730314986,0.4172329412402413,0.47108408630979653,0.3409125124842773,0.6229396249255852,0.31295519282969797,0.3113783036538245,0.4820525911223583,0.34198934642470136,0.02478063050186886,0.3731528494468496,0.3855405768172065,0.36813831862571933,0.014982622653005836,0,0,DATA
1208,50.333333333333336,0.2699645249392492,0.31324299729937377,0.6561094352141192,0.1803128083045873,0.28057359749455335,0.813408566144239,0.38199159177559916,0.8566755174291939,0.30820375730314986,0.4172329412402413,0.47108408630979653,0.3409125124842773,0.6304468841868922,0.31210668018828847,0.32178647606421895,0.4787232178124097,0.34492569423389063,0.024221399187230104,0.37869449344727873,0.3941542153022939,0.37634657629856144,0.0062546481043703195,0,0,DATA
1212,50.5,0.27110645005865586,0.3339309621152332,0.6578044870521722,0.18960182543457443,0.28057359749455335,0.813408566144239,0.38199159177559916,0.8566755174291939,0.30820375730314986,0.4172329412402413,0.47108408630979653,0.3409125124842773,0.6283545893539538,0.3176447565443063,0.3251487320624127,0.47700032705086987,0.3522249353333572,0.02479075535694913,0.3875370747651144,0.4040952035169335,0.38184552991839166,0.0036642090623833132,0,0,DATA
1216,50.666666666666664,0.2637359972033685,0.32755180835911657,0.629821716688781,0.18943756090785333,0.28057359749455335,0.813408566144239,0.38199159177559916,0.8566755174291939,0.30820375730314986,0.4172329412402413,0.47108408630979653,0.3409125124842773,0.6290665231928567,0.3175200163993989,0.32460961376226044,0.4767067302038721,0.3471752873923354,0.02473354876416694,0.37791476861893203,0.39165819388174,0.3731230660732534,0.0004585974279875023,0.1406390005441806,0,DATA
1220,50.833333333333336,0.2599973028741411,0.3143344662058771,0.6122419435026721,0.19808726827380746,0.28057359749455335,0.813408566144239,0.38199159177559916,0.8566755174291939,0.30820375730314986,0.4172329412402413,0.47108408630979653,0.3409125124842773,0.6320557451967079,0.3137817385530197,0.32366275246307696,0.47708125812513613,0.3407548659059564,0.02424537947218217,0.368364138254569,0.38121455693536144,0.3681015934940084,0.002558120383137963,0,0,DATA
1224,51.0,0.2521312858743925,0.2912718560250395,0.5786831599151887,0.20650546365508668,0.28057359749455335,0.813408566144239,0.38199159177559916,0.8566755174291939,0.30820375730314986,0.4172329412402413,0.47108408630979653,0.3409125124842773,0.6377956599358392,0.3062027243484714,0.3217268305033747,0.4780008078578447,0.3281978321790667,0.023290670696682104,0.35085413406478755,0.3611904939249596,0.35714954344629285,0.005084950301127285,0,0,DATA
1228,51.166666666666664,0.24757739834715936,0.27207181292771276,0.5667203198536547,0.21033792255911124,0.28057359749455335,0.813408566144239,0.38199159177559916,0.8566755174291939,0.30820375730314986,0.4172329412402413,0.47108408630979653,0.3409125124842773,0.6435496434080172,0.2985530080198554,0.3201897375347451,0.4789486742860636,0.318889442032923,0.022348058495760176,0.3398707713081034,0.3493940930525245,0.3515899299943919,0.0049802642564745385,0,0,DATA
1232,51.333333333333336,0.24444833956552706,0.25544486624772705,0.5500102473136553,0.21421413833350272,0.28057359749455335,0.813408566144239,0.38199159177559916,0.8566755174291939,0.30820375730314986,0.4172329412402413,0.47108408630979653,0.3409125124842773,0.6487674972524675,0.29160254805087465,0.31907150730001343,0.4798149773483289,0.30995836980638203,0.021508261479487922,0.3292521663717828,0.3374921024396431,0.34538070713410934,0.004428848016054236,0,0,DATA
1236,51.5,0.24167537340791018,0.24639232636067213,0.5355623411919637,0.21147865849197958,0.28057359749455335,0.813408566144239,0.38199159177559916,0.8566755174291939,0.30820375730314986,0.4172329412402413,0.47108408630979653,0.3409125124842773,0.6522338867820843,0.286982698891805,0.3181537153364944,0.48039170716305535,0.3036730487081382,0.020958600128422,0.3221869759610991,0.328708573432638,0.3395864570365619,0.0030013435507351507,0.07391769790820163,0,DATA
1240,51.666666666666664,0.24498609539969834,0.2309698808297021,0.5352980530905852,0.2098558604121412,0.17122651143790849,0.5348037345406366,0.19844260620915033,0.8847916666666666,0.30820375730314986,0.4172329412402413,0.47108408630979653,0.3409125124842773,0.5785031643534643,0.25831557132351707,0.2671799134071085,0.5315906321615094,0.2841734121461943,0.022864631141328785,0.31662728452679306,0.3229601733802102,0.33721353076478283,0.05112388397543127,0,0,DATA
1244,51.833333333333336,0.24281602197502933,0.21161718520987757,0.5251896493766957,0.21203353273692505,0.17122651143790849,0.5348037345406366,0.19844260620915033,0.8847916666666666,0.30820375730314986,0.4172329412402413,0.47108408630979653,0.3409125124842773,0.5604480137050414,0.24429667827947982,0.25143205740911223,0.5476276540077394,0.2713661375939511,0.022550028938431225,0.3064305108511515,0.3119703265656581,0.33200205261582666,0.01594063323015214,0,0,DATA
1248,52.0,0.2390106196057483,0.20348206803745084,0.5133088253063145,0.21178131562517868,0.17122651143790849,0.5348037345406366,0.19844260620915033,0.8847916666666666,0.30820375730314986,0.4172329412402413,0.47108408630979653,0.3409125124842773,0.5567398431167241,0.2378131775579892,0.24590856611216436,0.5527234896626433,0.2644341986510104,0.022136752342585577,0.3000392186942484,0.3043657302905422,0.32738059536309,0.005238387535585263,0,0,DATA
1252,52.166666666666664,0.21189530700100553,0.19641417997678237,0.4673261183087145,0.20995661044027256,0.17122651143790849,0.5348037345406366,0.19844260620915033,0.8847916666666666,0.30820375730314986,0.4172329412402413,0.47108408630979653,0.3409125124842773,0.5571116484329693,0.2338891186845548,0.23855730307608403,0.5544996164412379,0.2531887631817552,0.02175322090697029,0.28259245954951245,0.2821382299275557,0.3117482631071342,0.003882375741919991,0,0,DATA
1256,52.333333333333336,0.1942726990635998,0.20739675735286459,0.45329257330657496,0.21066144136039677,0.17122651143790849,0.5348037345406366,0.19844260620915033,0.8847916666666666,0.30820375730314986,0.4172329412402413,0.47108408630979653,0.3409125124842773,0.5549168487788656,0.23578702268782753,0.23265117649840472,0.5546480642666534,0.2530190771654477,0.022038414525738948,0.2806542599120363,0.27886715888187796,0.30826596885329594,0.0033329434116852554,0.062219027205859374,0,DATA
1260,52.5,0.17905979632771912,0.2088923472581127,0.43696316753135367,0.21023852543153138,0.17122651143790849,0.5348037345406366,0.19844260620915033,0.8847916666666666,0.30820375730314986,0.4172329412402413,0.47108408630979653,0.3409125124842773,0.5539443350025324,0.23677515906227883,0.227684628950566,0.5546402529675943,0.25065777582590654,0.02217912921638525,0.27494403417191515,0.27148170097134816,0.3028020824359167,0.0023090658995410887,0,0,DATA
1264,52.666666666666664,0.1790826106083459,0.18260892242019192,0.4476197907053286,0.21223986641506606,0.17122651143790849,0.5348037345406366,0.19844260620915033,0.8847916666666666,0.30820375730314986,0.4172329412402413,0.47108408630979653,0.3409125124842773,0.5591721000855958,0.22971224101999638,0.226199455685146,0.5555578294472039,0.2435753505891383,0.02126534860663005,0.26656655172766713,0.2643700149428511,0.30192627412849193,0.004591952130255299,0,0,DATA
1268,52.833333333333336,0.18419647907239822,0.1903644810387561,0.46811960714638556,0.21975398410458077,0.17122651143790849,0.5348037345406366,0.19844260620915033,0.8847916666666666,0.30820375730314986,0.4172329412402413,0.47108408630979653,0.3409125124842773,0.5591117623006163,0.22976492202050963,0.22682781608297098,0.555561657839437,0.2480175007260481,0.021273136826499346,0.2747915121561147,0.27539636878435586,0.31022877241584895,0.00024712639443924544,0,0,DATA
1272,53.0,0.18702607178020786,0.2019598575701963,0.4851802738610202,0.22579501804457078,0.17122651143790849,0.5348037345406366,0.19844260620915033,0.8847916666666666,0.30820375730314986,0.4172329412402413,0.47108408630979653,0.3409125124842773,0.55665863189352,0.23302743174946688,0.22761053867095848,0.5551569681785065,0.2543455555884334,0.021695247083611084,0.2834077146531796,0.2863227413468832,0.31772441163300263,0.0021661209080136765,0,0,DATA
1276,53.166666666666664,0.18831322927140942,0.2141805733429641,0.4988930936468709,0.2228073012739781,0.17122651143790849,0.5348037345406366,0.19844260620915033,0.8847916666666666,0.30820375730314986,0.4172329412402413,0.47108408630979653,0.3409125124842773,0.55335634245911,0.237427985084529,0.22811565852050708,0.5546078362281806,0.2605702044158881,0.022269597768750756,0.2912959964176972,0.2952835334129267,0.3225168963403821,0.002735987539673579,0.06425417200288923,0,DATA
1280,53.333333333333336,0.18797137511521708,0.227880287559908,0.5083516134518126,0.21813509358956965,0.20063989311002178,0.7214909819671661,0.19242987472766887,0.8329200708061002,0.30820375730314986,0.4172329412402413,0.47108408630979653,0.3409125124842773,0.601761144922657,0.24876088121693574,0.22651184028775645,0.5247389869302036,0.2704826821067644,0.020803912190011317,0.2985992152342246,0.30306538344150735,0.32596785647165816,0.02044717227623477,0,0,DATA
1284,53.5,0.18712187866599633,0.23799697434760497,0.5165428629339044,0.21709330518009134,0.20063989311002178,0.7214909819671661,0.19242987472766887,0.8329200708061002,0.30820375730314986,0.4172329412402413,0.47108408630979653,0.3409125124842773,0.6141580814363048,0.2549934223572129,0.2258523005635949,0.5154242481032411,0.2767141953624964,0.02066130177372023,0.3041142405558776,0.3092953548704217,0.32923986453351795,0.006429672459362175,0,0,DATA
1288,53.666666666666664,0.1845254040451651,0.24522490332115865,0.5220292844808662,0.21629013967606742,0.20063989311002178,0.7214909819671661,0.19242987472766887,0.8329200708061002,0.30820375730314986,0.4172329412402413,0.47108408630979653,0.3409125124842773,0.6163592973059528,0.2588870048118911,0.22510917897597188,0.512376848941078,0.2806253394668799,0.020857114413322123,0.3075834015305252,0.3132328414493631,0.3312753787034035,0.0022793066373164215,0,0,DATA
1292,53.833333333333336,0.1803798823215184,0.25487741870370884,0.5278974016864737,0.2132708944239125,0.20063989311002178,0.7214909819671661,0.19242987472766887,0.8329200708061002,0.30820375730314986,0.4172329412402413,0.47108408630979653,0.3409125124842773,0.6149926338365117,0.2627577838554086,0.22401568293771917,0.5111247911540397,0.2847439718708934,0.02124437328323646,0.3117889267799374,0.31772325389412054,0.33317188408939225,0.0021103128504037874,0,0,DATA
1296,54.0,0.17496206348458188,0.26346498578242594,0.5319450078764922,0.20882269141254015,0.20063989311002178,0.7214909819671661,0.19242987472766887,0.8329200708061002,0.30820375730314986,0.4172329412402413,0.47108408630979653,0.3409125124842773,0.6127792457091488,0.26632353635050465,0.22254989217048668,0.5104486089701732,0.2881317932159382,0.021656460132520358,0.3149499110820407,0.3208441785140885,0.33404049821273635,0.002414977129897161,0.17161485096856194,0,DATA
1300,54.166666666666664,0.16747364410507792,0.26641790107359703,0.5317611070499427,0.2051487376882981,0.20063989311002178,0.7214909819671661,0.19242987472766887,0.8329200708061002,0.30820375730314986,0.4172329412402413,0.47108408630979653,0.3409125124842773,0.611495117059794,0.26822007838056133,0.2205375868706211,0.5101424022798223,0.2889740850820436,0.0218830101322251,0.3145966131572984,0.32010509513426705,0.3329538276169758,0.0017309919930923456,0,0,DATA
1304,54.333333333333336,0.17098128247025307,0.2606246039298132,0.5508014754254968,0.19141107274510955,0.20063989311002178,0.7214909819671661,0.19242987472766887,0.8329200708061002,0.30820375730314986,0.4172329412402413,0.47108408630979653,0.3409125124842773,0.6123264708651821,0.2671669177893189,0.22067049933734822,0.5102533056727495,0.2894312098608457,0.02175044379636597,0.3167888956479308,0.3228276479681359,0.3344481559871766,0.0006724756211192265,0,0,DATA
1308,54.5,0.16747380776562765,0.25852107671214963,0.5484535794413605,0.1764338543147392,0.20063989311002178,0.7214909819671661,0.19242987472766887,0.8329200708061002,0.30820375730314986,0.4172329412402413,0.47108408630979653,0.3409125124842773,0.613017617722508,0.2662619819910004,0.21997380338939504,0.5103602001432458,0.2873902497953472,0.02163812618116884,0.31477641062311296,0.3190826515018675,0.33019946175195636,0.0007642595345325187,0,0,DATA
1312,54.666666666666664,0.16618210051114463,0.25889702909167434,0.5500915368564159,0.16473373863721164,0.20063989311002178,0.7214909819671661,0.19242987472766887,0.8329200708061002,0.30820375730314986,0.4172329412402413,0.47108408630979653,0.3409125124842773,0.6131460117800054,0.26609576791777173,0.21949353608156763,0.5103791101511114,0.2869758874144809,0.021617443904164934,0.3149960416070373,0.3182960666595446,0.3281961501016951,0.0002582918128511598,0,0,DATA
1316,54.833333333333336,0.16706318344645552,0.26441328974021616,0.5442537281327788,0.16303007198084146,0.20063989311002178,0.7214909819671661,0.19242987472766887,0.8329200708061002,0.30820375730314986,0.4172329412402413,0.47108408630979653,0.3409125124842773,0.6120261152610609,0.26759045667739484,0.2195344833056347,0.5101917140307721,0.288057105295755,0.02180180288920109,0.31621120070878883,0.31875707822329535,0.32731151198032415,0.000885177500878224,0.11109571925512231,0,DATA
1320,55.0,0.16878191380718954,0.25828348031891213,0.559455436194539,0.15206945412320427,0.2297389025054466,0.7418675163670259,0.22512876157407408,0.8125207652505446,0.30820375730314986,0.4172329412402413,0.47108408630979653,0.3409125124842773,0.6186828359158121,0.27243330864035586,0.22906338916560243,0.504441927721916,0.2915053256480874,0.021815534297090683,0.31714336462476606,0.3201133511596848,0.3281722170471145,0.0070094928258933225,0,0,DATA
1324,55.166666666666664,0.17081372679948045,0.26282598753080294,0.5657820438593268,0.1442265285617567,0.2297389025054466,0.7418675163670259,0.22512876157407408,0.8125207652505446,0.30820375730314986,0.4172329412402413,0.47108408630979653,0.3409125124842773,0.6197259255977404,0.2751580662485736,0.23234874165197383,0.5025580040768429,0.29447500230362056,0.021973450580968303,0.32063205164093816,0.32345040638619105,0.3290698412320347,0.0023510665921724905,0,0,DATA
1328,55.333333333333336,0.17325855355496897,0.2641690748000211,0.5745482806436606,0.1436315748444426,0.2297389025054466,0.7418675163670259,0.22512876157407408,0.8125207652505446,0.30820375730314986,0.4172329412402413,0.47108408630979653,0.3409125124842773,0.6197568041757832,0.27635155796641997,0.23384776101653781,0.5019458189288983,0.2966297277032699,0.022066967910152096,0.32341149925658985,0.3270469823085447,0.3315883554505869,0.0009077965534843672,0,0,DATA
1332,55.5,0.1606579677811295,0.28774987067405305,0.5341750369979512,0.14457062959752842,0.2297389025054466,0.7418675163670259,0.22512876157407408,0.8125207652505446,0.30820375730314986,0.4172329412402413,0.47108408630979653,0.3409125124842773,0.6148141006156492,0.2833122283265028,0.23165134381340075,0.5009368355289239,0.29876378334989584,0.02291685384965099,0.32224905172229285,0.3219411158849853,0.3239599162934976,0.004699930374451285,0,0,DATA
1336,55.666666666666664,0.14822611603402044,0.2678248683854251,0.4961438929353112,0.15257986733541554,0.2297389025054466,0.7418675163670259,0.22512876157407408,0.8125207652505446,0.30820375730314986,0.4172329412402413,0.47108408630979653,0.3409125124842773,0.6175155400282208,0.27982142879371186,0.22838172978556673,0.5013315155890337,0.28824338734627075,0.02247574309694585,0.30418645164489183,0.30087632517510904,0.3118220423074099,0.003153950991065533,0.09313921298033317,0,DATA
1340,55.833333333333336,0.13604224275180157,0.2505065723547401,0.4585700482046212,0.17339976568222443,0.2297389025054466,0.7418675163670259,0.22512876157407408,0.8125207652505446,0.30820375730314986,0.4172329412402413,0.47108408630979653,0.3409125124842773,0.6219628140184362,0.2739250660452828,0.22484223218795055,0.5020560599681405,0.27728386703591573,0.021746310838890264,0.28730758963003605,0.2823220685218652,0.30277642906127455,0.004627711445420217,0,0,DATA
1344,56.0,0.12361147116432043,0.23206448396144153,0.41808279572182216,0.18274431303459587,0.2297389025054466,0.7418675163670259,0.22512876157407408,0.8125207652505446,0.30820375730314986,0.4172329412402413,0.47108408630979653,0.3409125124842773,0.6271698347780935,0.26699237247063046,0.22116992087529466,0.5029188963756379,0.264694366617357,0.020903990171654927,0.2693471494586606,0.2612473578374469,0.29051413499330614,0.005270675215655163,0,0,DATA
1348,56.166666666666664,0.11139244359602815,0.2117242213890398,0.37762535058672764,0.1926907114013533,0.2297389025054466,0.7418675163670259,0.22512876157407408,0.8125207652505446,0.30820375730314986,0.4172329412402413,0.47108408630979653,0.3409125124842773,0.6330033961461952,0.2592172908779623,0.21750223169215652,0.5038896564879213,0.2513403159631674,0.019977691736603163,0.2506757498890226,0.23952485359097514,0.27811611124019453,0.005758777381302649,0,0,DATA
1352,56.333333333333336,0.09907459778783309,0.19213087241391133,0.3363649793592011,0.2032344130516706,0.2297389025054466,0.7418675163670259,0.22512876157407408,0.8125207652505446,0.30820375730314986,0.4172329412402413,0.47108408630979653,0.3409125124842773,0.6388680678414025,0.25139862868712587,0.2138151773174941,0.5048666517357357,0.23799925866669894,0.019065495229158753,0.23212276689182687,0.21790020363605853,0.2657389718362876,0.005790129420235389,0,0,DATA
1356,56.5,0.08678421421987598,0.17487463421182597,0.2953337395294816,0.21122966487799366,0.2297389025054466,0.7418675163670259,0.22512876157407408,0.8125207652505446,0.30820375730314986,0.4172329412402413,0.47108408630979653,0.3409125124842773,0.6442512793724028,0.24422128333329104,0.2101280804558244,0.5057637186471531,0.2253446839501144,0.018245095910128125,0.21455594693145735,0.19702978487534945,0.25326273815701383,0.005415884582168277,0.05246239026354779,0,DATA
1360,56.666666666666664,0.0742948194234959,0.15634163248691277,0.2544112593745363,0.21633824579567876,0,0.589591487075041,0,1.0,0.30820375730314986,0.4172329412402413,0.47108408630979653,0.3409125124842773,0.6071208849921788,0.1886336697180211,0.14336312524934292,0.5521227226449,0.18332132953936986,0.01556314813609369,0.196460371251227,0.17535281927139307,0.24002494456343954,0.053160987733991825,0,0,DATA
1364,56.833333333333336,0.061262464387464396,0.1379593822681357,0.21129617068159692,0.21760520275498127,0,0.589591487075041,0,1.0,0.30820375730314986,0.4172329412402413,0.47108408630979653,0.3409125124842773,0.5998420392240548,0.16681035557218254,0.12059684412983188,0.5666738026018814,0.16112046024919927,0.014017603261635725,0.17787798241792202,0.15258561726472436,0.22543899074564544,0.017289480344491192,0,0,DATA
1368,57.0,0.04685058184598626,0.11732344327541665,0.16283294885525834,0.21246467938070773,0,0.589591487075041,0,1.0,0.30820375730314986,0.4172329412402413,0.47108408630979653,0.3409125124842773,0.6019919326820886,0.15448529841046965,0.11074046446026814,0.5717613844537208,0.14324951755588666,0.012912142960370184,0.15704858594727106,0.12639584627401218,0.20775850151115044,0.008110443429770159,0,0,DATA
1372,57.166666666666664,0.03169031234288587,0.09622896074440128,0.10363244842776555,0.20633683041126333,0,0.589591487075041,0,1.0,0.30820375730314986,0.4172329412402413,0.47108408630979653,0.3409125124842773,0.607066742051012,0.14488132615327148,0.10459989396374794,0.5740259658978581,0.12555002142628036,0.011955025215288727,0.13373863894874627,0.09655306433579368,0.187052607280426,0.0069397840408805716,0,0,DATA
1376,57.333333333333336,0.015874844195156695,0.06871432862261417,0.05250418709768024,0.20097269520195407,0,0.589591487075041,0,1.0,0.30820375730314986,0.4172329412402413,0.47108408630979653,0.3409125124842773,0.6143672576072643,0.13429603748201163,0.09943647450376875,0.575668352455362,0.10718131286423759,0.01087567933759981,0.10934404020446853,0.0665092259375765,0.16748897327300183,0.007683074562497126,0.020614298586784253,0,DATA
1380,57.5,0.0,0.04438154418204829,0.0,0.19752676265327154,0,0.589591487075041,0,1.0,0.30820375730314986,0.4172329412402413,0.47108408630979653,0.3409125124842773,0.6216672970066588,0.12430727123727522,0.09455373138479209,0.5770127158780329,0.08958648031762372,0.009876196245074196,0.08593512016967478,0.03750529393814647,0.14843633790324473,0.007390516254369188,0,0,DATA
1384,57.666666666666664,0.0,0.0,0.0,0.19431562954249731,0,0.589591487075041,0,1.0,0.30820375730314986,0.4172329412402413,0.47108408630979653,0.3409125124842773,0.6331774331047073,0.10888380899288079,0.09308890844909909,0.5789693789512059,0.07310291057742836,0.008387618044702108,0.06818250249685547,0.019431562954249734,0.14113687965378263,0.009466140426045317,0,0,DATA
1388,57.833333333333336,0.0,0.0,0.0,0.1926372195284835,0,0.589591487075041,0,1.0,0.30820375730314986,0.4172329412402413,0.47108408630979653,0.3409125124842773,0.6366304739341219,0.10425677031956246,0.09264946156839118,0.5795563778731578,0.07025955097287681,0.007955583976237489,0.06818250249685547,0.019263721952848353,0.14080119765097987,0.0028398421278135974,0,0,DATA
1392,58.0,0.0,0.0,0.0,0.19019004654402774,0,0.589591487075041,0,1.0,0.30820375730314986,0.4172329412402413,0.47108408630979653,0.3409125124842773,0.6376663861829462,0.10286865871756695,0.09251762750417881,0.5797324775497434,0.06932879709230128,0.007827282300946332,0.06818250249685547,0.019019004654402774,0.1403117630540887,0.0008519526383440843,0,0,DATA
1396,58.166666666666664,0.0,0.0,0.0,0.18792554053713661,0,0.589591487075041,0,1.0,0.30820375730314986,0.4172329412402413,0.47108408630979653,0.3409125124842773,0.6379771598575936,0.10245222523696831,0.09247807728491511,0.579785307452719,0.06898835676366645,0.007788909567431325,0.06818250249685547,0.01879255405371366,0.13985886185271051,0.00025558579150324057,0,0,DATA
1400,58.333333333333336,0.0,0.0,0.0,0.1869750978886177,0,0.589591487075041,0,1.0,0.30820375730314986,0.4172329412402413,0.47108408630979653,0.3409125124842773,0.6380703919599877,0.10232729519278871,0.092466212219136,0.5798011564236117,0.06887538103121793,0.007777408346593335,0.06818250249685547,0.01869750978886177,0.1396687733230067,7.667573745093655e-05,0,0,DATA
1404,58.5,0.0,0.0,0.0,0.18553599277232535,0,0.589591487075041,0,1.0,0.30820375730314986,0.4172329412402413,0.47108408630979653,0.3409125124842773,0.638098361590706,0.10228981617953484,0.09246265269940226,0.5798059111148794,0.06879532941861391,0.007773958934271423,0.06818250249685547,0.018553599277232536,0.13938095229974826,2.300272123529253e-05,0,0,DATA
1408,58.666666666666664,0.0,0.0,0.0,0.18419632400639976,0,0.589591487075041,0,1.0,0.30820375730314986,0.4172329412402413,0.47108408630979653,0.3409125124842773,0.6381067524799215,0.10227857247555867,0.09246158484348214,0.5798073375222599,0.0687349964455912,0.007772924196428503,0.06818250249685547,0.018419632400639978,0.13911301854656313,6.900816370614127e-06,0,0,DATA
1412,58.833333333333336,0.0,0.0,0.0,0.18233164005659813,0,0.589591487075041,0,1.0,0.30820375730314986,0.4172329412402413,0.47108408630979653,0.3409125124842773,0.6381092697466861,0.10227519936436583,0.09246126448670611,0.579807765444474,0.06865838522088341,0.007772613782802458,0.06818250249685547,0.018233164005659813,0.1387400817566028,2.070244911158333e-06,0,0,DATA
1416,59.0,0.0,0.0,0.0,0.18038012764826042,0,0.589591487075041,0,1.0,0.30820375730314986,0.4172329412402413,0.47108408630979653,0.3409125124842773,0.6381100249267155,0.10227418743100797,0.0924611683796733,0.5798078938211382,0.0685797175645352,0.007772520659410057,0.06818250249685547,0.018038012764826042,0.13834977927493525,6.210734733539761e-07,0,0,DATA

Összegző statisztikák,Átlag,Minimum,Maximum,Szórás,Medián,Parameter
intensity,0.20506285753668932,0.0,0.32012664707977206,0.05627515756758414,0.2182502788775767,SUMMARY
motion,0.1894166052649964,0.0,0.3339309621152332,0.07333081133858328,0.19517578365459903,SUMMARY
contrast,0.5611513661193613,0.0,0.707058088999055,0.14467828439425667,0.6046541121630377,SUMMARY
dynamics,0.1697023064651293,0.0,0.2759450503966752,0.04703715502419193,0.17125760871789444,SUMMARY
color_arousal,0.20754087124873422,0.0,0.45632582720588233,0.07528977716591882,0.20580380242374727,SUMMARY
color_valence,0.6402496735448574,0.3295485304063205,0.813408566144239,0.112248714575,0.6926196624878389,SUMMARY
color_dominance,0.2139320902950382,0.0,0.38199159177559916,0.06999814909850187,0.22512876157407408,SUMMARY
color_harmony,0.8390802782380558,0.4940921160130719,1.0,0.08105532632912349,0.8455150462962963,SUMMARY
audio_volume,0.2972213477006824,0.11363455870144278,0.39758141499712674,0.042598006886609543,0.30820375730314986,SUMMARY
audio_brightness,0.4330555145404584,0.32814231052526227,0.6895576946165848,0.0595472561835032,0.4172329412402413,SUMMARY
audio_tempo,0.47108408630979653,0.47108408630979653,0.47108408630979653,0.0,0.47108408630979653,SUMMARY
audio_energy,0.33797159775261515,0.2112496516290589,0.44875175393536415,0.02480388691065742,0.3409125124842773,SUMMARY
pleasure,0.6004996347397697,0.4721470667362781,0.6899322926304206,0.04840099248511476,0.6130570738121445,SUMMARY
arousal,0.23990053469280456,0.10227418743100797,0.32205104507673865,0.042591865367999436,0.24429667827947982,SUMMARY
dominance,0.23675009627870808,0.06747656467797261,0.3251487320624127,0.04481664268287155,0.2464942159737935,SUMMARY
boredom,0.5290313756413274,0.4767067302038721,0.6099383519887969,0.024164677753126827,0.5264869050276855,SUMMARY
engagement,0.2647782624539459,0.0667510930853682,0.3522249353333572,0.050823765228641994,0.27294128455130734,SUMMARY
stress_level,0.020307405996289107,0.007772520659410057,0.03569907364892475,0.005226584127161565,0.0202360692900264,SUMMARY
neural_activity,0.29660380638773176,0.06365191050412324,0.3875370747651144,0.05857376549294749,0.3080138880429868,SUMMARY
visual_engagement,0.3020948540956578,0.0,0.4040952035169335,0.07124173499159761,0.3186748181113138,SUMMARY
cognitive_load,0.3245385586920691,0.09547786575618485,0.3826455643387266,0.04807390701885331,0.3342381893571866,SUMMARY
emotional_variability,0.006279870646755132,0.0,0.06415935192316148,0.00921480861388271,0.003098253393984183,SUMMARY
narrative_tension,0.017503362542517983,0.0,0.27555737696036137,0.042294741684597216,0.0,SUMMARY
narrative_payoff,0.0,0,0,0.0,0.0,SUMMARY
