frame,time,intensity,motion,contrast,dynamics,color_arousal,color_valence,color_dominance,color_harmony,audio_volume,audio_brightness,audio_tempo,audio_energy,pleasure,arousal,dominance,boredom,engagement,stress_level,neural_activity,visual_engagement,cognitive_load,emotional_variability,narrative_tension,narrative_payoff,parameter
0,0.0,0.0,0.0,0.0,0.0,0,0.589591487075041,0,1.0,0.16646074181041196,0.5312223235375025,0.5830371713507524,0.27588921632853913,0.5830223518100047,0.2079367354289932,0.1849567557801865,0.5545204563805011,0.12476204125739593,0.01820804389141224,0.05517784326570783,0,0.08276676489856173,0,0,0,DATA
4,0.16666666666666666,0.0,0.0,0.0,0.0,0,0.589591487075041,0,1.0,0.16646074181041196,0.5312223235375025,0.5830371713507524,0.27588921632853913,0.6079290573530061,0.12031775605769117,0.09044378251424245,0.5858765932946514,0.0721906536346147,0.00990635016728911,0.05517784326570783,0,0.08276676489856173,0.06901288606008248,0,0,DATA
8,0.3333333333333333,0.0,0.0,0.0,0.0,0,0.589591487075041,0,1.0,0.3405709870146097,0.596938530313737,0.5830371713507524,0.4174812500043479,0.6451353960878263,0.1237663893182204,0.09865304202734075,0.5655491072969766,0.07425983359093223,0.009223265251840534,0.08349625000086958,0,0.12524437500130436,0.016288077169482596,0,0,DATA
12,0.5,0.04552355664488018,0.25,0.25,0.25,0,0.589591487075041,0,1.0,0.3405709870146097,0.596938530313737,0.5830371713507524,0.4174812500043479,0.6037972977082724,0.19480097929637918,0.11067576677669509,0.5507008614976742,0.20052247210941793,0.016207941625323064,0.2426009613298456,0.209104711328976,0.27979673066579236,0.04146513770235569,0,0,DATA
16,0.6666666666666666,0.07338269335511982,0.2086543436819172,0.30031343831260243,0.24917235018970132,0,0.589591487075041,0,1.0,0.3405709870146097,0.596938530313737,0.5830371713507524,0.4174812500043479,0.6000784560212036,0.20453457252076362,0.12013300291065171,0.5476934857290163,0.20798056057507486,0.017177534228304845,0.2416972138071809,0.21314954265654174,0.28879362550519483,0.007636557015136626,0,0,DATA
20,0.8333333333333334,0.09221983932461873,0.1801494700889615,0.33405315035867367,0.26623056930775957,0,0.589591487075041,0,1.0,0.37121418031040543,0.5245312013643615,0.5830371713507524,0.4172092866265923,0.604891714660275,0.19941617357272265,0.13336104499655058,0.5478460558835011,0.20658680731918816,0.016546106305958756,0.24075624329756157,0.2173427579388864,0.2981665918850041,0.0077198998910037635,0,0,DATA
24,1.0,0.10673186809446,0.16036080230703392,0.35955465731399533,0.24532773424597482,0,0.589591487075041,0,1.0,0.37121418031040543,0.5245312013643615,0.5830371713507524,0.4172092866265923,0.6104913124862013,0.19233982690937063,0.1403769836639869,0.548584430302214,0.20255984220982304,0.015732787042581037,0.24084348332982308,0.21788986516050163,0.2988443043211726,0.006563961052238193,0,0,DATA
28,1.1666666666666667,0.11823863442946622,0.1447083184402233,0.37922090612255865,0.22804770765654264,0,0.589591487075041,0,1.0,0.37121418031040543,0.5245312013643615,0.5830371713507524,0.4172092866265923,0.6154582134460094,0.18583422742765807,0.14489818619456912,0.5493537795631662,0.19874137520235663,0.01500681542176157,0.24081709281181274,0.21810209686440443,0.299107665258906,0.005331234324034299,0,0,DATA
32,1.3333333333333333,0.12826858849249576,0.13345999568809006,0.39567124782597146,0.21367252170295384,0,0.589591487075041,0,1.0,0.14669002779997692,0.6429044557650954,0.5830371713507524,0.2955543561895124,0.5937628961201129,0.15518548182076022,0.10121076527978999,0.5755258110295634,0.18075382608918494,0.013238841146804804,0.21728283677683197,0.21910634249182198,0.2631644813564004,0.03201049461585782,0,0,DATA
36,1.5,0.13803951354847493,0.12519956767429194,0.4093870868677435,0.20153392831285233,0,0.589591487075041,0,1.0,0.14669002779997692,0.6429044557650954,0.5830371713507524,0.2955543561895124,0.5889889908052417,0.14367793829482742,0.09015643326711188,0.5836665354499654,0.17446966244530449,0.012401175027691636,0.21867601839086295,0.22065724867102005,0.26390375074235134,0.009111926951160707,0.15164939450896098,0,DATA
40,1.6666666666666667,0.14687991279213702,0.11853840178748266,0.4205953714505867,0.1911840301392128,0.19577563316993463,0.6461668936105901,0.21987413194444444,0.8626582924836601,0.14669002779997692,0.6429044557650954,0.5830371713507524,0.2955543561895124,0.6047967778769638,0.17947343175442723,0.15026137444892193,0.5578648951843044,0.19651940214166347,0.014894980488113978,0.22002128880144028,0.22208835772251778,0.2645207072946791,0.03723607390437734,0,0,DATA
44,1.8333333333333333,0.15423939468727302,0.11199207402868555,0.4299640553120386,0.18222845545092026,0.19577563316993463,0.6461668936105901,0.21987413194444444,0.8626582924836601,0.31665675701283746,0.6595525460236286,0.5830371713507524,0.4195254937160748,0.6369477817084062,0.21441304690042207,0.20553136113614423,0.5243195856955858,0.2177905364153062,0.01634705778465013,0.2455426183545515,0.2228567706876324,0.3020171036060463,0.04078686855488648,0,0,DATA
48,2.0,0.16049990442223894,0.10696860074157868,0.4383705943047073,0.1743033397816484,0.19577563316993463,0.6461668936105901,0.21987413194444444,0.8626582924836601,0.31665675701283746,0.6595525460236286,0.5830371713507524,0.4195254937160748,0.6476480122481313,0.22348835892383062,0.22342706418665376,0.514431814414019,0.2236245887345609,0.016536779176305107,0.24646663878523567,0.2238289334506563,0.3024062452007896,0.012557081871214404,0,0,DATA
52,2.1666666666666665,0.17867761621208308,0.10978572251550192,0.4799425577116304,0.16615048244478706,0.19577563316993463,0.6461668936105901,0.21987413194444444,0.8626582924836601,0.31665675701283746,0.6595525460236286,0.5830371713507524,0.4195254937160748,0.6502664858375248,0.22699974662755168,0.23261309457767387,0.5113668837674616,0.23229889909916512,0.016671778011429477,0.2595434225341584,0.24024762780658523,0.31340900403022104,0.005105297228044888,0,0,DATA
56,2.3333333333333335,0.19697208343807604,0.11325483518728004,0.5219303873891117,0.15868865488491307,0.19577563316993463,0.6461668936105901,0.21987413194444444,0.8626582924836601,0.37959232201012183,0.5993706177919695,0.5830371713507524,0.4455258107446761,0.6557835808292758,0.23448458106277215,0.2524272104618681,0.5048659190539759,0.2435484816247641,0.016949822997276716,0.2781875903892848,0.25714433246775203,0.33256350466956297,0.010938681770388573,0.03397645055618401,0,DATA
60,2.5,0.2154453007164404,0.11611329761605496,0.5640802104201917,0.15225538996292176,0.19577563316993463,0.6461668936105901,0.21987413194444444,0.8626582924836601,0.37959232201012183,0.5993706177919695,0.5830371713507524,0.4455258107446761,0.6568384322167584,0.23753040087339528,0.26225082085558293,0.502815583454923,0.2521118330488611,0.017117373999578196,0.29145558342268363,0.2739839813120598,0.3440903985350874,0.004641427197273525,0,0,DATA
64,2.6666666666666665,0.22009915210742415,0.042603328724652265,0.5294078980769942,0.1443323624654778,0.19577563316993463,0.6461668936105901,0.21987413194444444,0.8626582924836601,0.37959232201012183,0.5993706177919695,0.5830371713507524,0.4455258107446761,0.6725919811001977,0.21786135552698946,0.26617521276580397,0.5047733316864064,0.2244435203485904,0.014979206509662593,0.2560479036756798,0.23431676758099174,0.32327660475518716,0.013115662046688709,0,0,DATA
68,2.8333333333333335,0.22469722798307354,0.09588788060703454,0.5674610595160097,0.13856428411618193,0.19577563316993463,0.6461668936105901,0.21987413194444444,0.8626582924836601,0.10398642679855624,0.3036608069615549,0.5830371713507524,0.16388874084745583,0.6069845051915129,0.16773653177171852,0.21044088827832785,0.5626394815183842,0.20759765670537095,0.013843841766661506,0.22956455791212163,0.26738934410584964,0.2555976488458381,0.057155541383810606,0,0,DATA
72,3.0,0.22925988771577005,0.09735563497605051,0.5710875842247441,0.1443685293839357,0.19577563316993463,0.6461668936105901,0.21987413194444444,0.8626582924836601,0.10398642679855624,0.3036608069615549,0.5830371713507524,0.16388874084745583,0.5869940340014141,0.15311005586846166,0.19467874947595132,0.579947955065062,0.2000889774168334,0.013279426970890806,0.2317894965480142,0.27055735973939105,0.2583415582051945,0.016793028631910723,0,0,DATA
76,3.1666666666666665,0.23332803073152333,0.09803806559905934,0.5741311008871395,0.14979091721625973,0.19577563316993463,0.6461668936105901,0.21987413194444444,0.8626582924836601,0.10398642679855624,0.3036608069615549,0.5830371713507524,0.16388874084745583,0.5808535822135527,0.14891319367192707,0.19080441786854652,0.5851166120572602,0.19858761795263474,0.013107450654632815,0.23348480073284747,0.2730992543736962,0.26069609383228476,0.00473721519726696,0.0294114196797178,0,DATA
80,3.3333333333333335,0.23714790069339697,0.09978777190813647,0.5771286639630222,0.14435369657603755,0.20199248536220044,0.6541540752217027,0.22975558278867103,0.8606164896514161,0.25419871745817363,0.6905546323254683,0.5830371713507524,0.385105491918362,0.6273359369282898,0.19590510946477444,0.22475567835322166,0.5383794768034679,0.22751052877824243,0.015331426754626705,0.27979152007821084,0.27491865774844443,0.3273675087370318,0.04247517699741989,0,0,DATA
84,3.5,0.24006577190170938,0.10050176029846442,0.5793412084276197,0.13942484668865154,0.20199248536220044,0.6541540752217027,0.22975558278867103,0.8606164896514161,0.25419871745817363,0.6905546323254683,0.5830371713507524,0.385105491918362,0.6411307057807422,0.2102026009519205,0.2355538094523698,0.5243333466336686,0.23650504284990376,0.01584140439980028,0.281103198568924,0.2759587056968787,0.3273337602550844,0.012963463812915521,0,0,DATA
88,3.6666666666666665,0.24149492128582203,0.10055074649369396,0.5813852525111886,0.13491112896630297,0.20199248536220044,0.6541540752217027,0.22975558278867103,0.8606164896514161,0.25419871745817363,0.6905546323254683,0.5830371713507524,0.385105491918362,0.6452588493354796,0.21450556453272857,0.23909337015277793,0.5201177930658959,0.23927372732148866,0.015979729665119357,0.2818174317405521,0.27642597150462883,0.32709229059920264,0.003990222611984544,0,0,DATA
92,3.8333333333333335,0.2423255313076085,0.10014887279425716,0.5833568563988865,0.13090244406297405,0.20199248536220044,0.6541540752217027,0.22975558278867103,0.8606164896514161,0.323948380741977,0.4059544728309518,0.5830371713507524,0.34855020836866946,0.6389050763333473,0.20800731942569325,0.2549770957570742,0.5265438021204797,0.23545317433749113,0.01577318129732641,0.2749060683327358,0.2766219567051879,0.3158396494728167,0.009578581237821321,0,0,DATA
96,4.0,0.24328346923705377,0.10084137567192818,0.5855766589062588,0.12735357991330645,0.20199248536220044,0.6541540752217027,0.22975558278867103,0.8606164896514161,0.323948380741977,0.4059544728309518,0.5830371713507524,0.34855020836866946,0.6368535188283966,0.20625174669933052,0.2599433804035466,0.5284473672361364,0.23471168793135444,0.015728915170365333,0.2758186175711677,0.2774015997793903,0.31588449649432143,0.0029244716259285894,0.050985340559029854,0,DATA
100,4.166666666666667,0.2396231683111279,0.12040477707082244,0.5778968361745723,0.1296626660187547,0.20199248536220044,0.6541540752217027,0.22975558278867103,0.8606164896514161,0.323948380741977,0.4059544728309518,0.5830371713507524,0.34855020836866946,0.6321297372831436,0.2112028272731121,0.26066460260304386,0.5283337177218721,0.239690441141788,0.016316000306655545,0.2813759533992029,0.2824218619448018,0.316994838149731,0.0034653614395106134,0,0,DATA
104,4.333333333333333,0.23569662440296632,0.12262548635378294,0.5700517289447257,0.13191973563626103,0.20199248536220044,0.6541540752217027,0.22975558278867103,0.8606164896514161,0.2485253776405365,0.6772120922690552,0.5830371713507524,0.37713139202909207,0.6362483024388348,0.21931199861316428,0.24421756439087663,0.5222198494740005,0.24374600383555867,0.016752773476124787,0.28562614361687,0.28039701166915026,0.3239997823655253,0.009558258235970202,0,0,DATA
108,4.5,0.23200722463130552,0.12462418647042409,0.5623892516965043,0.13556663033483424,0.20199248536220044,0.6541540752217027,0.22975558278867103,0.8606164896514161,0.2485253776405365,0.6772120922690552,0.5830371713507524,0.37713139202909207,0.6370641449610475,0.22230438604783945,0.2385086789751777,0.5203157344955565,0.24479245485144985,0.01694326881012822,0.2841552482595501,0.27852455805686543,0.3227444070335147,0.0031723717908622626,0,0,DATA
112,4.666666666666667,0.22796238687782805,0.126853989447267,0.5549161912181093,0.09892022690871868,0.20199248536220044,0.6541540752217027,0.22975558278867103,0.8606164896514161,0.2485253776405365,0.6772120922690552,0.5830371713507524,0.37713139202909207,0.6368406390925743,0.223826447111758,0.23594659742223772,0.5196664568978339,0.24337624955136566,0.017069780592330008,0.2827435898039127,0.2727009532107771,0.3134768478998715,0.0014358828284439056,0,0,DATA
116,4.833333333333333,0.22368141968325791,0.12885834880474664,0.5470138157557628,0.09763533828960275,0.20199248536220044,0.6541540752217027,0.22975558278867103,0.8606164896514161,0.2618976250405973,0.6741645105215649,0.5830371713507524,0.38557769068488756,0.6381263945846786,0.22661800876874494,0.2370871417995088,0.5176277983232882,0.24402972606694273,0.017221485935889194,0.2827979247466803,0.27014730201423937,0.3136507230913653,0.0017392871754541017,0.08727200903364922,0,DATA
120,5.0,0.22001146278490027,0.0777699881216504,0.5056396464068617,0.08863140523553115,0.24819406147875817,0.7033644088709187,0.23856924019607845,0.7937448937908497,0.2618976250405973,0.6741645105215649,0.5830371713507524,0.38557769068488756,0.6630195703975406,0.22285306725905119,0.23912643823810908,0.5070636811717041,0.22797796925593145,0.01577039569206798,0.25335375522399006,0.23566532225125184,0.2934761443510255,0.010232471253718678,0,0,DATA
124,5.166666666666667,0.21615571843053458,0.08762125192988299,0.5249941373571,0.09238451174748674,0.24819406147875817,0.7033644088709187,0.23856924019607845,0.7937448937908497,0.2618976250405973,0.6741645105215649,0.5830371713507524,0.38557769068488756,0.6684187577416704,0.22448193867244817,0.23892852085527239,0.5035496517929408,0.23269569793944445,0.01563114001880939,0.2603940100664577,0.2450163368399388,0.3001575035267745,0.002408658713454498,0,0,DATA
128,5.333333333333333,0.21153014758253727,0.09677590033230105,0.5250242569884978,0.10086035641652907,0.24819406147875817,0.7033644088709187,0.23856924019607845,0.7937448937908497,0.23251263160562508,0.3483278571434927,0.5830371713507524,0.2672571992669853,0.643268734582642,0.20268659845138487,0.2317269271409978,0.5270223334829865,0.22105584002588297,0.01518397581722751,0.23947268090052448,0.2486097023876301,0.2672746951186247,0.018048985698122088,0,0,DATA
132,5.5,0.20725513763197587,0.10628739519200378,0.5254113584869446,0.1117663405472469,0.24819406147875817,0.7033644088709187,0.23856924019607845,0.7937448937908497,0.23251263160562508,0.3483278571434927,0.5830371713507524,0.2672571992669853,0.6337263137143959,0.19881121494578263,0.22866869693709752,0.5337312356699107,0.2203931398490715,0.01529205648035339,0.24249969715398267,0.25276602720400476,0.27055189055327933,0.0054920115259162,0,0,DATA
136,5.666666666666667,0.20287080243422156,0.11571671184225914,0.5249411129311683,0.11296988764326939,0.24819406147875817,0.7033644088709187,0.23856924019607845,0.7937448937908497,0.23251263160562508,0.3483278571434927,0.5830371713507524,0.2672571992669853,0.6288834309573684,0.20028880855617345,0.22683051748439897,0.5354138802432291,0.22242935228067423,0.015609404044290747,0.2453005076633787,0.2556401678674254,0.2716510025613026,0.00271955194003895,0.03471501355267774,0,DATA
140,5.833333333333333,0.19884557121459695,0.122885340465512,0.5242203298306018,0.1141599263630236,0.24819406147875817,0.7033644088709187,0.23856924019607845,0.7937448937908497,0.11804927743214491,0.32412720117325583,0.5830371713507524,0.17987265455447818,0.6075743997297506,0.18438854826417503,0.20139646071603745,0.5540185260030372,0.21367526576434787,0.015195345214461035,0.22974184730614022,0.25760534201460716,0.24616622228788515,0.020881116095992597,0,0,DATA
144,6.0,0.19921099248994473,0.16524213767058127,0.5301947556720994,0.11238849994140261,0.24819406147875817,0.7033644088709187,0.23856924019607845,0.7937448937908497,0.11804927743214491,0.32412720117325583,0.5830371713507524,0.17987265455447818,0.5922867629484008,0.1914783733939949,0.193842982153352,0.5581174318288021,0.22538155614119357,0.0163943361627865,0.247952535611537,0.27623633026199157,0.2536956051722305,0.009976980157951712,0,0,DATA
148,6.166666666666667,0.1988996446602145,0.1640464214861617,0.5355968992690021,0.1267272240072654,0.24819406147875817,0.7033644088709187,0.23856924019607845,0.7937448937908497,0.11804927743214491,0.32412720117325583,0.5830371713507524,0.17987265455447818,0.587951572312724,0.19327052040130338,0.19151155554030302,0.5593889536429862,0.22746242812395592,0.016723730950428315,0.24849240829120367,0.27875028970793475,0.25770339367399275,0.002819588085344743,0,0,DATA
152,6.333333333333333,0.20278085459611195,0.14369329290893268,0.5501594648307276,0.13604604903468734,0.24819406147875817,0.7033644088709187,0.23856924019607845,0.7937448937908497,0.1614593446000004,0.500726904966817,0.5830371713507524,0.26323961271004537,0.608432233335908,0.20561634971454087,0.20074329574817645,0.5429757084747755,0.2340441828029175,0.01690767431794259,0.2607133035909501,0.27668593243548245,0.2855530392235841,0.014019410181431649,0,0,DATA
156,6.5,0.20661826896891236,0.14237547841726386,0.5645935318090074,0.14138507638590395,0.24819406147875817,0.7033644088709187,0.23856924019607845,0.7937448937908497,0.1614593446000004,0.500726904966817,0.5830371713507524,0.26323961271004537,0.6148531726861137,0.20895111045084488,0.2043186748288266,0.5380978584315207,0.23808683120729918,0.016900140023309827,0.26384047406449856,0.2817904123419806,0.29041543070192705,0.004443693055719955,0.14434121293732083,0,DATA
160,6.666666666666667,0.2099966154998324,0.14167993705650686,0.5784352840037306,0.14592824873690982,0.18286773216230934,0.7583624962110593,0.2134151177832244,0.8781437227668845,0.1614593446000004,0.500726904966817,0.5830371713507524,0.26323961271004537,0.6323249826321737,0.19603825793426985,0.19905758704891569,0.5358183797167781,0.23234083795951366,0.015136457677055622,0.26700627726532444,0.2867947079973794,0.2950180066697875,0.01188191674751532,0,0,DATA
164,6.833333333333333,0.21322612912686442,0.1423787720142657,0.5916639455642643,0.1511353161746214,0.18286773216230934,0.7583624962110593,0.2134151177832244,0.8781437227668845,0.22143404041868806,0.4544481566134227,0.5830371713507524,0.2913382752771084,0.6433204894139457,0.19826079510655306,0.21075214469854353,0.5292093577397505,0.2358402570310601,0.014850268307071538,0.27619717879935374,0.2922094499178206,0.30822396092394916,0.00830420053456101,0,0,DATA
168,7.0,0.21646978302538963,0.14333861678474016,0.605101204958274,0.15468949466080545,0.18286773216230934,0.7583624962110593,0.2134151177832244,0.8781437227668845,0.22143404041868806,0.4544481566134227,0.5830371713507524,0.2913382752771084,0.6464175740466777,0.19919631279397088,0.21494167931212216,0.5271930565796756,0.23856927338539724,0.014790786258916298,0.2799172993660505,0.2976287142725368,0.3127624535751121,0.002740712311242797,0,0,DATA
172,7.166666666666667,0.218927899017513,0.14459970582173717,0.6175683239395658,0.14976508236530856,0.18286773216230934,0.7583624962110593,0.2134151177832244,0.8781437227668845,0.22143404041868806,0.4544481566134227,0.5830371713507524,0.2913382752771084,0.6470818707387278,0.1998300730305554,0.21671474405454172,0.5265440281153584,0.24064703083857247,0.01480996766425827,0.2834067819755323,0.3018724675505981,0.31532932581609757,0.0010237072236847407,0,0,DATA
176,7.333333333333333,0.22147023472850677,0.13746959333473796,0.6037546300718609,0.14328761434610743,0.18286773216230934,0.7583624962110593,0.2134151177832244,0.8781437227668845,0.3427530670308586,0.3851496990186033,0.5830371713507524,0.355472056627182,0.6622465774521281,0.21149186368868642,0.24325754956513207,0.5131307794295927,0.24478993210751807,0.015000741168395183,0.29112722161940513,0.29473703473576557,0.3290052598484027,0.017789767627373897,0.04124087800042139,0,DATA
180,7.5,0.22417606732864084,0.14776725505498783,0.6222347460249485,0.1466940508821674,0.18286773216230934,0.7583624962110593,0.2134151177832244,0.8781437227668845,0.3427530670308586,0.3851496990186033,0.5830371713507524,0.355472056627182,0.6646334805048958,0.21787374616779565,0.25178861606433733,0.5087463866636543,0.25283702545404724,0.015344187587747216,0.29948347601814945,0.3052819443834246,0.33612180866193747,0.005766617343694057,0,0,DATA
184,7.666666666666667,0.22646698770320095,0.1429837646081965,0.6279795675600889,0.1515335779487449,0.18286773216230934,0.7583624962110593,0.2134151177832244,0.8781437227668845,0.3427530670308586,0.3851496990186033,0.5830371713507524,0.355472056627182,0.6663540844145522,0.21844893358642692,0.2548290292927565,0.5075984909995104,0.25348301273058416,0.015305764835572696,0.299177228221373,0.30603413144681996,0.33803748792947536,0.0017787348522356379,0,0,DATA
188,7.833333333333333,0.2289222887338696,0.13742248263061507,0.6345016685423404,0.15686901598478176,0.18286773216230934,0.7583624962110593,0.2134151177832244,0.8781437227668845,0.11570265990150333,0.5857204460011923,0.5830371713507524,0.25670799573141,0.6472976820146291,0.1963238780701813,0.20857618098055808,0.5281892199575948,0.24051066802618887,0.014541216242958354,0.27899538365377,0.30679085296020026,0.31051722031994367,0.029144768742789057,0,0,DATA
192,8.0,0.231288001979638,0.1342113500067858,0.6412439828370241,0.15687532842353683,0.18286773216230934,0.7583624962110593,0.2134151177832244,0.8781437227668845,0.11570265990150333,0.5857204460011923,0.5830371713507524,0.25670799573141,0.6422550991456565,0.18878724428063545,0.19519712626850994,0.534478828286854,0.23647349380522242,0.014182911537425536,0.27953253611232876,0.30800286809210287,0.31195896281236807,0.008652757123522212,0,0,DATA
196,8.166666666666666,0.22939369658119657,0.0964454076703,0.6419421915762066,0.15578758063327475,0.18286773216230934,0.7583624962110593,0.2134151177832244,0.8781437227668845,0.11570265990150333,0.5857204460011923,0.5830371713507524,0.25670799573141,0.6486731721756267,0.1759517902895557,0.1907856057212228,0.5376875187674087,0.22261840134195293,0.012981482709814285,0.26418693984588265,0.29261831792054876,0.3060616435487943,0.007888349189445698,0.02893362230109,0,DATA
200,8.333333333333334,0.22791708563767388,0.11204442369171662,0.6422454323880517,0.15400172920958968,0.2338828039896514,0.7143395057893842,0.24112864242919388,0.8186904275599128,0.3589029945800155,0.5438186800953554,0.5830371713507524,0.41437770023461745,0.6681070013477248,0.22029268160764381,0.24798391844225587,0.5058001585223156,0.25156560466122463,0.01535385572278148,0.30172581312875524,0.2984749892415959,0.35527338612684095,0.04032434440373977,0,0,DATA
204,8.5,0.22667015590958606,0.12400799007663348,0.6423740870740952,0.15580367924507427,0.2338828039896514,0.7143395057893842,0.24112864242919388,0.8186904275599128,0.3589029945800155,0.5438186800953554,0.5830371713507524,0.41437770023461745,0.6714248011585217,0.23694474759084694,0.26488155701566735,0.4958152256253157,0.26345877705823073,0.01634937518636235,0.30628758467431316,0.30322982125930653,0.3573357817903775,0.012289168122470476,0,0,DATA
208,8.666666666666666,0.22575912309368193,0.13383890561193593,0.6426786780196055,0.15864038288248927,0.2338828039896514,0.7143395057893842,0.24112864242919388,0.8186904275599128,0.3589029945800155,0.5438186800953554,0.5830371713507524,0.41437770023461745,0.6703556488393472,0.24469302373569257,0.2697595316963509,0.4924756637124801,0.2697578256644721,0.016938951339007025,0.31009866251435536,0.30735502855764135,0.3593628043029431,0.004565134381567896,0,0,DATA
212,8.833333333333334,0.22490363666834254,0.14146615027994447,0.6429247381746614,0.15843888025964645,0.2338828039896514,0.7143395057893842,0.24112864242919388,0.8186904275599128,0.14975674033350803,0.5607729589077526,0.5830371713507524,0.2730616059057814,0.6387568019542575,0.2194767552771331,0.22712255855946814,0.5208832213843047,0.2558014519358836,0.01664974184433301,0.28476445626173486,0.31028849692400934,0.31804772857615504,0.033150696160177295,0,0,DATA
216,9.0,0.2238158831908832,0.17761758689744503,0.6421656047793091,0.1508586328966598,0.2338828039896514,0.7143395057893842,0.24112864242919388,0.8186904275599128,0.14975674033350803,0.5607729589077526,0.5830371713507524,0.2730616059057814,0.6216853461990555,0.2220342769924654,0.21410303838813688,0.5281401884042395,0.26263886864372454,0.01763975233279299,0.29885565353417276,0.32354575612061337,0.3216558358995987,0.010882832547288548,0.06534319470394961,0,DATA
220,9.166666666666666,0.2226845960072063,0.17420308970416848,0.6410667008740234,0.16044172892293943,0.2338828039896514,0.7143395057893842,0.24112864242919388,0.8186904275599128,0.14975674033350803,0.5607729589077526,0.5830371713507524,0.2730616059057814,0.6172809538830829,0.22184547429294765,0.20995961202816535,0.5304367859119847,0.2621402198708125,0.017829942544417915,0.29704381643906963,0.3225823382376096,0.32267242583117406,0.0029122071251539428,0,0,DATA
224,9.333333333333334,0.22156420861613874,0.1702709438858259,0.6396106312474239,0.16098270990284344,0.2338828039896514,0.7143395057893842,0.24112864242919388,0.8186904275599128,0.3302763845871924,0.633977549407072,0.5830371713507524,0.42138673403315624,0.6479336637168918,0.2518361095607051,0.24639042806132339,0.5001151133612015,0.27926273759325093,0.01861923345173407,0.32462069233367413,0.3204026796420696,0.36621228244685927,0.03235805371157479,0,0,DATA
228,9.5,0.22030317134866773,0.1659559753045512,0.6380628554923418,0.15780225948902218,0.2338828039896514,0.7143395057893842,0.24112864242919388,0.8186904275599128,0.3302763845871924,0.633977549407072,0.5830371713507524,0.42138673403315624,0.6580356200691021,0.25962510893827545,0.2570548550451019,0.49116963549631115,0.2828319081582288,0.018644333272439525,0.32233294229665366,0.31764210698815876,0.3644158994113862,0.009518460904519724,0,0,DATA
232,9.666666666666666,0.21956119988059328,0.1454133112436262,0.6231983022775497,0.15121050551634968,0.2338828039896514,0.7143395057893842,0.24112864242919388,0.8186904275599128,0.3302763845871924,0.633977549407072,0.5830371713507524,0.42138673403315624,0.6653801664275595,0.25620986281448754,0.26009836913193984,0.48920498537897644,0.27538915997208013,0.018003909347466342,0.3109945717357103,0.304158105708469,0.3562258135572075,0.004601102189694413,0,0,DATA
236,9.833333333333334,0.2186261089638847,0.13942310649123107,0.6301669984582591,0.1539145334610963,0.2338828039896514,0.7143395057893842,0.24112864242919388,0.8186904275599128,0.3302763845871924,0.633977549407072,0.5830371713507524,0.42138673403315624,0.6688414733330996,0.2535080316466805,0.2608150542654824,0.4888252475101099,0.273679225897151,0.01762978271425154,0.3098052108875524,0.30393601727285674,0.357516753386804,0.002293274402296578,0.0843434799760603,0,DATA
240,10.0,0.21800197309158703,0.13418007830459253,0.632293362765562,0.15615145187687876,0.22608817572167755,0.7205798460003214,0.23156215958605664,0.8235086465141612,0.3302763845871924,0.633977549407072,0.5830371713507524,0.42138673403315624,0.6727281965830182,0.24959256246780515,0.25822037607628423,0.48883962047458834,0.27078576946368743,0.017153767688043896,0.30800844529989807,0.3025755799575109,0.3576468603315607,0.0034656235393307013,0,0,DATA
244,10.166666666666666,0.21724176983827717,0.1285504600935816,0.6343729586115188,0.161493284348724,0.22608817572167755,0.7205798460003214,0.23156215958605664,0.8235086465141612,0.3302763845871924,0.633977549407072,0.5830371713507524,0.42138673403315624,0.675076433382306,0.24684162861505948,0.2572823299363297,0.4890409690013172,0.26863687877840214,0.016842979095458323,0.3060204765340231,0.3013297540234161,0.35831466273043633,0.0020124055973293475,0,0,DATA
248,10.333333333333334,0.21633338832327803,0.12230882354024165,0.6361563281920424,0.1507032172286872,0.22608817572167755,0.7205798460003214,0.23156215958605664,0.8235086465141612,0.3302763845871924,0.633977549407072,0.5830371713507524,0.42138673403315624,0.6770916480982939,0.2442686902243006,0.2568101559761935,0.48931983083870273,0.2658041850390738,0.016564044038118626,0.303698819525792,0.29810742726123374,0.35557540806705895,0.0016867756889609915,0,0,DATA
252,10.5,0.21562133400368694,0.1056380655635347,0.6391191163534573,0.14595820189969552,0.22608817572167755,0.7205798460003214,0.23156215958605664,0.8235086465141612,0.3302763845871924,0.633977549407072,0.5830371713507524,0.42138673403315624,0.6811970716881987,0.23882899647359496,0.25651897238103855,0.4899869659191031,0.25998181713302015,0.015989270522725696,0.297480663103474,0.29171104812215803,0.3527952829131492,0.0032787669785884397,0,0,DATA
256,10.666666666666666,0.2151139535675381,0.09204838478414984,0.6427179579604198,0.14473666132203522,0.22608817572167755,0.7205798460003214,0.23156215958605664,0.8235086465141612,0.3302763845871924,0.633977549407072,0.5830371713507524,0.42138673403315624,0.6852825317288408,0.23339197773015552,0.25632506741090083,0.49066274527050174,0.2548876658970921,0.015425031792666993,0.29266308302588273,0.287131198147497,0.3513614950388351,0.0032387945847397646,0.02761451543524495,0,DATA
260,10.833333333333334,0.21452310625104742,0.07914008634928246,0.6463699235458249,0.1435184448885489,0.22608817572167755,0.7205798460003214,0.23156215958605664,0.8235086465141612,0.3302763845871924,0.633977549407072,0.5830371713507524,0.42138673403315624,0.6892189124123557,0.22814654854536082,0.25614281798339644,0.4913172695211417,0.2500173200642264,0.014889762822121847,0.2881119873057187,0.28282347734252483,0.35003551365161,0.0031213530986046547,0,0,DATA
264,11.0,0.21399664299480478,0.06691617782760514,0.6500849622343705,0.14252795541646798,0.22608817572167755,0.7205798460003214,0.23156215958605664,0.8235086465141612,0.3302763845871924,0.633977549407072,0.5830371713507524,0.42138673403315624,0.6929668474069623,0.22315022540385276,0.2559775858713342,0.49194146359459234,0.24542776881909606,0.014388048613594292,0.28386013898350837,0.278844083941961,0.3488799428254543,0.0029698300827256663,0,0,DATA
268,11.166666666666666,0.21380051219205634,0.030931908322267252,0.6547784353079245,0.1399154944261693,0.22608817572167755,0.7205798460003214,0.23156215958605664,0.8235086465141612,0.3302763845871924,0.633977549407072,0.5830371713507524,0.42138673403315624,0.7016479245014653,0.21157573299990573,0.2558868287691384,0.49338817124931444,0.23316861812086842,0.013256052403785596,0.2703658996355343,0.26555794580231246,0.34411356538970755,0.006782108866881927,0,0,DATA
272,11.333333333333334,0.21443076896891236,0.10489217027899242,0.6589374861006111,0.14090466259760231,0.22608817572167755,0.7205798460003214,0.23156215958605664,0.8235086465141612,0.3302763845871924,0.633977549407072,0.5830371713507524,0.42138673403315624,0.6887205926189038,0.22881225862660468,0.25599195556161936,0.49123357437724574,0.255933248774092,0.014957154296032118,0.3009078659321329,0.296614733995323,0.3565082266933602,0.010089661433913794,0,0,DATA
276,11.5,0.2143438979491369,0.10905725393546122,0.6639444199791881,0.17726947917558675,0.22608817572167755,0.7205798460003214,0.23156215958605664,0.8235086465141612,0.3302763845871924,0.633977549407072,0.5830371713507524,0.42138673403315624,0.6839677254862772,0.23514943973842561,0.2560052506852108,0.4904414173876486,0.2624504458731861,0.015606110581144072,0.30355791196648074,0.30340195507532697,0.36564899892509406,0.0037011144560130196,0.032717176180638366,0,DATA
280,11.666666666666666,0.21564427921275342,0.11393353154912776,0.6689251035512319,0.1894203598883,0.20063334014161216,0.7443987952454301,0.2222885178376906,0.856817470043573,0.3302763845871924,0.633977549407072,0.5830371713507524,0.42138673403315624,0.6881871528362495,0.23307043633198482,0.2536856995981052,0.48937120541588275,0.26317099600575145,0.015261614831898501,0.30676463597907944,0.30832183551640135,0.37018582572905934,0.0028726606145062505,0,0,DATA
284,11.833333333333334,0.2171895621229261,0.12356431601738425,0.6761183843233651,0.18401101295877034,0.20063334014161216,0.7443987952454301,0.2222885178376906,0.856817470043573,0.3302763845871924,0.633977549407072,0.5830371713507524,0.42138673403315624,0.6874305163029073,0.23514335496116434,0.2533143436831098,0.48871306436796413,0.2667261151464688,0.015434713781552799,0.3123646625028432,0.3141002554244255,0.37250142249744245,0.001066970359172396,0,0,DATA
288,12.0,0.21746595205924252,0.13244739121294924,0.6705024722025296,0.17768339551972087,0.20063334014161216,0.7443987952454301,0.2222885178376906,0.856817470043573,0.3302763845871924,0.633977549407072,0.5830371713507524,0.42138673403315624,0.685338079551836,0.23825249160467643,0.2532609787952376,0.48820471442174374,0.2691079862067095,0.015743487177576385,0.31484998814416537,0.31539122810975917,0.37119202125239004,0.0017516460941518486,0,0,DATA
292,12.166666666666666,0.2168518322125859,0.13715372507171242,0.6711409076354878,0.17682964986582964,0.20063334014161216,0.7443987952454301,0.2222885178376906,0.856817470043573,0.3302763845871924,0.633977549407072,0.5830371713507524,0.42138673403315624,0.6837220184161744,0.24050300607818373,0.2531160041610781,0.4878874877528209,0.27120464114628284,0.0159738191187226,0.31673738480493097,0.3172570937484315,0.3718254190740002,0.0013371834144428052,0,0,DATA
296,12.333333333333334,0.21706770047762694,0.14367528680451064,0.6739575873994466,0.17677051207587302,0.20063334014161216,0.7443987952454301,0.2222885178376906,0.856817470043573,0.3302763845871924,0.633977549407072,0.5830371713507524,0.42138673403315624,0.6818676721115883,0.24300419770541942,0.25311784410648885,0.48756406509149613,0.274101711521152,0.016234573131562992,0.3199525191038502,0.3207479822447509,0.3735175825434224,0.0014524592924108626,0.14703724761818354,0,DATA
300,12.5,0.2167149792609351,0.14710717510516103,0.6749496287024251,0.1775408865754348,0.20063334014161216,0.7443987952454301,0.2222885178376906,0.856817470043573,0.3302763845871924,0.633977549407072,0.5830371713507524,0.42138673403315624,0.6805906716770759,0.24471548391777226,0.2530443246346068,0.48734692220257586,0.2757992276156723,0.016414525753162944,0.32145313844136775,0.32242484316252246,0.37439917889250773,0.00102060203958243,0,0,DATA
304,12.666666666666666,0.21695726233869614,0.15201926717170813,0.6770824667215269,0.17542666309925153,0.20063334014161216,0.7443987952454301,0.2222885178376906,0.856817470043573,0.3302763845871924,0.633977549407072,0.5830371713507524,0.42138673403315624,0.6791760322127471,0.24660425556011129,0.253073148239372,0.4871098561135707,0.27790917960118905,0.016614476705823486,0.3238929994873591,0.3248665656628057,0.37527058581980477,0.0011107449038109858,0,0,DATA
308,12.833333333333334,0.21336802282344564,0.16349771348726266,0.6698373994727963,0.17187717377312836,0.20063334014161216,0.7443987952454301,0.2222885178376906,0.856817470043573,0.3302763845871924,0.633977549407072,0.5830371713507524,0.42138673403315624,0.6763411666471821,0.2503848520211683,0.2523280550225989,0.4866369906658248,0.28071556208419934,0.017018246509821745,0.3263175166607847,0.32621162717874597,0.37411226413820553,0.0024535184144650244,0,0,DATA
312,13.0,0.2097541687615217,0.16349839671033395,0.662405965548467,0.16989979685253612,0.20063334014161216,0.7443987952454301,0.2222885178376906,0.856817470043573,0.3302763845871924,0.633977549407072,0.5830371713507524,0.42138673403315624,0.6754905635006678,0.25151922226194534,0.251345617704563,0.48649510711869337,0.28013631807165984,0.017140275827844574,0.32410873235276255,0.32306196178623164,0.3714976473502731,0.0009891369017757667,0,0,DATA
316,13.166666666666666,0.20614584642617728,0.16397926433325682,0.6548989239585026,0.1716410355231669,0.20063334014161216,0.7443987952454301,0.2222885178376906,0.856817470043573,0.3302763845871924,0.633977549407072,0.5830371713507524,0.42138673403315624,0.6751344003558997,0.2519941762685969,0.2502931388187299,0.4864357116877517,0.2793783680645204,0.017191490227866955,0.32207800661686997,0.32045465575840565,0.36968043259681216,0.0006278653457509331,0.10492480576079233,0,DATA
320,13.333333333333334,0.20275898954667337,0.15877308923035027,0.6475906583264363,0.16149644769886573,0.20580380242374727,0.6138713392037374,0.20120668232570804,0.8316792619825708,0.3302763845871924,0.633977549407072,0.5830371713507524,0.42138673403315624,0.6395731604924056,0.2517647305210269,0.24336324126492903,0.5043310544932837,0.27685398866033306,0.019055980885446726,0.31785651207339327,0.3144878758692922,0.364704836670549,0.014240194388288293,0,0,DATA
324,13.5,0.1986581798852019,0.08256216482319421,0.6413704982548113,0.15485502864895284,0.20580380242374727,0.6138713392037374,0.20120668232570804,0.8316792619825708,0.3302763845871924,0.633977549407072,0.5830371713507524,0.42138673403315624,0.64490908265886,0.23035683796275216,0.24042310196987973,0.512367039689194,0.250475364476714,0.017177500390679577,0.2853079483639116,0.28065315424765674,0.3499797932154396,0.009894651339926138,0,0,DATA
328,13.666666666666666,0.19545239703787495,0.08428964953866934,0.6359606538462473,0.14768093219881995,0.20580380242374727,0.6138713392037374,0.20120668232570804,0.8316792619825708,0.3302763845871924,0.633977549407072,0.5830371713507524,0.42138673403315624,0.6461470875185467,0.2244181659156028,0.2388678457834263,0.5147173732829252,0.24599595098808122,0.016676314540826232,0.28427581679892344,0.2783626285967989,0.3471310572458606,0.0029106443644298097,0,0,DATA
332,13.833333333333334,0.19103572251550194,0.08189146186313073,0.6305102495251724,0.14068283299202175,0.20580380242374727,0.6138713392037374,0.20120668232570804,0.8316792619825708,0.3302763845871924,0.633977549407072,0.5830371713507524,0.42138673403315624,0.6470221083883158,0.22196507175230715,0.23747376727779193,0.5155064099296884,0.24285307801342693,0.016453240238098774,0.2813431259600184,0.2741850874051066,0.34356744072066414,0.0015740645128996995,0,0,DATA
336,14.0,0.1863377482403218,0.0751450314950758,0.622933869952492,0.1339136358950287,0.20580380242374727,0.6138713392037374,0.20120668232570804,0.8316792619825708,0.3302763845871924,0.633977549407072,0.5830371713507524,0.42138673403315624,0.6487013650265381,0.21934014300026308,0.2360689691283138,0.5159792459865994,0.2386429205286959,0.016181317494484034,0.27618968304322433,0.26759708682134514,0.3388377444253691,0.0019029945132481758,0.02254350944852274,0,DATA
340,14.166666666666666,0.1829349180911681,0.06887411014456626,0.6182417192071679,0.1277099315380977,0.20580380242374727,0.6138713392037374,0.20120668232570804,0.8316792619825708,0.3302763845871924,0.633977549407072,0.5830371713507524,0.42138673403315624,0.6505220355016117,0.21679680639650717,0.23493293535214804,0.5163405790509406,0.23503013847471238,0.015910798387932523,0.272062318324125,0.26238013659202025,0.33514304465016015,0.0018333469516650935,0,0,DATA
344,14.333333333333334,0.18416731476244344,0.13491647379849808,0.613504410076886,0.12258753363381994,0.20580380242374727,0.6138713392037374,0.20120668232570804,0.8316792619825708,0.3302763845871924,0.633977549407072,0.5830371713507524,0.42138673403315624,0.6371993402768081,0.23452566723848134,0.23485092852026618,0.5141374962423552,0.2555594518864231,0.017868074027189984,0.2977782812938964,0.28711012885833576,0.3429638320019514,0.010377854299553199,0,0,DATA
348,14.5,0.18432982968828557,0.13485477436392046,0.6066689770160532,0.13043228153152475,0.20580380242374727,0.6138713392037374,0.20120668232570804,0.8316792619825708,0.3302763845871924,0.633977549407072,0.5830371713507524,0.42138673403315624,0.6332154885906284,0.23982704964939183,0.23486045460512844,0.51347873087999,0.25823694856611257,0.01847261791796469,0.2964190178930672,0.2858517969411937,0.34283091989368175,0.003098253393984174,0,0,DATA
352,14.666666666666666,0.18359168787707394,0.13909175273878802,0.6049630227443692,0.13786304176315153,0.20580380242374727,0.6138713392037374,0.20120668232570804,0.8316792619825708,0.3302763845871924,0.633977549407072,0.5830371713507524,0.42138673403315624,0.6311305676260524,0.2426038183176279,0.2347083026502327,0.5131328070281599,0.2606143908587991,0.0187927178784609,0.2976249900264351,0.2876302496705559,0.34445231594719505,0.0016712805292359394,0,0,DATA
356,14.833333333333334,0.18241215356334847,0.14276015645008425,0.6055745552400629,0.13265814405541754,0.20580380242374727,0.6138713392037374,0.20120668232570804,0.8316792619825708,0.3302763845871924,0.633977549407072,0.5830371713507524,0.42138673403315624,0.6297347265573072,0.24446400195726165,0.23441495485788164,0.5129006357427155,0.2620882708824626,0.019008471411636096,0.29897875114734723,0.288524674270264,0.34399652665489355,0.0011831241669099841,0.09796239515319997,0,DATA
360,15.0,0.18665446413608178,0.13833123435541428,0.6171450636953811,0.12920803058318064,0.2476530160675381,0.6976489237652822,0.2517109204793029,0.8051239106753812,0.3302763845871924,0.633977549407072,0.5830371713507524,0.42138673403315624,0.653703771553797,0.2525702937278403,0.24935902242345687,0.49686296735918134,0.26783325973122996,0.01836746942845516,0.30036974611508954,0.2907277087363145,0.34595902381734855,0.015673134777547882,0,0,DATA
364,15.166666666666666,0.1904260869679069,0.14565035592871703,0.6229856146525314,0.12725323558920765,0.2476530160675381,0.6976489237652822,0.2517109204793029,0.8051239106753812,0.3302763845871924,0.633977549407072,0.5830371713507524,0.42138673403315624,0.6593574695223504,0.2570515352995386,0.2546342834878127,0.49179549758905544,0.27261746826762256,0.018388163943995933,0.3052198295022057,0.2959663677197484,0.34850323307701947,0.005136733534869191,0,0,DATA
368,15.333333333333334,0.19398766785025978,0.1524837229948665,0.6267991878759962,0.12683212189448395,0.2476530160675381,0.6976489237652822,0.2517109204793029,0.8051239106753812,0.3302763845871924,0.633977549407072,0.5830371713507524,0.42138673403315624,0.6596185718290251,0.26030925054957,0.25696479379241355,0.4900360888107025,0.27639114685784033,0.01860693123831754,0.30942820714982905,0.3005139913202458,0.3507535667920987,0.001949775953768958,0,0,DATA
372,15.5,0.19903908344855037,0.15923802241797155,0.6321599518747653,0.12259293829477777,0.2476530160675381,0.6976489237652822,0.2517109204793029,0.8051239106753812,0.3302763845871924,0.633977549407072,0.5830371713507524,0.42138673403315624,0.6582784996421752,0.26317776896304884,0.25872474415943486,0.48927186569738795,0.2800707833973517,0.018886035434884384,0.31421236283848303,0.305410305048806,0.3527642075451445,0.0019895136557833335,0,0,DATA
376,15.666666666666666,0.2042075163398693,0.165591668256496,0.6391487136052887,0.08487623343078911,0.2476530160675381,0.6976489237652822,0.2517109204793029,0.8051239106753812,0.3302763845871924,0.633977549407072,0.5830371713507524,0.42138673403315624,0.6565422123600302,0.2658173453218793,0.2603381001767182,0.4888202211590452,0.2824145703912227,0.019172377841522332,0.31918526009826126,0.3073104079952378,0.3484379471698882,0.001996406552752942,0.10599659505999204,0,DATA
380,15.833333333333334,0.2088313851181498,0.16444767976314262,0.6430789084263165,0.07277154014274055,0.2476530160675381,0.6976489237652822,0.2517109204793029,0.8051239106753812,0.3302763845871924,0.633977549407072,0.5830371713507524,0.42138673403315624,0.6562615637589909,0.2662889014513895,0.2617931194253421,0.4887247673948098,0.2828718110592561,0.01922208342037973,0.3204384774207816,0.307746175471056,0.3472903458213605,0.0007357413263911298,0,0,DATA
384,16.0,0.21275184085386292,0.1660113528477374,0.6462637558264472,0.07778650255379031,0.2476530160675381,0.6976489237652822,0.2517109204793029,0.8051239106753812,0.3302763845871924,0.633977549407072,0.5830371713507524,0.42138673403315624,0.6558489978309142,0.2668681967539291,0.26305292090442906,0.48864140270757833,0.2843659925776298,0.019287021045583504,0.32248500728178825,0.3106126863131808,0.3497161466898636,0.0007505542365677428,0,0,DATA
388,16.166666666666668,0.21790344944067372,0.16777986029441697,0.6500462583796328,0.08415041849113516,0.2476530160675381,0.6976489237652822,0.2517109204793029,0.8051239106753812,0.3302763845871924,0.633977549407072,0.5830371713507524,0.42138673403315624,0.6553538414886886,0.2675371674297613,0.26451269915138537,0.488554495540775,0.28617092180541875,0.0193631879728696,0.32497923248845934,0.3141215533689049,0.352714992491312,0.000874635088338053,0,0,DATA
392,16.333333333333332,0.2224538673642534,0.16934753646196787,0.65348442365064,0.09032586427655653,0.2476530160675381,0.6976489237652822,0.2517109204793029,0.8051239106753812,0.3302763845871924,0.633977549407072,0.5830371713507524,0.42138673403315624,0.6548760825908352,0.26817680795942517,0.265906220389424,0.4884735547248698,0.2878291654078493,0.019436388409460843,0.3272040195943971,0.31730770158048544,0.3554998161836387,0.0008369735551853053,0,0,DATA
396,16.5,0.2235242728234456,0.1025606785904884,0.65682232934106,0.09116853379212289,0.2476530160675381,0.6976489237652822,0.2517109204793029,0.8051239106753812,0.3302763845871924,0.633977549407072,0.5830371713507524,0.42138673403315624,0.6687579950744897,0.2496683799143101,0.26654906190726596,0.4907868125056001,0.26655809922155194,0.017367137493157214,0.30137093867572773,0.29189267818241477,0.3465918383745543,0.011011060682203857,0.03430904517886177,0,DATA
400,16.666666666666668,0.22522621161178152,0.17073505111246337,0.659378082413868,0.09704472756006469,0.20312623400054464,0.5150172389807715,0.23079333469498908,0.8596326933551198,0.3302763845871924,0.633977549407072,0.5830371713507524,0.42138673403315624,0.6074690788503083,0.2538540515728599,0.26124239748856126,0.5193384347884159,0.28065529504271935,0.020925568587309967,0.3294922260567465,0.3208571602475085,0.3588023651534744,0.023593750767145306,0,0,DATA
404,16.833333333333332,0.22815894319800573,0.1654075042986818,0.660141589664806,0.13452508406739205,0.20312623400054464,0.5150172389807715,0.23079333469498908,0.8596326933551198,0.3302763845871924,0.633977549407072,0.5830371713507524,0.42138673403315624,0.5902011888139481,0.25361803996256604,0.2602662717960569,0.5280903856117429,0.28148673424364157,0.02182579796711919,0.3281004550986663,0.3232897756652549,0.3659834544042296,0.006160009113052811,0,0,DATA
408,17.0,0.23125327321099384,0.15954696572061833,0.6574293625572095,0.1462215767153291,0.20312623400054464,0.5150172389807715,0.23079333469498908,0.8596326933551198,0.3302763845871924,0.633977549407072,0.5830371713507524,0.42138673403315624,0.5862515349044334,0.2519062856776201,0.26062324339103315,0.5309210897089731,0.2799119343542288,0.02188742619987853,0.32583266024851926,0.3219204073691419,0.3670750483715072,0.002006126596478993,0,0,DATA
412,17.166666666666668,0.23306280244469588,0.155176416504328,0.6548439902976549,0.14840954140948825,0.20312623400054464,0.5150172389807715,0.23079333469498908,0.8596326933551198,0.3302763845871924,0.633977549407072,0.5830371713507524,0.42138673403315624,0.5859844540669998,0.25016900561157507,0.2611103360086034,0.5319232701607125,0.2780923146953113,0.021750510061096323,0.32392927195683263,0.3199772783209157,0.3663916687863771,0.000830484507016264,0,0,DATA
416,17.333333333333332,0.23926085658622426,0.15731759480952368,0.6665229993719384,0.14922635243454013,0.20312623400054464,0.5150172389807715,0.23079333469498908,0.8596326933551198,0.3302763845871924,0.633977549407072,0.5830371713507524,0.42138673403315624,0.5854546823716787,0.25024735151721633,0.2625580551635954,0.5321489830555524,0.28041190862876575,0.021785162242273625,0.32836115592207327,0.3256587442960898,0.3704157654198904,0.0006852789186514626,0.06240984823800184,0,DATA
420,17.5,0.2438568376068376,0.15716373848998055,0.6676254306452805,0.14757433162799535,0.20312623400054464,0.5150172389807715,0.23079333469498908,0.8596326933551198,0.3302763845871924,0.633977549407072,0.5830371713507524,0.42138673403315624,0.5853280606901865,0.25022777551943665,0.26395752692442187,0.5322220818951884,0.2808094354211593,0.021790111758203345,0.3294392958530471,0.3266819252737434,0.3707974887310469,0.000515223146699458,0,0,DATA
424,17.666666666666668,0.24510733513490868,0.15477819378029933,0.6644553668419277,0.14716180642619614,0.20312623400054464,0.5150172389807715,0.23079333469498908,0.8596326933551198,0.3302763845871924,0.633977549407072,0.5830371713507524,0.42138673403315624,0.5857910385747719,0.24955395020139196,0.2646399729335647,0.5323275056119181,0.279726584214555,0.021707171331821148,0.32810116471411827,0.3249855352342994,0.36968968578620376,0.0006064164039243092,0,0,DATA
428,17.833333333333332,0.24572950708061,0.15065854717715282,0.6577020567046398,0.1468666193676173,0.20312623400054464,0.5150172389807715,0.23079333469498908,0.8596326933551198,0.3302763845871924,0.633977549407072,0.5830371713507524,0.42138673403315624,0.5867950577268082,0.24819830155709754,0.26497536284490486,0.5325033203580471,0.2774816206283133,0.021536920622112998,0.32522707843454235,0.3214065992351368,0.3673865910442642,0.0008983525692236131,0,0,DATA
432,18.0,0.24705338999916204,0.14582913985020454,0.6534971186216053,0.14883348584918044,0.20312623400054464,0.5150172389807715,0.23079333469498908,0.8596326933551198,0.3302763845871924,0.633977549407072,0.5830371713507524,0.42138673403315624,0.5881104390110783,0.2464393729122637,0.26535399523120284,0.5327250940383289,0.2753335509918837,0.021316219075035666,0.32271910447086655,0.3186748181113138,0.3661367070126311,0.001150980771800647,0,0,DATA
436,18.166666666666668,0.2489193166582873,0.14218511623099248,0.6483942060478651,0.15155758025980623,0.20312623400054464,0.5150172389807715,0.23079333469498908,0.8596326933551198,0.3302763845871924,0.633977549407072,0.5830371713507524,0.42138673403315624,0.5892702983563939,0.24489136770543418,0.26585942954550856,0.532919166969086,0.2734675924890183,0.021122673262477,0.32061409784025874,0.3163319296643946,0.36504578687435196,0.001071099622150277,0.04265553486929774,0,DATA
440,18.333333333333332,0.24998199733953413,0.13767979406480296,0.6426007584742742,0.15421412172195118,0.1948007727396514,0.7171305487102888,0.23112098311546841,0.8732155501089325,0.3302763845871924,0.633977549407072,0.5830371713507524,0.42138673403315624,0.6471561005391532,0.2414171290720647,0.2663259643405963,0.5057133851943909,0.27015826016656097,0.01788833785587027,0.3178658155953141,0.31326995680830544,0.3635592030165795,0.020608858537072172,0,0,DATA
444,18.5,0.25148826357466064,0.1361982088786481,0.6398888565498031,0.1558442706449712,0.1948007727396514,0.7171305487102888,0.23112098311546841,0.8732155501089325,0.3302763845871924,0.633977549407072,0.5830371713507524,0.42138673403315624,0.6648329740830736,0.23996001362993047,0.2667822406884992,0.4976035061434979,0.26890721629629005,0.016889603662539072,0.31703205438298326,0.31232802029582946,0.36313564616565513,0.0065300884446525265,0,0,DATA
448,18.666666666666668,0.2520050708584716,0.1365209171275348,0.6372045665130461,0.1440236447568032,0.1948007727396514,0.7171305487102888,0.23112098311546841,0.8732155501089325,0.3302763845871924,0.633977549407072,0.5830371713507524,0.42138673403315624,0.6700682674139834,0.23961323730697848,0.26702765312247034,0.4951592476395191,0.26799718856510807,0.016601762212399507,0.31672764113194873,0.31057311545230243,0.36020053544454644,0.0019424940292776343,0,0,DATA
452,18.833333333333332,0.25060102700268144,0.07028196094142784,0.6328098795746573,0.1303344672068372,0.1948007727396514,0.7171305487102888,0.23112098311546841,0.8732155501089325,0.3302763845871924,0.633977549407072,0.5830371713507524,0.42138673403315624,0.6855490362123389,0.2209622966779829,0.26680642764294576,0.49674433355483905,0.24502113815486506,0.014591179501736632,0.28907231249867016,0.28110940037018833,0.34628778038646096,0.011450978302291878,0,0,DATA
456,19.0,0.25126054628582206,0.11472160146231143,0.6290351466123247,0.13019191444542716,0.1948007727396514,0.7171305487102888,0.23112098311546841,0.8732155501089325,0.3302763845871924,0.633977549407072,0.5830371713507524,0.42138673403315624,0.6808609423424599,0.22781011383513167,0.26687855904854796,0.4956644719112042,0.25583426240921064,0.01526765206138218,0.3062251259711852,0.29787048527032917,0.3520474846000424,0.0038693474775433243,0.03441648043869343,0,DATA
460,19.166666666666668,0.2533528154851684,0.120218367362626,0.6264675519907258,0.1375433817029358,0.1948007727396514,0.7171305487102888,0.23112098311546841,0.8732155501089325,0.3302763845871924,0.633977549407072,0.5830371713507524,0.42138673403315624,0.6783001933424302,0.23140355343436436,0.26733957500209127,0.4951481266116027,0.2590231375844568,0.015632920463939024,0.3083287672468605,0.3004525138095954,0.35390962120112623,0.0022050681842685584,0,0,DATA
464,19.333333333333332,0.25685213989441935,0.12716768591187566,0.6238167859828732,0.14450107247364208,0.1948007727396514,0.7171305487102888,0.23112098311546841,0.8732155501089325,0.3302763845871924,0.633977549407072,0.5830371713507524,0.42138673403315624,0.6760726117470789,0.23442739450792405,0.268212737914097,0.4947499968724985,0.26218949485909854,0.01594686526395669,0.31127820634684,0.3038326453858603,0.35603079807661686,0.0020415285269722396,0,0,DATA
468,19.5,0.25350662366976706,0.12767708195679958,0.6056026963154504,0.14390896185337465,0.1948007727396514,0.7171305487102888,0.23112098311546841,0.8732155501089325,0.3302763845871924,0.633977549407072,0.5830371713507524,0.42138673403315624,0.6752973640990394,0.23547717772257068,0.2677721283805217,0.49461272908919496,0.2604238516722007,0.016056612663217906,0.3071700435863946,0.2978438625966458,0.351100711319981,0.000755213465420466,0,0,DATA
472,19.666666666666668,0.25179627272917715,0.13238469071711206,0.6111876025943145,0.1427910168456328,0.1948007727396514,0.7171305487102888,0.23112098311546841,0.8732155501089325,0.3302763845871924,0.633977549407072,0.5830371713507524,0.42138673403315624,0.6740761919649619,0.23711024313985218,0.26728077182292526,0.4944067824475929,0.26264555120212646,0.01622877340733342,0.3098279981581744,0.30094851329553785,0.3528084551081366,0.0011151980363184784,0,0,DATA
476,19.833333333333332,0.25066609843723814,0.14137945936374258,0.6121606096087303,0.14156882213356015,0.1948007727396514,0.7171305487102888,0.23112098311546841,0.8732155501089325,0.3302763845871924,0.633977549407072,0.5830371713507524,0.42138673403315624,0.6718209389089462,0.2401186979860932,0.2668960282543391,0.49403018155248024,0.26586724620322383,0.016548405059651296,0.313394472161322,0.30449006852891974,0.35404346578712664,0.001882817156947621,0.0637837589440951,0,DATA
480,20.0,0.2444033329143623,0.15236425960589192,0.6013550079307431,0.1389915607271933,0.19060325605936818,0.5378731694266683,0.18810031998910676,0.8455150462962963,0.3302763845871924,0.633977549407072,0.5830371713507524,0.42138673403315624,0.6186454887418764,0.2432155000049078,0.2534196387485781,0.5190695056266078,0.2675821115538133,0.01947777890830207,0.3143747188180091,0.30413202887717156,0.3518480565703913,0.02324954723054848,0,0,DATA
484,20.166666666666668,0.23717510107675552,0.16052105004101633,0.5980306824659076,0.1351479430434318,0.19060325605936818,0.5378731694266683,0.18810031998910676,0.8455150462962963,0.3302763845871924,0.633977549407072,0.5830371713507524,0.42138673403315624,0.6009799277003794,0.24642844193238703,0.2478587932109524,0.5262958151836168,0.2696840408697814,0.02064927789047422,0.3155269235315704,0.3045674392758731,0.3507489470489381,0.0088131161688673,0,0,DATA
488,20.333333333333332,0.2363869446015586,0.17673581685955003,0.6135207161050735,0.13221863800832406,0.19060325605936818,0.5378731694266683,0.18810031998910676,0.8455150462962963,0.3302763845871924,0.633977549407072,0.5830371713507524,0.42138673403315624,0.5922751583560382,0.2519324592198202,0.2460250266898733,0.5278961912120708,0.27725939325048665,0.021571015628478764,0.3249532056917777,0.3152497942964862,0.3563889938269684,0.00534751771761785,0,0,DATA
492,20.5,0.23525133677936988,0.18258826868511444,0.6246756243782146,0.12672758249501778,0.19060325605936818,0.5378731694266683,0.18810031998910676,0.8455150462962963,0.3302763845871924,0.633977549407072,0.5830371713507524,0.42138673403315624,0.5884347126693672,0.25522235091720824,0.24523641909088995,0.5281714682067122,0.2811978187074793,0.022058538639572484,0.3292980465121939,0.32016102039288585,0.3588438167842082,0.0026396483276807845,0,0,DATA
496,20.666666666666668,0.23460419023378581,0.18597859177089068,0.6337635248633217,0.129573477287189,0.19060325605936818,0.5378731694266683,0.18810031998910676,0.8455150462962963,0.3302763845871924,0.633977549407072,0.5830371713507524,0.42138673403315624,0.586570611115353,0.25715860889044195,0.2448639360366223,0.5281353899971024,0.2840546373113967,0.022326554569200286,0.33234232653440904,0.3243986799428289,0.36212880467222724,0.0013909475271718468,0.13953785819139017,0,DATA
500,20.833333333333332,0.23506708773252888,0.18695094623278757,0.6435368643421066,0.12522991466227246,0.19060325605936818,0.5378731694266683,0.18810031998910676,0.8455150462962963,0.3302763845871924,0.633977549407072,0.5830371713507524,0.42138673403315624,0.5858071862121504,0.2580117455317432,0.24484939959507804,0.5280905341280531,0.28575818604243797,0.022441988283142544,0.3347785157146734,0.32737784680848003,0.36389556993609906,0.0005436993286827008,0,0,DATA
504,21.0,0.23689576525054462,0.18376990014222797,0.6556833466834774,0.08869243401832229,0.19060325605936818,0.5378731694266683,0.18810031998910676,0.8455150462962963,0.3302763845871924,0.633977549407072,0.5830371713507524,0.42138673403315624,0.5862461784202072,0.25737699361877686,0.24522906094139807,0.528188413980508,0.2850107403768163,0.022363050086262243,0.33630112925032685,0.32646136051387553,0.35933040523086934,0.00048446848911438506,0,0,DATA
508,21.166666666666668,0.23603916593346735,0.14253624873256038,0.6628339756793518,0.08110424057962584,0.19060325605936818,0.5378731694266683,0.18810031998910676,0.8455150462962963,0.3302763845871924,0.633977549407072,0.5830371713507524,0.42138673403315624,0.5950369428786544,0.24564114565018008,0.2451630734887078,0.5296609557355827,0.27185786716670235,0.020889873752430194,0.3210664746222192,0.3111829494414857,0.35332971614894076,0.006864199959911406,0,0,DATA
512,21.333333333333332,0.23265404385579014,0.16220999207930664,0.6658063118121793,0.08757361770256851,0.19060325605936818,0.5378731694266683,0.18810031998910676,0.8455150462962963,0.3302763845871924,0.633977549407072,0.5830371713507524,0.42138673403315624,0.5935426861133718,0.24762903939669,0.24443240161658855,0.529414137244969,0.2765430480047305,0.021136633180635973,0.3288534147719478,0.3199140609167913,0.3579792249009804,0.0014042741279705895,0,0,DATA
516,21.5,0.22939497313348414,0.17256991368644584,0.6672938302068894,0.09287055705404235,0.19060325605936818,0.5378731694266683,0.18810031998910676,0.8455150462962963,0.3302763845871924,0.633977549407072,0.5830371713507524,0.42138673403315624,0.5909188255462878,0.2511261855706419,0.24352879520326853,0.5289774944415351,0.2804285772898836,0.021573508935157002,0.3326430729492843,0.32438216486874616,0.3606385735387929,0.002341537718118634,0.05177097410593375,0,DATA
520,21.666666666666668,0.227624591503268,0.18192097706325833,0.6767770763872399,0.11141884973380761,0.23781356379357296,0.6926196624878389,0.25081180215141613,0.8201477396514161,0.3302763845871924,0.633977549407072,0.5830371713507524,0.42138673403315624,0.6314969621241596,0.264707791792518,0.26044514814237374,0.5018976230416612,0.2918120018817147,0.02048458133923915,0.33792607121003615,0.33246831701550966,0.3679446649633339,0.023692031912951033,0,0,DATA
524,21.833333333333332,0.22657271241830068,0.18860844926856007,0.6765812015544639,0.11399947237318148,0.23781356379357296,0.6926196624878389,0.25081180215141613,0.8201477396514161,0.3302763845871924,0.633977549407072,0.5830371713507524,0.42138673403315624,0.6422660339344078,0.27065476587656534,0.26529915941626214,0.4935396000945134,0.2964457514838358,0.020332704594631382,0.3403515093086082,0.33513222989474145,0.36930975370531316,0.007190019056061314,0,0,DATA
528,22.0,0.2263161908727166,0.19512611621811035,0.6807166121698931,0.11509822654227593,0.23781356379357296,0.6926196624878389,0.25081180215141613,0.8201477396514161,0.3302763845871924,0.633977549407072,0.5830371713507524,0.42138673403315624,0.6441280454180768,0.2742638048476536,0.266701493273856,0.4908040748671348,0.3001736792953854,0.02049658722346402,0.3437343539023973,0.339038490966983,0.37151535508086353,0.002291128104117024,0,0,DATA
532,22.166666666666668,0.2322438123219373,0.1992872388307232,0.698426897195612,0.11560425032462192,0.23781356379357296,0.6926196624878389,0.25081180215141613,0.8201477396514161,0.3302763845871924,0.633977549407072,0.5830371713507524,0.42138673403315624,0.6438128131145289,0.27651163087051167,0.26836699393547053,0.48983777800747974,0.304807839397436,0.02068287898758508,0.35012638424243037,0.3472521521878225,0.37726106163057643,0.0014095196626734974,0,0,DATA
536,22.333333333333332,0.23876417955002516,0.205692666149263,0.707058088999055,0.11502062133882034,0.23781356379357296,0.6926196624878389,0.25081180215141613,0.8201477396514161,0.3302763845871924,0.633977549407072,0.5830371713507524,0.42138673403315624,0.6423731036865711,0.2789794983265602,0.27023592125185336,0.48932369899343436,0.3088474554772596,0.020951820145537085,0.3557188669761525,0.35364939120330874,0.3809149846048666,0.0019255014001297217,0.11074717850741353,0,DATA
540,22.5,0.23789042860734042,0.20309651897876874,0.6972728915114312,0.11370684394873115,0.23781356379357296,0.6926196624878389,0.25081180215141613,0.8201477396514161,0.3302763845871924,0.633977549407072,0.5830371713507524,0.42138673403315624,0.6424863817639875,0.2789929373556364,0.27061311174880437,0.489260340440188,0.3071434604778931,0.020946192644224412,0.35254861842189306,0.34936924516127804,0.37772913258510027,0.0001679692011478847,0,0,DATA
544,22.666666666666668,0.2366672951231775,0.2095166607667861,0.6937306710387497,0.11264864074462098,0.23781356379357296,0.6926196624878389,0.25081180215141613,0.8201477396514161,0.3302763845871924,0.633977549407072,0.5830371713507524,0.42138673403315624,0.6411721354117288,0.2807946087650041,0.2704694108662155,0.4890166279116335,0.3086864407459773,0.021158955268719547,0.35416360434573113,0.35052418871743696,0.37747264474589415,0.0010865395480717706,0,0,DATA
548,22.833333333333332,0.2321728818397017,0.21854368114453818,0.6835393416509412,0.11141018129185229,0.23781356379357296,0.6926196624878389,0.25081180215141613,0.8201477396514161,0.3302763845871924,0.633977549407072,0.5830371713507524,0.42138673403315624,0.6388821872267233,0.28386267589358505,0.2694824738119089,0.4886275684398457,0.3103395533162403,0.021526652415798802,0.3548372639625751,0.35005486945022324,0.37558173223670355,0.0021149841226310215,0,0,DATA
552,23.0,0.22562341576587902,0.23552960069679602,0.6617761713971679,0.11273047506102589,0.23781356379357296,0.6926196624878389,0.25081180215141613,0.8201477396514161,0.3302763845871924,0.633977549407072,0.5830371713507524,0.42138673403315624,0.6346281596652474,0.2895391535067915,0.26781100482011416,0.4879163434139805,0.31338046104693373,0.022215785206805994,0.35596910451795905,0.34914242235714715,0.3722979397525513,0.0038673247221590046,0,0,DATA
556,23.166666666666668,0.2210896912183677,0.24493673474771413,0.6436907281270833,0.11834983337227582,0.23781356379357296,0.6926196624878389,0.25081180215141613,0.8201477396514161,0.3302763845871924,0.633977549407072,0.5830371713507524,0.42138673403315624,0.6313764532461119,0.2938760943250105,0.26635748196759834,0.48737372621443875,0.315179590162251,0.022749226121215757,0.3552081245748071,0.3471348339181118,0.3698581482501667,0.0030140566966234497,0.1298761199461895,0,DATA
560,23.333333333333332,0.2182455654537456,0.25604779794440063,0.6337542736150931,0.11751642192997759,0.20710754527505443,0.5705412323864407,0.2159184368191721,0.8413626770152506,0.3302763845871924,0.633977549407072,0.5830371713507524,0.42138673403315624,0.5938856576206756,0.2918400103766595,0.25555401640824466,0.5071371660013324,0.3142824688444097,0.02488928691775938,0.35709643379815925,0.347946156546035,0.3685895992367503,0.016776781711047,0,0,DATA
564,23.5,0.2220656645403888,0.2602339202089131,0.6404065090506207,0.112704012134699,0.20710754527505443,0.5705412323864407,0.2159184368191721,0.8413626770152506,0.3302763845871924,0.633977549407072,0.5830371713507524,0.42138673403315624,0.5817593332574971,0.29240129942621773,0.25311519754863365,0.5129196836581426,0.31620040162385027,0.02568176402996306,0.3608653496083984,0.3518990549202991,0.37030010438491767,0.005042144090782574,0,0,DATA
568,23.666666666666668,0.22218516947377243,0.25762653181330175,0.6378551181924572,0.11576911360322732,0.20710754527505443,0.5705412323864407,0.2159184368191721,0.8413626770152506,0.3302763845871924,0.633977549407072,0.5830371713507524,0.42138673403315624,0.5786689875116219,0.29183961739031405,0.2524086479267609,0.5147456975490321,0.3152722078094425,0.025821827110649197,0.3593360170651979,0.3504210934381351,0.36989611919807913,0.0014528591345505475,0,0,DATA
572,23.833333333333332,0.22349749795751636,0.2515011593422815,0.6334863507455389,0.12061902262079094,0.20710754527505443,0.5705412323864407,0.2159184368191721,0.8413626770152506,0.3302763845871924,0.633977549407072,0.5830371713507524,0.42138673403315624,0.5790282120067737,0.2899560084876573,0.2524722720217853,0.5155078897527845,0.312936713418257,0.025633292859809916,0.35627458028415493,0.34740777081415664,0.36898633611758364,0.0007688191642776602,0,0,DATA
576,24.0,0.2226897676805765,0.2469875555658632,0.6240841590247649,0.12178835298518634,0.20710754527505443,0.5705412323864407,0.2159184368191721,0.8413626770152506,0.3302763845871924,0.633977549407072,0.5830371713507524,0.42138673403315624,0.580083836148367,0.2881271167594631,0.25232173589213525,0.5158945235460848,0.3099710935630413,0.025407739049965714,0.3524271543740448,0.34273705876840865,0.36611184066611246,0.0010116839998125144,0.13840577408582178,0,DATA
580,24.166666666666668,0.22121322220127365,0.2407548799961336,0.6159332981542818,0.12311178850867047,0.20710754527505443,0.5705412323864407,0.2159184368191721,0.8413626770152506,0.3302763845871924,0.633977549407072,0.5830371713507524,0.42138673403315624,0.5817093852604882,0.28583330008148056,0.2519665005025866,0.5162286573290156,0.3065542859432322,0.025107891228862225,0.3480086028761958,0.3376357647358597,0.36325625666979877,0.001424867059884131,0,0,DATA
584,24.333333333333332,0.21821784135662808,0.2368950409648249,0.6063282509524407,0.12415137740739868,0.20710754527505443,0.5705412323864407,0.2159184368191721,0.8413626770152506,0.3302763845871924,0.633977549407072,0.5830371713507524,0.42138673403315624,0.5830076161906994,0.28406440014931933,0.25123089990834646,0.5164639918299906,0.30352471916308266,0.024875065188460974,0.34394458165437497,0.3327151976837277,0.36018439870992325,0.001267577152204195,0,0,DATA
588,24.5,0.2150245294431875,0.23283539876303444,0.5994708718973318,0.12337874409637109,0.20710754527505443,0.5705412323864407,0.2159184368191721,0.8413626770152506,0.3302763845871924,0.633977549407072,0.5830371713507524,0.42138673403315624,0.5842496103321388,0.28239703035316965,0.2503396242282519,0.5166766796573456,0.3007654987609769,0.02465540183617919,0.3403105865799489,0.3283182013726879,0.35738724976232794,0.0012668798725612256,0,0,DATA
592,24.666666666666668,0.21259341744176302,0.22926200136363056,0.5933130854960698,0.12494402218001588,0.20710754527505443,0.5705412323864407,0.2159184368191721,0.8413626770152506,0.3302763845871924,0.633977549407072,0.5830371713507524,0.42138673403315624,0.5853726220284454,0.28089626814249163,0.2495617080039244,0.5168655549145315,0.2984224856457459,0.024458129459802365,0.33716344793965003,0.32471181190062737,0.3553817379686884,0.0011338967104373616,0,0,DATA
596,24.833333333333332,0.2119671539823194,0.22983346818407505,0.5870750186952961,0.12389974954016823,0.20710754527505443,0.5705412323864407,0.2159184368191721,0.8413626770152506,0.3302763845871924,0.633977549407072,0.5830371713507524,0.42138673403315624,0.5855895175050441,0.28060605018901275,0.24919681781014297,0.5169022161529716,0.2974993495664875,0.024420078616464842,0.3360191686157844,0.3228392986326996,0.35363646041764774,0.0002906678746196582,0.06895004045522252,0,DATA
600,25.0,0.21573265590958607,0.22866273320735506,0.5891844074277356,0.12328148025914391,0.19988528050108928,0.49261900737664366,0.22464248025599126,0.8598975354030501,0.3302763845871924,0.633977549407072,0.5830371713507524,0.42138673403315624,0.5640822174903917,0.27867450340695477,0.2523208383190439,0.5286216395513267,0.2966827399318106,0.025510626029096463,0.3367258527570376,0.3236950947190943,0.3542410936907714,0.008854289101870435,0,0,DATA
604,25.166666666666668,0.22127132169641361,0.21859488488808582,0.6009758988208997,0.1206790915843172,0.19988528050108928,0.49261900737664366,0.22464248025599126,0.8598975354030501,0.3302763845871924,0.633977549407072,0.5830371713507524,0.42138673403315624,0.5597442756330424,0.27527604184294197,0.254421164286948,0.5324898412620078,0.29478678394545266,0.025450289172510996,0.3361647448653282,0.3240528970992187,0.3557121781348895,0.0032789097964220546,0,0,DATA
608,25.333333333333332,0.22533655155438245,0.21772477371977478,0.6092783747053312,0.1142327616686462,0.19988528050108928,0.49261900737664366,0.22464248025599126,0.8598975354030501,0.3302763845871924,0.633977549407072,0.5830371713507524,0.42138673403315624,0.558625616421183,0.2740128722466111,0.25590496034749266,0.533680755666103,0.29495332669886676,0.02539787514190691,0.3382902415464839,0.3263640083772504,0.35677453743341336,0.001288541622911643,0,0,DATA
612,25.5,0.2280928898001508,0.2130470813214978,0.6112903909052856,0.10513335511581419,0.19988528050108928,0.49261900737664366,0.22464248025599126,0.8598975354030501,0.3302763845871924,0.633977549407072,0.5830371713507524,0.42138673403315624,0.5592723340612633,0.27232416749619426,0.2569289301972674,0.5342017492212712,0.29328964580643513,0.025204366891054528,0.33737283547631763,0.3247378632717964,0.35503164013767086,0.0011197974134239581,0,0,DATA
616,25.666666666666668,0.2217644963968493,0.2060493959015987,0.5952980286694894,0.09750366928282654,0.19988528050108928,0.49261900737664366,0.22464248025599126,0.8598975354030501,0.3302763845871924,0.633977549407072,0.5830371713507524,0.42138673403315624,0.5609358632914663,0.2698582041534975,0.2559071585375065,0.5346029662775181,0.287959895759754,0.02488186248247783,0.33010961018053847,0.31511243316913884,0.3478251202588093,0.0017170880775535524,0.06181481877047961,0,DATA
620,25.833333333333332,0.2164372145760013,0.19804110114179682,0.5922117079877836,0.08040015525176501,0.19988528050108928,0.49261900737664366,0.22464248025599126,0.8598975354030501,0.3302763845871924,0.633977549407072,0.5830371713507524,0.42138673403315624,0.5631166639600855,0.26687609261794387,0.25448189785720016,0.5350036217109853,0.2834086200881386,0.024484680706967146,0.32522357177610695,0.3082074112934306,0.34189886488611543,0.0021960576281597386,0,0,DATA
624,26.0,0.21309693548893913,0.21540114680274267,0.6007731413898596,0.08005500816671886,0.19988528050108928,0.49261900737664366,0.22464248025599126,0.8598975354030501,0.3302763845871924,0.633977549407072,0.5830371713507524,0.42138673403315624,0.5601252945718727,0.2708422719423426,0.2533528610448252,0.5345162167428923,0.2893122787864114,0.025018699563505768,0.33321182090348805,0.3170172890525147,0.3462401727600608,0.002695528508328863,0,0,DATA
628,26.166666666666668,0.21202387872884196,0.21631587013432096,0.6058654961432853,0.08806972504769163,0.19988528050108928,0.49261900737664366,0.22464248025599126,0.8598975354030501,0.3302763845871924,0.633977549407072,0.5830371713507524,0.42138673403315624,0.5590357918557773,0.2722882482725042,0.2527888080814923,0.5343379799358592,0.2911720470224031,0.025214568075157085,0.33438156983478506,0.3194977451472515,0.34914610764833887,0.0010331773365299297,0,0,DATA
632,26.333333333333332,0.21287124759091672,0.2364531039616957,0.6127457764771799,0.0955583271233088,0.19988528050108928,0.49261900737664366,0.22464248025599126,0.8598975354030501,0.3302763845871924,0.633977549407072,0.5830371713507524,0.42138673403315624,0.5544801219372001,0.27836046664321756,0.25279753965352814,0.5335797057097911,0.2992303026892691,0.026043175442841977,0.34398199320492884,0.3305350567583465,0.35546922010724963,0.0035455399537754895,0,0,DATA
636,26.5,0.2117128909523211,0.24948934337566753,0.6170167643527092,0.10088498820903334,0.19988528050108928,0.49261900737664366,0.22464248025599126,0.8598975354030501,0.3302763845871924,0.633977549407072,0.5830371713507524,0.42138673403315624,0.5503758106846928,0.2838322791903437,0.25255690423103383,0.5328959550624818,0.30523210498118514,0.026799750270819586,0.34981901521790437,0.33733184366744734,0.35944189954151307,0.0032722530740425895,0.0874954815638649,0,DATA
640,26.666666666666668,0.20041789084757833,0.26020235002195113,0.5830566153320645,0.11520571087108347,0.27281807427832244,0.42827387838760117,0.18344294662309368,0.710245438453159,0.3302763845871924,0.633977549407072,0.5830371713507524,0.42138673403315624,0.5288781497962892,0.30378935150865993,0.2385768941650782,0.5336662493475253,0.31451444045120547,0.03005557828453851,0.3450531880513403,0.3306020738650238,0.3542934578052302,0.018478247757558464,0,0,DATA
644,26.833333333333332,0.19289271330861404,0.25618754142403855,0.5600250990567106,0.12661831170652996,0.27281807427832244,0.42827387838760117,0.18344294662309368,0.710245438453159,0.3302763845871924,0.633977549407072,0.5830371713507524,0.42138673403315624,0.5232719613353298,0.30865232679673926,0.23280260386210905,0.5340378559339654,0.3138805641256453,0.030900075860450227,0.3373359258493116,0.3217229201190044,0.3494633598598977,0.0054144846840026295,0,0,DATA
648,27.0,0.17952635982277526,0.2513381892011975,0.5215378768801698,0.14967883018491226,0.27281807427832244,0.42827387838760117,0.18344294662309368,0.710245438453159,0.3302763845871924,0.633977549407072,0.5830371713507524,0.42138673403315624,0.5226084687638386,0.30875340076076757,0.22826338253919212,0.5343190652376969,0.30839995794749103,0.030953214340346553,0.32502546982769925,0.3078697937275762,0.34238961982942895,0.0017679292861454883,0,0,DATA
652,27.166666666666668,0.19899875748910675,0.3103683893169247,0.5470897944110085,0.16552943804566872,0.27281807427832244,0.42827387838760117,0.18344294662309368,0.710245438453159,0.3302763845871924,0.633977549407072,0.5830371713507524,0.42138673403315624,0.5100130789680886,0.3253121789823797,0.23099081965224666,0.5323373710247659,0.33303810313041204,0.03347372972028924,0.3576424129134242,0.3446269893524606,0.3627494905682821,0.010627201710138895,0,0,DATA
656,27.333333333333332,0.21912543730098877,0.3041044586098256,0.5611938535422828,0.17248780803015862,0.27281807427832244,0.42827387838760117,0.18344294662309368,0.710245438453159,0.3302763845871924,0.633977549407072,0.5830371713507524,0.42138673403315624,0.5075498874778542,0.32852591185087554,0.2360356535466583,0.531962100335635,0.3375450702184568,0.03397435067405488,0.3619829884192158,0.35107380776982866,0.368740257723122,0.003573919417713937,0.19783148284603308,0,DATA
660,27.5,0.2227420735922574,0.30544577650755855,0.5485946307130359,0.18229156692832682,0.27281807427832244,0.42827387838760117,0.18344294662309368,0.710245438453159,0.3302763845871924,0.633977549407072,0.5830371713507524,0.42138673403315624,0.5065292532722601,0.32986560072278953,0.23830859733614815,0.5318025730024751,0.3377330689249611,0.03418359510477858,0.3607229982707133,0.3495342712282184,0.3681140651092307,0.001544422288999342,0,0,DATA
664,27.666666666666668,0.22282665336433716,0.301814082263787,0.5419787288354622,0.18617144611725006,0.27281807427832244,0.42827387838760117,0.18344294662309368,0.710245438453159,0.3302763845871924,0.633977549407072,0.5830371713507524,0.42138673403315624,0.5069857188017739,0.32925063299610774,0.23900824222513184,0.5318818241010591,0.336151070533963,0.03408830547373377,0.3579640561521059,0.34650172684074587,0.3666997693182642,0.0005903593817264408,0,0,DATA
668,27.833333333333332,0.23282997894670687,0.28522565378166675,0.553522619315034,0.18682762194693242,0.27281807427832244,0.42827387838760117,0.18344294662309368,0.710245438453159,0.3302763845871924,0.633977549407072,0.5830371713507524,0.42138673403315624,0.5106062284418733,0.3244213827031095,0.24131883406412463,0.5324861944275086,0.3328111517383503,0.0333416588515872,0.3556381279716461,0.3453958052912115,0.36822904539001255,0.0035867839240301493,0,0,DATA
672,28.0,0.2488037395780962,0.2848818119281064,0.5629015611620292,0.18878843708896084,0.27281807427832244,0.42827387838760117,0.18344294662309368,0.710245438453159,0.3302763845871924,0.633977549407072,0.5830371713507524,0.42138673403315624,0.5117645881231507,0.3228763318962131,0.2453665013484142,0.532679539990318,0.33431091303547456,0.03310432836661312,0.3605711317258989,0.35146278474436665,0.3725117436652719,0.0022503592574877884,0,0,DATA
676,28.166666666666668,0.2641603690087146,0.26256897532105433,0.5625253480486568,0.19524197805665217,0.27281807427832244,0.42827387838760117,0.18344294662309368,0.710245438453159,0.3302763845871924,0.633977549407072,0.5830371713507524,0.42138673403315624,0.5167977917150149,0.31616522240416967,0.24980569371413094,0.5335184929404078,0.32815571990267256,0.03208206406620772,0.3546420803465273,0.34614146615042696,0.3718971360324711,0.005394501816541469,0.10186484108761061,0,DATA
680,28.333333333333332,0.2723846389517345,0.256733838853312,0.5625111549233586,0.20128636720702442,0.28767939814814814,0.8105519603666089,0.32456690836056645,0.7993664896514161,0.3302763845871924,0.633977549407072,0.5830371713507524,0.42138673403315624,0.6265709944049223,0.31563892935825216,0.29237925739837256,0.4788950381184127,0.327804336226704,0.024752433618642888,0.3539500411229747,0.3460524465293817,0.37304962210536163,0.050957686473355475,0,0,DATA
684,28.5,0.2847779977375566,0.23359557666794448,0.5613873832957074,0.2058297969313106,0.28767939814814814,0.8105519603666089,0.32456690836056645,0.7993664896514161,0.3302763845871924,0.633977549407072,0.5830371713507524,0.42138673403315624,0.6643619902708215,0.309002328032574,0.3077539318486676,0.4633178408483022,0.32115860677815733,0.021779714540332527,0.3469486536804618,0.3393930248965324,0.37144596169408317,0.01993409054729084,0,0,DATA
688,28.666666666666668,0.2884906045751634,0.21949575723564413,0.5478977878667038,0.20839627502865446,0.28767939814814814,0.8105519603666089,0.32456690836056645,0.7993664896514161,0.3302763845871924,0.633977549407072,0.5830371713507524,0.42138673403315624,0.6786602511113744,0.30306339819382644,0.31314598161965357,0.45913817534739954,0.3141201939851626,0.02045112641731692,0.33935332818926234,0.3307053876721669,0.36684314622521663,0.008543080150095453,0,0,DATA
692,28.833333333333332,0.29972377372423326,0.20731428784162345,0.5812996635741421,0.2082555546155836,0.28767939814814814,0.8105519603666089,0.32456690836056645,0.7993664896514161,0.3302763845871924,0.633977549407072,0.5830371713507524,0.42138673403315624,0.6855078379362847,0.2978709078118764,0.31712256207225403,0.4583106271259194,0.31395691445324464,0.019672393820864113,0.3434077494029557,0.338085924415297,0.37446156757526594,0.0053388858864869175,0,0,DATA
696,29.0,0.3077963303376906,0.20108636518792863,0.6046323274925297,0.2109651836553358,0.28767939814814814,0.8105519603666089,0.32456690836056645,0.7993664896514161,0.3302763845871924,0.633977549407072,0.5830371713507524,0.42138673403315624,0.6888699777410336,0.2945693423542568,0.3200107730968602,0.45828033995235473,0.3145336169149549,0.019246366869132687,0.34719762444784674,0.3444800287560021,0.3807097266261048,0.003183972095658257,0.060325909556378586,0,DATA
700,29.166666666666668,0.32012664707977206,0.19331079244980376,0.6419169417959281,0.21536032253063425,0.28767939814814814,0.8105519603666089,0.32456690836056645,0.7993664896514161,0.3302763845871924,0.633977549407072,0.5830371713507524,0.42138673403315624,0.6915114899574646,0.291401712350296,0.32346660292007917,0.4585433988461196,0.3170253318852647,0.018877756814025124,0.3540103815616928,0.35546076118771774,0.3909766037405035,0.003088324014536903,0,0,DATA
704,29.333333333333332,0.29831940254734374,0.12016115966077183,0.6128307859072057,0.22034741677056377,0.28767939814814814,0.8105519603666089,0.32456690836056645,0.7993664896514161,0.3302763845871924,0.633977549407072,0.5830371713507524,0.42138673403315624,0.7076653665080905,0.2699695261681788,0.31992383051523493,0.4611825536618652,0.2874266444301055,0.016573502922135393,0.31457184836184987,0.3136123218229956,0.37154931424471116,0.01370961171252912,0,0,DATA
708,29.5,0.2756572934996648,0.12412744809939481,0.603244013087958,0.22443929545093044,0.28767939814814814,0.8105519603666089,0.32456690836056645,0.7993664896514161,0.3302763845871924,0.633977549407072,0.5830371713507524,0.42138673403315624,0.7116786089011675,0.2646504310763581,0.3141019558937691,0.4618354800112371,0.28207008721028337,0.016023919892996664,0.30970858736391377,0.3081995714111713,0.36829972913699816,0.00505140403545451,0,0,DATA
712,29.666666666666668,0.2692406870600804,0.11845136488037748,0.6240980963900555,0.2273600564855805,0.28767939814814814,0.8105519603666089,0.32456690836056645,0.7993664896514161,0.3302763845871924,0.633977549407072,0.5830371713507524,0.42138673403315624,0.7140745590950843,0.261465399247487,0.3110079061550166,0.46223002082871434,0.28135688672038894,0.015699518007855677,0.3103256494488094,0.3111941179297418,0.3726043290426415,0.002891677253846795,0,0,DATA
716,29.833333333333332,0.2665932158119658,0.12240683408428812,0.639362321458026,0.22984551292898966,0.28767939814814814,0.8105519603666089,0.32456690836056645,0.7993664896514161,0.3302763845871924,0.633977549407072,0.5830371713507524,0.42138673403315624,0.713962695620438,0.2616174210759207,0.30952372227128677,0.46220994165182067,0.2838003024561185,0.015714791799690722,0.3144311878943449,0.31707462452641516,0.3772460498540911,0.0005826897289366029,0.036722050225286434,0,DATA
720,30.0,0.2570833595190213,0.12548135666883,0.6398879172005173,0.22984456328297598,0.24068670002723308,0.5167566750009718,0.23570686955337689,0.8034667755991285,0.3302763845871924,0.633977549407072,0.5830371713507524,0.42138673403315624,0.6310208069329121,0.25265542734273033,0.28220058641863643,0.5081618828621788,0.27821727482955383,0.01957716509803759,0.31386414481807096,0.31656004605978905,0.37688745161889803,0.03974233942445554,0,0,DATA
724,30.166666666666668,0.24253727532679742,0.12645737009863353,0.6388934816548092,0.22962722638345265,0.24068670002723308,0.5167566750009718,0.23570686955337689,0.8034667755991285,0.3302763845871924,0.633977549407072,0.5830371713507524,0.42138673403315624,0.6059332775063955,0.2502401129831182,0.2709489679824743,0.5219133047552431,0.27563253588571124,0.020708373243534205,0.311146446242406,0.3137211702396009,0.37528716894781444,0.012918154074096947,0,0,DATA
728,30.333333333333332,0.22553782129839117,0.17451751075527475,0.618730642400962,0.22337913324919292,0.24068670002723308,0.5167566750009718,0.23570686955337689,0.8034667755991285,0.3302763845871924,0.633977549407072,0.5830371713507524,0.42138673403315624,0.5883143891405458,0.26297235805909414,0.26400359710566035,0.52435662640018,0.28693208467825493,0.02273500653200895,0.3229380438486118,0.32287167460699606,0.37450591620315626,0.01243216810621319,0,0,DATA
732,30.5,0.22507790242165243,0.18370115846059407,0.6282673008702709,0.22626376259757827,0.24068670002723308,0.5167566750009718,0.23570686955337689,0.8034667755991285,0.3302763845871924,0.633977549407072,0.5830371713507524,0.42138673403315624,0.5811001566126739,0.2693634529393763,0.26182340287850103,0.5247681952239749,0.29345911591938867,0.023695624732620563,0.32842685084925355,0.3296026103894072,0.3787985619582846,0.005261840545104461,0,0,DATA
736,30.666666666666668,0.20531179953284734,0.192883426461242,0.6013419463656225,0.2339342318587367,0.24068670002723308,0.5167566750009718,0.23570686955337689,0.8034667755991285,0.3302763845871924,0.633977549407072,0.5830371713507524,0.42138673403315624,0.5770076105741762,0.27385181644364237,0.2570184630037041,0.5245702864910907,0.2931157849008361,0.024325819179080662,0.32276146657082205,0.3220117375866267,0.3730020470955709,0.004461949805853571,0.10769831724634797,0,DATA
740,30.833333333333332,0.2007378472222222,0.18579761294918282,0.595576310869791,0.22128469227396017,0.24068670002723308,0.5167566750009718,0.23570686955337689,0.8034667755991285,0.3302763845871924,0.633977549407072,0.5830371713507524,0.42138673403315624,0.5772678676001592,0.2732142977115456,0.2546164510560338,0.5247589173441476,0.2900357694719077,0.024254257161482582,0.31785922360470703,0.31526797711245086,0.3675104630467863,0.0010999292352500596,0,0,DATA
744,31.0,0.2012028068438914,0.18207557308571304,0.5894641493243724,0.2222584670561278,0.24068670002723308,0.5167566750009718,0.23570686955337689,0.8034667755991285,0.3302763845871924,0.633977549407072,0.5830371713507524,0.42138673403315624,0.578127573079283,0.27198087093014506,0.25399348899228325,0.524945777995286,0.28804287540048223,0.024095658320015218,0.31524096727456924,0.312135882105988,0.3656653675995116,0.0009053647747582771,0,0,DATA
748,31.166666666666668,0.20661725427350427,0.195913054740009,0.6101890550778193,0.20759876743471936,0.24068670002723308,0.5167566750009718,0.23570686955337689,0.8034667755991285,0.3302763845871924,0.633977549407072,0.5830371713507524,0.42138673403315624,0.5754796135756179,0.2754853377589278,0.25494363433337675,0.5245175243327271,0.29469330906236557,0.024559319828331,0.32600383057289956,0.3235052660175222,0.37053172110469734,0.0023675238911804266,0,0,DATA
752,31.333333333333332,0.21303733031674207,0.2115049275444459,0.6158536861422358,0.19345843514841313,0.24068670002723308,0.5167566750009718,0.23570686955337689,0.8034667755991285,0.3302763845871924,0.633977549407072,0.5830371713507524,0.42138673403315624,0.5714109324355867,0.28090240219280493,0.2565768939047848,0.5238433326858041,0.30106599589113847,0.02528225671280779,0.33465752111620517,0.33131138643863883,0.3721006009385295,0.003706335048438795,0,0,DATA
756,31.5,0.21268261244134407,0.22276092638922412,0.6057851134979109,0.18935260706420654,0.24068670002723308,0.5167566750009718,0.23570686955337689,0.8034667755991285,0.3302763845871924,0.633977549407072,0.5830371713507524,0.42138673403315624,0.5678265683361738,0.28567920119950596,0.2569923810223736,0.52324711523216,0.3043321958396046,0.025927221754847934,0.33707526255017184,0.3323116877997524,0.3704152201997839,0.0029255500745675733,0.14483278682236736,0,DATA
760,31.666666666666668,0.1988283868568795,0.2282807805222518,0.5569584774833903,0.1735081652142328,0.45632582720588233,0.3295485304063205,0.28026679942810456,0.4940921160130719,0.3302763845871924,0.633977549407072,0.5830371713507524,0.42138673403315624,0.5131738092519118,0.3339420167662804,0.26668442014983645,0.5264420869909039,0.32657174979845505,0.034140061190143116,0.32674703188358595,0.3155163493467171,0.35448222838766674,0.037535871259499774,0,0,DATA
764,31.833333333333332,0.18644537141779785,0.2187017348775825,0.5072483035856675,0.18664678025253667,0.45632582720588233,0.3295485304063205,0.28026679942810456,0.4940921160130719,0.3302763845871924,0.633977549407072,0.5830371713507524,0.42138673403315624,0.49878958111201366,0.3457387286558053,0.26699159864586813,0.526525426228104,0.3256868121277018,0.03639044913322896,0.3104967757583573,0.2956089373355465,0.34200724953028827,0.008829372841818247,0,0,DATA
768,32.0,0.17398730125062845,0.2056510486710269,0.45751896565794337,0.20303588571081513,0.45632582720588233,0.3295485304063205,0.28026679942810456,0.4940921160130719,0.3302763845871924,0.633977549407072,0.5830371713507524,0.42138673403315624,0.497214956773421,0.3456235500848272,0.26446755745957207,0.5257957033442968,0.3172209932456967,0.036492613829599944,0.2928390196567564,0.274617157987001,0.3296493261923126,0.001404614698622279,0,0,DATA
772,32.166666666666664,0.1727365418656779,0.2078093166277002,0.4439670144868945,0.21522242605082958,0.45632582720588233,0.3295485304063205,0.28026679942810456,0.4940921160130719,0.3302763845871924,0.633977549407072,0.5830371713507524,0.42138673403315624,0.49628933320094176,0.34619331154140226,0.26344768563284365,0.5250480108297697,0.3166693397149882,0.03662006539755771,0.2907417847282258,0.272383381975367,0.32889731072255923,0.0008384189519275628,0,0,DATA
776,32.333333333333336,0.17145710915242166,0.20102073723066377,0.4302717469107479,0.2137262419047782,0.45632582720588233,0.3295485304063205,0.28026679942810456,0.4940921160130719,0.3302763845871924,0.633977549407072,0.5830371713507524,0.42138673403315624,0.49743724780257564,0.3444634377472046,0.2628730432150413,0.5264869050276855,0.31273960864290357,0.036354043594180464,0.28503141291153067,0.265153864986452,0.32402802681843124,0.0011508102712112962,0.0856708304574593,0,DATA
780,32.5,0.1715749447481984,0.148703701174482,0.43492248621977886,0.21017668820573807,0.45632582720588233,0.3295485304063205,0.28026679942810456,0.4940921160130719,0.3302763845871924,0.633977549407072,0.5830371713507524,0.42138673403315624,0.508768199754864,0.3292957055132144,0.2627253959648137,0.5309680473659608,0.29569377695030463,0.03396970966877218,0.2650583134700195,0.24529088410593997,0.3166450290570313,0.008882110478835378,0,0,DATA
784,32.666666666666664,0.1615729611823362,0.14341033155396563,0.41678944925742617,0.2098377395620677,0.45632582720588233,0.3295485304063205,0.28026679942810456,0.4940921160130719,0.3302763845871924,0.633977549407072,0.5830371713507524,0.42138673403315624,0.5132790929608589,0.32326324234927273,0.2605806852409144,0.5317288323449341,0.28823767884615886,0.03304118549101685,0.25731396151617,0.23569933359148812,0.3102497762880454,0.004229355697945321,0,0,DATA
788,32.833333333333336,0.1660208621375901,0.13636033390088267,0.43655395485078863,0.21026833623870364,0.45632582720588233,0.3295485304063205,0.28026679942810456,0.4940921160130719,0.3302763845871924,0.633977549407072,0.5830371713507524,0.42138673403315624,0.5161128604298049,0.319479504057227,0.2608713312243479,0.5322038177564841,0.28758423286112744,0.032464324907606784,0.2593364437646601,0.23974132606697804,0.3146643124692762,0.0023027172481417204,0,0,DATA
792,33.0,0.16686541603821017,0.1448290250491503,0.45148541120717123,0.212709124181511,0.45632582720588233,0.3295485304063205,0.28026679942810456,0.4940921160130719,0.3302763845871924,0.633977549407072,0.5830371713507524,0.42138673403315624,0.5151845655293524,0.32071561609112825,0.2611358813385082,0.5320499091897597,0.2916378612577188,0.032652454958915764,0.26587912227536764,0.24802122900760462,0.3202400932092354,0.0008096523495046415,0,0,DATA
796,33.166666666666664,0.16566617699430203,0.15154907739384568,0.45652990174594643,0.21177224951330129,0.45632582720588233,0.3295485304063205,0.28026679942810456,0.4940921160130719,0.3302763845871924,0.633977549407072,0.5830371713507524,0.42138673403315624,0.5134948660668307,0.32296806435781333,0.26096340617353553,0.5317685347876779,0.2945364633472931,0.03299638049537222,0.2693361935122192,0.2518890618315127,0.3222019248576008,0.0013715409647264882,0.0454647232181537,0,DATA
800,33.333333333333336,0.1522772056204961,0.1800249497100488,0.41138347187651875,0.21319815269666495,0.2157220179738562,0.5315473444658441,0.17001633986928105,0.7908578431372549,0.3302763845871924,0.633977549407072,0.5830371713507524,0.42138673403315624,0.563567690978338,0.28109024314763026,0.22722985095907391,0.5276710329370158,0.26753425702487454,0.02576214141067994,0.26901946219005374,0.24720027784074086,0.31413298173696647,0.04189473377871734,0,0,DATA
804,33.5,0.1352609272875817,0.17095896808662656,0.3865203586888682,0.22243690758609447,0.2157220179738562,0.5315473444658441,0.17001633986928105,0.7908578431372549,0.3302763845871924,0.633977549407072,0.5830371713507524,0.42138673403315624,0.580493394592709,0.2659884219300171,0.2135363659448234,0.5267590917386369,0.253047281580985,0.023432618991915777,0.25701719123657185,0.23363557105743687,0.3067034293411349,0.015240336615411548,0,0,DATA
808,33.666666666666664,0.13809015994218202,0.18267567069120239,0.4268171800041308,0.22813592831868937,0.2157220179738562,0.5315473444658441,0.17001633986928105,0.7908578431372549,0.3302763845871924,0.633977549407072,0.5830371713507524,0.42138673403315624,0.5831105981300593,0.26473855229401433,0.21002245929801433,0.5260754247879631,0.2594619502156188,0.02317700631073079,0.2703290830723748,0.25154704709802556,0.319957867472616,0.002460326606720705,0,0,DATA
812,33.833333333333336,0.1491377707600134,0.19517578365459903,0.4613927207930376,0.2356422570311018,0.2157220179738562,0.5315473444658441,0.17001633986928105,0.7908578431372549,0.3302763845871924,0.633977549407072,0.5830371713507524,0.42138673403315624,0.581270735468951,0.2678636230329646,0.2112882855757162,0.5254328207490422,0.26867013764172426,0.023554090952115237,0.28445375857908106,0.26987990955486374,0.3330827964386178,0.0020769198925868018,0,0,DATA
816,34.0,0.16812789351851853,0.22924369595815347,0.5048358624245908,0.24470133682785764,0.2157220179738562,0.5315473444658441,0.17001633986928105,0.7908578431372549,0.3302763845871924,0.633977549407072,0.5830371713507524,0.42138673403315624,0.5735645150868722,0.278340159699645,0.21565595923831282,0.5240476626067413,0.28750167561863826,0.02492576540418626,0.3105675763785145,0.3012439494971281,0.35276459692724094,0.007516810237118597,0.16206374839876758,0,DATA
820,34.166666666666664,0.194439927413273,0.2503910848910213,0.5499086357872474,0.2512877767099912,0.2157220179738562,0.5315473444658441,0.17001633986928105,0.7908578431372549,0.3302763845871924,0.633977549407072,0.5830371713507524,0.42138673403315624,0.5668116972963463,0.287404389600852,0.22249178845499026,0.5228919565514007,0.30410094889900574,0.02614504614136227,0.33330349340314386,0.32914578784623644,0.3711533899737374,0.0075509589694701396,0,0,DATA
824,34.333333333333336,0.20544623030836265,0.2513055872886538,0.5457523620760079,0.2561322188186433,0.2157220179738562,0.5315473444658441,0.17001633986928105,0.7908578431372549,0.3302763845871924,0.633977549407072,0.5830371713507524,0.42138673403315624,0.5645938064556857,0.29037971924255124,0.22685386082796233,0.5225132371508815,0.306607996138251,0.02655095692995184,0.3350393001989669,0.3309504114818007,0.3723210156168118,0.0031850976184439606,0,0,DATA
828,34.5,0.1999099212334506,0.2748696659104406,0.521668455216815,0.2596468646514431,0.2157220179738562,0.5315473444658441,0.17001633986928105,0.7908578431372549,0.3302763845871924,0.633977549407072,0.5830371713507524,0.42138673403315624,0.5589799826929123,0.2978702601491613,0.2269998576341224,0.5215748785789631,0.31168018554591886,0.02758701693011246,0.3385408884608606,0.33239507364105525,0.3699839489543504,0.004416787158514512,0,0,DATA
832,34.666666666666664,0.2186681042609351,0.312244370910643,0.5344204433901502,0.2568772063831346,0.2157220179738562,0.5315473444658441,0.17001633986928105,0.7908578431372549,0.3302763845871924,0.633977549407072,0.5830371713507524,0.42138673403315624,0.5494471475140377,0.310582339821201,0.23098287511174218,0.5199852563323806,0.3282074930414417,0.029386089419023383,0.35979280470110553,0.3546452228718028,0.3801000383968013,0.008742644109511357,0,0,DATA
836,34.833333333333336,0.22734113143120493,0.3189496008575856,0.532976465206095,0.24816695001354663,0.2157220179738562,0.5315473444658441,0.17001633986928105,0.7908578431372549,0.3302763845871924,0.633977549407072,0.5830371713507524,0.42138673403315624,0.5451791986715174,0.3162734281079569,0.23399911606078477,0.5192736866102627,0.3328671373417575,0.030208024142303103,0.3639207064771255,0.3577577011924584,0.3798700797859383,0.004325092692772915,0.27555737696036137,0,DATA
840,35.0,0.2287273362870789,0.3197412708057889,0.5160835615372819,0.2524471375707275,0.16403105426198256,0.7648703959851251,0.18676351443355121,0.8869611247276689,0.3302763845871924,0.633977549407072,0.5830371713507524,0.42138673403315624,0.6090630177550374,0.3073473197999871,0.2398843002432267,0.4917948312224878,0.3258930949991877,0.025232221077773724,0.36113603469381894,0.35371175779798864,0.37676026235798904,0.026231703857977223,0,0,DATA
844,35.166666666666664,0.2222158067286744,0.31867691786788666,0.4871200039030611,0.24301597258684057,0.16403105426198256,0.7648703959851251,0.18676351443355121,0.8869611247276689,0.3302763845871924,0.633977549407072,0.5830371713507524,0.42138673403315624,0.6284516775970528,0.30437146848498353,0.24028243429069435,0.48358842695898185,0.3195634918599869,0.0237486287856126,0.353615276080133,0.34235152692249193,0.3668223340561307,0.00758754840149554,0,0,DATA
848,35.333333333333336,0.2125070046715267,0.3090767200645417,0.4526285596428557,0.24440141025626388,0.16403105426198256,0.7648703959851251,0.18676351443355121,0.8869611247276689,0.3302763845871924,0.633977549407072,0.5830371713507524,0.42138673403315624,0.6362843170883599,0.30079065770554586,0.2383630260729336,0.48146251260304707,0.31101871377476953,0.02297447869097094,0.3409351476953244,0.32636079787860506,0.3560656506487475,0.004444286162835163,0,0,DATA
852,35.5,0.21736909774593596,0.27672459721859644,0.45777606629606465,0.25783955685908316,0.16403105426198256,0.7648703959851251,0.18676351443355121,0.8869611247276689,0.3302763845871924,0.633977549407072,0.5830371713507524,0.42138673403315624,0.6454280547334005,0.29065782007484986,0.23880824315323135,0.48195706259587484,0.3013068656494513,0.021642412820886643,0.32999621850246996,0.3172804340113535,0.3556735475131627,0.006573930785344785,0,0,DATA
856,35.666666666666664,0.2235824050506955,0.2867667389252647,0.4674299457489568,0.26282136419301627,0.16403105426198256,0.7648703959851251,0.18676351443355121,0.8869611247276689,0.3302763845871924,0.633977549407072,0.5830371713507524,0.42138673403315624,0.6460623262685122,0.2904297684635082,0.24024660281132018,0.48175395263398973,0.3046315797677984,0.021586747692793225,0.3371865125366676,0.32593429672423363,0.36121103082964856,0.0007668942681807456,0.12732039568707293,0,DATA
860,35.833333333333336,0.21791467655438249,0.2699118693584823,0.43026514878798877,0.2644541132409513,0.16403105426198256,0.7648703959851251,0.18676351443355121,0.8869611247276689,0.3302763845871924,0.633977549407072,0.5830371713507524,0.42138673403315624,0.6497921303380702,0.2856419895014066,0.23948788772452112,0.48228294008026157,0.29421424930674844,0.021007155252149416,0.32187805961849847,0.3070726390147612,0.34915137811434493,0.0030920993728195214,0,0,DATA
864,36.0,0.2170087172155187,0.24774856873649487,0.43919863693620376,0.24645592436264688,0.16403105426198256,0.7648703959851251,0.18676351443355121,0.8869611247276689,0.3302763845871924,0.633977549407072,0.5830371713507524,0.42138673403315624,0.655565364689555,0.2779999316386197,0.23907002173731998,0.48321735183591263,0.28636250076510283,0.020108089064758087,0.3146182451315737,0.29890635445482755,0.34437002134855327,0.004611052733824293,0,0,DATA
868,36.166666666666664,0.21535604025263952,0.24361478826715136,0.4506648736295712,0.2323378346816754,0.16403105426198256,0.7648703959851251,0.18676351443355121,0.8869611247276689,0.3302763845871924,0.633977549407072,0.5830371713507524,0.42138673403315624,0.6581654288935624,0.2745498557483674,0.238597599778955,0.483642357679035,0.28431006101479134,0.019708632759286266,0.31492744488993396,0.2989503689144273,0.34362762781901135,0.002174187350874925,0,0,DATA
872,36.333333333333336,0.20589672233743928,0.22741524187837653,0.4526549681989015,0.23030418956799356,0.16403105426198256,0.7648703959851251,0.18676351443355121,0.8869611247276689,0.3302763845871924,0.633977549407072,0.5830371713507524,0.42138673403315624,0.6623473528964073,0.26897895999243476,0.23646941642925345,0.4843368435555789,0.27777631624958415,0.01907250614988956,0.30695378166525,0.29097235063530824,0.3403425586887714,0.00396033436949302,0,0,DATA
876,36.5,0.20077584920186023,0.2199424824825377,0.46690700710152144,0.24296882352987356,0.16403105426198256,0.7648703959851251,0.18676351443355121,0.8869611247276689,0.3302763845871924,0.633977549407072,0.5830371713507524,0.42138673403315624,0.665171209570387,0.2652153186348201,0.23475557806587138,0.4848067358973964,0.27612965010762447,0.018648362111799256,0.3057909110603227,0.29250114731683097,0.3448054939838686,0.0027671121316587923,0.0659827447447613,0,DATA
880,36.666666666666664,0.21824451802622757,0.2179301727827777,0.511562103769388,0.2477252446323307,0.1701272722630719,0.704561045902615,0.25063163807189537,0.9283016748366013,0.3302763845871924,0.633977549407072,0.5830371713507524,0.42138673403315624,0.6495543335864279,0.2648029852918317,0.25579292162871026,0.4928213405608702,0.28250664250006147,0.019487802316268853,0.31741074027886546,0.3090621283124061,0.35836557279879944,0.012355517629928795,0,0,DATA
884,36.833333333333336,0.21031447701944025,0.1915494926609339,0.5208016063696064,0.2539318304121208,0.1701272722630719,0.704561045902615,0.25063163807189537,0.9283016748366013,0.3302763845871924,0.633977549407072,0.5830371713507524,0.42138673403315624,0.6504092136168271,0.2572926948548189,0.2604388160861366,0.49614904576417695,0.27450215988103355,0.018888902660237794,0.30712036054881414,0.30031635742035556,0.35716665948585674,0.004337021641612797,0,0,DATA
888,37.0,0.20666638517052122,0.21334604708815139,0.5263505287040938,0.265623430258004,0.1701272722630719,0.704561045902615,0.25063163807189537,0.9283016748366013,0.3302763845871924,0.633977549407072,0.5830371713507524,0.42138673403315624,0.6460884011962313,0.26114264296333595,0.2610664851350915,0.49638447792021634,0.2811412647805589,0.01940849616026915,0.3162191484168148,0.31113919750639335,0.36379688401784593,0.0029328098593559004,0,0,DATA
892,37.166666666666664,0.21146677821769738,0.212653551177062,0.5508141381953926,0.27208993834722933,0.1701272722630719,0.704561045902615,0.25063163807189537,0.9283016748366013,0.3302763845871924,0.633977549407072,0.5830371713507524,0.42138673403315624,0.6449375816113815,0.262103728540786,0.262262868389685,0.49647934492391615,0.2851854416875536,0.019543268582116743,0.32179495056007407,0.319808011407705,0.3715822529265699,0.0011027628056311338,0,0,DATA
896,37.333333333333336,0.22374917515082954,0.21409359862009397,0.5875675734717448,0.2759450503966752,0.1701272722630719,0.704561045902615,0.25063163807189537,0.9283016748366013,0.3302763845871924,0.633977549407072,0.5830371713507524,0.42138673403315624,0.6442899257728897,0.26279526749807,0.2652010867220208,0.4964574033645201,0.2913779811225998,0.019630574062737074,0.3321781359791837,0.3342520515593945,0.3829858809653151,0.0014258043760371948,0.06422807958602819,0,DATA
900,37.5,0.23838743296463882,0.22341732430877792,0.6283530082097725,0.27031705410254464,0.1701272722630719,0.704561045902615,0.25063163807189537,0.9283016748366013,0.3302763845871924,0.633977549407072,0.5830371713507524,0.42138673403315624,0.6421376466267186,0.26561337237808674,0.2691565863626215,0.4961244904975973,0.3004008331027021,0.01996113557059353,0.3469923647650247,0.3525820241896251,0.39491902502567944,0.0029752945555961974,0,0,DATA
904,37.666666666666664,0.24523803444989106,0.22395617075352325,0.6520536229880457,0.2577247411274401,0.1701272722630719,0.704561045902615,0.25063163807189537,0.9283016748366013,0.3302763845871924,0.633977549407072,0.5830371713507524,0.42138673403315624,0.6413788051294707,0.26660968084662046,0.27178186256670467,0.4960057570119544,0.3039732629881904,0.020078495284945753,0.3533181465956279,0.36001863620054525,0.39909160324046394,0.001460142056621594,0,0,DATA
908,37.833333333333336,0.25337706997863246,0.21605240128486142,0.6651524452192071,0.2500386237838578,0.1701272722630719,0.704561045902615,0.25063163807189537,0.9283016748366013,0.3302763845871924,0.633977549407072,0.5830371713507524,0.42138673403315624,0.6428109442687152,0.26469551793595525,0.2742786428889653,0.4962467688976648,0.3034756989431008,0.019854731842647914,0.35440421036014375,0.36164597045381897,0.40045742346211266,0.0019476941240568018,0,0,DATA
912,38.0,0.259059887977627,0.21934732160871098,0.6751910317495728,0.2429502124226232,0.1701272722630719,0.704561045902615,0.25063163807189537,0.9283016748366013,0.3302763845871924,0.633977549407072,0.5830371713507524,0.42138673403315624,0.6425486527424802,0.26504384675343357,0.27622106876543234,0.4962037502520431,0.3055876028545177,0.019895458821909393,0.3588664593955556,0.36640323700614397,0.4026119076709341,0.0008510154067267924,0,0,DATA
916,38.166666666666664,0.2651538540095526,0.22435527919490614,0.6774744882185563,0.2349787500066021,0.1701272722630719,0.704561045902615,0.25063163807189537,0.9283016748366013,0.3302763845871924,0.633977549407072,0.5830371713507524,0.42138673403315624,0.6414182941915086,0.26655057352281164,0.27808352939507686,0.49601556614283987,0.307735585692127,0.02007183346098871,0.36254512693021546,0.3695131039461001,0.4029490695460975,0.0014998486499980441,0.09032883768717612,0,DATA
920,38.333333333333336,0.26268863514957264,0.20576177420602076,0.6673777094553659,0.22723905167902347,0.20741442844498909,0.7636848772379432,0.22916368804466228,0.8514678649237473,0.3302763845871924,0.633977549407072,0.5830371713507524,0.42138673403315624,0.6615384954477751,0.26962671295493984,0.27211354561574913,0.48441739579864246,0.30488788965969793,0.01916423521618196,0.35259532541002725,0.357779654716835,0.39584138755545345,0.00972210815590746,0,0,DATA
924,38.5,0.2610318012087313,0.21406106407231634,0.6658544678975431,0.2208153442302468,0.20741442844498909,0.7636848772379432,0.22916368804466228,0.8514678649237473,0.3302763845871924,0.633977549407072,0.5830371713507524,0.42138673403315624,0.665831704952733,0.272873355947141,0.2699746153543741,0.48064746955006293,0.30759147783346874,0.019148981065343244,0.3552790262568127,0.3596686606629604,0.3952550457621026,0.0032262609195113736,0,0,DATA
928,38.666666666666664,0.25968654422238985,0.2242778758032528,0.6622431148507519,0.21510950882113686,0.20741442844498909,0.7636848772379432,0.22916368804466228,0.8514678649237473,0.3302763845871924,0.633977549407072,0.5830371713507524,0.42138673403315624,0.6649741373407237,0.2767080561294636,0.2690504323088299,0.47915890326490634,0.31075777147892547,0.019467914594004442,0.3583744289425608,0.36183234450311835,0.39460903647958917,0.0018721502799586842,0,0,DATA
932,38.833333333333336,0.25129586423244515,0.21606551269516952,0.6466265519390102,0.2045922867342293,0.20741442844498909,0.7636848772379432,0.22916368804466228,0.8514678649237473,0.3302763845871924,0.633977549407072,0.5830371713507524,0.42138673403315624,0.6664414633098183,0.27555900451389703,0.26701113459727827,0.4789997660881422,0.30578843158021135,0.019302162246666317,0.3502880351189901,0.3511325721796828,0.38653052886906525,0.0015518917654042674,0,0,DATA
936,39.0,0.24436739305765043,0.21714854080595403,0.6322296726883055,0.19871920694489043,0.20741442844498909,0.7636848772379432,0.22916368804466228,0.8514678649237473,0.3302763845871924,0.633977549407072,0.5830371713507524,0.42138673403315624,0.666654225197282,0.2755175369002467,0.2649443663371059,0.4789141189512356,0.30342000911410494,0.019286947430047326,0.3464561762782041,0.3452737174348924,0.38122630019765946,0.0007736659204287862,0.0651445622417862,0,DATA
940,39.166666666666664,0.2444500089031339,0.19007459004326893,0.6513878696266476,0.1929332313353758,0.20741442844498909,0.7636848772379432,0.22916368804466228,0.8514678649237473,0.3302763845871924,0.633977549407072,0.5830371713507524,0.42138673403315624,0.672403583423685,0.2679243904025998,0.2643416851866057,0.4798360130868575,0.29660644296934635,0.018431924743949918,0.33947475852989517,0.33962952181946626,0.3808058232804877,0.00464839529151669,0,0,DATA
944,39.333333333333336,0.242981941040305,0.20954627720339636,0.6501718173414921,0.19476583340815615,0.20741442844498909,0.7636848772379432,0.22916368804466228,0.8514678649237473,0.3302763845871924,0.633977549407072,0.5830371713507524,0.42138673403315624,0.6700393365879791,0.2710985188581414,0.26385258659026156,0.4794310722769397,0.301436322367958,0.0187848878978142,0.3467266093643492,0.3469430276326828,0.38364227691149105,0.0020091579625305576,0,0,DATA
948,39.5,0.2396481756431205,0.2159152241819836,0.6404525800521494,0.19095522309472085,0.20741442844498909,0.7636848772379432,0.22916368804466228,0.8514678649237473,0.3302763845871924,0.633977549407072,0.5830371713507524,0.42138673403315624,0.6679925836717641,0.2738340625488084,0.2630057662779496,0.4790866768897138,0.3025112459798988,0.01909213731799383,0.3466635876184787,0.34552702112653444,0.38107231103353795,0.001876372306397996,0,0,DATA
952,39.666666666666664,0.2382213829709234,0.21357455040447398,0.6325785305204731,0.1828724272601609,0.20741442844498909,0.7636848772379432,0.22916368804466228,0.8514678649237473,0.3302763845871924,0.633977549407072,0.5830371713507524,0.42138673403315624,0.6678700992901765,0.2739993369983057,0.26245209372309464,0.4790652818557589,0.3008535616542364,0.019110708244278997,0.3438671496667002,0.3411348986381323,0.37699345914986077,0.00028047712864661306,0,0,DATA
956,39.833333333333336,0.23841754650578179,0.21500580468757832,0.6265883156009948,0.17557244107976655,0.20741442844498909,0.7636848772379432,0.22916368804466228,0.8514678649237473,0.3302763845871924,0.633977549407072,0.5830371713507524,0.42138673403315624,0.6675327905762485,0.27444967053242414,0.26232718629895835,0.4790087694456636,0.3003576303052396,0.01916155837872844,0.34328084110301793,0.3392195699644628,0.3742702126798638,0.00030418322406091286,0.06450174140627349,0,DATA
960,40.0,0.2369115748596447,0.23184818906989246,0.6213211966557037,0.17688013704099764,0.20077376089324617,0.5989889506220871,0.2208217592592593,0.8554193899782135,0.3302763845871924,0.633977549407072,0.5830371713507524,0.42138673403315624,0.6177798377893442,0.2779060980338416,0.2596377199661159,0.502157032088407,0.3044260441405837,0.022306475912663323,0.3486631767376579,0.34420596330069686,0.37559073262852066,0.018632948873721394,0,0,DATA
964,40.166666666666664,0.23614577441553541,0.23693944406571749,0.61466810512056,0.17726769082154106,0.20077376089324617,0.5989889506220871,0.2208217592592593,0.8554193899782135,0.3302763845871924,0.633977549407072,0.5830371713507524,0.42138673403315624,0.6017847884041498,0.28036857768309786,0.2586700619730002,0.508923316956376,0.3058739998609452,0.02344587682224949,0.34921590034013733,0.3441321331277162,0.37469207870580623,0.006475062342522116,0,0,DATA
968,40.333333333333336,0.2349633596761354,0.23799253713454518,0.6046541121630377,0.1747393765336105,0.20077376089324617,0.5989889506220871,0.2208217592592593,0.8554193899782135,0.3302763845871924,0.633977549407072,0.5830371713507524,0.42138673403315624,0.5967651240441376,0.28140218763714653,0.2581314574797915,0.5109163441593578,0.3052652558188149,0.023828947007370344,0.34739785602828394,0.3410598580913175,0.3717226400952237,0.0021972929357565265,0,0,DATA
972,40.5,0.2341508505111446,0.23683985787519649,0.5944494735138844,0.16205980466638184,0.20077376089324617,0.5989889506220871,0.2208217592592593,0.8554193899782135,0.3302763845871924,0.633977549407072,0.5830371713507524,0.42138673403315624,0.5955012873805972,0.2813895204307435,0.2577992492071808,0.5115545960943296,0.3032764865676905,0.023902556739353646,0.3447333547617156,0.33610693577311107,0.36638141325408824,0.0005362373808514009,0,0,DATA
976,40.666666666666664,0.2333588971111949,0.24068625633096463,0.5868016141701626,0.14732717756834876,0.20077376089324617,0.5989889506220871,0.2208217592592593,0.8554193899782135,0.3302763845871924,0.633977549407072,0.5830371713507524,0.42138673403315624,0.5943143927058236,0.2824627118364376,0.2575332765114081,0.5116114477288694,0.30296542068686594,0.024064121925758276,0.3445839515952886,0.3337194839625085,0.36202068742692145,0.0008420195920800974,0.12828181208153533,0,DATA
980,40.833333333333336,0.2324850152400704,0.242852456380558,0.5859192890112394,0.1398729168702878,0.20077376089324617,0.5989889506220871,0.2208217592592593,0.8554193899782135,0.3302763845871924,0.633977549407072,0.5830371713507524,0.42138673403315624,0.5935034222929771,0.283391205272032,0.2572699695097402,0.5115526862174954,0.3033951487594743,0.024191486570023374,0.3450991902091164,0.33340106399063785,0.360546795817905,0.0006675902833696012,0,0,DATA
984,41.0,0.23359473196329816,0.24939072697884546,0.5893486292241632,0.12684896910086146,0.20077376089324617,0.5989889506220871,0.2208217592592593,0.8554193899782135,0.3302763845871924,0.633977549407072,0.5830371713507524,0.42138673403315624,0.5918870943434826,0.2855004690702308,0.2574240179211177,0.5113062182931433,0.3056861705867516,0.024468449459695618,0.3486223098356617,0.3359647228615329,0.35989105357931656,0.0012932133863569433,0,0,DATA
988,41.166666666666664,0.23383236708144797,0.26299867737042476,0.5865637754250914,0.11245226720961009,0.20077376089324617,0.5989889506220871,0.2208217592592593,0.8554193899782135,0.3302763845871924,0.633977549407072,0.5830371713507524,0.42138673403315624,0.5885445263764029,0.28994347431933265,0.25752013581934236,0.5107559996521321,0.3096382060767788,0.02505275420552778,0.35355604625610904,0.33918030371294794,0.35838045582185024,0.002627230371468762,0,0,DATA
992,41.333333333333336,0.2321665645424837,0.269706619515957,0.5643191858549049,0.11054812455592199,0.20077376089324617,0.5989889506220871,0.2208217592592593,0.8554193899782135,0.3302763845871924,0.633977549407072,0.5830371713507524,0.42138673403315624,0.5861330881357171,0.2931545996948122,0.25719915265562726,0.5103561560847354,0.30975937138766463,0.02547866766364542,0.35145714469249173,0.3346665289269432,0.3532780909664994,0.0019811822599601534,0,0,DATA
996,41.5,0.23035356570512824,0.25977337852069426,0.5671028002687449,0.11197984820682345,0.20077376089324617,0.5989889506220871,0.2208217592592593,0.8554193899782135,0.3302763845871924,0.633977549407072,0.5830371713507524,0.42138673403315624,0.5874956372725165,0.2913366298287825,0.2567221279506681,0.5105838664493505,0.3073255336775132,0.02523730247360588,0.3476779714096836,0.3313088894506092,0.35258905326711476,0.0012191812359294378,0.1180982432722736,0,DATA
1000,41.666666666666664,0.23037693643162396,0.2581258254260626,0.5757679344286022,0.11481981986600126,0.22083163126361655,0.7046739913981431,0.23180998093681918,0.8321173747276689,0.3302763845871924,0.633977549407072,0.5830371713507524,0.42138673403315624,0.6178421995807246,0.29454207678025457,0.25966063046146126,0.4938078618195104,0.310140477976925,0.023637925960586156,0.3487566511491015,0.3335380797719306,0.35507853524736943,0.0121635039234911,0,0,DATA
1004,41.833333333333336,0.23136066726370036,0.2738894015234233,0.5920649941757735,0.12063738740096439,0.22083163126361655,0.7046739913981431,0.23180998093681918,0.8321173747276689,0.3302763845871924,0.633977549407072,0.5830371713507524,0.42138673403315624,0.6236358172927413,0.2999175121729572,0.2607487646894352,0.4882233352671507,0.3181549597257495,0.02370442396319956,0.35851823970389535,0.34551113105493786,0.36277922318896666,0.004085729110897755,0,0,DATA
1008,42.0,0.23042243406443777,0.2907132477424905,0.6056363195869852,0.12891931883198315,0.22083163126361655,0.7046739913981431,0.23180998093681918,0.8321173747276689,0.3302763845871924,0.633977549407072,0.5830371713507524,0.42138673403315624,0.6218408949003422,0.30624081973210676,0.2608781759859823,0.4859591426837755,0.3265255373069351,0.024319628410324614,0.36777439663391204,0.35695261366917763,0.37025819444090713,0.002749213749365246,0,0,DATA
1012,42.166666666666664,0.2309716134049774,0.2996559247628821,0.6185321575185847,0.13919408952907972,0.22083163126361655,0.7046739913981431,0.23180998093681918,0.8321173747276689,0.3302763845871924,0.633977549407072,0.5830371713507524,0.42138673403315624,0.6194244560083402,0.31064176156556134,0.2610323270364597,0.48496689121304926,0.3325993564571895,0.024826758052811603,0.3740404708964965,0.36553574879463174,0.37693342755033904,0.0023238439253113383,0,0,DATA
1016,42.333333333333336,0.23082516994511482,0.2994983940828009,0.6308759553513512,0.14834388065686094,0.22083163126361655,0.7046739913981431,0.23180998093681918,0.8321173747276689,0.3302763845871924,0.633977549407072,0.5830371713507524,0.42138673403315624,0.6187326057835567,0.3119179355251749,0.26104781922503173,0.48467472934563416,0.33517538783239886,0.024974069082281756,0.3764169294990448,0.3700615662932348,0.38181106128608844,0.000661172124323021,0.14471389213331226,0,DATA
1020,42.5,0.229392943742668,0.3029926708166738,0.637909152347264,0.15164849829524926,0.22083163126361655,0.7046739913981431,0.23180998093681918,0.8321173747276689,0.3302763845871924,0.633977549407072,0.5830371713507524,0.42138673403315624,0.6177912526020084,0.3132791851985434,0.26075169937908954,0.484464781099724,0.3374128121626889,0.02514498944172573,0.37893483435128716,0.37361325260890726,0.38461120295258056,0.000866240900286345,0,0,DATA
1024,42.666666666666664,0.22668874774803083,0.3109417539865899,0.6408408177662307,0.15688204817094356,0.22083163126361655,0.7046739913981431,0.23180998093681918,0.8321173747276689,0.3302763845871924,0.633977549407072,0.5830371713507524,0.42138673403315624,0.6158395391818615,0.3159133033881305,0.2600949822664331,0.48412357871500394,0.3406099425493606,0.025485894043714565,0.3821599615041195,0.3776549012912057,0.3873127721584848,0.001747516240796813,0,0,DATA
1028,42.833333333333336,0.22466096080526227,0.3145318016288137,0.6478105348757034,0.16070871580404472,0.22083163126361655,0.7046739913981431,0.23180998093681918,0.8321173747276689,0.3302763845871924,0.633977549407072,0.5830371713507524,0.42138673403315624,0.6145001151509505,0.31770875218482925,0.2594721318746548,0.4838955663321101,0.34308882925317497,0.025720104350385242,0.38458436659434986,0.3811589448556935,0.3901562634145299,0.0012525744064626847,0,0,DATA
1032,43.0,0.2229754535361153,0.30990217850201535,0.6535389327559243,0.1638256672743261,0.22083163126361655,0.7046739913981431,0.23180998093681918,0.8321173747276689,0.3302763845871924,0.633977549407072,0.5830371713507524,0.42138673403315624,0.6150705087983048,0.31695109234833535,0.25893132023060045,0.48398919942667984,0.3425707388738969,0.025620802769827904,0.3835410954658453,0.3810002086622391,0.391348758982707,0.0006229550426341915,0,0,DATA
1036,43.166666666666664,0.2209020380320932,0.2978792634229174,0.6563659030217601,0.1664454866469454,0.22083163126361655,0.7046739913981431,0.23180998093681918,0.8321173747276689,0.3302763845871924,0.633977549407072,0.5830371713507524,0.42138673403315624,0.6177664390591217,0.3133573781752398,0.25833365948153947,0.4844380913828192,0.33876899992386716,0.02515289836647407,0.3788826403865688,0.3768864325468082,0.39056868661142286,0.0022957683943244564,0.13510972895461548,0,DATA
1040,43.333333333333336,0.21979025918593936,0.27592537906213893,0.6633746354411948,0.17228054449471156,0.19994042755991287,0.7374860409197691,0.21846064814814814,0.8548638344226579,0.3302763845871924,0.633977549407072,0.5830371713507524,0.42138673403315624,0.6323729077191855,0.3017450235245154,0.25418307451830097,0.4829410343781495,0.32927447353225847,0.02329522557778994,0.37128047735691366,0.37056864854387306,0.3900836207471026,0.010123136091342263,0,0,DATA
1044,43.5,0.21980845823906486,0.2632326052472751,0.6746394836185272,0.17787573216019748,0.19994042755991287,0.7374860409197691,0.21846064814814814,0.8548638344226579,0.3302763845871924,0.633977549407072,0.5830371713507524,0.42138673403315624,0.6394203308183259,0.29470734046113617,0.2529417208304858,0.48293616436026887,0.3245980650960021,0.022315749819066363,0.3684599772770597,0.36943415204830093,0.3921167741576159,0.005108819950111605,0,0,DATA
1048,43.666666666666664,0.2202938099652254,0.24862161626794974,0.6775735792525001,0.18338461344106982,0.19994042755991287,0.7374860409197691,0.21846064814814814,0.8548638344226579,0.3302763845871924,0.633977549407072,0.5830371713507524,0.42138673403315624,0.6446028654337265,0.28850495862791126,0.2526712385866349,0.48344608796918104,0.3191501526247795,0.021532105476949396,0.3632994711573562,0.365117943620082,0.39180896114800084,0.003885132897492094,0,0,DATA
1052,43.833333333333336,0.22093987635118154,0.2378780037159499,0.6822555514821349,0.1858600605560924,0.19994042755991287,0.7374860409197691,0.21846064814814814,0.8548638344226579,0.3302763845871924,0.633977549407072,0.5830371713507524,0.42138673403315624,0.6484137844542665,0.2836360325633839,0.2527257678545305,0.48397509149117474,0.3152223588407767,0.02094172904908698,0.3600676338596745,0.362601848256866,0.3919276083842097,0.0029114581176543086,0,0,DATA
1056,44.0,0.21929289477543154,0.21888605052005594,0.6782754141016324,0.18827212253430026,0.19994042755991287,0.7374860409197691,0.21846064814814814,0.8548638344226579,0.3302763845871924,0.633977549407072,0.5830371713507524,0.42138673403315624,0.6535453703315662,0.2768576078491753,0.2523962605039916,0.48479851090962917,0.3076036989683165,0.02014290599963764,0.3513454287900664,0.35372283564702844,0.3884014952977666,0.00407983931401575,0.06566581515601679,0,DATA
1060,44.166666666666664,0.2182502788775767,0.1994461007608017,0.6766006777362717,0.19030759642388348,0.19994042755991287,0.7374860409197691,0.21846064814814814,0.8548638344226579,0.3302763845871924,0.633977549407072,0.5830371713507524,0.42138673403315624,0.6591672355441996,0.26938089450232156,0.25207845896028047,0.4857259349767394,0.2998043203186353,0.01928090534260854,0.3430259784337216,0.3454394590431059,0.3853696519306694,0.0044721267010660965,0,0,DATA
1064,44.333333333333336,0.21713293557273336,0.1784982408846181,0.6721991596080901,0.18930729322527778,0.19994042755991287,0.7374860409197691,0.21846064814814814,0.8548638344226579,0.3302763845871924,0.633977549407072,0.5830371713507524,0.42138673403315624,0.6652528456819882,0.26127247973293405,0.25174847640315,0.4867373372925389,0.2909300321090999,0.018366646009364117,0.3335430621966432,0.3354163606733487,0.38081529844699097,0.004841335821435496,0,0,DATA
1068,44.5,0.21726785732989778,0.18603889752567074,0.6686553388304642,0.18535277979519107,0.19994042755991287,0.7374860409197691,0.21846064814814814,0.8548638344226579,0.3302763845871924,0.633977549407072,0.5830371713507524,0.42138673403315624,0.6654949908287038,0.2609513391616125,0.2516778152050154,0.4867768350048418,0.29137120753893,0.018330801320898617,0.33587754504897194,0.3370010101049062,0.3802830312384415,0.00021131563872391532,0,0,DATA
1072,44.666666666666664,0.21766974217571639,0.1889951322766235,0.6672056619898489,0.1878329813774015,0.19994042755991287,0.7374860409197691,0.21846064814814814,0.8548638344226579,0.3302763845871924,0.633977549407072,0.5830371713507524,0.42138673403315624,0.6649468250750183,0.26168274272048286,0.25174101266319693,0.48668521610224935,0.29224044486448475,0.018412303092030728,0.3368504805503937,0.3380769980804875,0.38090027604195453,0.00044758892357910085,0,0,DATA
1076,44.833333333333336,0.21843096012443436,0.20232496993576582,0.6780027568224022,0.19194622485473573,0.19994042755991287,0.7374860409197691,0.21846064814814814,0.8548638344226579,0.3302763845871924,0.633977549407072,0.5830371713507524,0.42138673403315624,0.6619831094404929,0.2656345183327038,0.2519198276698822,0.4861911861134016,0.29826536281217725,0.018855680321539513,0.34449407817030486,0.3472116295313874,0.38649779588930283,0.0023647687511438864,0.06069749098072974,0,DATA
1080,45.0,0.2175164577048768,0.19431582330502037,0.6794474869468297,0.20281437573214248,0.25706320635893243,0.49368626918202874,0.23876344635076252,0.7797096269063181,0.3302763845871924,0.633977549407072,0.5830371713507524,0.42138673403315624,0.5945119794560243,0.27657327350755545,0.2574662101605127,0.5144573735182101,0.30408208591263197,0.023550901334088714,0.3413964650589807,0.3453453045202467,0.3877397863593235,0.02798542254998358,0,0,DATA
1084,45.166666666666664,0.21614259285444948,0.192118538862809,0.6807294641754942,0.21283257006574977,0.25706320635893243,0.49368626918202874,0.23876344635076252,0.7797096269063181,0.3302763845871924,0.633977549407072,0.5830371713507524,0.42138673403315624,0.5747320701935482,0.27923966041619175,0.2588416132891121,0.52301413469513,0.30577500839980976,0.024937851184060594,0.3404991737577436,0.3455780303752367,0.3895969403818366,0.007940566433237262,0,0,DATA
1088,45.333333333333336,0.21361897991034018,0.19729457551079754,0.6845101619545209,0.21147653850014453,0.25706320635893243,0.49368626918202874,0.23876344635076252,0.7797096269063181,0.3302763845871924,0.633977549407072,0.5830371713507524,0.42138673403315624,0.5677111297187278,0.28148886675021945,0.25872427550942895,0.5254000017655263,0.30815025149923475,0.02555374588288366,0.34282100538392246,0.34814232862275774,0.39079495271625964,0.0031291615295104083,0,0,DATA
1092,45.5,0.2175973714806435,0.21573736610655636,0.6950055593677387,0.20439785013447026,0.25706320635893243,0.49368626918202874,0.23876344635076252,0.7797096269063181,0.3302763845871924,0.633977549407072,0.5830371713507524,0.42138673403315624,0.5617318615511724,0.2873276100172402,0.2595245364052877,0.5254702642157937,0.31589891543535203,0.026444572721113384,0.35309287941893025,0.3587558735625198,0.39516732214282335,0.004206090776811666,0,0,DATA
1096,45.666666666666664,0.22221809797637,0.2308203906575064,0.7009710387352186,0.20188409816616432,0.25706320635893243,0.49368626918202874,0.23876344635076252,0.7797096269063181,0.3302763845871924,0.633977549407072,0.5830371713507524,0.42138673403315624,0.5567706459452062,0.29330247987161245,0.2607349672381479,0.5249634370915907,0.32288208684115094,0.027300056426194427,0.3612433304119515,0.3672514972954586,0.39888046792324733,0.0040488387643995245,0.09923945842093577,0,DATA
1100,45.833333333333336,0.23015268874643874,0.2449871329832521,0.7048762384644685,0.2061591695357755,0.25706320635893243,0.49368626918202874,0.23876344635076252,0.7797096269063181,0.3302763845871924,0.633977549407072,0.5830371713507524,0.42138673403315624,0.5523072653750097,0.2990616286791329,0.2627643605497204,0.5243155529729286,0.3298786489816824,0.028116420856600526,0.36927798544211354,0.37610417943550667,0.4036302525553508,0.004083974229763143,0,0,DATA
1104,46.0,0.23080186468283895,0.2636737647162458,0.7033699985785105,0.20593275618534118,0.25706320635893243,0.49368626918202874,0.23876344635076252,0.7797096269063181,0.3302763845871924,0.633977549407072,0.5830371713507524,0.42138673403315624,0.547044058540022,0.3060216302066273,0.2635095054898362,0.5234671556266753,0.33690663973003776,0.02910900627964562,0.3765812253453995,0.38323415401515337,0.4060763222673635,0.004322784434199312,0,0,DATA
1108,46.166666666666664,0.2343110741892911,0.27890970382511515,0.7004954334810963,0.1999019461523645,0.25706320635893243,0.49368626918202874,0.23876344635076252,0.7797096269063181,0.3302763845871924,0.633977549407072,0.5830371713507524,0.42138673403315624,0.5422655492766632,0.31237569361535905,0.2644699829682259,0.5226793785539889,0.3428513845802033,0.03002687447263302,0.3828025298707548,0.38856492102746965,0.40678783080339026,0.004031016716826763,0,0,DATA
1112,46.333333333333336,0.23740802277107423,0.28703841358834725,0.6968194441387102,0.18983162727206282,0.25706320635893243,0.49368626918202874,0.23876344635076252,0.7797096269063181,0.3302763845871924,0.633977549407072,0.5830371713507524,0.42138673403315624,0.5391249674473768,0.3165579513716835,0.26540848541391726,0.5221585405904697,0.34606515720635933,0.03063766779007543,0.38593820562392706,0.3903259659583731,0.4053837710143965,0.002753780677100729,0,0,DATA
1116,46.5,0.24070846688034184,0.2830059706024415,0.6971809416063821,0.17973356864156032,0.25706320635893243,0.49368626918202874,0.23876344635076252,0.7797096269063181,0.3302763845871924,0.633977549407072,0.5830371713507524,0.42138673403315624,0.5390296059256311,0.31668354466252724,0.26638312941057085,0.5221434247059207,0.3453988151827626,0.030656165059790165,0.38505761674495265,0.3884717209631156,0.40317971161825483,0.00039853293641434195,0.21583310768981734,0,DATA
1120,46.666666666666664,0.24381526782721633,0.26838879510369923,0.6993475303879971,0.1780948913123637,0.20504787071078429,0.7000133939388136,0.23766927083333333,0.8620588235294118,0.3302763845871924,0.633977549407072,0.5830371713507524,0.42138673403315624,0.599842199255743,0.30170519302402143,0.2670215816635304,0.4992263038601178,0.3345160437562362,0.025353234167858934,0.38026542449115364,0.3837323198545584,0.4015117271176954,0.025476465740525756,0,0,DATA
1124,46.833333333333336,0.24925691564018762,0.25932509097156103,0.706677336930141,0.17988771916342142,0.20504787071078429,0.7000133939388136,0.23766927083333333,0.8620588235294118,0.3302763845871924,0.633977549407072,0.5830371713507524,0.42138673403315624,0.6199893551225257,0.294673850375471,0.2683558633801423,0.49266839725100164,0.33023366723010117,0.02351563198103933,0.37919423370932137,0.3835733925120464,0.40288735348491933,0.00950426007731501,0,0,DATA
1128,47.0,0.24666613640648563,0.25462368405791974,0.690764572663878,0.1828297042664495,0.20504787071078429,0.7000133939388136,0.23766927083333333,0.8620588235294118,0.3302763845871924,0.633977549407072,0.5830371713507524,0.42138673403315624,0.6270207973344251,0.2912480536450863,0.26821208425604837,0.49086557451024426,0.32542684943916117,0.022812188033553425,0.37361296224387186,0.3766950431302734,0.39853327047854276,0.0035336726887926404,0,0,DATA
1132,47.166666666666664,0.24503247679948045,0.25467538668161155,0.6776490513589835,0.18686366282201855,0.20504787071078429,0.7000133939388136,0.23766927083333333,0.8620588235294118,0.3302763845871924,0.633977549407072,0.5830371713507524,0.42138673403315624,0.6291193724470195,0.2902347913606046,0.26782588200134916,0.49032291809618794,0.32328396750533783,0.022604916927081168,0.37068380711096865,0.37285773172243764,0.3959055712962862,0.0011660132172584732,0,0,DATA
1136,47.333333333333336,0.24393837329269316,0.2559427962761586,0.6650813394866184,0.19674032598369906,0.20504787071078429,0.7000133939388136,0.23766927083333333,0.8620588235294118,0.3302763845871924,0.633977549407072,0.5830371713507524,0.42138673403315624,0.6294827889659431,0.29028568736173327,0.267480259588514,0.4901157618361618,0.32231670346238295,0.02258672708971845,0.36845840787295703,0.3703632276133575,0.39481967704903437,0.0002533116442957987,0.07678283888284758,0,DATA
1140,47.5,0.24505123229847497,0.25737642667430893,0.6557518767379429,0.19987165918372674,0.20504787071078429,0.7000133939388136,0.23766927083333333,0.8620588235294118,0.3302763845871924,0.633977549407072,0.5830371713507524,0.42138673403315624,0.6292907515380086,0.290702372673554,0.26761027325587766,0.49000343789421863,0.32189084203180207,0.022630872200985495,0.36738853928363835,0.36867354606917413,0.39343990846217175,0.00024624546903961875,0,0,DATA
1144,47.666666666666664,0.23649561520655268,0.251914446983136,0.6302999441599592,0.19218861303432203,0.20504787071078429,0.7000133939388136,0.23766927083333333,0.8620588235294118,0.3302763845871924,0.633977549407072,0.5830371713507524,0.42138673403315624,0.6303801560447746,0.28929802395357174,0.26585259776678305,0.49016091000082684,0.316128312926537,0.02245536099875759,0.358402237473188,0.35637374638598485,0.3838654574249267,0.0014171429052809437,0,0,DATA
1148,47.833333333333336,0.2283676758630803,0.24519222754117156,0.6168448131626647,0.18451574622201433,0.20504787071078429,0.7000133939388136,0.23766927083333333,0.8620588235294118,0.3302763845871924,0.633977549407072,0.5830371713507524,0.42138673403315624,0.632118643479617,0.286994497893827,0.26361842785792544,0.49044342931327795,0.3110988766403304,0.02217178429180413,0.35139673562824886,0.3472554447600856,0.37714597446249964,0.002092061134481571,0,0,DATA
1152,48.0,0.21513699697293448,0.24516901898419785,0.6020601446525233,0.17762015663733086,0.20504787071078429,0.7000133939388136,0.23766927083333333,0.8620588235294118,0.3302763845871924,0.633977549407072,0.5830371713507524,0.42138673403315624,0.6326450635070341,0.286296941679951,0.26016973431833756,0.4905289974065074,0.30756819142707303,0.02208624491408344,0.34578438272540196,0.3394750660477561,0.370744140245467,0.0015575565936269964,0,0,DATA
1156,48.166666666666664,0.20781024148441427,0.23931205964285168,0.5884921990546405,0.17125760871789444,0.20504787071078429,0.7000133939388136,0.23766927083333333,0.8620588235294118,0.3302763845871924,0.633977549407072,0.5830371713507524,0.42138673403315624,0.6340329509769418,0.2844477262002113,0.257596507603872,0.49075966141142346,0.30305275281700883,0.021860683941350132,0.33926265877158285,0.3309602927422052,0.36446842481205505,0.0019367765547043299,0.0717936178928555,0,DATA
1160,48.333333333333336,0.19938715670563095,0.23583175591216546,0.5801612341020324,0.1692871310326344,0.2108326525054466,0.5799833970348212,0.19761420887799563,0.8207591230936819,0.3302763845871924,0.633977549407072,0.5830371713507524,0.42138673403315624,0.6015717818682405,0.2841332806885763,0.24384027443849327,0.5071474687215916,0.300554855229092,0.023773410514702914,0.3345197273330301,0.32518721703986553,0.36062723399936975,0.015510615928571688,0,0,DATA
1164,48.5,0.19458329405480143,0.2412672987921382,0.5812328322769035,0.1711462976841428,0.2108326525054466,0.5799833970348212,0.19761420887799563,0.8207591230936819,0.3302763845871924,0.633977549407072,0.5830371713507524,0.42138673403315624,0.5906919671308358,0.2855608990414782,0.23870459333220545,0.511873566913843,0.3020997625366073,0.024545297668713658,0.3359474915898275,0.3269080577793009,0.3616019120403022,0.005814371398864778,0,0,DATA
1168,48.666666666666664,0.18893860896388473,0.2532314007783488,0.5755155293396907,0.17455016775553667,0.2108326525054466,0.5799833970348212,0.19761420887799563,0.8207591230936819,0.3302763845871924,0.633977549407072,0.5830371713507524,0.42138673403315624,0.5849155612925101,0.2893391331034877,0.2359785051312266,0.512872652802001,0.3052794629347235,0.025221036048678307,0.3384607347786859,0.3291899576815774,0.3620835071091177,0.004093576033771362,0,0,DATA
1172,48.833333333333336,0.18871714350804425,0.27677695951662334,0.5879354691485822,0.17198513820926092,0.2108326525054466,0.5799833970348212,0.19761420887799563,0.8207591230936819,0.3302763845871924,0.633977549407072,0.5830371713507524,0.42138673403315624,0.5782380722059748,0.2970653597688074,0.23511417092520645,0.5123482840126089,0.31505256269078796,0.02631108035155275,0.35031865314460586,0.3420333670737589,0.36818517341724255,0.005089349985958382,0,0,DATA
1176,49.0,0.1850772346866097,0.2912130772860755,0.579123859799596,0.17407149324416393,0.2108326525054466,0.5799833970348212,0.19761420887799563,0.8207591230936819,0.3302763845871924,0.633977549407072,0.5830371713507524,0.42138673403315624,0.5732032407484293,0.3034253407438499,0.23409048981089914,0.5116857092538604,0.31991319849272887,0.027195199941898528,0.3536027966183026,0.3446449851160473,0.36820096887025094,0.004139497848965103,0.11110644816969684,0,DATA
1180,49.166666666666664,0.18871586695575668,0.2887565914025345,0.5870672892807611,0.17023701095429666,0.2108326525054466,0.5799833970348212,0.19761420887799563,0.8207591230936819,0.3302763845871924,0.633977549407072,0.5830371713507524,0.42138673403315624,0.5722086533467092,0.3046455189889712,0.23454749825312782,0.5115729138321597,0.32134319052611193,0.027368190532238355,0.35493661461494863,0.34638969783182316,0.36941532012695233,0.0008905913630233483,0,0,DATA
1184,49.333333333333336,0.19341305566029834,0.2939778858646887,0.5945890328284184,0.16400674532475615,0.2108326525054466,0.5799833970348212,0.19761420887799563,0.8207591230936819,0.3302763845871924,0.633977549407072,0.5830371713507524,0.42138673403315624,0.5708138052891408,0.30647353491191076,0.23567101041375016,0.5113563298994741,0.324304580890721,0.027622184147970012,0.35946891885025006,0.35105114985893626,0.37130261592773584,0.0014487920470434383,0,0,DATA
1188,49.5,0.19301742264747782,0.3027007629960426,0.5879239317544008,0.16445820792860516,0.2108326525054466,0.5799833970348212,0.19761420887799563,0.8207591230936819,0.3302763845871924,0.633977549407072,0.5830371713507524,0.42138673403315624,0.568563546674286,0.30946434528557176,0.23592498112924454,0.510986054020071,0.3266813231901804,0.028037981907761956,0.36154592288542403,0.35250679004709334,0.3709955014484223,0.0018316799013367395,0,0,DATA
1192,49.666666666666664,0.19742211721761355,0.3149501414801294,0.5870607172715224,0.16719053877353654,0.2108326525054466,0.5799833970348212,0.19761420887799563,0.8207591230936819,0.3302763845871924,0.633977549407072,0.5830371713507524,0.42138673403315624,0.5653160996081713,0.31379141437321434,0.23692615820362134,0.5104462430093071,0.3315955482616826,0.02864401594093564,0.3671539702965102,0.3583017490943849,0.37360404022631555,0.0028585644093780207,0,0,DATA
1196,49.833333333333336,0.20831179560499413,0.3183847450396942,0.6017447432142606,0.16617276998769345,0.2108326525054466,0.5799833970348212,0.19761420887799563,0.8207591230936819,0.3302763845871924,0.633977549407072,0.5830371713507524,0.42138673403315624,0.5636205987408283,0.31605122409618525,0.23951334378728434,0.5101640885814932,0.3360935172976808,0.02896283122704754,0.37364255258635987,0.366156957099924,0.37867565132750425,0.0021808320579923177,0.1836952773110035,0,DATA
1200,50.0,0.22998706427015245,0.33151103331374543,0.6229187843650952,0.16128110652380795,0.28057359749455335,0.813408566144239,0.38199159177559916,0.8566755174291939,0.3302763845871924,0.633977549407072,0.5830371713507524,0.42138673403315624,0.6257144752937116,0.3350501261775233,0.2964669730933955,0.46961769926438246,0.3536723045630892,0.02633492657864511,0.38746292985917896,0.38160557214143803,0.38712729903005927,0.04601546931344417,0,0,DATA
1204,50.166666666666664,0.25116339738352605,0.3184669707867346,0.6367543957929755,0.16894790287914735,0.28057359749455335,0.813408566144239,0.38199159177559916,0.8566755174291939,0.3302763845871924,0.633977549407072,0.5830371713507524,0.42138673403315624,0.647081891390249,0.33709745929436163,0.31800009183903727,0.45791032465769466,0.3564747063034996,0.024983237527776914,0.3892476937566254,0.3855405768172065,0.392280585090383,0.014982622653005836,0,0,DATA
1208,50.333333333333336,0.2699645249392492,0.31324299729937377,0.6561094352141192,0.1803128083045873,0.28057359749455335,0.813408566144239,0.38199159177559916,0.8566755174291939,0.3302763845871924,0.633977549407072,0.5830371713507524,0.42138673403315624,0.6545891506515559,0.33624894665295213,0.3284082642494317,0.45458095134774595,0.3594110541126888,0.02439024719374233,0.3947893377570545,0.3941542153022939,0.4004888427632251,0.006254648104370282,0,0,DATA
1212,50.5,0.27110645005865586,0.3339309621152332,0.6578044870521722,0.18960182543457443,0.28057359749455335,0.813408566144239,0.38199159177559916,0.8566755174291939,0.3302763845871924,0.633977549407072,0.5830371713507524,0.42138673403315624,0.6524968558186175,0.3417870230089699,0.33177052024762543,0.45285806058620626,0.36671029521215537,0.024942133678562423,0.40363191907489016,0.4040952035169335,0.4059877963830553,0.0036642090623832946,0,0,DATA
1216,50.666666666666664,0.2637359972033685,0.32755180835911657,0.629821716688781,0.18943756090785333,0.28057359749455335,0.813408566144239,0.38199159177559916,0.8566755174291939,0.3302763845871924,0.633977549407072,0.5830371713507524,0.42138673403315624,0.6532087896575204,0.3416622828640626,0.3312314019474732,0.4525644637392085,0.36166064727113356,0.024881950086588608,0.3940096129287078,0.39165819388174,0.39726533253791707,0.0004585974279874838,0.1406390005441806,0,DATA
1220,50.833333333333336,0.2599973028741411,0.3143344662058771,0.6122419435026721,0.19808726827380746,0.28057359749455335,0.813408566144239,0.38199159177559916,0.8566755174291939,0.3302763845871924,0.633977549407072,0.5830371713507524,0.42138673403315624,0.6561980116613716,0.3379240050176833,0.33028454064828977,0.4529389916604725,0.35524022578475456,0.02439757841481075,0.38445898256434474,0.38121455693536144,0.39224385995867206,0.002558120383137963,0,0,DATA
1224,51.0,0.2521312858743925,0.2912718560250395,0.5786831599151887,0.20650546365508668,0.28057359749455335,0.813408566144239,0.38199159177559916,0.8566755174291939,0.3302763845871924,0.633977549407072,0.5830371713507524,0.42138673403315624,0.6619379264005029,0.33034499081313506,0.3283486186885875,0.453858541393181,0.3426831920578649,0.023452193645474004,0.3669489783745633,0.3611904939249596,0.3812918099109565,0.005084950301127267,0,0,DATA
1228,51.166666666666664,0.24757739834715936,0.27207181292771276,0.5667203198536547,0.21033792255911124,0.28057359749455335,0.813408566144239,0.38199159177559916,0.8566755174291939,0.3302763845871924,0.633977549407072,0.5830371713507524,0.42138673403315624,0.667691909872681,0.32269527448451907,0.3268115257199579,0.4548064078213999,0.33337480191172125,0.022519192574982912,0.35596561561787915,0.3493940930525245,0.37573219645905565,0.004980264256474576,0,0,DATA
1232,51.333333333333336,0.24444833956552706,0.25544486624772705,0.5500102473136553,0.21421413833350272,0.28057359749455335,0.813408566144239,0.38199159177559916,0.8566755174291939,0.3302763845871924,0.633977549407072,0.5830371713507524,0.42138673403315624,0.6729097637171313,0.31574481451553826,0.3256932954852262,0.45567271088366523,0.3244437296851802,0.02168817965684537,0.34534701068155854,0.3374921024396431,0.369522973598773,0.0044288480160542725,0,0,DATA
1236,51.5,0.24167537340791018,0.24639232636067213,0.5355623411919637,0.21147865849197958,0.28057359749455335,0.813408566144239,0.38199159177559916,0.8566755174291939,0.3302763845871924,0.633977549407072,0.5830371713507524,0.42138673403315624,0.676376153246748,0.31112496535646866,0.32477550352170714,0.4562494406983916,0.3181584085869364,0.02114436620302285,0.33828182027087483,0.328708573432638,0.36372872350122554,0.0030013435507351325,0.07391769790820163,0,DATA
1240,51.666666666666664,0.24498609539969834,0.2309698808297021,0.5352980530905852,0.2098558604121412,0.17122651143790849,0.5348037345406366,0.19844260620915033,0.8847916666666666,0.3302763845871924,0.633977549407072,0.5830371713507524,0.42138673403315624,0.6026454308181279,0.2824578377881808,0.27380170159232126,0.5074483656968456,0.2986587720249926,0.023569541613736793,0.3327221288365688,0.3229601733802102,0.36135579722944655,0.05112388397543129,0,0,DATA
1244,51.833333333333336,0.24281602197502933,0.21161718520987757,0.5251896493766957,0.21203353273692505,0.17122651143790849,0.5348037345406366,0.19844260620915033,0.8847916666666666,0.3302763845871924,0.633977549407072,0.5830371713507524,0.42138673403315624,0.584590280169705,0.26843894474414354,0.258053845594325,0.5234853875430756,0.28585149747274935,0.023417550833817986,0.3225253551609273,0.3119703265656581,0.3561443190804904,0.01594063323015214,0,0,DATA
1248,52.0,0.2390106196057483,0.20348206803745084,0.5133088253063145,0.21178131562517868,0.17122651143790849,0.5348037345406366,0.19844260620915033,0.8847916666666666,0.3302763845871924,0.633977549407072,0.5830371713507524,0.42138673403315624,0.5808821095813879,0.26195544402265286,0.25253035429737714,0.5285812231979796,0.2789195585298086,0.023055944747313466,0.31613406300402414,0.3043657302905422,0.3515228618277537,0.005238387535585236,0,0,DATA
1252,52.166666666666664,0.21189530700100553,0.19641417997678237,0.4673261183087145,0.20995661044027256,0.17122651143790849,0.5348037345406366,0.19844260620915033,0.8847916666666666,0.3302763845871924,0.633977549407072,0.5830371713507524,0.42138673403315624,0.581253914897633,0.2580313851492185,0.24517909126129678,0.5303573499765742,0.2676741230605534,0.022690422796603018,0.2986873038592882,0.2821382299275557,0.3358905295717979,0.0038823757419199634,0,0,DATA
1256,52.333333333333336,0.1942726990635998,0.20739675735286459,0.45329257330657496,0.21066144136039677,0.17122651143790849,0.5348037345406366,0.19844260620915033,0.8847916666666666,0.3302763845871924,0.633977549407072,0.5830371713507524,0.42138673403315624,0.5790591152435294,0.2599292891524912,0.23927296468361747,0.5305057978019897,0.2675044370442459,0.022977121639493725,0.29674910422181205,0.27886715888187796,0.3324082353179596,0.0033329434116852186,0.062219027205859374,0,DATA
1260,52.5,0.17905979632771912,0.2088923472581127,0.43696316753135367,0.21023852543153138,0.17122651143790849,0.5348037345406366,0.19844260620915033,0.8847916666666666,0.3302763845871924,0.633977549407072,0.5830371713507524,0.42138673403315624,0.5780866014671961,0.26091742552694247,0.23430641713577877,0.5304979865029307,0.26514313570470477,0.023117757125505425,0.2910388784816909,0.27148170097134816,0.3269443489005804,0.0023090658995410704,0,0,DATA
1264,52.666666666666664,0.1790826106083459,0.18260892242019192,0.4476197907053286,0.21223986641506606,0.17122651143790849,0.5348037345406366,0.19844260620915033,0.8847916666666666,0.3302763845871924,0.633977549407072,0.5830371713507524,0.42138673403315624,0.5833143665502596,0.25385450748466004,0.23282124387035874,0.5314155629825401,0.25806071046793644,0.02221328051361666,0.28266139603744295,0.2643700149428511,0.3260685405931556,0.004591952130255299,0,0,DATA
1268,52.833333333333336,0.18419647907239822,0.1903644810387561,0.46811960714638556,0.21975398410458077,0.17122651143790849,0.5348037345406366,0.19844260620915033,0.8847916666666666,0.3302763845871924,0.633977549407072,0.5830371713507524,0.42138673403315624,0.5832540287652801,0.2539071884851733,0.2334496042681837,0.5314193913747732,0.2625028606048463,0.02222110755243343,0.29088635646589045,0.27539636878435586,0.33437103888051267,0.0002471263944392362,0,0,DATA
1272,53.0,0.18702607178020786,0.2019598575701963,0.4851802738610202,0.22579501804457078,0.17122651143790849,0.5348037345406366,0.19844260620915033,0.8847916666666666,0.3302763845871924,0.633977549407072,0.5830371713507524,0.42138673403315624,0.5808008983581838,0.2571696982141305,0.23423232685617124,0.5310147017138428,0.2688309154672316,0.022639114356780697,0.29950255896295536,0.2863227413468832,0.3418666780976663,0.002166120908013667,0,0,DATA
1276,53.166666666666664,0.18831322927140942,0.2141805733429641,0.4988930936468709,0.2228073012739781,0.17122651143790849,0.5348037345406366,0.19844260620915033,0.8847916666666666,0.3302763845871924,0.633977549407072,0.5830371713507524,0.42138673403315624,0.5774986089237737,0.26157025154919267,0.23473744670571983,0.5304655697635168,0.27505556429468625,0.02320789698017539,0.30739084072747297,0.2952835334129267,0.3466591628050458,0.0027359875396736344,0.06425417200288923,0,DATA
1280,53.333333333333336,0.18797137511521708,0.227880287559908,0.5083516134518126,0.21813509358956965,0.20063989311002178,0.7214909819671661,0.19242987472766887,0.8329200708061002,0.3302763845871924,0.633977549407072,0.5830371713507524,0.42138673403315624,0.6259034113873208,0.2729031476815994,0.2331336284729692,0.5005967204655399,0.2849680419855626,0.021439348679563194,0.31469405954400037,0.30306538344150735,0.3501101229363218,0.02044717227623481,0,0,DATA
1284,53.5,0.18712187866599633,0.23799697434760497,0.5165428629339044,0.21709330518009134,0.20063989311002178,0.7214909819671661,0.19242987472766887,0.8329200708061002,0.3302763845871924,0.633977549407072,0.5830371713507524,0.42138673403315624,0.6383003479009686,0.27913568882187656,0.23247408874880765,0.4912819816385774,0.2911995552412946,0.02120228912241221,0.3202090848656534,0.3092953548704217,0.3533821309981816,0.006429672459362175,0,0,DATA
1288,53.666666666666664,0.1845254040451651,0.24522490332115865,0.5220292844808662,0.21629013967606742,0.20063989311002178,0.7214909819671661,0.19242987472766887,0.8329200708061002,0.3302763845871924,0.633977549407072,0.5830371713507524,0.42138673403315624,0.6405015637706166,0.28302927127655475,0.23173096716118463,0.48823458247641427,0.29511069934567813,0.021367201890523307,0.32367824584030097,0.3132328414493631,0.3554176451680672,0.0022793066373164215,0,0,DATA
1292,53.833333333333336,0.1803798823215184,0.25487741870370884,0.5278974016864737,0.2132708944239125,0.20063989311002178,0.7214909819671661,0.19242987472766887,0.8329200708061002,0.3302763845871924,0.633977549407072,0.5830371713507524,0.42138673403315624,0.6391349003011754,0.28690005032007226,0.23063747112293193,0.48698252468937614,0.2992293317496916,0.02174176520509364,0.3278837710897132,0.31772325389412054,0.3573141505540559,0.0021103128504038247,0,0,DATA
1296,54.0,0.17496206348458188,0.26346498578242594,0.5319450078764922,0.20882269141254015,0.20063989311002178,0.7214909819671661,0.19242987472766887,0.8329200708061002,0.3302763845871924,0.633977549407072,0.5830371713507524,0.42138673403315624,0.6369215121738125,0.2904658028151683,0.22917168035569946,0.4863063425055095,0.30261715309473636,0.022146995734783678,0.3310447553918165,0.3208441785140885,0.35818276467740007,0.0024149771298971148,0.17161485096856194,0,DATA
1300,54.166666666666664,0.16747364410507792,0.26641790107359703,0.5317611070499427,0.2051487376882981,0.20063989311002178,0.7214909819671661,0.19242987472766887,0.8329200708061002,0.3302763845871924,0.633977549407072,0.5830371713507524,0.42138673403315624,0.6356373835244576,0.292362344845225,0.2271593750558339,0.4860001358151586,0.3034594449608418,0.0223704408746135,0.3306914574670742,0.32010509513426705,0.35709609408163945,0.0017309919930923827,0,0,DATA
1304,54.333333333333336,0.17098128247025307,0.2606246039298132,0.5508014754254968,0.19141107274510955,0.20063989311002178,0.7214909819671661,0.19242987472766887,0.8329200708061002,0.3302763845871924,0.633977549407072,0.5830371713507524,0.42138673403315624,0.6364687373298459,0.29130918425398256,0.22729228752256098,0.48611103920808574,0.30391656973964387,0.0222389990716452,0.33288373995770654,0.3228276479681359,0.35859042245184025,0.0006724756211192543,0,0,DATA
1308,54.5,0.16747380776562765,0.25852107671214963,0.5484535794413605,0.1764338543147392,0.20063989311002178,0.7214909819671661,0.19242987472766887,0.8329200708061002,0.3302763845871924,0.633977549407072,0.5830371713507524,0.42138673403315624,0.6371598841871716,0.29040424845566404,0.2265955915746078,0.48621793367858207,0.3018756096741454,0.022127765339860012,0.33087125493288877,0.3190826515018675,0.35434172821662,0.0007642595345324817,0,0,DATA
1312,54.666666666666664,0.16618210051114463,0.25889702909167434,0.5500915368564159,0.16473373863721164,0.20063989311002178,0.7214909819671661,0.19242987472766887,0.8329200708061002,0.3302763845871924,0.633977549407072,0.5830371713507524,0.42138673403315624,0.6372882782446692,0.2902380343824354,0.22611532426678038,0.4862368436864477,0.30146124729327906,0.02210727480564457,0.3310908859168131,0.3182960666595446,0.3523384165663588,0.00025829181285119684,0,0,DATA
1316,54.833333333333336,0.16706318344645552,0.26441328974021616,0.5442537281327788,0.16303007198084146,0.20063989311002178,0.7214909819671661,0.19242987472766887,0.8329200708061002,0.3302763845871924,0.633977549407072,0.5830371713507524,0.42138673403315624,0.6361683817257247,0.29173272314205845,0.22615627149084744,0.48604944756610846,0.3025424651745532,0.022289733640510616,0.3323060450185646,0.31875707822329535,0.3514537784449878,0.0008851775008782056,0.11109571925512231,0,DATA
1320,55.0,0.16878191380718954,0.25828348031891213,0.559455436194539,0.15206945412320427,0.2297389025054466,0.7418675163670259,0.22512876157407408,0.8125207652505446,0.3302763845871924,0.633977549407072,0.5830371713507524,0.42138673403315624,0.6428251023804759,0.2965755751050195,0.23568517735081515,0.4802996612572523,0.3059906855268856,0.022245163641663235,0.3332382089345418,0.3201133511596848,0.3523144835117782,0.007009492825893314,0,0,DATA
1324,55.166666666666664,0.17081372679948045,0.26282598753080294,0.5657820438593268,0.1442265285617567,0.2297389025054466,0.7418675163670259,0.22512876157407408,0.8125207652505446,0.3302763845871924,0.633977549407072,0.5830371713507524,0.42138673403315624,0.6438681920624042,0.29930033271323725,0.23897052983718656,0.4784157376121792,0.30896036218241874,0.022383977407152717,0.3367268959507139,0.32345040638619105,0.3532121076966984,0.002351066592172509,0,0,DATA
1328,55.333333333333336,0.17325855355496897,0.2641690748000211,0.5745482806436606,0.1436315748444426,0.2297389025054466,0.7418675163670259,0.22512876157407408,0.8125207652505446,0.3302763845871924,0.633977549407072,0.5830371713507524,0.42138673403315624,0.6438990706404468,0.30049382443108363,0.24046954920175057,0.47780355246423467,0.3111150875820681,0.02247128733081021,0.3395063435663656,0.3270469823085447,0.3557306219152506,0.0009077965534843394,0,0,DATA
1332,55.5,0.1606579677811295,0.28774987067405305,0.5341750369979512,0.14457062959752842,0.2297389025054466,0.7418675163670259,0.22512876157407408,0.8125207652505446,0.3302763845871924,0.633977549407072,0.5830371713507524,0.42138673403315624,0.6389563670803129,0.3074544947911665,0.2382731319986135,0.4767945690642602,0.313249143228694,0.023310942428946848,0.3383438960320686,0.3219411158849853,0.3481021827581613,0.004699930374451285,0,0,DATA
1336,55.666666666666664,0.14822611603402044,0.2678248683854251,0.4961438929353112,0.15257986733541554,0.2297389025054466,0.7418675163670259,0.22512876157407408,0.8125207652505446,0.3302763845871924,0.633977549407072,0.5830371713507524,0.42138673403315624,0.6416578064928846,0.3039636952583755,0.23500351797077948,0.4771892491243699,0.30272874722506893,0.022873833634137072,0.32028129595466764,0.30087632517510904,0.33596430877207356,0.0031539509910655703,0.09313921298033317,0,DATA
1340,55.833333333333336,0.13604224275180157,0.2505065723547401,0.4585700482046212,0.17339976568222443,0.2297389025054466,0.7418675163670259,0.22512876157407408,0.8125207652505446,0.3302763845871924,0.633977549407072,0.5830371713507524,0.42138673403315624,0.6461050804830999,0.2980673325099465,0.23146402037316327,0.47791379350347674,0.29176922691471396,0.022151748076337168,0.30340243393981187,0.2823220685218652,0.3269186955259382,0.00462771144542017,0,0,DATA
1344,56.0,0.12361147116432043,0.23206448396144153,0.41808279572182216,0.18274431303459587,0.2297389025054466,0.7418675163670259,0.22512876157407408,0.8125207652505446,0.3302763845871924,0.633977549407072,0.5830371713507524,0.42138673403315624,0.6513121012427572,0.2911346389352942,0.2277917090605074,0.47877662991097425,0.2791797264961553,0.02131817635621722,0.2854419937684364,0.2612473578374469,0.3146564014579698,0.005270675215655153,0,0,DATA
1348,56.166666666666664,0.11139244359602815,0.2117242213890398,0.37762535058672764,0.1926907114013533,0.2297389025054466,0.7418675163670259,0.22512876157407408,0.8125207652505446,0.3302763845871924,0.633977549407072,0.5830371713507524,0.42138673403315624,0.6571456626108587,0.28335955734262597,0.22412401987736927,0.4797473900232576,0.26582567584196565,0.020401721187873145,0.26677059419879834,0.23952485359097514,0.3022583777048582,0.005758777381302631,0,0,DATA
1352,56.333333333333336,0.09907459778783309,0.19213087241391133,0.3363649793592011,0.2032344130516706,0.2297389025054466,0.7418675163670259,0.22512876157407408,0.8125207652505446,0.3302763845871924,0.633977549407072,0.5830371713507524,0.42138673403315624,0.6630103343060663,0.27554089515178953,0.22043696550270686,0.4807243852710721,0.25248461854549714,0.019499431169863846,0.24821761120160263,0.21790020363605853,0.28988123830095125,0.0057901294202354625,0,0,DATA
1356,56.5,0.08678421421987598,0.17487463421182597,0.2953337395294816,0.21122966487799366,0.2297389025054466,0.7418675163670259,0.22512876157407408,0.8125207652505446,0.3302763845871924,0.633977549407072,0.5830371713507524,0.42138673403315624,0.6683935458370666,0.2683635497979547,0.21674986864103718,0.48162145218248936,0.2398300438289126,0.018688127886766288,0.23065079124123317,0.19702978487534945,0.2774050046216775,0.005415884582168277,0.05246239026354779,0,DATA
1360,56.666666666666664,0.0742948194234959,0.15634163248691277,0.2544112593745363,0.21633824579567876,0,0.589591487075041,0,1.0,0.3302763845871924,0.633977549407072,0.5830371713507524,0.42138673403315624,0.6312631514568425,0.2127759361826848,0.14998491343455567,0.5279804561802363,0.1978066894181681,0.016476248912302868,0.21255521556100282,0.17535281927139307,0.2641672110281032,0.053160987733991805,0,0,DATA
1364,56.833333333333336,0.061262464387464396,0.1379593822681357,0.21129617068159692,0.21760520275498127,0,0.589591487075041,0,1.0,0.3302763845871924,0.633977549407072,0.5830371713507524,0.42138673403315624,0.6239843056887184,0.1909526220368462,0.1272186323150446,0.5425315361372176,0.17560582012799747,0.015078248378706333,0.19397282672769778,0.15258561726472436,0.24958125721030913,0.017289480344491254,0,0,DATA
1368,57.0,0.04685058184598626,0.11732344327541665,0.16283294885525834,0.21246467938070773,0,0.589591487075041,0,1.0,0.3302763845871924,0.633977549407072,0.5830371713507524,0.42138673403315624,0.6261341991467523,0.17862756487513332,0.11736225264548088,0.547619117989057,0.15773487743468487,0.014024374895266508,0.17314343025704682,0.12639584627401218,0.2319007679758141,0.008110443429770154,0,0,DATA
1372,57.166666666666664,0.03169031234288587,0.09622896074440128,0.10363244842776555,0.20633683041126333,0,0.589591487075041,0,1.0,0.3302763845871924,0.633977549407072,0.5830371713507524,0.42138673403315624,0.6312090085156756,0.16902359261793515,0.1112216821489607,0.5498836994331946,0.14003538130507856,0.013090219444220274,0.14983348325852205,0.09655306433579368,0.2111948737450897,0.006939784040880567,0,0,DATA
1376,57.333333333333336,0.015874844195156695,0.06871432862261417,0.05250418709768024,0.20097269520195407,0,0.589591487075041,0,1.0,0.3302763845871924,0.633977549407072,0.5830371713507524,0.42138673403315624,0.638509524071928,0.1584383039466753,0.1060582626889815,0.5515260859906983,0.12166667274303578,0.012027526958773238,0.12543888451424431,0.0665092259375765,0.19163123973766552,0.007683074562497126,0.020614298586784253,0,DATA
1380,57.5,0.0,0.04438154418204829,0.0,0.19752676265327154,0,0.589591487075041,0,1.0,0.3302763845871924,0.633977549407072,0.5830371713507524,0.42138673403315624,0.6458095634713225,0.14844953770193892,0.10117551957000484,0.5528704494133694,0.10407184019642193,0.011041675377837325,0.10202996447945056,0.03750529393814647,0.1725786043679084,0.007390516254369178,0,0,DATA
1384,57.666666666666664,0.0,0.0,0.0,0.19431562954249731,0,0.589591487075041,0,1.0,0.3302763845871924,0.633977549407072,0.5830371713507524,0.42138673403315624,0.657319699569371,0.13302607545754447,0.09971069663431184,0.5548271124865423,0.08758827045622658,0.009572937255608762,0.08427734680663125,0.019431562954249734,0.16527914611844632,0.009466140426045322,0,0,DATA
1388,57.833333333333336,0.0,0.0,0.0,0.1926372195284835,0,0.589591487075041,0,1.0,0.3302763845871924,0.633977549407072,0.5830371713507524,0.42138673403315624,0.6607727403987855,0.12839903678422612,0.09927124975360395,0.5554141114084942,0.08474491085167501,0.009146855210587196,0.08427734680663125,0.019263721952848353,0.16494346411564356,0.0028398421278135974,0,0,DATA
1392,58.0,0.0,0.0,0.0,0.19019004654402774,0,0.589591487075041,0,1.0,0.3302763845871924,0.633977549407072,0.5830371713507524,0.42138673403315624,0.6618086526476099,0.12701092518223062,0.09913941568939158,0.5555902110850797,0.08381415697109948,0.009020339142328958,0.08427734680663125,0.019019004654402774,0.1644540295187524,0.0008519526383440843,0,0,DATA
1396,58.166666666666664,0.0,0.0,0.0,0.18792554053713661,0,0.589591487075041,0,1.0,0.3302763845871924,0.633977549407072,0.5830371713507524,0.42138673403315624,0.6621194263222572,0.12659449170163198,0.09909986547012786,0.5556430409880554,0.08347371664246464,0.008982502090923827,0.08427734680663125,0.01879255405371366,0.16400112831737418,0.0002555857915032082,0,0,DATA
1400,58.333333333333336,0.0,0.0,0.0,0.1869750978886177,0,0.589591487075041,0,1.0,0.3302763845871924,0.633977549407072,0.5830371713507524,0.42138673403315624,0.6622126584246514,0.12646956165745238,0.09908800040434876,0.5556588899589481,0.08336074091001613,0.0089711615747188,0.08427734680663125,0.01869750978886177,0.1638110397876704,7.667573745096894e-05,0,0,DATA
1404,58.5,0.0,0.0,0.0,0.18553599277232535,0,0.589591487075041,0,1.0,0.3302763845871924,0.633977549407072,0.5830371713507524,0.42138673403315624,0.6622406280553697,0.1264320826441985,0.09908444088461502,0.5556636446502159,0.08328068929741211,0.008967760373786778,0.08427734680663125,0.018553599277232536,0.16352321876441192,2.3002721235297157e-05,0,0,DATA
1408,58.666666666666664,0.0,0.0,0.0,0.18419632400639976,0,0.589591487075041,0,1.0,0.3302763845871924,0.633977549407072,0.5830371713507524,0.42138673403315624,0.6622490189445851,0.12642083894022232,0.0990833730286949,0.5556650710575962,0.08322035632438939,0.008966740099360824,0.08427734680663125,0.018419632400639978,0.16325528501122683,6.9008163705817456e-06,0,0,DATA
1412,58.833333333333336,0.0,0.0,0.0,0.18233164005659813,0,0.589591487075041,0,1.0,0.3302763845871924,0.633977549407072,0.5830371713507524,0.42138673403315624,0.6622515362113497,0.1264174658290295,0.09908305267191886,0.5556654989798103,0.08314374509968162,0.008966434024759868,0.08427734680663125,0.018233164005659813,0.1628823482212665,2.070244911153707e-06,0,0,DATA
1416,59.0,0.0,0.0,0.0,0.18038012764826042,0,0.589591487075041,0,1.0,0.3302763845871924,0.633977549407072,0.5830371713507524,0.42138673403315624,0.6622522913913791,0.12641645389567163,0.09908295656488605,0.5556656273564746,0.0830650774433334,0.008966342203074996,0.08427734680663125,0.018038012764826042,0.16249204573959894,6.210734733539761e-07,0,0,DATA

Összegző statisztikák,Átlag,Minimum,Maximum,Szórás,Medián,Parameter
intensity,0.20506285753668932,0.0,0.32012664707977206,0.05627515756758414,0.2182502788775767,SUMMARY
motion,0.1894166052649964,0.0,0.3339309621152332,0.07333081133858328,0.19517578365459903,SUMMARY
contrast,0.5611513661193613,0.0,0.707058088999055,0.14467828439425667,0.6046541121630377,SUMMARY
dynamics,0.1697023064651293,0.0,0.2759450503966752,0.04703715502419193,0.17125760871789444,SUMMARY
color_arousal,0.20754087124873422,0.0,0.45632582720588233,0.07528977716591882,0.20580380242374727,SUMMARY
color_valence,0.6402496735448574,0.3295485304063205,0.813408566144239,0.112248714575,0.6926196624878389,SUMMARY
color_dominance,0.2139320902950382,0.0,0.38199159177559916,0.06999814909850187,0.22512876157407408,SUMMARY
color_harmony,0.8390802782380558,0.4940921160130719,1.0,0.08105532632912349,0.8455150462962963,SUMMARY
audio_volume,0.316701732812343,0.10398642679855624,0.37959232201012183,0.048393680115936026,0.3302763845871924,SUMMARY
audio_brightness,0.6170578569860601,0.3036608069615549,0.6905546323254683,0.06245369176913386,0.633977549407072,SUMMARY
audio_tempo,0.5830371713507524,0.5830371713507524,0.5830371713507524,0.0,0.5830371713507524,SUMMARY
audio_energy,0.406808570064458,0.16388874084745583,0.4455258107446761,0.0467934661986746,0.42138673403315624,SUMMARY
pleasure,0.6211215808400051,0.49628933320094176,0.7140745590950843,0.04652582348587804,0.6332154885906284,SUMMARY
arousal,0.2605224807930399,0.12031775605769117,0.34619331154140226,0.04612551344704324,0.2678636230329646,SUMMARY
dominance,0.24258621770172106,0.09015643326711188,0.33177052024762543,0.0433970403327157,0.253073148239372,SUMMARY
boredom,0.5091490427578126,0.4525644637392085,0.5858765932946514,0.02598251345963764,0.510986054020071,SUMMARY
engagement,0.27715143011408705,0.0721906536346147,0.36671029521215537,0.05262024089043157,0.2874266444301055,SUMMARY
stress_level,0.02089503815110074,0.008966342203074996,0.03662006539755771,0.0053341927360819495,0.020946192644224412,SUMMARY
neural_activity,0.3103712008501003,0.05517784326570783,0.40363191907489016,0.060450807486915246,0.32410873235276255,SUMMARY
visual_engagement,0.3020948540956578,0.0,0.4040952035169335,0.07124173499159761,0.3186748181113138,SUMMARY
cognitive_load,0.345189650385622,0.08276676489856173,0.40678783080339026,0.05144835638022986,0.3576468603315607,SUMMARY
emotional_variability,0.006750538521516225,0.0,0.06901288606008248,0.010029627178391794,0.0031213530986046547,SUMMARY
narrative_tension,0.017503362542517983,0.0,0.27555737696036137,0.042294741684597216,0.0,SUMMARY
narrative_payoff,0.0,0,0,0.0,0.0,SUMMARY
